{"type": "FeatureCollection", "generated_at": "2026-08-21T15:15:53Z", "date": "2026-08-21", "features": [{"type": "Feature", "geometry": {"type": "Polygon", "coordinates": [[[-119.49584908, 44.81118131], [-119.49696304, 44.81087067], [-119.49796382, 44.81029514], [-119.4991279, 44.80894306], [-119.49986546, 44.80788589], [-119.50102097, 44.80702541], [-119.50266819, 44.80606658], [-119.50374995, 44.80559946], [-119.50532341, 44.80412434], [-119.506711, 44.80312519], [-119.50852048, 44.80249581], [-119.50981072, 44.80232272], [-119.51084921, 44.80233846], [-119.5112111, 44.80252727], [-119.51149433, 44.80314092], [-119.51206077, 44.80432102], [-119.51259575, 44.8053123], [-119.51350836, 44.80622491], [-119.51460978, 44.80658681], [-119.51556959, 44.80675989], [-119.51654514, 44.80664974], [-119.51788244, 44.80586508], [-119.51953204, 44.80528821], [-119.52230401, 44.80441543], [-119.52381453, 44.80392766], [-119.52510858, 44.80323478], [-119.52700153, 44.80113261], [-119.52780824, 44.80051798], [-119.52872613, 44.79887664], [-119.52934482, 44.79621554], [-119.5303436, 44.79529359], [-119.53310945, 44.7945253], [-119.53482876, 44.79506907], [-119.53531654, 44.79629637], [-119.53613474, 44.7975394], [-119.53759397, 44.7988632], [-119.53823436, 44.79876481], [-119.53938236, 44.79830159], [-119.53994629, 44.79830159], [-119.54101373, 44.7984325], [-119.54177906, 44.79872453], [-119.54252425, 44.79909713], [-119.54383337, 44.79954021], [-119.54456849, 44.79962078], [-119.54520291, 44.79963085], [-119.54571649, 44.79956036], [-119.54597831, 44.79931867], [-119.54643147, 44.79882523], [-119.54837138, 44.79713949], [-119.54886764, 44.7967528], [-119.54915122, 44.79664323], [-119.55028834, 44.79643861], [-119.55195999, 44.7959351], [-119.55336981, 44.79521005], [-119.55371997, 44.79492829], [-119.55404451, 44.79410233], [-119.55465879, 44.79357868], [-119.5562398, 44.79282342], [-119.55772011, 44.79259181], [-119.55906951, 44.79269251], [-119.55962337, 44.79250118], [-119.56019737, 44.79203795], [-119.56080158, 44.79112157], [-119.5613353, 44.79035623], [-119.56212077, 44.78893634], [-119.56269477, 44.78782863], [-119.56316807, 44.78745603], [-119.56400389, 44.78755673], [-119.5648095, 44.78806024], [-119.56600785, 44.78909746], [-119.56597764, 44.78982252], [-119.5657561, 44.79075904], [-119.56626968, 44.79147402], [-119.56732704, 44.79203795], [-119.56966332, 44.79209837], [-119.57113356, 44.79185669], [-119.57214058, 44.79130283], [-119.57338927, 44.79046701], [-119.57576583, 44.78934922], [-119.5770795, 44.7886259], [-119.577723, 44.788135], [-119.57799933, 44.78797535], [-119.57802316, 44.78796158], [-119.57841257, 44.78779896], [-119.57973696, 44.78719299], [-119.58522703, 44.78654357], [-119.59106024, 44.78711181], [-119.59586405, 44.78881649], [-119.59872346, 44.78824827], [-119.60204038, 44.78471706], [-119.60855984, 44.78353994], [-119.60941767, 44.78146978], [-119.610733, 44.78004904], [-119.61347804, 44.78118563], [-119.61622307, 44.7845547], [-119.6180531, 44.78402703], [-119.62119845, 44.78008963], [-119.62052984, 44.77752619], [-119.62264581, 44.77638952], [-119.62596273, 44.77752619], [-119.62900721, 44.77636443], [-119.63587858, 44.76968137], [-119.634792, 44.76663626], [-119.63462044, 44.76265707], [-119.63599296, 44.75997705], [-119.63850924, 44.75620046], [-119.64085396, 44.75546947], [-119.64514308, 44.75758118], [-119.6494322, 44.75924612], [-119.65189129, 44.76103283], [-119.65325119, 44.76176973], [-119.65331511, 44.76266417], [-119.65332397, 44.76278802], [-119.65334102, 44.76312497], [-119.65317606, 44.77209693], [-119.65301193, 44.78106906], [-119.65296971, 44.7833651], [-119.65284696, 44.79004102], [-119.65271008, 44.79757292], [-119.65268701, 44.79872701], [-119.65264305, 44.80074603], [-119.63294177, 44.80827989], [-119.61916701, 44.81985655], [-119.61447773, 44.82293389], [-119.60773688, 44.82513199], [-119.60143566, 44.82923512], [-119.59950907, 44.83282945], [-119.59860873, 44.83637079], [-119.59782843, 44.83805143], [-119.49457771, 44.85065262], [-119.4940419, 44.84963964], [-119.49362515, 44.84879547], [-119.49362515, 44.84259049], [-119.49352814, 44.83874736], [-119.49325666, 44.83499338], [-119.49314625, 44.83229101], [-119.49330306, 44.83192032], [-119.49390417, 44.83184618], [-119.49591657, 44.83193885], [-119.49641314, 44.83173498], [-119.49675289, 44.83127161], [-119.49722333, 44.82708263], [-119.49740627, 44.825989], [-119.49774603, 44.82559974], [-119.49863462, 44.82526608], [-119.4987653, 44.82433924], [-119.49944481, 44.82365338], [-119.50059475, 44.82202209], [-119.50132653, 44.82003853], [-119.50231966, 44.81970484], [-119.50271169, 44.81935261], [-119.50245034, 44.81822176], [-119.5013788, 44.81683133], [-119.50067315, 44.81542232], [-119.50072543, 44.81356832], [-119.50025499, 44.81178842], [-119.49834713, 44.81165864], [-119.49692559, 44.81126092], [-119.49584908, 44.81118131]]]}, "properties": {"zone_name": "US-OR-GRA-GRN-023", "level": 1, "fire_name": "No named fire", "county": "Grant", "addresses": 47, "unmatched_addresses": 0, "unmatched_fraction_pct": 0, "geometry_source": "cached", "geometry_cache_age_days": 0, "overlapping_zips": [{"zip": "97848", "fraction_pct": 99.9}, {"zip": "97864", "fraction_pct": 0.1}]}}, {"type": "Feature", "geometry": {"type": "Polygon", "coordinates": [[[-118.3916971, 45.69794712], [-118.39217171, 45.69785819], [-118.3913698, 45.69711491], [-118.3909838, 45.69670691], [-118.3906318, 45.69617591], [-118.3899758, 45.69474591], [-118.3895358, 45.69340591], [-118.3894748, 45.69310491], [-118.3895168, 45.69279491], [-118.3896088, 45.69237691], [-118.3900808, 45.69089591], [-118.3906518, 45.68869091], [-118.3907368, 45.68855191], [-118.3908798, 45.68841891], [-118.3918238, 45.68768991], [-118.3922058, 45.68728591], [-118.3936988, 45.68506991], [-118.3954308, 45.68286091], [-118.3960588, 45.68198691], [-118.3964788, 45.68151591], [-118.3970258, 45.68103991], [-118.3972558, 45.68075491], [-118.3974398, 45.68031491], [-118.3976178, 45.67961091], [-118.3977688, 45.67854891], [-118.3978318, 45.67837491], [-118.3981958, 45.67775691], [-118.3986718, 45.67614791], [-118.3990138, 45.67515391], [-118.3991398, 45.67491691], [-118.3995618, 45.67439491], [-118.4002298, 45.67367191], [-118.4003768, 45.67327791], [-118.4004798, 45.67267591], [-118.4007368, 45.67164491], [-118.4007488, 45.67146091], [-118.4006788, 45.67100991], [-118.4007598, 45.66933591], [-118.4009038, 45.66888491], [-118.4009388, 45.66862491], [-118.4009378, 45.66850691], [-118.4006228, 45.66792291], [-118.4005478, 45.66761091], [-118.4006688, 45.66707691], [-118.4009128, 45.66668891], [-118.4009418, 45.66657491], [-118.4009208, 45.66630691], [-118.4007558, 45.66568591], [-118.4007658, 45.66539691], [-118.4008878, 45.66483791], [-118.4008938, 45.66440991], [-118.4004948, 45.66276691], [-118.4004638, 45.66251591], [-118.4004778, 45.66129491], [-118.4003378, 45.65840791], [-118.4004118, 45.65708291], [-118.4003918, 45.65651091], [-118.4004218, 45.65639691], [-118.4004858, 45.65632691], [-118.4007558, 45.65617091], [-118.4008678, 45.65603691], [-118.4009918, 45.65556391], [-118.4009578, 45.65538491], [-118.4007828, 45.65508291], [-118.4007708, 45.65495491], [-118.4008008, 45.65492291], [-118.4001168, 45.65458991], [-118.40009637, 45.65458415], [-118.40171386, 45.65283687], [-118.40517114, 45.65275558], [-118.40523471, 45.6564474], [-118.41552584, 45.65638065], [-118.41555717, 45.66006498], [-118.40523837, 45.66009563], [-118.40522213, 45.66193341], [-118.40520588, 45.66377119], [-118.40514176, 45.6710247], [-118.41021225, 45.67101358], [-118.4127475, 45.67100807], [-118.41277153, 45.66735214], [-118.41531318, 45.66733893], [-118.41525252, 45.67465144], [-118.4204266, 45.67464105], [-118.42041547, 45.67827798], [-118.42037283, 45.68195881], [-118.41527653, 45.68197523], [-118.41518029, 45.68564336], [-118.4207206, 45.68564367], [-118.42391515, 45.68564392], [-118.4252773, 45.685644], [-118.42533849, 45.68635647], [-118.42148095, 45.68811122], [-118.41577201, 45.69076796], [-118.40970322, 45.69339653], [-118.40393474, 45.69585874], [-118.39393495, 45.69793626], [-118.39200123, 45.69824123], [-118.3916971, 45.69794712]]]}, "properties": {"zone_name": "US-OR-UMA-UMC-215-C", "level": 1, "fire_name": "No named fire", "county": "Umatilla", "addresses": 11, "unmatched_addresses": 0, "unmatched_fraction_pct": 0, "geometry_source": "cached", "geometry_cache_age_days": 0, "overlapping_zips": [{"zip": "97810", "fraction_pct": 100.0}]}}, {"type": "Feature", "geometry": {"type": "Polygon", "coordinates": [[[-118.336837, 45.79229956], [-118.3365911, 45.7923172], [-118.33624298, 45.79236497], [-118.3358623, 45.7924172], [-118.3352901, 45.7925846], [-118.3347564, 45.7928734], [-118.3342016, 45.7932822], [-118.333208, 45.79422], [-118.33089063, 45.79637806], [-118.3303623, 45.7967764], [-118.3296565, 45.7970896], [-118.3290473, 45.7972735], [-118.3283961, 45.7973426], [-118.3275402, 45.7973301], [-118.3268384, 45.7972101], [-118.3264598, 45.7971116], [-118.3259751, 45.7969428], [-118.315529, 45.792828], [-118.3136535, 45.7921128], [-118.313056, 45.7918923], [-118.3123479, 45.7917148], [-118.3115383, 45.7916176], [-118.3022037, 45.7911915], [-118.3009399, 45.7911498], [-118.2999028, 45.7912384], [-118.2967325, 45.7917682], [-118.2957, 45.7918784], [-118.295025, 45.7918724], [-118.2929883, 45.7917414], [-118.29174, 45.79166], [-118.2897433, 45.7915181], [-118.2888988, 45.7913327], [-118.2882362, 45.7910804], [-118.287694, 45.79075], [-118.284487, 45.78855], [-118.28324817, 45.78772367], [-118.28299728, 45.78755632], [-118.28263718, 45.78731605], [-118.28459042, 45.78738951], [-118.28457922, 45.78694391], [-118.28457278, 45.78669763], [-118.28481882, 45.7867312], [-118.28678258, 45.78617099], [-118.28990676, 45.78554853], [-118.29276314, 45.78508168], [-118.29249536, 45.78305861], [-118.29454838, 45.78439696], [-118.29718161, 45.78492606], [-118.29999337, 45.78299636], [-118.30124304, 45.78228049], [-118.30637561, 45.78150236], [-118.31012461, 45.78168911], [-118.31467698, 45.7810666], [-118.31637296, 45.78112885], [-118.32025586, 45.7802262], [-118.32454044, 45.77904339], [-118.32900908, 45.77909577], [-118.32918755, 45.77943643], [-118.33038437, 45.78197024], [-118.33329092, 45.78235775], [-118.33683862, 45.78271546], [-118.33910402, 45.78468278], [-118.33884756, 45.78736538], [-118.33765075, 45.78998824], [-118.33735154, 45.79147845], [-118.33726606, 45.79204472], [-118.336837, 45.79229956]]]}, "properties": {"zone_name": "US-OR-UMA-UMC-151-F", "level": 1, "fire_name": "No named fire", "county": "Umatilla", "addresses": 11, "unmatched_addresses": 0, "unmatched_fraction_pct": 0, "geometry_source": "cached", "geometry_cache_age_days": 0, "overlapping_zips": [{"zip": "97886", "fraction_pct": 100.0}]}}, {"type": "Feature", "geometry": {"type": "Polygon", "coordinates": [[[-118.28457278, 45.78669763], [-118.28440334, 45.78021243], [-118.27927906, 45.78017788], [-118.27403129, 45.77999417], [-118.27411328, 45.77644414], [-118.27407252, 45.77279339], [-118.27393197, 45.77009576], [-118.27391479, 45.76949145], [-118.27453922, 45.76931723], [-118.27595833, 45.76817502], [-118.27759577, 45.76741354], [-118.27912405, 45.76695664], [-118.28108898, 45.76703279], [-118.28349056, 45.76649974], [-118.28458218, 45.76581439], [-118.28403637, 45.7643675], [-118.28643795, 45.76391058], [-118.28818455, 45.76314903], [-118.28982199, 45.76307288], [-118.29200525, 45.76360596], [-118.29364269, 45.76391058], [-118.29648092, 45.76383442], [-118.29800919, 45.76467211], [-118.30051994, 45.76581439], [-118.30270319, 45.76589054], [-118.3041223, 45.76589054], [-118.30663305, 45.76512902], [-118.31154537, 45.76474826], [-118.31471109, 45.76505287], [-118.31733099, 45.76642359], [-118.32158834, 45.76665204], [-118.32388075, 45.76611899], [-118.3272648, 45.76794658], [-118.32985367, 45.7685967], [-118.33196588, 45.77073412], [-118.33188039, 45.77240373], [-118.33072632, 45.77344721], [-118.32837543, 45.77469936], [-118.32837543, 45.77788628], [-118.32900908, 45.77909577], [-118.32454044, 45.77904339], [-118.32025586, 45.7802262], [-118.31637296, 45.78112885], [-118.31467698, 45.7810666], [-118.31012461, 45.78168911], [-118.30637561, 45.78150236], [-118.30124304, 45.78228049], [-118.29999337, 45.78299636], [-118.29718161, 45.78492606], [-118.29454838, 45.78439696], [-118.29249536, 45.78305861], [-118.29276314, 45.78508168], [-118.28990676, 45.78554853], [-118.28678258, 45.78617099], [-118.28481882, 45.7867312], [-118.28457278, 45.78669763]]]}, "properties": {"zone_name": "US-OR-UMA-UMC-151-G", "level": 1, "fire_name": "No named fire", "county": "Umatilla", "addresses": 5, "unmatched_addresses": 0, "unmatched_fraction_pct": 0, "geometry_source": "cached", "geometry_cache_age_days": 0, "overlapping_zips": [{"zip": "97886", "fraction_pct": 99.7}, {"zip": "97810", "fraction_pct": 0.3}]}}, {"type": "Feature", "geometry": {"type": "Polygon", "coordinates": [[[-118.32678306, 45.76160647], [-118.32704647, 45.76238748], [-118.32781061, 45.7633775], [-118.3290114, 45.7645198], [-118.32955721, 45.76726124], [-118.32999386, 45.7686319], [-118.3272648, 45.76794658], [-118.32388075, 45.76611899], [-118.32158834, 45.76665204], [-118.31733099, 45.76642359], [-118.31471109, 45.76505287], [-118.31154537, 45.76474826], [-118.30663305, 45.76512902], [-118.3041223, 45.76589054], [-118.30270319, 45.76589054], [-118.30051994, 45.76581439], [-118.29800919, 45.76467211], [-118.29648092, 45.76383442], [-118.29629995, 45.76383928], [-118.29671807, 45.76302255], [-118.2975227, 45.76264833], [-118.29899786, 45.7624924], [-118.30127765, 45.76230529], [-118.30306572, 45.76202462], [-118.3045435, 45.76136475], [-118.30628687, 45.76052272], [-118.30749382, 45.75989898], [-118.30825375, 45.75933762], [-118.30910308, 45.75955593], [-118.31187459, 45.75927524], [-118.3146908, 45.75915049], [-118.31764111, 45.75862031], [-118.32126195, 45.75893218], [-118.32157487, 45.76005492], [-118.32188778, 45.76089696], [-118.3225136, 45.76111526], [-118.32327353, 45.76124], [-118.32483809, 45.76148949], [-118.32678306, 45.76160647]]]}, "properties": {"zone_name": "US-OR-UMA-UMC-151-H", "level": 1, "fire_name": "No named fire", "county": "Umatilla", "addresses": 1, "unmatched_addresses": 0, "unmatched_fraction_pct": 0, "geometry_source": "cached", "geometry_cache_age_days": 0, "overlapping_zips": [{"zip": "97886", "fraction_pct": 100.0}]}}, {"type": "Feature", "geometry": {"type": "Polygon", "coordinates": [[[-118.32994515, 45.76847901], [-118.32955721, 45.76726124], [-118.3290114, 45.7645198], [-118.32781061, 45.7633775], [-118.32704647, 45.76238748], [-118.32660982, 45.76109282], [-118.32715563, 45.76033124], [-118.32890224, 45.76139745], [-118.33097633, 45.76208286], [-118.33370539, 45.76116897], [-118.33425121, 45.76025508], [-118.3345787, 45.75934117], [-118.33501535, 45.75789411], [-118.33534283, 45.75606619], [-118.33534283, 45.75479889], [-118.33641326, 45.75411663], [-118.33674116, 45.75390766], [-118.33763284, 45.75325965], [-118.33772349, 45.75318625], [-118.33830638, 45.7527143], [-118.33840835, 45.75263174], [-118.33938637, 45.75183984], [-118.33988553, 45.75142694], [-118.34026981, 45.75138453], [-118.34102429, 45.75131541], [-118.34134286, 45.75103154], [-118.34134291, 45.75067081], [-118.34265937, 45.74981535], [-118.34289362, 45.74970245], [-118.34361369, 45.7493554], [-118.34411833, 45.74916967], [-118.3441847, 45.74914526], [-118.34506859, 45.74795321], [-118.3453767, 45.74645081], [-118.34551134, 45.74619522], [-118.34586905, 45.74551627], [-118.34617169, 45.7449281], [-118.34667397, 45.743747], [-118.34676373, 45.74353591], [-118.34734456, 45.74362781], [-118.34746911, 45.74364752], [-118.3475195, 45.74351502], [-118.34883996, 45.7431619], [-118.34979971, 45.74270914], [-118.35001913, 45.74268628], [-118.35102331, 45.74254578], [-118.35167684, 45.74244922], [-118.3532349, 45.74172215], [-118.35559374, 45.7406214], [-118.35569197, 45.74053074], [-118.35587144, 45.74047997], [-118.35592597, 45.74045707], [-118.35622419, 45.7403318], [-118.35780028, 45.73966972], [-118.35841404, 45.73970786], [-118.35965514, 45.73978496], [-118.36013929, 45.73972102], [-118.36212681, 45.7394585], [-118.36236908, 45.73942649], [-118.36426171, 45.73917646], [-118.36553296, 45.73905262], [-118.36578003, 45.73899812], [-118.36619903, 45.73890573], [-118.3663425, 45.73887409], [-118.36698854, 45.73902954], [-118.36730723, 45.73910489], [-118.36880242, 45.73925559], [-118.37102809, 45.74045578], [-118.37144838, 45.74080433], [-118.37192641, 45.74120076], [-118.37198165, 45.74130798], [-118.37215448, 45.74164345], [-118.37280148, 45.74229701], [-118.37350861, 45.7428231], [-118.3735447, 45.74290999], [-118.37365263, 45.74317079], [-118.37444679, 45.74363907], [-118.37551093, 45.74424046], [-118.37608629, 45.74444836], [-118.37695356, 45.74476173], [-118.37638144, 45.74524655], [-118.3743282, 45.74647469], [-118.37100391, 45.74736167], [-118.36816848, 45.74824863], [-118.3655286, 45.74947671], [-118.36230208, 45.74995429], [-118.36024884, 45.75145523], [-118.35985775, 45.75336546], [-118.35897779, 45.75582137], [-118.35496908, 45.75684463], [-118.35184034, 45.75739036], [-118.34489843, 45.75698106], [-118.34470288, 45.76086928], [-118.34382292, 45.7644844], [-118.33942312, 45.76680341], [-118.33404559, 45.76816749], [-118.3303302, 45.76864491], [-118.32994515, 45.76847901]]]}, "properties": {"zone_name": "US-OR-UMA-UMC-151-E", "level": 1, "fire_name": "No named fire", "county": "Umatilla", "addresses": 12, "unmatched_addresses": 0, "unmatched_fraction_pct": 0, "geometry_source": "cached", "geometry_cache_age_days": 0, "overlapping_zips": [{"zip": "97886", "fraction_pct": 100.0}]}}, {"type": "Feature", "geometry": {"type": "Polygon", "coordinates": [[[-118.38441752, 45.69916575], [-118.38442762, 45.69916583], [-118.38512603, 45.69913036], [-118.38547704, 45.6990721], [-118.38701507, 45.69873841], [-118.38907256, 45.69843889], [-118.3916971, 45.69794712], [-118.39200123, 45.69824123], [-118.39393495, 45.69793626], [-118.40393474, 45.69585874], [-118.40970322, 45.69339653], [-118.41577201, 45.69076796], [-118.42148095, 45.68811122], [-118.42533849, 45.68635647], [-118.42535216, 45.68651565], [-118.42535709, 45.68657301], [-118.42543276, 45.68810771], [-118.425498, 45.69159455], [-118.42556526, 45.69526662], [-118.41538168, 45.69525652], [-118.41558191, 45.70252497], [-118.41572539, 45.7061891], [-118.40544399, 45.70618635], [-118.40554706, 45.70987927], [-118.40565663, 45.7135178], [-118.39534462, 45.71348275], [-118.39526315, 45.70980922], [-118.38456083, 45.70990418], [-118.3846248, 45.7135534], [-118.37926488, 45.71358833], [-118.37920962, 45.7099513], [-118.3791671, 45.70995167], [-118.38441752, 45.69916575]]]}, "properties": {"zone_name": "US-OR-UMA-UMC-215-F", "level": 1, "fire_name": "No named fire", "county": "Umatilla", "addresses": 6, "unmatched_addresses": 0, "unmatched_fraction_pct": 0, "geometry_source": "cached", "geometry_cache_age_days": 0, "overlapping_zips": [{"zip": "97810", "fraction_pct": 100.0}]}}, {"type": "Feature", "geometry": {"type": "Polygon", "coordinates": [[[-118.29346575, 45.8003809], [-118.29401568, 45.79900044], [-118.29393169, 45.79636536], [-118.29435164, 45.79317383], [-118.29508425, 45.79187293], [-118.2957, 45.7918784], [-118.2967325, 45.7917682], [-118.2999028, 45.7912384], [-118.3009399, 45.7911498], [-118.3022037, 45.7911915], [-118.3115383, 45.7916176], [-118.3123479, 45.7917148], [-118.313056, 45.7918923], [-118.3136535, 45.7921128], [-118.315529, 45.792828], [-118.3259751, 45.7969428], [-118.3264598, 45.7971116], [-118.3268384, 45.7972101], [-118.3275402, 45.7973301], [-118.3283961, 45.7973426], [-118.3290473, 45.7972735], [-118.3296565, 45.7970896], [-118.3303623, 45.7967764], [-118.33089063, 45.79637806], [-118.333208, 45.79422], [-118.3342016, 45.7932822], [-118.3347564, 45.7928734], [-118.3352901, 45.7925846], [-118.3358623, 45.7924172], [-118.33624298, 45.79236497], [-118.33634129, 45.79235148], [-118.33746335, 45.79306581], [-118.33830764, 45.79386473], [-118.34011683, 45.79420111], [-118.33848856, 45.79600914], [-118.33842825, 45.79689211], [-118.33710151, 45.79815347], [-118.33547324, 45.79895232], [-118.33179455, 45.80088632], [-118.32902046, 45.80164309], [-118.32775402, 45.80277822], [-118.32594483, 45.80290434], [-118.32425626, 45.80294638], [-118.3228089, 45.80298842], [-118.31961267, 45.80227372], [-118.31750194, 45.80130675], [-118.31581337, 45.80063406], [-118.31249652, 45.80042385], [-118.30850326, 45.80017462], [-118.30524672, 45.80000645], [-118.29957792, 45.79979623], [-118.29734658, 45.80017462], [-118.29662291, 45.80076322], [-118.29481372, 45.80076322], [-118.29348698, 45.80038484], [-118.29346575, 45.8003809]]]}, "properties": {"zone_name": "US-OR-UMA-UMC-117-I", "level": 1, "fire_name": "No named fire", "county": "Umatilla", "addresses": 3, "unmatched_addresses": 0, "unmatched_fraction_pct": 0, "geometry_source": "cached", "geometry_cache_age_days": 0, "overlapping_zips": [{"zip": "97886", "fraction_pct": 100.0}]}}, {"type": "Feature", "geometry": {"type": "Polygon", "coordinates": [[[-118.29387934, 45.80049674], [-118.29481372, 45.80076322], [-118.29662291, 45.80076322], [-118.29734658, 45.80017462], [-118.29957792, 45.79979623], [-118.30524672, 45.80000645], [-118.30850326, 45.80017462], [-118.31249652, 45.80042385], [-118.31581337, 45.80063406], [-118.31750194, 45.80130675], [-118.31961267, 45.80227372], [-118.3228089, 45.80298842], [-118.32425626, 45.80294638], [-118.32594483, 45.80290434], [-118.32775402, 45.80277822], [-118.32902046, 45.80164309], [-118.33179455, 45.80088632], [-118.33547324, 45.79895232], [-118.33665848, 45.79837083], [-118.33726821, 45.80058739], [-118.33703077, 45.80617392], [-118.33679333, 45.80828424], [-118.33569455, 45.80901384], [-118.33426989, 45.81037928], [-118.33426989, 45.8113723], [-118.33361693, 45.81385479], [-118.33183611, 45.81546835], [-118.32904615, 45.81704049], [-118.32780092, 45.81801354], [-118.32629214, 45.81619725], [-118.32139097, 45.81633388], [-118.32094986, 45.81609477], [-118.32011666, 45.81558238], [-118.31585264, 45.81489918], [-118.31251984, 45.81448925], [-118.31046135, 45.81356692], [-118.30673645, 45.81332779], [-118.30428586, 45.81476254], [-118.30016888, 45.81346443], [-118.29600288, 45.81223462], [-118.29365031, 45.8099799], [-118.29433648, 45.80843742], [-118.29428747, 45.80717334], [-118.29378131, 45.80170542], [-118.29387934, 45.80081704], [-118.29387934, 45.80049674]]]}, "properties": {"zone_name": "US-OR-UMA-UMC-075B", "level": 1, "fire_name": "No named fire", "county": "Umatilla", "addresses": 1, "unmatched_addresses": 0, "unmatched_fraction_pct": 0, "geometry_source": "cached", "geometry_cache_age_days": 0, "overlapping_zips": [{"zip": "97886", "fraction_pct": 100.0}]}}, {"type": "Feature", "geometry": {"type": "Polygon", "coordinates": [[[-118.217011, 45.80811719], [-118.2170354, 45.80583978], [-118.21707545, 45.80209153], [-118.21178743, 45.80240519], [-118.20610567, 45.80255455], [-118.20617433, 45.7987491], [-118.21108493, 45.79856973], [-118.21187608, 45.79854084], [-118.21190009, 45.79749356], [-118.21190177, 45.79742012], [-118.21208743, 45.79732856], [-118.21226746, 45.79697712], [-118.21268153, 45.79603574], [-118.21358166, 45.79580981], [-118.21487786, 45.79543325], [-118.21532793, 45.79529518], [-118.21556197, 45.79499393], [-118.21572399, 45.79420315], [-118.21570599, 45.7939019], [-118.21556197, 45.79334959], [-118.21548996, 45.79257134], [-118.21594003, 45.79272197], [-118.21637209, 45.79296047], [-118.21716421, 45.79358809], [-118.2177403, 45.79376382], [-118.21916555, 45.79420133], [-118.21988566, 45.79438961], [-118.22128988, 45.79490425], [-118.22229704, 45.79522402], [-118.22329448, 45.79574795], [-118.22390465, 45.79641126], [-118.22494474, 45.79680276], [-118.22617152, 45.79738343], [-118.22661453, 45.79799053], [-118.22744158, 45.79843073], [-118.22747866, 45.79941302], [-118.22982611, 45.8009792], [-118.23156876, 45.80041053], [-118.23316309, 45.80072072], [-118.23375633, 45.80074656], [-118.23490574, 45.80074656], [-118.23638884, 45.80074656], [-118.23820564, 45.80077241], [-118.23946628, 45.80105675], [-118.23920673, 45.80167711], [-118.24080107, 45.80185805], [-118.24395266, 45.80165127], [-118.24480544, 45.80141863], [-118.24491668, 45.80116014], [-118.24576946, 45.80038468], [-118.24848564, 45.79947141], [-118.24930134, 45.79874762], [-118.25130353, 45.79856667], [-118.25304618, 45.79869592], [-118.25423266, 45.79910952], [-118.25604946, 45.79923876], [-118.25690224, 45.79926461], [-118.25808872, 45.79887687], [-118.25942352, 45.79879932], [-118.26064707, 45.79843742], [-118.26187063, 45.79872177], [-118.26327958, 45.79900612], [-118.26385463, 45.79911162], [-118.26385499, 45.79831748], [-118.26385552, 45.79714374], [-118.26385664, 45.79468663], [-118.27428148, 45.79475862], [-118.2742735, 45.79490878], [-118.27544006, 45.79522456], [-118.27708697, 45.79636324], [-118.27707325, 45.79802817], [-118.27891627, 45.7986666], [-118.28538048, 45.80071987], [-118.28801553, 45.80063375], [-118.29235239, 45.80102604], [-118.29342742, 45.80047712], [-118.29346575, 45.8003809], [-118.29348698, 45.80038484], [-118.29387934, 45.80049674], [-118.29387934, 45.80081704], [-118.29378131, 45.80170542], [-118.29428747, 45.80717334], [-118.29433648, 45.80843742], [-118.29377068, 45.80970931], [-118.27426296, 45.80944399], [-118.26671515, 45.80964897], [-118.26161792, 45.81163041], [-118.25220767, 45.81210868], [-118.24632625, 45.81128879], [-118.24220927, 45.81094717], [-118.23074052, 45.80903403], [-118.2269176, 45.81060554], [-118.22446701, 45.80958065], [-118.22211445, 45.80718916], [-118.217011, 45.80811719]]]}, "properties": {"zone_name": "US-OR-UMA-UMC-75C", "level": 1, "fire_name": "No named fire", "county": "Umatilla", "addresses": 6, "unmatched_addresses": 0, "unmatched_fraction_pct": 0, "geometry_source": "cached", "geometry_cache_age_days": 0, "overlapping_zips": [{"zip": "97886", "fraction_pct": 100.0}]}}, {"type": "Feature", "geometry": {"type": "Polygon", "coordinates": [[[-118.19356961, 45.814636], [-118.193923, 45.814636], [-118.19557275, 45.81464174], [-118.19555063, 45.81566364], [-118.20069169, 45.815651], [-118.2006992, 45.81713189], [-118.2031579, 45.81712591], [-118.20587993, 45.81711924], [-118.2116563, 45.81710508], [-118.21167808, 45.81466099], [-118.21168905, 45.81343013], [-118.21172191, 45.80975508], [-118.21187986, 45.80975009], [-118.21211919, 45.80974251], [-118.21699524, 45.80958803], [-118.217011, 45.80811719], [-118.22211445, 45.80718916], [-118.22446701, 45.80958065], [-118.2269176, 45.81060554], [-118.23074052, 45.80903403], [-118.24220927, 45.81094717], [-118.24632625, 45.81128879], [-118.25220767, 45.81210868], [-118.26161792, 45.81163041], [-118.26671515, 45.80964897], [-118.27426296, 45.80944399], [-118.29377068, 45.80970931], [-118.29365031, 45.8099799], [-118.29376229, 45.81008722], [-118.29052951, 45.81127207], [-118.28453753, 45.81286674], [-118.27614875, 45.81620779], [-118.25969802, 45.81772638], [-118.24673354, 45.81962457], [-118.23910738, 45.82152268], [-118.23267961, 45.8232689], [-118.22243876, 45.82805172], [-118.21874422, 45.82984066], [-118.19356961, 45.814636]]]}, "properties": {"zone_name": "US-OR-UMA-UMC-123-C", "level": 1, "fire_name": "No named fire", "county": "Umatilla", "addresses": 4, "unmatched_addresses": 0, "unmatched_fraction_pct": 0, "geometry_source": "cached", "geometry_cache_age_days": 0, "overlapping_zips": [{"zip": "97886", "fraction_pct": 100.0}]}}, {"type": "Feature", "geometry": {"type": "Polygon", "coordinates": [[[-118.15744022, 45.82551663], [-118.15629013, 45.82544727], [-118.15623778, 45.8254838], [-118.15592393, 45.82548248], [-118.15519243, 45.82555738], [-118.15482657, 45.82562859], [-118.15472227, 45.82570165], [-118.15461768, 45.82570271], [-118.15414727, 45.82581547], [-118.15378203, 45.82599468], [-118.15308279, 45.82575394], [-118.15269579, 45.82529394], [-118.15232278, 45.82463794], [-118.15221279, 45.82403194], [-118.15232279, 45.82373694], [-118.15243501, 45.82354376], [-118.15002306, 45.82178288], [-118.14692272, 45.82153165], [-118.14475969, 45.81967248], [-118.14338977, 45.8178635], [-118.14411078, 45.81555194], [-118.14338977, 45.81238596], [-118.14168322, 45.81035389], [-118.147923, 45.80945], [-118.152971, 45.808385], [-118.160412, 45.807876], [-118.170909, 45.806023], [-118.171573, 45.805467], [-118.17238495, 45.80493874], [-118.172808, 45.8052248], [-118.1801594, 45.8085862], [-118.180618, 45.808745], [-118.1809, 45.808832], [-118.18186591, 45.8090623], [-118.18220655, 45.80911738], [-118.182832, 45.809195], [-118.182971, 45.809241], [-118.183383, 45.809317], [-118.183783, 45.809414], [-118.184076, 45.809495], [-118.184399, 45.809594], [-118.184641, 45.809678], [-118.184891, 45.809786], [-118.185216, 45.809964], [-118.185391, 45.810075], [-118.185685, 45.810316], [-118.185866, 45.810455], [-118.1859824, 45.8106218], [-118.186306, 45.810939], [-118.186337, 45.810977], [-118.186487, 45.811156], [-118.186498, 45.811489], [-118.18672566, 45.81163354], [-118.18674798, 45.81165933], [-118.18677029, 45.81168513], [-118.1867926, 45.81171093], [-118.18703274, 45.81183055], [-118.1871187, 45.81193031], [-118.18738145, 45.81223523], [-118.187813, 45.81269], [-118.187996, 45.812837], [-118.18823793, 45.81301211], [-118.1885466, 45.8131857], [-118.18958374, 45.81355957], [-118.19001654, 45.81371558], [-118.19042064, 45.81386124], [-118.1905079, 45.8138927], [-118.190881, 45.814008], [-118.191314, 45.814166], [-118.1915, 45.814245], [-118.1917052, 45.8143952], [-118.191893, 45.814496], [-118.1920896, 45.8146865], [-118.192423, 45.814636], [-118.19356961, 45.814636], [-118.21874422, 45.82984066], [-118.216011, 45.83116413], [-118.20141549, 45.82994406], [-118.19716663, 45.82819806], [-118.18725261, 45.82485773], [-118.16786037, 45.82447813], [-118.16230416, 45.82576875], [-118.15837633, 45.82582461], [-118.15848612, 45.82566354], [-118.15744022, 45.82551663]]]}, "properties": {"zone_name": "US-OR-UMA-UMC-123-B", "level": 1, "fire_name": "No named fire", "county": "Umatilla", "addresses": 1, "unmatched_addresses": 0, "unmatched_fraction_pct": 0, "geometry_source": "cached", "geometry_cache_age_days": 0, "overlapping_zips": [{"zip": "97862", "fraction_pct": 57.9}, {"zip": "97886", "fraction_pct": 42.1}]}}, {"type": "Feature", "geometry": {"type": "Polygon", "coordinates": [[[-118.06156769, 45.52195343], [-118.06157871, 45.52017089], [-118.06158959, 45.51841011], [-118.06163361, 45.51835553], [-118.0736517, 45.51839312], [-118.08173072, 45.51841839], [-118.08172876, 45.51825811], [-118.08196811, 45.51857151], [-118.08201981, 45.51863942], [-118.08395154, 45.51975754], [-118.08460586, 45.51913727], [-118.08529866, 45.51849003], [-118.08610694, 45.51857093], [-118.08649183, 45.51919121], [-118.08710766, 45.51924514], [-118.08803141, 45.51857093], [-118.0891476, 45.51803156], [-118.09072566, 45.51846306], [-118.09288106, 45.51878668], [-118.09465157, 45.51795065], [-118.09638359, 45.51722249], [-118.0974228, 45.51706067], [-118.09766401, 45.51712774], [-118.09731944, 45.52862822], [-118.0973113, 45.54345083], [-118.09695838, 45.54339999], [-118.09680637, 45.54337234], [-118.09674726, 45.54336159], [-118.09659107, 45.54334124], [-118.09616861, 45.5432862], [-118.09539442, 45.54328297], [-118.0947847, 45.54330072], [-118.09431054, 45.54331717], [-118.09414171, 45.54327382], [-118.09395289, 45.54322533], [-118.0936607, 45.54301379], [-118.09352204, 45.54284854], [-118.09347907, 45.54281986], [-118.09338408, 45.54273066], [-118.09305663, 45.54244801], [-118.09271132, 45.54211789], [-118.09265294, 45.54204545], [-118.09241615, 45.54175158], [-118.09219175, 45.54126803], [-118.09216858, 45.5412181], [-118.09215709, 45.54117481], [-118.09207718, 45.54087364], [-118.09202537, 45.5406677], [-118.09201545, 45.54062827], [-118.09132753, 45.54066405], [-118.09068571, 45.54069744], [-118.08723101, 45.54087713], [-118.08724885, 45.5443554], [-118.08724915, 45.54441375], [-118.08724883, 45.54444946], [-118.08724334, 45.54507674], [-118.07720136, 45.54492829], [-118.07687875, 45.54437337], [-118.0716831, 45.54437628], [-118.06895145, 45.54437783], [-118.06840295, 45.54437814], [-118.06128086, 45.54394273], [-118.06003855, 45.54386155], [-118.05618982, 45.54361006], [-118.05617874, 45.54366276], [-118.05616868, 45.54371063], [-118.05612848, 45.54369592], [-118.05625741, 45.53646541], [-118.06147737, 45.53656988], [-118.06152225, 45.52930654], [-118.06156769, 45.52195343]]]}, "properties": {"zone_name": "US-OR-UNI-UCO-1421", "level": 1, "fire_name": "No named fire", "county": "Union", "addresses": 34, "unmatched_addresses": 0, "unmatched_fraction_pct": 0, "geometry_source": "cached", "geometry_cache_age_days": 0, "overlapping_zips": [{"zip": "97876", "fraction_pct": 100.0}]}}, {"type": "Feature", "geometry": {"type": "Polygon", "coordinates": [[[-118.02539976, 45.54302428], [-118.0253931, 45.54370203], [-118.02557092, 45.54376336], [-118.02541109, 45.54387478], [-118.0256311, 45.55099547], [-118.02968426, 45.5511541], [-118.03056894, 45.55179638], [-118.03063573, 45.56539422], [-118.03266971, 45.56635966], [-118.03450014, 45.56764107], [-118.03527329, 45.56881286], [-118.03546725, 45.56981264], [-118.0352423, 45.57116549], [-118.03542212, 45.57136518], [-118.03453012, 45.57130486], [-118.033506, 45.570686], [-118.032855, 45.570777], [-118.032269, 45.571074], [-118.03214713, 45.57126481], [-118.031714, 45.571943], [-118.029988, 45.572697], [-118.02950679, 45.5727044], [-118.02946606, 45.57270502], [-118.02940471, 45.57270597], [-118.028557, 45.572719], [-118.02842899, 45.57278315], [-118.027677, 45.573382], [-118.02745556, 45.57376916], [-118.0273241, 45.573999], [-118.025312, 45.576405], [-118.02494, 45.576902], [-118.02398652, 45.57710322], [-118.023019, 45.577541], [-118.02178849, 45.57760368], [-118.021684, 45.577609], [-118.020838, 45.57722], [-118.01825757, 45.57576478], [-118.016381, 45.574613], [-118.01547, 45.573881], [-118.013485, 45.573285], [-118.01263333, 45.57255263], [-118.010296, 45.572415], [-118.008766, 45.572575], [-118.007562, 45.572483], [-118.006161, 45.573145], [-118.005478, 45.573237], [-118.002627, 45.572801], [-118.00059479, 45.57271409], [-117.99703, 45.572543], [-117.996519, 45.572322], [-117.995478, 45.571415], [-117.99405, 45.570926], [-117.993357, 45.569891], [-117.99275364, 45.56938839], [-117.99268632, 45.5693809], [-117.991753, 45.569277], [-117.99091089, 45.56943236], [-117.989197, 45.569646], [-117.989008, 45.568793], [-117.988461, 45.567898], [-117.987766, 45.567308], [-117.98655521, 45.56666002], [-117.9837151, 45.5654089], [-117.98384972, 45.56529009], [-117.98390591, 45.5652405], [-117.984209, 45.564973], [-117.984697, 45.56447], [-117.9871321, 45.5603862], [-117.9881723, 45.5585616], [-117.9882472, 45.5584502], [-117.9883221, 45.5583388], [-117.9889631, 45.5573854], [-117.98908699, 45.55723739], [-117.9898154, 45.5563671], [-117.991653, 45.554476], [-117.9929151, 45.5533303], [-117.99298613, 45.55327944], [-117.9934155, 45.552972], [-117.99401255, 45.552513], [-117.994041, 45.5525226], [-117.9948067, 45.552017], [-117.99488608, 45.55196457], [-117.995915, 45.551285], [-117.9974957, 45.5504782], [-117.9978422, 45.5503013], [-117.9981888, 45.55012435], [-117.99910067, 45.54962949], [-117.9991919, 45.5495803], [-118.0056196, 45.5461729], [-118.0083017, 45.5448387], [-118.0094371, 45.5444583], [-118.00996109, 45.54430414], [-118.0103348, 45.5441942], [-118.0116356, 45.5439194], [-118.0126409, 45.543795], [-118.0134429, 45.54376], [-118.01415209, 45.54375667], [-118.0142099, 45.5437564], [-118.0204816, 45.5437791], [-118.02104261, 45.54378591], [-118.02189657, 45.54379628], [-118.0243038, 45.5438255], [-118.02444285, 45.54379196], [-118.0247063, 45.5437284], [-118.0249659, 45.5435671], [-118.0252606, 45.5433015], [-118.02539976, 45.54302428]]]}, "properties": {"zone_name": "US-OR-UNI-UCO-1438", "level": 1, "fire_name": "No named fire", "county": "Union", "addresses": 9, "unmatched_addresses": 0, "unmatched_fraction_pct": 1.0, "geometry_source": "cached", "geometry_cache_age_days": 0, "overlapping_zips": [{"zip": "97876", "fraction_pct": 99.0}]}}, {"type": "Feature", "geometry": {"type": "Polygon", "coordinates": [[[-118.03542212, 45.57136518], [-118.0352423, 45.57116549], [-118.03546725, 45.56981264], [-118.03527329, 45.56881286], [-118.03450014, 45.56764107], [-118.03266971, 45.56635966], [-118.03063573, 45.56539422], [-118.03056894, 45.55179638], [-118.02968426, 45.5511541], [-118.0256311, 45.55099547], [-118.02541109, 45.54387478], [-118.02557092, 45.54376336], [-118.0253931, 45.54370203], [-118.02539976, 45.54302428], [-118.02542087, 45.53645052], [-118.03287602, 45.53653685], [-118.03461222, 45.53795464], [-118.03697487, 45.53995437], [-118.03914647, 45.54128626], [-118.04024093, 45.5419964], [-118.04201824, 45.54355822], [-118.04330314, 45.54478125], [-118.04434285, 45.54522177], [-118.04653543, 45.54626185], [-118.04766878, 45.54695104], [-118.04829091, 45.54779129], [-118.05037204, 45.54816382], [-118.05172285, 45.54885784], [-118.05265808, 45.54948386], [-118.0547068, 45.55080647], [-118.054582, 45.550825], [-118.053903, 45.550831], [-118.053737, 45.550851], [-118.053494, 45.550862], [-118.05343782, 45.55087078], [-118.05329, 45.550918], [-118.053008, 45.550921], [-118.052912, 45.55093188], [-118.052858, 45.550938], [-118.052676, 45.55096], [-118.052432, 45.550944], [-118.052035, 45.55093], [-118.05180215, 45.55089617], [-118.051229, 45.551057], [-118.050435, 45.55128], [-118.046693, 45.551028], [-118.046205, 45.551257], [-118.045749, 45.55256], [-118.045326, 45.552514], [-118.04438307, 45.55197163], [-118.042495, 45.551713], [-118.041063, 45.551347], [-118.040315, 45.551393], [-118.03965906, 45.55177004], [-118.039404, 45.552262], [-118.03944437, 45.55236034], [-118.039826, 45.55329], [-118.039793, 45.553976], [-118.039957, 45.554456], [-118.040607, 45.555119], [-118.04103, 45.555325], [-118.040965, 45.555897], [-118.04108107, 45.5562926], [-118.04181, 45.558777], [-118.041875, 45.559738], [-118.041646, 45.560926], [-118.042167, 45.561681], [-118.04337165, 45.56237476], [-118.043794, 45.562618], [-118.043923, 45.563807], [-118.044444, 45.564287], [-118.044997, 45.565453], [-118.04498143, 45.56624033], [-118.044964, 45.567122], [-118.04483098, 45.56742069], [-118.044801, 45.567488], [-118.04441, 45.567739], [-118.043532, 45.567533], [-118.04249, 45.567693], [-118.04133404, 45.56738885], [-118.039594, 45.56703], [-118.038943, 45.567144], [-118.0386575, 45.56735875], [-118.038487, 45.567487], [-118.03845344, 45.56753251], [-118.037021, 45.569475], [-118.03688736, 45.56977601], [-118.036696, 45.570207], [-118.035979, 45.571167], [-118.03580864, 45.57124359], [-118.035523, 45.571372], [-118.03542212, 45.57136518]]]}, "properties": {"zone_name": "US-OR-UNI-UCO-1437", "level": 1, "fire_name": "No named fire", "county": "Union", "addresses": 9, "unmatched_addresses": 0, "unmatched_fraction_pct": 0, "geometry_source": "cached", "geometry_cache_age_days": 0, "overlapping_zips": [{"zip": "97876", "fraction_pct": 100.0}]}}, {"type": "Feature", "geometry": {"type": "Polygon", "coordinates": [[[-118.0547068, 45.55080647], [-118.05265808, 45.54948386], [-118.05172285, 45.54885784], [-118.05037204, 45.54816382], [-118.04829091, 45.54779129], [-118.04766878, 45.54695104], [-118.04653543, 45.54626185], [-118.04434285, 45.54522177], [-118.04330314, 45.54478125], [-118.04201824, 45.54355822], [-118.04024093, 45.5419964], [-118.03914647, 45.54128626], [-118.03697487, 45.53995437], [-118.03461222, 45.53795464], [-118.03287602, 45.53653685], [-118.0409307, 45.53644806], [-118.04093447, 45.5365325], [-118.05623337, 45.53644169], [-118.05625741, 45.53646541], [-118.05612848, 45.54369592], [-118.05616868, 45.54371063], [-118.05616122, 45.54374609], [-118.05610657, 45.544006], [-118.05607511, 45.54576801], [-118.0560745, 45.5458022], [-118.05607521, 45.54585911], [-118.0560925, 45.5472483], [-118.05611312, 45.54740922], [-118.05613481, 45.54757839], [-118.056126, 45.547747], [-118.05609622, 45.54808793], [-118.05605592, 45.54854927], [-118.056032, 45.548944], [-118.056006, 45.549371], [-118.056021, 45.549651], [-118.056016, 45.549779], [-118.056004, 45.550119], [-118.0559965, 45.5501715], [-118.05597507, 45.5503215], [-118.055959, 45.550434], [-118.05594157, 45.55051291], [-118.055923, 45.550597], [-118.055899, 45.550633], [-118.055848, 45.550687], [-118.055772, 45.550724], [-118.055657, 45.550734], [-118.05528736, 45.55072138], [-118.055247, 45.55072], [-118.054952, 45.55075], [-118.05485, 45.55076], [-118.0547068, 45.55080647]]]}, "properties": {"zone_name": "US-OR-UNI-UCO-1436", "level": 1, "fire_name": "No named fire", "county": "Union", "addresses": 9, "unmatched_addresses": 0, "unmatched_fraction_pct": 0, "geometry_source": "cached", "geometry_cache_age_days": 0, "overlapping_zips": [{"zip": "97876", "fraction_pct": 100.0}]}}, {"type": "Feature", "geometry": {"type": "Polygon", "coordinates": [[[-118.15243501, 45.82354376], [-118.15232279, 45.82373694], [-118.15221279, 45.82403194], [-118.15232278, 45.82463794], [-118.15269579, 45.82529394], [-118.15308279, 45.82575394], [-118.15378203, 45.82599468], [-118.15372992, 45.82617972], [-118.15378309, 45.82643571], [-118.15393979, 45.82654213], [-118.15394022, 45.82658263], [-118.15404469, 45.82665358], [-118.15404497, 45.82672559], [-118.1542021, 45.82687251], [-118.15430722, 45.82709197], [-118.15430778, 45.82723598], [-118.15441256, 45.82741944], [-118.15446539, 45.82763943], [-118.15441344, 45.82767596], [-118.15430982, 45.82811354], [-118.15404885, 45.8282962], [-118.15404879, 45.8283322], [-118.15378787, 45.82847885], [-118.15378781, 45.82851485], [-118.1536835, 45.82858792], [-118.15347426, 45.82862603], [-118.15342231, 45.82866256], [-118.15274271, 45.82870092], [-118.15148753, 45.82859207], [-118.15143558, 45.8286286], [-118.15086058, 45.8286659], [-118.15075626, 45.82873895], [-118.15065167, 45.82874001], [-118.14997222, 45.82892236], [-118.14986791, 45.82899542], [-118.14965897, 45.82902903], [-118.14950236, 45.82910261], [-118.14892728, 45.8291759], [-118.14861378, 45.82925106], [-118.14856183, 45.82928759], [-118.14830025, 45.82928572], [-118.14803905, 45.82936035], [-118.14668011, 45.82950901], [-118.14647113, 45.82961912], [-118.14600097, 45.82972735], [-118.14573969, 45.82983798], [-118.14553084, 45.82987607], [-118.14537415, 45.82998566], [-118.14526947, 45.82998221], [-118.14490386, 45.83016589], [-118.14459042, 45.83020503], [-118.14427681, 45.83027568], [-118.14422485, 45.8303122], [-118.1435451, 45.83042252], [-118.14323185, 45.83056967], [-118.14307542, 45.83075125], [-118.142972, 45.83130134], [-118.14281571, 45.83141091], [-118.14281557, 45.83148292], [-118.14250284, 45.83177407], [-118.14250278, 45.83181008], [-118.14218944, 45.83199323], [-118.14182389, 45.8321409], [-118.14098754, 45.83228877], [-118.14088285, 45.83228531], [-118.1401515, 45.83243213], [-118.13968114, 45.83247282], [-118.13900121, 45.8323986], [-118.13858291, 45.83250628], [-118.13832229, 45.8327294], [-118.13821887, 45.83320297], [-118.13811453, 45.83327602], [-118.13811465, 45.83342003], [-118.13801052, 45.83364158], [-118.13785421, 45.83375115], [-118.13785407, 45.83382316], [-118.13754104, 45.8340423], [-118.13712308, 45.83422648], [-118.13680965, 45.83444562], [-118.13618344, 45.83495589], [-118.13602697, 45.83513747], [-118.13602723, 45.83520947], [-118.13555749, 45.83557867], [-118.13477382, 45.83590599], [-118.1339376, 45.83590529], [-118.13294426, 45.83605466], [-118.13257863, 45.8361618], [-118.13210842, 45.83631047], [-118.13189938, 45.83642055], [-118.13132471, 45.83663777], [-118.13059356, 45.83707704], [-118.13007128, 45.83729823], [-118.12949659, 45.83751544], [-118.1292877, 45.83755351], [-118.12850412, 45.83780877], [-118.12787687, 45.83795448], [-118.12782448, 45.837991], [-118.12735397, 45.83802715], [-118.12636081, 45.83802794], [-118.12615101, 45.8378815], [-118.12609871, 45.83788201], [-118.12563717, 45.83754453], [-118.12433105, 45.83743138], [-118.12427923, 45.83739589], [-118.12344307, 45.83735911], [-118.12307709, 45.83743021], [-118.12297232, 45.83750325], [-118.12286771, 45.83750428], [-118.12234433, 45.83779295], [-118.121351, 45.83786571], [-118.11962481, 45.83833718], [-118.11957242, 45.8383737], [-118.11941541, 45.83837074], [-118.11920635, 45.8384808], [-118.11889226, 45.83859188], [-118.11863032, 45.83877447], [-118.11732147, 45.83939033], [-118.11601359, 45.83975415], [-118.11533274, 45.84008033], [-118.11496582, 45.84040794], [-118.11496574, 45.84048445], [-118.11444131, 45.8408856], [-118.11412686, 45.84110018], [-118.11355127, 45.84135782], [-118.1131845, 45.84161342], [-118.1126895, 45.84202967], [-118.11218822, 45.8424512], [-118.11182153, 45.84267079], [-118.11182144, 45.84270679], [-118.11082624, 45.84321602], [-118.1103554, 45.84336011], [-118.10967497, 45.84365024], [-118.10915192, 45.84375883], [-118.10909952, 45.84379535], [-118.10868126, 45.84383091], [-118.10841992, 45.84390545], [-118.10815743, 45.84408351], [-118.10789533, 45.84434258], [-118.10789515, 45.84441459], [-118.10763314, 45.84459714], [-118.10731882, 45.8447397], [-118.1072142, 45.84474072], [-118.10700468, 45.84485076], [-118.10679565, 45.84488429], [-118.10674325, 45.8449208], [-118.1058544, 45.84499241], [-118.1053845, 45.84492045], [-118.10486247, 45.84473648], [-118.10402826, 45.84429451], [-118.10340309, 45.84381901], [-118.10340318, 45.843783], [-118.10283298, 45.8435245], [-118.10149362, 45.84349133], [-118.10105247, 45.84352216], [-118.10100007, 45.84355867], [-118.10026886, 45.8434802], [-118.10021664, 45.8434447], [-118.1000079, 45.84341071], [-118.09990338, 45.84333521], [-118.09964233, 45.84326121], [-118.09906922, 45.8429337], [-118.09880819, 45.8428192], [-118.09813017, 45.84241618], [-118.09813067, 45.84238017], [-118.09797444, 45.84223316], [-118.097543, 45.84196405], [-118.0972917, 45.84195158], [-118.09675671, 45.84184275], [-118.09604147, 45.84204921], [-118.09520557, 45.84200772], [-118.09515336, 45.84197222], [-118.09264411, 45.84222126], [-118.08815051, 45.84206614], [-118.08658313, 45.84195055], [-118.08653092, 45.84191504], [-118.08611297, 45.84184251], [-118.08423278, 45.84161734], [-118.08277131, 45.84117217], [-118.08193573, 45.84106307], [-118.08162241, 45.84098953], [-118.08083989, 45.84073141], [-118.08052679, 45.84058586], [-118.07990047, 45.84043427], [-118.07932603, 45.84036319], [-118.07927374, 45.84032318], [-118.07885571, 45.84028663], [-118.07880391, 45.84025112], [-118.07796826, 45.84013749], [-118.07791606, 45.84010198], [-118.07702812, 45.83998884], [-118.0771338, 45.83977183], [-118.07708356, 45.83929526], [-118.07713598, 45.83925876], [-118.07724743, 45.83765106], [-118.0770433, 45.83651889], [-118.07709776, 45.83604583], [-118.07704633, 45.8358618], [-118.07710078, 45.83538874], [-118.07705175, 45.83461963], [-118.07699956, 45.83458412], [-118.07705477, 45.83396254], [-118.07721201, 45.83385305], [-118.07737056, 45.83341501], [-118.07747538, 45.83334202], [-118.07758107, 45.8330845], [-118.07758202, 45.83290447], [-118.07752983, 45.83286896], [-118.07758238, 45.83275596], [-118.0775842, 45.8323914], [-118.07748068, 45.83213586], [-118.07737671, 45.83206483], [-118.07737706, 45.83191631], [-118.07732528, 45.8318808], [-118.07722263, 45.83144073], [-118.07711826, 45.8313697], [-118.07706781, 45.83096514], [-118.07707312, 45.82975898], [-118.07697133, 45.82917489], [-118.07686696, 45.82910386], [-118.0768676, 45.82899135], [-118.07676399, 45.8287718], [-118.07660786, 45.82862476], [-118.0766086, 45.82851674], [-118.0761401, 45.82811162], [-118.0760878, 45.82811211], [-118.07556636, 45.82782], [-118.07499391, 45.82734384], [-118.07499414, 45.82727183], [-118.07489042, 45.82708829], [-118.07489107, 45.82697577], [-118.07478682, 45.82686874], [-118.07463364, 45.82610061], [-118.07458146, 45.8260651], [-118.07448092, 45.82518846], [-118.07442865, 45.82514845], [-118.07437797, 45.8248564], [-118.07427361, 45.82478538], [-118.07427559, 45.82434432], [-118.07443303, 45.82416282], [-118.07453991, 45.82365326], [-118.07464472, 45.82358027], [-118.07464656, 45.82321572], [-118.07443818, 45.82302866], [-118.07438589, 45.82302916], [-118.07417738, 45.82291861], [-118.0740732, 45.82291959], [-118.07386469, 45.82280904], [-118.0738648, 45.82277303], [-118.07376044, 45.822702], [-118.07365726, 45.82248245], [-118.07370926, 45.82244596], [-118.07376254, 45.82222494], [-118.07418239, 45.82186096], [-118.07428768, 45.82160345], [-118.07423822, 45.82101886], [-118.07418604, 45.82098334], [-118.07397939, 45.82050824], [-118.07398094, 45.82010769], [-118.07403346, 45.82003519], [-118.07450495, 45.81974273], [-118.07471518, 45.81952473], [-118.07471541, 45.81945272], [-118.07482021, 45.81937973], [-118.07482034, 45.81930322], [-118.07502992, 45.81919774], [-118.07513449, 45.81919675], [-118.07539528, 45.81930681], [-118.07596743, 45.81985497], [-118.07607147, 45.8199305], [-118.07622833, 45.81992902], [-118.07638564, 45.81978352], [-118.07638769, 45.81934697], [-118.07649249, 45.81927397], [-118.07665045, 45.81901596], [-118.07691233, 45.81886947], [-118.07701659, 45.81887299], [-118.07712139, 45.8188], [-118.07722596, 45.81879901], [-118.07769678, 45.81861905], [-118.07785438, 45.81850956], [-118.07795929, 45.81840056], [-118.07795942, 45.81832405], [-118.07806421, 45.81825105], [-118.07806517, 45.81807103], [-118.07827475, 45.81792503], [-118.07837892, 45.81792405], [-118.07947983, 45.81712608], [-118.07947986, 45.81708557], [-118.07963715, 45.81694007], [-118.07979603, 45.81650203], [-118.07990082, 45.81642903], [-118.07990104, 45.81635703], [-118.08000594, 45.81624802], [-118.08005906, 45.81610351], [-118.08037364, 45.8158125], [-118.08100224, 45.81541052], [-118.08126335, 45.81541255], [-118.08141937, 45.81555509], [-118.08131351, 45.81588462], [-118.08131327, 45.81599713], [-118.08136483, 45.81610465], [-118.08162551, 45.8162507], [-118.08256527, 45.81639931], [-118.0828252, 45.81669388], [-118.08339761, 45.81717], [-118.0837108, 45.81724353], [-118.08391962, 45.81724605], [-118.08423448, 45.81699104], [-118.08423461, 45.81691453], [-118.08433939, 45.81684153], [-118.0843416, 45.81633296], [-118.08428973, 45.81629295], [-118.0840826, 45.81581787], [-118.08377048, 45.8154878], [-118.08324974, 45.8151237], [-118.08319745, 45.8151242], [-118.08283263, 45.81493864], [-118.08263422, 45.81495402], [-118.08239839, 45.81507327], [-118.08212971, 45.81484629], [-118.08162895, 45.81459901], [-118.08082583, 45.81369302], [-118.08013623, 45.81307459], [-118.07953192, 45.81261616], [-118.07944221, 45.81243975], [-118.0791913, 45.81220243], [-118.07881718, 45.81202075], [-118.07849649, 45.81159135], [-118.07831505, 45.8111173], [-118.07814169, 45.81080515], [-118.0781487, 45.81060068], [-118.07829583, 45.81048419], [-118.0783959, 45.80979612], [-118.07854088, 45.80949865], [-118.07845121, 45.80933062], [-118.07834145, 45.80895292], [-118.07842825, 45.80871676], [-118.0783933, 45.80852529], [-118.07816204, 45.80831208], [-118.07811822, 45.80805707], [-118.07831103, 45.8075647], [-118.07834056, 45.8073439], [-118.0785014, 45.80704986], [-118.07868618, 45.80685009], [-118.07884271, 45.80658309], [-118.07925065, 45.80569265], [-118.07929868, 45.80553468], [-118.07939264, 45.80431867], [-118.07954058, 45.80389873], [-118.07973318, 45.80350087], [-118.07990402, 45.80332668], [-118.08016353, 45.80311214], [-118.08052391, 45.80293735], [-118.08076493, 45.80266542], [-118.08110018, 45.80242835], [-118.08148828, 45.80223975], [-118.08187153, 45.80199397], [-118.08206517, 45.80191155], [-118.08297175, 45.80170779], [-118.08328979, 45.8015751], [-118.08339207, 45.80151507], [-118.08375427, 45.80114511], [-118.08424288, 45.80095591], [-118.08494872, 45.80054417], [-118.0858196, 45.80026587], [-118.08600975, 45.8006556], [-118.08603212, 45.80087591], [-118.08595254, 45.80193427], [-118.08584348, 45.80244836], [-118.08542833, 45.80316787], [-118.08550957, 45.80354064], [-118.08559986, 45.8037378], [-118.08605451, 45.80422403], [-118.0864776, 45.80436852], [-118.0878988, 45.80496255], [-118.08845065, 45.80511031], [-118.08888201, 45.80528621], [-118.08933472, 45.80569144], [-118.0894778, 45.80589259], [-118.08971586, 45.80609734], [-118.09001507, 45.806261], [-118.09064805, 45.80648448], [-118.09271878, 45.80692824], [-118.09438759, 45.80738481], [-118.09562243, 45.80755299], [-118.09677356, 45.80763645], [-118.09720104, 45.80769388], [-118.0983676, 45.80813869], [-118.09864786, 45.80811477], [-118.09903241, 45.80803072], [-118.09950208, 45.80784816], [-118.10010407, 45.80758214], [-118.10111908, 45.80699464], [-118.10188139, 45.80702624], [-118.1023002, 45.80713781], [-118.10253917, 45.80732731], [-118.10262849, 45.8077094], [-118.10263102, 45.80803773], [-118.10195231, 45.81057197], [-118.10206641, 45.81082602], [-118.10311456, 45.81188049], [-118.10329198, 45.8122783], [-118.10339322, 45.81297078], [-118.1037432, 45.81314985], [-118.10455037, 45.81235236], [-118.10474506, 45.81223532], [-118.10532737, 45.81174533], [-118.10590431, 45.81121243], [-118.10655441, 45.81073307], [-118.10747307, 45.81017247], [-118.10787284, 45.81004106], [-118.11005326, 45.81027675], [-118.1106784, 45.81017985], [-118.11172966, 45.81007581], [-118.1122744, 45.81035224], [-118.11283525, 45.8105504], [-118.11334695, 45.81063027], [-118.11389673, 45.81059501], [-118.11433478, 45.81044203], [-118.11502312, 45.81003937], [-118.11559148, 45.80975844], [-118.11617176, 45.80932546], [-118.11650993, 45.80899795], [-118.11779621, 45.80819324], [-118.11786504, 45.8079304], [-118.11787012, 45.80547892], [-118.12204786, 45.80655606], [-118.12745544, 45.80781255], [-118.13228621, 45.80932031], [-118.13697278, 45.81017469], [-118.14165934, 45.81032546], [-118.14338977, 45.81238596], [-118.14411078, 45.81555194], [-118.14338977, 45.8178635], [-118.14475969, 45.81967248], [-118.14692272, 45.82153165], [-118.15002306, 45.82178288], [-118.15243501, 45.82354376]]]}, "properties": {"zone_name": "US-OR-UMA-UMC-1406025-B", "level": 1, "fire_name": "No named fire", "county": "Umatilla", "addresses": 2, "unmatched_addresses": 0, "unmatched_fraction_pct": 0, "geometry_source": "cached", "geometry_cache_age_days": 0, "overlapping_zips": [{"zip": "97886", "fraction_pct": 97.9}, {"zip": "97862", "fraction_pct": 2.1}]}}, {"type": "Feature", "geometry": {"type": "Polygon", "coordinates": [[[-117.95346089, 45.69376204], [-117.94938143, 45.69285317], [-117.94863814, 45.69268757], [-117.94853759, 45.69267708], [-117.94651018, 45.69246548], [-117.94627878, 45.69255644], [-117.94600618, 45.69266359], [-117.94473291, 45.6930061], [-117.94417941, 45.693155], [-117.94198724, 45.69212524], [-117.93993505, 45.69133244], [-117.93937867, 45.69057495], [-117.93929477, 45.68962304], [-117.93765758, 45.68925545], [-117.93581893, 45.68903238], [-117.93458075, 45.68813755], [-117.93313639, 45.68710151], [-117.93176714, 45.6864935], [-117.93019487, 45.68593476], [-117.92979706, 45.68533979], [-117.92949805, 45.68489258], [-117.92792349, 45.68419093], [-117.92533608, 45.68387851], [-117.92461588, 45.6837783], [-117.92274792, 45.68351841], [-117.92187944, 45.68343046], [-117.9205698, 45.68329783], [-117.9202064, 45.68323854], [-117.92098675, 45.68292852], [-117.92201338, 45.68262648], [-117.92315076, 45.68229186], [-117.92443642, 45.68172286], [-117.92490471, 45.6815156], [-117.92504542, 45.6814724], [-117.92713577, 45.6808307], [-117.92928938, 45.67957483], [-117.93036851, 45.67908975], [-117.93301179, 45.67868715], [-117.93530899, 45.67790629], [-117.93710533, 45.67765341], [-117.93890169, 45.67740052], [-117.93963169, 45.6771186], [-117.94079194, 45.67667052], [-117.94193006, 45.67566092], [-117.94199641, 45.67509297], [-117.94210829, 45.6741353], [-117.94188372, 45.67289877], [-117.94210956, 45.67272192], [-117.94262137, 45.67232113], [-117.94281521, 45.67180488], [-117.94314161, 45.67093557], [-117.94357156, 45.67027229], [-117.94413491, 45.66940321], [-117.94595128, 45.66834033], [-117.94831178, 45.66732053], [-117.9494528, 45.66650135], [-117.95012614, 45.665875], [-117.95035059, 45.66566622], [-117.95114426, 45.66609671], [-117.95300161, 45.6674625], [-117.95403989, 45.66859695], [-117.95425493, 45.6686211], [-117.95601378, 45.6688186], [-117.9577896, 45.66937528], [-117.95902285, 45.66998412], [-117.9626238, 45.67000146], [-117.9630903, 45.6694736], [-117.96333452, 45.66924539], [-117.96375894, 45.66884878], [-117.96654389, 45.66882525], [-117.96830092, 45.66828644], [-117.97087795, 45.66802641], [-117.97249494, 45.66725058], [-117.97478686, 45.6668938], [-117.9754082, 45.66679708], [-117.97597395, 45.66677637], [-117.97710544, 45.66673494], [-117.97845228, 45.6660566], [-117.97844399, 45.66558037], [-117.97829441, 45.66496504], [-117.97822446, 45.66467728], [-117.9782816, 45.6640576], [-117.9784837, 45.6636145], [-117.97880503, 45.66291], [-117.97879502, 45.66233525], [-117.9787901, 45.66205279], [-117.97888822, 45.66168547], [-117.97904516, 45.66109801], [-117.97965059, 45.66075941], [-117.98020721, 45.66151671], [-117.98062635, 45.66217993], [-117.98030838, 45.66342105], [-117.98066044, 45.66413247], [-117.9814242, 45.66507851], [-117.98197541, 45.66489234], [-117.98243718, 45.66473639], [-117.9828247, 45.66358994], [-117.98314596, 45.66253932], [-117.98334033, 45.66252912], [-117.9842318, 45.66248234], [-117.98495709, 45.66257756], [-117.98525307, 45.66261642], [-117.98564695, 45.66193724], [-117.98578053, 45.6617069], [-117.98691921, 45.6607921], [-117.98800419, 45.66068747], [-117.98813837, 45.66059791], [-117.9889441, 45.66006014], [-117.9891401, 45.65936483], [-117.98919982, 45.65915296], [-117.98905273, 45.65803712], [-117.98904303, 45.65796357], [-117.98966431, 45.65852975], [-117.99010116, 45.66019301], [-117.9905984, 45.66142708], [-117.99130194, 45.66280224], [-117.99210693, 45.6635097], [-117.99226793, 45.66365119], [-117.99269312, 45.66464773], [-117.99306004, 45.66579057], [-117.99319635, 45.66621514], [-117.99433445, 45.66725711], [-117.99438482, 45.66730322], [-117.9944378, 45.66739422], [-117.99508981, 45.66851409], [-117.99487253, 45.66992913], [-117.99461613, 45.67143671], [-117.99457817, 45.67165988], [-117.99465822, 45.67371139], [-117.99449529, 45.67518119], [-117.99442501, 45.67581514], [-117.99464223, 45.67620855], [-117.99528314, 45.6773693], [-117.99565433, 45.67800697], [-117.9957521, 45.67798588], [-117.99639063, 45.67882536], [-117.99642748, 45.67889333], [-117.99722015, 45.68035539], [-117.99735386, 45.68107471], [-117.99757502, 45.68226452], [-117.9974721, 45.68462738], [-117.99755135, 45.68695154], [-117.99746192, 45.68703731], [-117.99692014, 45.68755696], [-117.99601416, 45.68775234], [-117.99586833, 45.68857849], [-117.99408233, 45.68904413], [-117.9932904, 45.68904893], [-117.95363809, 45.68928931], [-117.95355324, 45.69378262], [-117.95346089, 45.69376204]]]}, "properties": {"zone_name": "US-OR-UNI-UCO-1495", "level": 1, "fire_name": "No named fire", "county": "Union", "addresses": 1, "unmatched_addresses": 1, "unmatched_fraction_pct": 99.7, "geometry_source": "cached", "geometry_cache_age_days": 0, "overlapping_zips": [{"zip": "97827", "fraction_pct": 0.3}]}}, {"type": "Feature", "geometry": {"type": "Polygon", "coordinates": [[[-117.9323923, 45.7037813], [-117.93238245, 45.70570477], [-117.93233805, 45.72101298], [-117.93233763, 45.72115674], [-117.93205905, 45.72102051], [-117.93202018, 45.7210231], [-117.92989021, 45.72116492], [-117.92581655, 45.72228253], [-117.92488097, 45.72253921], [-117.92229156, 45.72280647], [-117.92087573, 45.7229526], [-117.92072419, 45.72288998], [-117.91810383, 45.7218071], [-117.91627954, 45.72105263], [-117.91351648, 45.71840751], [-117.91374495, 45.71573843], [-117.91275752, 45.71355537], [-117.91287642, 45.71250657], [-117.91134518, 45.71093092], [-117.91149118, 45.70823921], [-117.90971448, 45.7060556], [-117.90748162, 45.70314715], [-117.90635968, 45.69847723], [-117.90462283, 45.69676962], [-117.90222498, 45.69579431], [-117.90117212, 45.69417497], [-117.90073805, 45.69123172], [-117.89964772, 45.69030836], [-117.89976066, 45.69031288], [-117.90131345, 45.6897385], [-117.90399698, 45.68926005], [-117.90698816, 45.68763598], [-117.90908319, 45.68607613], [-117.91087515, 45.68594755], [-117.91485089, 45.68471551], [-117.91663439, 45.6840725], [-117.9189005, 45.68302549], [-117.9202064, 45.68323854], [-117.9205698, 45.68329783], [-117.92187944, 45.68343046], [-117.92274792, 45.68351841], [-117.92461588, 45.6837783], [-117.92533608, 45.68387851], [-117.92792349, 45.68419093], [-117.92949805, 45.68489258], [-117.92979706, 45.68533979], [-117.93019487, 45.68593476], [-117.93176714, 45.6864935], [-117.93313639, 45.68710151], [-117.93458075, 45.68813755], [-117.93581893, 45.68903238], [-117.93765758, 45.68925545], [-117.93929477, 45.68962304], [-117.93937867, 45.69057495], [-117.93993505, 45.69133244], [-117.94198724, 45.69212524], [-117.94417941, 45.693155], [-117.94473291, 45.6930061], [-117.94600618, 45.69266359], [-117.94627878, 45.69255644], [-117.94651018, 45.69246548], [-117.94853759, 45.69267708], [-117.94863814, 45.69268757], [-117.94938143, 45.69285317], [-117.95346089, 45.69376204], [-117.95355324, 45.69378262], [-117.95307731, 45.70368531], [-117.9323923, 45.7037813]]]}, "properties": {"zone_name": "US-OR-UNI-UCO-1497", "level": 1, "fire_name": "No named fire", "county": "Union", "addresses": 2, "unmatched_addresses": 1, "unmatched_fraction_pct": 54.8, "geometry_source": "cached", "geometry_cache_age_days": 0, "overlapping_zips": [{"zip": "97827", "fraction_pct": 45.2}]}}, {"type": "Feature", "geometry": {"type": "Polygon", "coordinates": [[[-117.92199255, 45.76146055], [-117.92140071, 45.76145921], [-117.92130802, 45.76503391], [-117.91097328, 45.76497846], [-117.91077422, 45.77313411], [-117.91077375, 45.77321697], [-117.90916449, 45.77248458], [-117.90654586, 45.7715409], [-117.90480766, 45.77137607], [-117.90292039, 45.77146245], [-117.90123612, 45.77147575], [-117.90023662, 45.77280533], [-117.89966492, 45.77534608], [-117.89934035, 45.77738477], [-117.898074, 45.778002], [-117.89628115, 45.77762314], [-117.89576477, 45.77602458], [-117.8956366, 45.77562778], [-117.89529376, 45.77334427], [-117.89486373, 45.77199022], [-117.89468663, 45.77049129], [-117.8940639, 45.76985318], [-117.89089789, 45.76977074], [-117.88949605, 45.76909127], [-117.88936439, 45.7690011], [-117.88762222, 45.76780793], [-117.88587349, 45.76654405], [-117.88472227, 45.76487211], [-117.88347107, 45.763891], [-117.88191717, 45.76378906], [-117.8803583, 45.76379417], [-117.87863953, 45.76233078], [-117.87786545, 45.76082453], [-117.87855446, 45.75954207], [-117.8781339, 45.75855833], [-117.87827231, 45.75733481], [-117.87782896, 45.75632911], [-117.87792484, 45.75543571], [-117.87770964, 45.75420654], [-117.87815669, 45.75337113], [-117.87755672, 45.75229518], [-117.87667459, 45.75072942], [-117.87671999, 45.75062178], [-117.87788182, 45.7510748], [-117.87952194, 45.75153848], [-117.88153728, 45.74990355], [-117.88343338, 45.75015382], [-117.88562784, 45.75044347], [-117.88874494, 45.74965719], [-117.89674442, 45.74788003], [-117.90218317, 45.7476467], [-117.90816449, 45.74731353], [-117.91687751, 45.74762497], [-117.92067334, 45.74818864], [-117.9247885, 45.74879957], [-117.93176855, 45.75062267], [-117.93202773, 45.75060659], [-117.93216304, 45.7505982], [-117.93216354, 45.75072584], [-117.93195553, 45.75791388], [-117.93182558, 45.76148173], [-117.92199255, 45.76146055]]]}, "properties": {"zone_name": "US-OR-UNI-UCO-1513", "level": 1, "fire_name": "No named fire", "county": "Union", "addresses": 2, "unmatched_addresses": 2, "unmatched_fraction_pct": 98.8, "geometry_source": "cached", "geometry_cache_age_days": 0, "overlapping_zips": [{"zip": "97827", "fraction_pct": 1.2}]}}, {"type": "Feature", "geometry": {"type": "Polygon", "coordinates": [[[-117.93202773, 45.75060659], [-117.93176855, 45.75062267], [-117.9247885, 45.74879957], [-117.92067334, 45.74818864], [-117.91687751, 45.74762497], [-117.90816449, 45.74731353], [-117.90218317, 45.7476467], [-117.89674442, 45.74788003], [-117.88874494, 45.74965719], [-117.88562784, 45.75044347], [-117.88343338, 45.75015382], [-117.88153728, 45.74990355], [-117.87952194, 45.75153848], [-117.88091342, 45.74657432], [-117.88122896, 45.74630319], [-117.88359821, 45.74426739], [-117.88791213, 45.74175722], [-117.89283198, 45.73968887], [-117.89345293, 45.73942782], [-117.89387796, 45.73928583], [-117.8990009, 45.73757439], [-117.90168758, 45.73545753], [-117.90476209, 45.73209917], [-117.90539287, 45.7290459], [-117.90777451, 45.72493087], [-117.91072294, 45.72224016], [-117.91457752, 45.72261778], [-117.91521814, 45.72268053], [-117.91810383, 45.7218071], [-117.92072419, 45.72288998], [-117.92087573, 45.7229526], [-117.92229156, 45.72280647], [-117.92488097, 45.72253921], [-117.92581655, 45.72228253], [-117.92989021, 45.72116492], [-117.93202018, 45.7210231], [-117.93205905, 45.72102051], [-117.93233763, 45.72115674], [-117.93229771, 45.72997563], [-117.93220442, 45.74110072], [-117.93219327, 45.74243114], [-117.9322332, 45.75059385], [-117.93216304, 45.7505982], [-117.93202773, 45.75060659]]]}, "properties": {"zone_name": "US-OR-UNI-UCO-1505", "level": 1, "fire_name": "No named fire", "county": "Union", "addresses": 1, "unmatched_addresses": 0, "unmatched_fraction_pct": 47.3, "geometry_source": "cached", "geometry_cache_age_days": 0, "overlapping_zips": [{"zip": "97827", "fraction_pct": 52.7}]}}, {"type": "Feature", "geometry": {"type": "Polygon", "coordinates": [[[-121.970304965862, 45.0733234400736], [-121.970376829288, 45.0748904040838], [-121.970853860755, 45.0837666263876], [-121.927331018838, 45.0876794507108], [-121.92159244426, 45.0873661645957], [-121.921079453232, 45.086602621751], [-121.920654826783, 45.0854180110357], [-121.920627901579, 45.0843334362461], [-121.92084182189, 45.0830008794983], [-121.920789707925, 45.0809017002998], [-121.921687991768, 45.0792806346252], [-121.921918380892, 45.0786128156017], [-121.922745669082, 45.0781125361464], [-121.924010392797, 45.0773268089384], [-121.925927459597, 45.0769528766669], [-121.927849739321, 45.0767888313275], [-121.92884080476, 45.0769164033686], [-121.930990722967, 45.0759795123987], [-121.932396413011, 45.0749119436152], [-121.934186541574, 45.0734195521953], [-121.936337997696, 45.0725525319425], [-121.938552829063, 45.0722446269897], [-121.939923874681, 45.0717723529505], [-121.941242880894, 45.071195727788], [-121.942470769191, 45.0701400768], [-121.943555260318, 45.0692752133652], [-121.944878421239, 45.069101661769], [-121.946432375527, 45.0693059391094], [-121.947887018365, 45.0693322701011], [-121.949478259025, 45.069760014578], [-121.950597248153, 45.0702609438503], [-121.951962231939, 45.070489949394], [-121.95295145134, 45.07085811839], [-121.955816415038, 45.0716503084594], [-121.95699413602, 45.0719712378076], [-121.957656584253, 45.0719179723849], [-121.958854507448, 45.0717906575398], [-121.959731865036, 45.0714882488328], [-121.960671839692, 45.0711626322494], [-121.961478548376, 45.070569934201], [-121.962319700266, 45.0700887814709], [-121.963268221493, 45.0700990084384], [-121.964064479177, 45.0703351684029], [-121.964482707824, 45.0706209746953], [-121.965095115404, 45.0710834736474], [-121.965516219558, 45.071481232238], [-121.96599708773, 45.0717438312], [-121.966606652143, 45.0720943651771], [-121.967752270031, 45.0723932002642], [-121.968580178058, 45.0726289206266], [-121.969375917415, 45.0728426518296], [-121.969854514646, 45.0730156699594], [-121.970304965862, 45.0733234400736]]]}, "properties": {"zone_name": "67", "level": 1, "fire_name": "No named fire", "county": "Clackamas", "addresses": 1, "unmatched_addresses": 0, "unmatched_fraction_pct": 0, "geometry_source": "cached", "geometry_cache_age_days": 0, "overlapping_zips": [{"zip": "97023", "fraction_pct": 100.0, "nearest_centroid_fallback": true}]}}, {"type": "Feature", "geometry": {"type": "Polygon", "coordinates": [[[-118.11512991, 46.00014337], [-118.11488907, 46.00014899], [-118.11459974, 46.0001551], [-118.11408196, 46.00016604], [-118.11140775, 46.00022878], [-118.09800425, 46.00054327], [-118.09802675, 46.00053248], [-118.09749227, 45.99889885], [-118.09617389, 45.99686911], [-118.10034281, 45.9939729], [-118.1028014, 45.99214103], [-118.10319335, 45.98986348], [-118.10376346, 45.98785817], [-118.1051531, 45.98607562], [-118.10621336, 45.98552835], [-118.10621336, 45.9881465], [-118.10775017, 45.99073964], [-118.1103847, 45.99173109], [-118.1135132, 45.99348517], [-118.11450115, 45.99569676], [-118.11472069, 45.9987852], [-118.11512991, 46.00014337]]]}, "properties": {"zone_name": "US-OR-UMA-UMC-032", "level": 1, "fire_name": "No named fire", "county": "Umatilla", "addresses": 28, "unmatched_addresses": 0, "unmatched_fraction_pct": 0, "geometry_source": "cached", "geometry_cache_age_days": 0, "overlapping_zips": [{"zip": "99362", "fraction_pct": 78.4}, {"zip": "97862", "fraction_pct": 21.6}]}}, {"type": "Feature", "geometry": {"type": "Polygon", "coordinates": [[[-118.06399088, 45.98901867], [-118.06425764, 45.98894864], [-118.06382109, 45.98807913], [-118.06277976, 45.98810609], [-118.06251096, 45.98811305], [-118.0620032, 45.98812646], [-118.06208752, 45.98660316], [-118.06466716, 45.98542092], [-118.06933247, 45.98469631], [-118.07826728, 45.98364546], [-118.0844694, 45.98391243], [-118.09176924, 45.9836836], [-118.10281043, 45.98505747], [-118.10621336, 45.98547698], [-118.10621336, 45.98552835], [-118.1051531, 45.98607562], [-118.10376346, 45.98785817], [-118.10319335, 45.98986348], [-118.1028014, 45.99214103], [-118.10034281, 45.9939729], [-118.09617389, 45.99686911], [-118.09621947, 45.99693927], [-118.08995266, 45.99650392], [-118.08425538, 45.99549839], [-118.07446223, 45.99483515], [-118.07071485, 45.99633002], [-118.06748126, 45.9967365], [-118.06286185, 45.99386963], [-118.06399088, 45.98901867]]]}, "properties": {"zone_name": "US-OR-UMA-UMC-039", "level": 2, "fire_name": "No named fire", "county": "Umatilla", "addresses": 65, "unmatched_addresses": 0, "unmatched_fraction_pct": 0, "geometry_source": "cached", "geometry_cache_age_days": 0, "overlapping_zips": [{"zip": "99362", "fraction_pct": 88.5}, {"zip": "97862", "fraction_pct": 11.5}]}}, {"type": "Feature", "geometry": {"type": "Polygon", "coordinates": [[[-118.14168322, 45.81035389], [-118.14165934, 45.81032546], [-118.13697278, 45.81017469], [-118.13228621, 45.80932031], [-118.12745544, 45.80781255], [-118.12204786, 45.80655606], [-118.11847953, 45.80563604], [-118.11892126, 45.80495759], [-118.12007936, 45.80287199], [-118.12017587, 45.8010218], [-118.11824571, 45.80018079], [-118.11761841, 45.79900335], [-118.11747364, 45.79738853], [-118.11834222, 45.79570637], [-118.11998285, 45.79432697], [-118.11954856, 45.79176994], [-118.11867999, 45.78949523], [-118.11559174, 45.78774554], [-118.11129714, 45.7863323], [-118.10994603, 45.78559201], [-118.10925499, 45.78525614], [-118.11117021, 45.78338009], [-118.11174811, 45.7828121], [-118.111229, 45.7825248], [-118.11044967, 45.78137765], [-118.11296766, 45.78017615], [-118.11866204, 45.78058697], [-118.12092016, 45.78407888], [-118.1230801, 45.78544819], [-118.12739998, 45.78599591], [-118.13289801, 45.78579052], [-118.14035963, 45.78613284], [-118.14723216, 45.78551666], [-118.15155204, 45.78688594], [-118.15449742, 45.78832365], [-118.15587193, 45.78880287], [-118.1588376, 45.79007546], [-118.1587923, 45.7900963], [-118.1582495, 45.7902572], [-118.1580412, 45.7903099], [-118.15864578, 45.79090394], [-118.15970478, 45.79194994], [-118.16026178, 45.79265794], [-118.16042978, 45.79303394], [-118.16070378, 45.79382194], [-118.16099678, 45.79415294], [-118.16272578, 45.79558694], [-118.16441378, 45.79750694], [-118.16598578, 45.79912894], [-118.1675844, 45.8003867], [-118.16936478, 45.80183394], [-118.17024165, 45.80289601], [-118.17144679, 45.80413594], [-118.172199, 45.804813], [-118.17228267, 45.80494335], [-118.1723133, 45.80489029], [-118.17238495, 45.80493874], [-118.171573, 45.805467], [-118.170909, 45.806023], [-118.160412, 45.807876], [-118.152971, 45.808385], [-118.147923, 45.80945], [-118.14168322, 45.81035389]]]}, "properties": {"zone_name": "US-OR-UMA-UMC-123-F", "level": 2, "fire_name": "No named fire", "county": "Umatilla", "addresses": 82, "unmatched_addresses": 0, "unmatched_fraction_pct": 0, "geometry_source": "cached", "geometry_cache_age_days": 0, "overlapping_zips": [{"zip": "97886", "fraction_pct": 100.0}]}}, {"type": "Feature", "geometry": {"type": "Polygon", "coordinates": [[[-118.3581382, 45.68874126], [-118.35807989, 45.68877525], [-118.35657868, 45.68986421], [-118.35552888, 45.6910333], [-118.35489172, 45.69192295], [-118.35391162, 45.69350525], [-118.35383498, 45.69405522], [-118.35388433, 45.69486923], [-118.35385444, 45.69858701], [-118.35404257, 45.70017796], [-118.35426531, 45.70072438], [-118.35464221, 45.70102145], [-118.35533651, 45.70134626], [-118.35613395, 45.70181835], [-118.35583543, 45.7018579], [-118.35551595, 45.7019607], [-118.35525083, 45.70215287], [-118.35424498, 45.70297488], [-118.35395275, 45.70327538], [-118.35128967, 45.70526462], [-118.34837496, 45.70738278], [-118.3478421, 45.70783012], [-118.34755648, 45.70815752], [-118.34736691, 45.70843879], [-118.34722918, 45.70887246], [-118.34710595, 45.70974251], [-118.34697066, 45.71002763], [-118.34649426, 45.7104698], [-118.34615542, 45.71067181], [-118.34573482, 45.71082978], [-118.34350072, 45.71149514], [-118.34324281, 45.71167369], [-118.34324274, 45.71167375], [-118.34305758, 45.71020306], [-118.34339966, 45.70629147], [-118.34288655, 45.70360396], [-118.34203136, 45.70196153], [-118.34455416, 45.69790004], [-118.34467102, 45.69471318], [-118.345712, 45.694786], [-118.347018, 45.695593], [-118.349448, 45.696755], [-118.351142, 45.696854], [-118.351586, 45.696368], [-118.351488, 45.694975], [-118.351785, 45.693665], [-118.353345, 45.691215], [-118.353345, 45.68969], [-118.354246, 45.688762], [-118.35529, 45.688199], [-118.356476, 45.688265], [-118.357757, 45.688513], [-118.3581382, 45.68874126]]]}, "properties": {"zone_name": "US-OR-UMA-UMC-1406015-E", "level": 2, "fire_name": "No named fire", "county": "Umatilla", "addresses": 11, "unmatched_addresses": 0, "unmatched_fraction_pct": 0, "geometry_source": "cached", "geometry_cache_age_days": 0, "overlapping_zips": [{"zip": "97810", "fraction_pct": 100.0}]}}, {"type": "Feature", "geometry": {"type": "Polygon", "coordinates": [[[-117.98262853, 45.77082209], [-117.99834759, 45.77784781], [-118.02998046, 45.77905303], [-118.04464246, 45.78324491], [-118.04456497, 45.78357988], [-118.04479928, 45.78429476], [-118.04495442, 45.78440054], [-118.04495408, 45.784424], [-118.04493302, 45.78574706], [-118.04492098, 45.78717793], [-118.04491798, 45.78773801], [-118.04491899, 45.78808155], [-118.04463416, 45.78796409], [-118.04463502, 45.78802551], [-118.04439099, 45.78831488], [-118.04107708, 45.79235053], [-118.04067561, 45.79290324], [-118.03995817, 45.79371986], [-118.03945537, 45.7943815], [-118.03877276, 45.79504027], [-118.03813589, 45.79558611], [-118.03744934, 45.79629442], [-118.03724664, 45.79655278], [-118.03712143, 45.79702197], [-118.03718786, 45.7973949], [-118.03755038, 45.79790466], [-118.03821581, 45.79861418], [-118.03834292, 45.79904957], [-118.03833406, 45.79937368], [-118.03827839, 45.79958121], [-118.03795922, 45.80004315], [-118.0371663, 45.80063541], [-118.03681484, 45.80094013], [-118.03652774, 45.80128927], [-118.03634103, 45.801696], [-118.0357505, 45.8020569], [-118.03537159, 45.80209633], [-118.03512992, 45.80207602], [-118.03462577, 45.80195458], [-118.03424866, 45.80191749], [-118.03196166, 45.80185716], [-118.03130794, 45.80186757], [-118.03076339, 45.80182298], [-118.03004137, 45.80164047], [-118.0294927, 45.80154641], [-118.02910171, 45.80156344], [-118.02882035, 45.80176849], [-118.0287659, 45.80206601], [-118.0287726, 45.80288953], [-118.02881614, 45.80339768], [-118.0288911, 45.80373454], [-118.02892703, 45.80385123], [-118.02906681, 45.80401649], [-118.02923854, 45.80436597], [-118.02929333, 45.804568], [-118.02927829, 45.80471215], [-118.02826779, 45.80680045], [-118.0276278, 45.80817434], [-118.02757184, 45.80836836], [-118.0270937, 45.80902972], [-118.02682757, 45.80923464], [-118.02643278, 45.80966122], [-118.02615297, 45.80984375], [-118.02584363, 45.81017056], [-118.02542577, 45.81048034], [-118.02486159, 45.81077344], [-118.02457972, 45.81086597], [-118.02414111, 45.81085641], [-118.02394128, 45.81077269], [-118.0230694, 45.81038446], [-118.02260958, 45.80983053], [-118.02217139, 45.80902887], [-118.02209317, 45.80873254], [-118.02167744, 45.80824241], [-118.02146096, 45.80656092], [-118.01683034, 45.80361606], [-118.01187476, 45.80327626], [-118.01106237, 45.80203031], [-118.00643175, 45.80038787], [-118.00415706, 45.79908522], [-117.99367723, 45.7959134], [-117.99286484, 45.79432743], [-117.99018396, 45.79330785], [-117.98522838, 45.79251483], [-117.98303493, 45.79092876], [-117.98100396, 45.78696339], [-117.97872927, 45.7852072], [-117.97702325, 45.78299773], [-117.9777544, 45.77999498], [-117.97929794, 45.77925843], [-117.98124767, 45.77789862], [-117.98206006, 45.7759155], [-117.98295369, 45.77347901], [-117.98262853, 45.77082209]]]}, "properties": {"zone_name": "US-OR-UNI-UCO-140624N-B", "level": 2, "fire_name": "No named fire", "county": "Union", "addresses": 20, "unmatched_addresses": 15, "unmatched_fraction_pct": 75.2, "geometry_source": "cached", "geometry_cache_age_days": 0, "overlapping_zips": [{"zip": "97827", "fraction_pct": 24.8}]}}, {"type": "Feature", "geometry": {"type": "Polygon", "coordinates": [[[-118.11847953, 45.80563604], [-118.11787012, 45.80547892], [-118.11786504, 45.8079304], [-118.11779621, 45.80819324], [-118.11650993, 45.80899795], [-118.11617176, 45.80932546], [-118.11559148, 45.80975844], [-118.11502312, 45.81003937], [-118.11433478, 45.81044203], [-118.11389673, 45.81059501], [-118.11334695, 45.81063027], [-118.11283525, 45.8105504], [-118.1122744, 45.81035224], [-118.11172966, 45.81007581], [-118.1106784, 45.81017985], [-118.11005326, 45.81027675], [-118.10787284, 45.81004106], [-118.10747307, 45.81017247], [-118.10655441, 45.81073307], [-118.10590431, 45.81121243], [-118.10532737, 45.81174533], [-118.10474506, 45.81223532], [-118.10455037, 45.81235236], [-118.1037432, 45.81314985], [-118.10339322, 45.81297078], [-118.10329198, 45.8122783], [-118.10311456, 45.81188049], [-118.10206641, 45.81082602], [-118.10195231, 45.81057197], [-118.10263102, 45.80803773], [-118.10262849, 45.8077094], [-118.10253917, 45.80732731], [-118.1023002, 45.80713781], [-118.10188139, 45.80702624], [-118.10111908, 45.80699464], [-118.10010407, 45.80758214], [-118.09950208, 45.80784816], [-118.09903241, 45.80803072], [-118.09864786, 45.80811477], [-118.0983676, 45.80813869], [-118.09720104, 45.80769388], [-118.09677356, 45.80763645], [-118.09562243, 45.80755299], [-118.09438759, 45.80738481], [-118.09271878, 45.80692824], [-118.09064805, 45.80648448], [-118.09001507, 45.806261], [-118.08971586, 45.80609734], [-118.0894778, 45.80589259], [-118.08933472, 45.80569144], [-118.08888201, 45.80528621], [-118.08845065, 45.80511031], [-118.0878988, 45.80496255], [-118.0864776, 45.80436852], [-118.08605451, 45.80422403], [-118.08559986, 45.8037378], [-118.08550957, 45.80354064], [-118.08542833, 45.80316787], [-118.08584348, 45.80244836], [-118.08595254, 45.80193427], [-118.08603212, 45.80087591], [-118.08600975, 45.8006556], [-118.0858196, 45.80026587], [-118.08550444, 45.79931927], [-118.08547467, 45.79867599], [-118.08570304, 45.79836329], [-118.08594032, 45.79813602], [-118.08636154, 45.79783498], [-118.08728362, 45.79700713], [-118.08760131, 45.79638754], [-118.08773845, 45.79595419], [-118.08785037, 45.79558859], [-118.08788046, 45.79508875], [-118.08765616, 45.79445183], [-118.0872581, 45.79370854], [-118.08682302, 45.79267308], [-118.0862381, 45.79170655], [-118.0860594, 45.79150602], [-118.08575294, 45.79125114], [-118.08498033, 45.79067925], [-118.08421887, 45.79028001], [-118.08338751, 45.78968333], [-118.08303973, 45.78939207], [-118.08273386, 45.78890004], [-118.08252167, 45.78807396], [-118.0822971, 45.78648293], [-118.08213012, 45.78583195], [-118.08213123, 45.78559792], [-118.08219808, 45.78535426], [-118.08239093, 45.78497643], [-118.08251791, 45.78455465], [-118.08200114, 45.78323641], [-118.08147768, 45.78167521], [-118.08150818, 45.78125638], [-118.08198804, 45.78066677], [-118.08211035, 45.78042259], [-118.08256873, 45.78059376], [-118.08297132, 45.78070696], [-118.08335477, 45.78070332], [-118.08351962, 45.78068376], [-118.08430922, 45.7803673], [-118.08449037, 45.78034112], [-118.08562486, 45.78028573], [-118.08673205, 45.78035171], [-118.08737054, 45.78028791], [-118.08775029, 45.78013958], [-118.088239, 45.779861], [-118.0897188, 45.7804331], [-118.09001165, 45.78053909], [-118.0901523, 45.78059], [-118.0905373, 45.7807011], [-118.0911997, 45.7808537], [-118.09178249, 45.78086385], [-118.0918769, 45.7808655], [-118.0934153, 45.7807628], [-118.0938367, 45.7807188], [-118.0952299, 45.7805953], [-118.0960812, 45.7805447], [-118.0972425, 45.7805389], [-118.0982278, 45.7806748], [-118.0992997, 45.7809947], [-118.1002452, 45.7814247], [-118.1014577, 45.78208], [-118.1041257, 45.783397], [-118.1050281, 45.7839252], [-118.1055427, 45.7843944], [-118.1062328, 45.7855799], [-118.1065846, 45.7859469], [-118.1070113, 45.7861235], [-118.1073112, 45.7862024], [-118.1074481, 45.7862172], [-118.1075745, 45.7862281], [-118.1079351, 45.7861988], [-118.1083553, 45.786024], [-118.108671, 45.7858037], [-118.1089599, 45.7855452], [-118.10925499, 45.78525614], [-118.10994603, 45.78559201], [-118.11129714, 45.7863323], [-118.11559174, 45.78774554], [-118.11867999, 45.78949523], [-118.11954856, 45.79176994], [-118.11998285, 45.79432697], [-118.11834222, 45.79570637], [-118.11747364, 45.79738853], [-118.11761841, 45.79900335], [-118.11824571, 45.80018079], [-118.12017587, 45.8010218], [-118.12007936, 45.80287199], [-118.11892126, 45.80495759], [-118.11847953, 45.80563604]]]}, "properties": {"zone_name": "US-OR-UMA-UMC-123-D", "level": 2, "fire_name": "No named fire", "county": "Umatilla", "addresses": 62, "unmatched_addresses": 0, "unmatched_fraction_pct": 0, "geometry_source": "cached", "geometry_cache_age_days": 0, "overlapping_zips": [{"zip": "97886", "fraction_pct": 100.0}]}}, {"type": "Feature", "geometry": {"type": "Polygon", "coordinates": [[[-118.21190177, 45.79742012], [-118.21196464, 45.79467649], [-118.21195597, 45.79410335], [-118.2119286, 45.79363129], [-118.21188933, 45.79363858], [-118.21185003, 45.79364578], [-118.21181069, 45.79365286], [-118.21177132, 45.79365985], [-118.21174176, 45.79366502], [-118.21171218, 45.79367013], [-118.21168258, 45.79367518], [-118.21165296, 45.79368018], [-118.21162332, 45.79368512], [-118.21159366, 45.79368999], [-118.21156398, 45.79369481], [-118.21153429, 45.79369957], [-118.21150457, 45.79370427], [-118.21147483, 45.79370891], [-118.21144508, 45.7937135], [-118.2114153, 45.79371802], [-118.21138551, 45.79372249], [-118.2113557, 45.79372689], [-118.2113251, 45.79373135], [-118.21128576, 45.79373699], [-118.21124638, 45.79374253], [-118.21120698, 45.79374796], [-118.21116755, 45.79375329], [-118.21112809, 45.79375852], [-118.2110886, 45.79376364], [-118.21104909, 45.79376866], [-118.21100955, 45.79377358], [-118.21097932, 45.79377727], [-118.21094907, 45.79378089], [-118.21091881, 45.79378446], [-118.21088854, 45.79378797], [-118.21085825, 45.79379141], [-118.21082795, 45.7937948], [-118.21079764, 45.79379812], [-118.21076731, 45.79380139], [-118.21073697, 45.79380459], [-118.21070662, 45.79380774], [-118.21067625, 45.79381082], [-118.21064587, 45.79381384], [-118.21060999, 45.79381732], [-118.21057409, 45.79382069], [-118.21053817, 45.79382395], [-118.21050223, 45.79382711], [-118.21046627, 45.79383015], [-118.21043029, 45.79383309], [-118.2103943, 45.79383592], [-118.21035828, 45.79383863], [-118.21032225, 45.79384125], [-118.21028621, 45.79384375], [-118.21025015, 45.79384614], [-118.21021407, 45.79384842], [-118.21017799, 45.7938506], [-118.21014189, 45.79385266], [-118.21010577, 45.79385462], [-118.21006965, 45.79385647], [-118.21003351, 45.79385821], [-118.20999736, 45.79385984], [-118.20996121, 45.79386136], [-118.20992504, 45.79386277], [-118.20988887, 45.79386407], [-118.20985268, 45.79386526], [-118.2098165, 45.79386635], [-118.2097803, 45.79386732], [-118.2097441, 45.79386819], [-118.20970789, 45.79386895], [-118.20967168, 45.79386959], [-118.20963547, 45.79387013], [-118.20959925, 45.79387056], [-118.20956303, 45.79387088], [-118.20952681, 45.79387109], [-118.20949059, 45.79387119], [-118.20945437, 45.79387118], [-118.20941815, 45.79387106], [-118.20938193, 45.79387083], [-118.20934571, 45.7938705], [-118.20930949, 45.79387005], [-118.20927328, 45.79386949], [-118.20923707, 45.79386883], [-118.20920086, 45.79386806], [-118.20916467, 45.79386717], [-118.20912847, 45.79386618], [-118.20909744, 45.79386524], [-118.20910139, 45.79381128], [-118.20909638, 45.7921142], [-118.209509, 45.792124], [-118.2105945, 45.7920503], [-118.2117385, 45.7918855], [-118.2138874, 45.7913995], [-118.2154905, 45.791048], [-118.222545, 45.789507], [-118.2309326, 45.7876595], [-118.2318627, 45.7874608], [-118.2329033, 45.7872504], [-118.2339371, 45.78713], [-118.2350843, 45.7870723], [-118.2362086, 45.7871106], [-118.23695, 45.7871953], [-118.2377168, 45.7873334], [-118.2389319, 45.7876165], [-118.2400519, 45.7880058], [-118.243294, 45.789271], [-118.2465579, 45.7904752], [-118.2475638, 45.7907166], [-118.2484501, 45.7907919], [-118.2494209, 45.7906957], [-118.250222, 45.790456], [-118.251065, 45.789954], [-118.2515428, 45.7895588], [-118.252563, 45.788332], [-118.2531489, 45.7878789], [-118.2538891, 45.7875272], [-118.2545338, 45.7873477], [-118.2553122, 45.7872652], [-118.2569772, 45.7872432], [-118.2587572, 45.7872487], [-118.2597005, 45.7873449], [-118.2606401, 45.7875687], [-118.2616835, 45.7879441], [-118.2638364, 45.7888785], [-118.2648429, 45.7892949], [-118.2655652, 45.7895184], [-118.2664894, 45.7897556], [-118.2671294, 45.7898635], [-118.2681995, 45.7899416], [-118.2692348, 45.7899426], [-118.270179, 45.7898705], [-118.2709348, 45.789746], [-118.27205, 45.7895144], [-118.2737337, 45.7888971], [-118.27398642, 45.78881217], [-118.27427401, 45.78882005], [-118.274341, 45.79077444], [-118.27435028, 45.79104694], [-118.27447677, 45.79475997], [-118.26385664, 45.79468663], [-118.26385552, 45.79714374], [-118.26385499, 45.79831748], [-118.26385463, 45.79911162], [-118.26327958, 45.79900612], [-118.26187063, 45.79872177], [-118.26064707, 45.79843742], [-118.25942352, 45.79879932], [-118.25808872, 45.79887687], [-118.25690224, 45.79926461], [-118.25604946, 45.79923876], [-118.25423266, 45.79910952], [-118.25304618, 45.79869592], [-118.25130353, 45.79856667], [-118.24930134, 45.79874762], [-118.24848564, 45.79947141], [-118.24576946, 45.80038468], [-118.24491668, 45.80116014], [-118.24480544, 45.80141863], [-118.24395266, 45.80165127], [-118.24080107, 45.80185805], [-118.23920673, 45.80167711], [-118.23946628, 45.80105675], [-118.23820564, 45.80077241], [-118.23638884, 45.80074656], [-118.23490574, 45.80074656], [-118.23375633, 45.80074656], [-118.23316309, 45.80072072], [-118.23156876, 45.80041053], [-118.22982611, 45.8009792], [-118.22747866, 45.79941302], [-118.22744158, 45.79843073], [-118.22661453, 45.79799053], [-118.22617152, 45.79738343], [-118.22494474, 45.79680276], [-118.22390465, 45.79641126], [-118.22329448, 45.79574795], [-118.22229704, 45.79522402], [-118.22128988, 45.79490425], [-118.21988566, 45.79438961], [-118.21916555, 45.79420133], [-118.2177403, 45.79376382], [-118.21716421, 45.79358809], [-118.21637209, 45.79296047], [-118.21594003, 45.79272197], [-118.21548996, 45.79257134], [-118.21556197, 45.79334959], [-118.21570599, 45.7939019], [-118.21572399, 45.79420315], [-118.21556197, 45.79499393], [-118.21532793, 45.79529518], [-118.21487786, 45.79543325], [-118.21358166, 45.79580981], [-118.21268153, 45.79603574], [-118.21226746, 45.79697712], [-118.21208743, 45.79732856], [-118.21190177, 45.79742012]]]}, "properties": {"zone_name": "US-OR-UMA-UMC-119-B", "level": 2, "fire_name": "No named fire", "county": "Umatilla", "addresses": 134, "unmatched_addresses": 0, "unmatched_fraction_pct": 0, "geometry_source": "cached", "geometry_cache_age_days": 0, "overlapping_zips": [{"zip": "97886", "fraction_pct": 100.0}]}}, {"type": "Feature", "geometry": {"type": "Polygon", "coordinates": [[[-118.1723133, 45.80489029], [-118.17228267, 45.80494335], [-118.172199, 45.804813], [-118.17144679, 45.80413594], [-118.17024165, 45.80289601], [-118.16936478, 45.80183394], [-118.1675844, 45.8003867], [-118.16598578, 45.79912894], [-118.16441378, 45.79750694], [-118.16272578, 45.79558694], [-118.16099678, 45.79415294], [-118.16070378, 45.79382194], [-118.16042978, 45.79303394], [-118.16026178, 45.79265794], [-118.15970478, 45.79194994], [-118.15864578, 45.79090394], [-118.1580412, 45.7903099], [-118.1582495, 45.7902572], [-118.1587923, 45.7900963], [-118.1592898, 45.7898674], [-118.1599649, 45.7894458], [-118.1606327, 45.7889395], [-118.1631679, 45.7868499], [-118.1650384, 45.7853591], [-118.167387, 45.783446], [-118.1689324, 45.7822293], [-118.1696974, 45.781643], [-118.17035867, 45.78136491], [-118.1709091, 45.7812176], [-118.1717211, 45.7811405], [-118.1734117, 45.7812331], [-118.1754618, 45.7813517], [-118.1766764, 45.7815628], [-118.1776728, 45.7818649], [-118.18041664, 45.78280033], [-118.18055234, 45.78284659], [-118.1807371, 45.78290958], [-118.1844733, 45.7841833], [-118.190085, 45.78610066], [-118.19555188, 45.78796909], [-118.19661986, 45.78833409], [-118.1979442, 45.7887867], [-118.2003475, 45.7896164], [-118.20120564, 45.78990948], [-118.204686, 45.7910981], [-118.2063667, 45.7916738], [-118.20752, 45.7919513], [-118.2084519, 45.7920989], [-118.20909638, 45.7921142], [-118.20910139, 45.79381128], [-118.20909744, 45.79386524], [-118.20912847, 45.79386618], [-118.20916467, 45.79386717], [-118.20920086, 45.79386806], [-118.20923707, 45.79386883], [-118.20927328, 45.79386949], [-118.20930949, 45.79387005], [-118.20934571, 45.7938705], [-118.20938193, 45.79387083], [-118.20941815, 45.79387106], [-118.20945437, 45.79387118], [-118.20949059, 45.79387119], [-118.20952681, 45.79387109], [-118.20956303, 45.79387088], [-118.20959925, 45.79387056], [-118.20963547, 45.79387013], [-118.20967168, 45.79386959], [-118.20970789, 45.79386895], [-118.2097441, 45.79386819], [-118.2097803, 45.79386732], [-118.2098165, 45.79386635], [-118.20985268, 45.79386526], [-118.20988887, 45.79386407], [-118.20992504, 45.79386277], [-118.20996121, 45.79386136], [-118.20999736, 45.79385984], [-118.21003351, 45.79385821], [-118.21006965, 45.79385647], [-118.21010577, 45.79385462], [-118.21014189, 45.79385266], [-118.21017799, 45.7938506], [-118.21021407, 45.79384842], [-118.21025015, 45.79384614], [-118.21028621, 45.79384375], [-118.21032225, 45.79384125], [-118.21035828, 45.79383863], [-118.2103943, 45.79383592], [-118.21043029, 45.79383309], [-118.21046627, 45.79383015], [-118.21050223, 45.79382711], [-118.21053817, 45.79382395], [-118.21057409, 45.79382069], [-118.21060999, 45.79381732], [-118.21064587, 45.79381384], [-118.21067625, 45.79381082], [-118.21070662, 45.79380774], [-118.21073697, 45.79380459], [-118.21076731, 45.79380139], [-118.21079764, 45.79379812], [-118.21082795, 45.7937948], [-118.21085825, 45.79379141], [-118.21088854, 45.79378797], [-118.21091881, 45.79378446], [-118.21094907, 45.79378089], [-118.21097932, 45.79377727], [-118.21100955, 45.79377358], [-118.21104909, 45.79376866], [-118.2110886, 45.79376364], [-118.21112809, 45.79375852], [-118.21116755, 45.79375329], [-118.21120698, 45.79374796], [-118.21124638, 45.79374253], [-118.21128576, 45.79373699], [-118.2113251, 45.79373135], [-118.2113557, 45.79372689], [-118.21138551, 45.79372249], [-118.2114153, 45.79371802], [-118.21144508, 45.7937135], [-118.21147483, 45.79370891], [-118.21150457, 45.79370427], [-118.21153429, 45.79369957], [-118.21156398, 45.79369481], [-118.21159366, 45.79368999], [-118.21162332, 45.79368512], [-118.21165296, 45.79368018], [-118.21168258, 45.79367518], [-118.21171218, 45.79367013], [-118.21174176, 45.79366502], [-118.21177132, 45.79365985], [-118.21181069, 45.79365286], [-118.21185003, 45.79364578], [-118.21188933, 45.79363858], [-118.2119286, 45.79363129], [-118.21195597, 45.79410335], [-118.21196464, 45.79467649], [-118.21190009, 45.79749356], [-118.21187608, 45.79854084], [-118.21108493, 45.79856973], [-118.20617433, 45.7987491], [-118.20610567, 45.80255455], [-118.20612556, 45.80255402], [-118.20411002, 45.80360095], [-118.20335979, 45.8042547], [-118.20218755, 45.80487576], [-118.19960862, 45.805268], [-118.19590434, 45.80611784], [-118.19318475, 45.80670619], [-118.19004315, 45.80683694], [-118.18601064, 45.80657545], [-118.18163278, 45.80536307], [-118.17971031, 45.80441515], [-118.1770845, 45.80392484], [-118.17511513, 45.80421903], [-118.17265382, 45.80512055], [-118.1723133, 45.80489029]]]}, "properties": {"zone_name": "US-OR-UMA-UMC-121-A", "level": 2, "fire_name": "No named fire", "county": "Umatilla", "addresses": 51, "unmatched_addresses": 0, "unmatched_fraction_pct": 0, "geometry_source": "cached", "geometry_cache_age_days": 0, "overlapping_zips": [{"zip": "97886", "fraction_pct": 100.0}]}}, {"type": "Feature", "geometry": {"type": "Polygon", "coordinates": [[[-118.20612556, 45.80255402], [-118.21178743, 45.80240519], [-118.21707545, 45.80209153], [-118.2170354, 45.80583978], [-118.21699524, 45.80958803], [-118.21211919, 45.80974251], [-118.21187986, 45.80975009], [-118.21172191, 45.80975508], [-118.21168905, 45.81343013], [-118.21167808, 45.81466099], [-118.2116563, 45.81710508], [-118.20587993, 45.81711924], [-118.2031579, 45.81712591], [-118.2006992, 45.81713189], [-118.20069169, 45.815651], [-118.19555063, 45.81566364], [-118.19557275, 45.81464174], [-118.193923, 45.814636], [-118.192423, 45.814636], [-118.1920896, 45.8146865], [-118.191893, 45.814496], [-118.1917052, 45.8143952], [-118.1915, 45.814245], [-118.191314, 45.814166], [-118.190881, 45.814008], [-118.1905079, 45.8138927], [-118.19042064, 45.81386124], [-118.19001654, 45.81371558], [-118.18958374, 45.81355957], [-118.1885466, 45.8131857], [-118.18823793, 45.81301211], [-118.187996, 45.812837], [-118.187813, 45.81269], [-118.18738145, 45.81223523], [-118.1871187, 45.81193031], [-118.18703274, 45.81183055], [-118.1867926, 45.81171093], [-118.18677029, 45.81168513], [-118.18674798, 45.81165933], [-118.18672566, 45.81163354], [-118.186498, 45.811489], [-118.186487, 45.811156], [-118.186337, 45.810977], [-118.186306, 45.810939], [-118.1859824, 45.8106218], [-118.185866, 45.810455], [-118.185685, 45.810316], [-118.185391, 45.810075], [-118.185216, 45.809964], [-118.184891, 45.809786], [-118.184641, 45.809678], [-118.184399, 45.809594], [-118.184076, 45.809495], [-118.183783, 45.809414], [-118.183383, 45.809317], [-118.182971, 45.809241], [-118.182832, 45.809195], [-118.18220655, 45.80911738], [-118.18186591, 45.8090623], [-118.1809, 45.808832], [-118.180618, 45.808745], [-118.1801594, 45.8085862], [-118.172808, 45.8052248], [-118.17265382, 45.80512055], [-118.17511513, 45.80421903], [-118.1770845, 45.80392484], [-118.17971031, 45.80441515], [-118.18163278, 45.80536307], [-118.18601064, 45.80657545], [-118.19004315, 45.80683694], [-118.19318475, 45.80670619], [-118.19590434, 45.80611784], [-118.19960862, 45.805268], [-118.20218755, 45.80487576], [-118.20335979, 45.8042547], [-118.20411002, 45.80360095], [-118.20612556, 45.80255402]]]}, "properties": {"zone_name": "US-OR-UMA-UMC-121-B", "level": 2, "fire_name": "No named fire", "county": "Umatilla", "addresses": 1, "unmatched_addresses": 0, "unmatched_fraction_pct": 0, "geometry_source": "cached", "geometry_cache_age_days": 0, "overlapping_zips": [{"zip": "97886", "fraction_pct": 99.9}, {"zip": "97862", "fraction_pct": 0.1}]}}, {"type": "Feature", "geometry": {"type": "Polygon", "coordinates": [[[-118.04503597, 45.77482393], [-118.04528488, 45.77491562], [-118.04653381, 45.77543641], [-118.0468998, 45.77549019], [-118.04726744, 45.77549643], [-118.04765316, 45.77537451], [-118.0479733, 45.77537518], [-118.0499766, 45.77662258], [-118.05020081, 45.77683204], [-118.05074993, 45.77747506], [-118.05105772, 45.77777309], [-118.05137693, 45.77799736], [-118.05234118, 45.77847995], [-118.05297546, 45.77885228], [-118.05331363, 45.77911969], [-118.05358525, 45.77953822], [-118.05375908, 45.78002646], [-118.05407018, 45.78028865], [-118.05438624, 45.78040818], [-118.05540327, 45.78054907], [-118.05578643, 45.78069828], [-118.056258, 45.78104881], [-118.0571138, 45.78239384], [-118.05765263, 45.7829109], [-118.05898861, 45.78325496], [-118.05958518, 45.78334114], [-118.06037471, 45.78336397], [-118.06148136, 45.78334793], [-118.06179075, 45.78338106], [-118.06244506, 45.78351899], [-118.06290874, 45.7837172], [-118.06415785, 45.7846279], [-118.06431506, 45.78469431], [-118.06443966, 45.78479537], [-118.06464332, 45.78489586], [-118.06490795, 45.78496692], [-118.06521216, 45.78499677], [-118.06589974, 45.78489413], [-118.06614722, 45.7848932], [-118.06638407, 45.78494], [-118.06721294, 45.78520609], [-118.06749245, 45.78520126], [-118.06782988, 45.78509749], [-118.06854014, 45.78465266], [-118.06897822, 45.7845934], [-118.06941238, 45.78464826], [-118.07085503, 45.78509589], [-118.07113356, 45.78511959], [-118.07155917, 45.78502681], [-118.07185619, 45.78488471], [-118.07253273, 45.78397827], [-118.07293075, 45.783601], [-118.0735565, 45.78320944], [-118.07456759, 45.78273154], [-118.07661814, 45.78154305], [-118.07820571, 45.7807417], [-118.07955684, 45.78027895], [-118.0805049, 45.78004736], [-118.08113779, 45.78006742], [-118.08163093, 45.78018983], [-118.08207576, 45.78040714], [-118.08256873, 45.78059376], [-118.08211035, 45.78042259], [-118.08198804, 45.78066677], [-118.08150818, 45.78125638], [-118.08147768, 45.78167521], [-118.08200114, 45.78323641], [-118.08251791, 45.78455465], [-118.08239093, 45.78497643], [-118.08219808, 45.78535426], [-118.08213123, 45.78559792], [-118.08213012, 45.78583195], [-118.0822971, 45.78648293], [-118.08252167, 45.78807396], [-118.08273386, 45.78890004], [-118.08303973, 45.78939207], [-118.08338751, 45.78968333], [-118.08421887, 45.79028001], [-118.08498033, 45.79067925], [-118.08575294, 45.79125114], [-118.0860594, 45.79150602], [-118.0862381, 45.79170655], [-118.08682302, 45.79267308], [-118.0872581, 45.79370854], [-118.08765616, 45.79445183], [-118.08788046, 45.79508875], [-118.08785037, 45.79558859], [-118.08773845, 45.79595419], [-118.08760131, 45.79638754], [-118.08728362, 45.79700713], [-118.08636154, 45.79783498], [-118.08594032, 45.79813602], [-118.08570304, 45.79836329], [-118.08547467, 45.79867599], [-118.08550444, 45.79931927], [-118.0858196, 45.80026587], [-118.08494872, 45.80054417], [-118.08424288, 45.80095591], [-118.08375427, 45.80114511], [-118.08339207, 45.80151507], [-118.08328979, 45.8015751], [-118.08297175, 45.80170779], [-118.08206517, 45.80191155], [-118.08187153, 45.80199397], [-118.08148828, 45.80223975], [-118.08110018, 45.80242835], [-118.08076493, 45.80266542], [-118.08052391, 45.80293735], [-118.08016353, 45.80311214], [-118.07990402, 45.80332668], [-118.07973318, 45.80350087], [-118.07954058, 45.80389873], [-118.07939264, 45.80431867], [-118.07929868, 45.80553468], [-118.07925065, 45.80569265], [-118.07889811, 45.80646217], [-118.07220607, 45.80487274], [-118.06505827, 45.80496501], [-118.06201384, 45.80422682], [-118.05632208, 45.80219675], [-118.05314529, 45.79453718], [-118.05102742, 45.79241446], [-118.04779172, 45.79134905], [-118.04763628, 45.79099151], [-118.0476961, 45.79023488], [-118.04718944, 45.78847086], [-118.04712319, 45.78808892], [-118.0472221, 45.78718105], [-118.04693416, 45.78711856], [-118.04667972, 45.78694988], [-118.04615418, 45.78668916], [-118.04605104, 45.78669911], [-118.04573159, 45.78662565], [-118.04578086, 45.78644056], [-118.04579683, 45.78591836], [-118.04527243, 45.78496456], [-118.04495344, 45.78446407], [-118.04495408, 45.784424], [-118.04497497, 45.78302706], [-118.04496193, 45.78224101], [-118.04499402, 45.77912807], [-118.04500205, 45.77847005], [-118.04498801, 45.77766494], [-118.04503522, 45.77486889], [-118.04503597, 45.77482393]]]}, "properties": {"zone_name": "US-OR-UMA-UMC-1406030-A", "level": 2, "fire_name": "No named fire", "county": "Umatilla", "addresses": 18, "unmatched_addresses": 0, "unmatched_fraction_pct": 0, "geometry_source": "cached", "geometry_cache_age_days": 0, "overlapping_zips": [{"zip": "97886", "fraction_pct": 99.9}, {"zip": "97827", "fraction_pct": 0.1}]}}, {"type": "Feature", "geometry": {"type": "Polygon", "coordinates": [[[-118.0547068, 45.55080647], [-118.05525927, 45.55155987], [-118.05794598, 45.55306993], [-118.0597489, 45.55354027], [-118.06098619, 45.553466], [-118.06261236, 45.55366404], [-118.06402641, 45.55406011], [-118.06572328, 45.55482749], [-118.06826857, 45.556684], [-118.06903122, 45.557086], [-118.069191, 45.558156], [-118.069448, 45.559148], [-118.070285, 45.560836], [-118.070741, 45.561431], [-118.071131, 45.561659], [-118.072368, 45.562139], [-118.07314349, 45.56266579], [-118.074223, 45.563602], [-118.075786, 45.564334], [-118.077218, 45.565842], [-118.0799984, 45.5673364], [-118.0802457, 45.56764796], [-118.08041057, 45.56785566], [-118.0804581, 45.5679276], [-118.081579, 45.5696877], [-118.08291507, 45.57055083], [-118.0837582, 45.5712733], [-118.0845537, 45.5716653], [-118.086616, 45.5720011], [-118.0883162, 45.5730935], [-118.0920276, 45.5746496], [-118.0924142, 45.5751254], [-118.09249516, 45.57651183], [-118.0927721, 45.5771124], [-118.09348853, 45.57803101], [-118.093761, 45.579136], [-118.094933, 45.581383], [-118.096692, 45.58328], [-118.097897, 45.584331], [-118.09932962, 45.58710153], [-118.09929746, 45.58721665], [-118.09774406, 45.58721407], [-118.07692429, 45.5881188], [-118.07676183, 45.59177324], [-118.0664883, 45.59102201], [-118.06662341, 45.58805918], [-118.06665446, 45.58737835], [-118.06643762, 45.58736357], [-118.05634984, 45.5866761], [-118.03579294, 45.58775569], [-118.02872205, 45.58773683], [-118.02860295, 45.5877365], [-118.02761451, 45.58717159], [-118.02655397, 45.58553875], [-118.02605905, 45.58519238], [-118.02510456, 45.58432645], [-118.02386727, 45.5815554], [-118.02266532, 45.57965022], [-118.02185224, 45.57784395], [-118.02178849, 45.57760368], [-118.023019, 45.577541], [-118.02398652, 45.57710322], [-118.02494, 45.576902], [-118.025312, 45.576405], [-118.0273241, 45.573999], [-118.02745556, 45.57376916], [-118.027677, 45.573382], [-118.02842899, 45.57278315], [-118.028557, 45.572719], [-118.02940471, 45.57270597], [-118.02946606, 45.57270502], [-118.02950679, 45.5727044], [-118.029988, 45.572697], [-118.031714, 45.571943], [-118.03214713, 45.57126481], [-118.032269, 45.571074], [-118.032855, 45.570777], [-118.033506, 45.570686], [-118.03453012, 45.57130486], [-118.03542212, 45.57136518], [-118.035523, 45.571372], [-118.03580864, 45.57124359], [-118.035979, 45.571167], [-118.036696, 45.570207], [-118.03688736, 45.56977601], [-118.037021, 45.569475], [-118.03845344, 45.56753251], [-118.038487, 45.567487], [-118.0386575, 45.56735875], [-118.038943, 45.567144], [-118.039594, 45.56703], [-118.04133404, 45.56738885], [-118.04249, 45.567693], [-118.043532, 45.567533], [-118.04441, 45.567739], [-118.044801, 45.567488], [-118.04483098, 45.56742069], [-118.044964, 45.567122], [-118.04498143, 45.56624033], [-118.044997, 45.565453], [-118.044444, 45.564287], [-118.043923, 45.563807], [-118.043794, 45.562618], [-118.04337165, 45.56237476], [-118.042167, 45.561681], [-118.041646, 45.560926], [-118.041875, 45.559738], [-118.04181, 45.558777], [-118.04108107, 45.5562926], [-118.040965, 45.555897], [-118.04103, 45.555325], [-118.040607, 45.555119], [-118.039957, 45.554456], [-118.039793, 45.553976], [-118.039826, 45.55329], [-118.03944437, 45.55236034], [-118.039404, 45.552262], [-118.03965906, 45.55177004], [-118.040315, 45.551393], [-118.041063, 45.551347], [-118.042495, 45.551713], [-118.04438307, 45.55197163], [-118.045326, 45.552514], [-118.045749, 45.55256], [-118.046205, 45.551257], [-118.046693, 45.551028], [-118.050435, 45.55128], [-118.051229, 45.551057], [-118.05180215, 45.55089617], [-118.052035, 45.55093], [-118.052432, 45.550944], [-118.052676, 45.55096], [-118.052858, 45.550938], [-118.052912, 45.55093188], [-118.053008, 45.550921], [-118.05329, 45.550918], [-118.05343782, 45.55087078], [-118.053494, 45.550862], [-118.053737, 45.550851], [-118.053903, 45.550831], [-118.054582, 45.550825], [-118.0547068, 45.55080647]]]}, "properties": {"zone_name": "US-OR-UNI-UCO-1450", "level": 2, "fire_name": "No named fire", "county": "Union", "addresses": 2, "unmatched_addresses": 1, "unmatched_fraction_pct": 63.7, "geometry_source": "cached", "geometry_cache_age_days": 0, "overlapping_zips": [{"zip": "97876", "fraction_pct": 36.3}]}}, {"type": "Feature", "geometry": {"type": "Polygon", "coordinates": [[[-118.09787119, 45.5727161], [-118.1073087, 45.57276995], [-118.10725653, 45.57359284], [-118.10725653, 45.57672665], [-118.10673745, 45.57827079], [-118.10651035, 45.58013278], [-118.10563441, 45.57924721], [-118.10352565, 45.57777122], [-118.10307145, 45.57756685], [-118.10219551, 45.57892931], [-118.10261726, 45.58031443], [-118.10239016, 45.58174494], [-118.10041117, 45.58058691], [-118.09833486, 45.58011007], [-118.09661541, 45.57897472], [-118.09544535, 45.57849079], [-118.09476406, 45.57871787], [-118.09392056, 45.57799123], [-118.09348853, 45.57803101], [-118.0927721, 45.5771124], [-118.09249516, 45.57651183], [-118.0924142, 45.5751254], [-118.0920276, 45.5746496], [-118.0883162, 45.5730935], [-118.086616, 45.5720011], [-118.0845537, 45.5716653], [-118.0837582, 45.5712733], [-118.08291507, 45.57055083], [-118.081579, 45.5696877], [-118.0804581, 45.5679276], [-118.08041057, 45.56785566], [-118.0802457, 45.56764796], [-118.0799984, 45.5673364], [-118.077218, 45.565842], [-118.075786, 45.564334], [-118.074223, 45.563602], [-118.07314349, 45.56266579], [-118.072368, 45.562139], [-118.071131, 45.561659], [-118.070741, 45.561431], [-118.070285, 45.560836], [-118.069448, 45.559148], [-118.069191, 45.558156], [-118.06903122, 45.557086], [-118.06826857, 45.556684], [-118.06572328, 45.55482749], [-118.06402641, 45.55406011], [-118.06261236, 45.55366404], [-118.06098619, 45.553466], [-118.0597489, 45.55354027], [-118.05794598, 45.55306993], [-118.05525927, 45.55155987], [-118.0547068, 45.55080647], [-118.05485, 45.55076], [-118.054952, 45.55075], [-118.055247, 45.55072], [-118.05528736, 45.55072138], [-118.055657, 45.550734], [-118.055772, 45.550724], [-118.055848, 45.550687], [-118.055899, 45.550633], [-118.055923, 45.550597], [-118.05594157, 45.55051291], [-118.055959, 45.550434], [-118.05597507, 45.5503215], [-118.0559965, 45.5501715], [-118.056004, 45.550119], [-118.056016, 45.549779], [-118.056021, 45.549651], [-118.056006, 45.549371], [-118.056032, 45.548944], [-118.05605592, 45.54854927], [-118.05609622, 45.54808793], [-118.056126, 45.547747], [-118.05613481, 45.54757839], [-118.05611312, 45.54740922], [-118.0560925, 45.5472483], [-118.05607521, 45.54585911], [-118.0560745, 45.5458022], [-118.05607511, 45.54576801], [-118.05610657, 45.544006], [-118.05616122, 45.54374609], [-118.05616868, 45.54371063], [-118.05617874, 45.54366276], [-118.05618982, 45.54361006], [-118.06003855, 45.54386155], [-118.06128086, 45.54394273], [-118.06840295, 45.54437814], [-118.06895145, 45.54437783], [-118.0716831, 45.54437628], [-118.07687875, 45.54437337], [-118.07720136, 45.54492829], [-118.08724334, 45.54507674], [-118.08724883, 45.54444946], [-118.08724915, 45.54441375], [-118.08724885, 45.5443554], [-118.08723101, 45.54087713], [-118.09068571, 45.54069744], [-118.09132753, 45.54066405], [-118.09201545, 45.54062827], [-118.09202537, 45.5406677], [-118.09207718, 45.54087364], [-118.09215709, 45.54117481], [-118.09216858, 45.5412181], [-118.09219175, 45.54126803], [-118.09241615, 45.54175158], [-118.09265294, 45.54204545], [-118.09271132, 45.54211789], [-118.09305663, 45.54244801], [-118.09338408, 45.54273066], [-118.09347907, 45.54281986], [-118.09352204, 45.54284854], [-118.0936607, 45.54301379], [-118.09395289, 45.54322533], [-118.09414171, 45.54327382], [-118.09431054, 45.54331717], [-118.0947847, 45.54330072], [-118.09539442, 45.54328297], [-118.09616861, 45.5432862], [-118.09659107, 45.54334124], [-118.09674726, 45.54336159], [-118.09680637, 45.54337234], [-118.09695838, 45.54339999], [-118.0973113, 45.54345083], [-118.09745003, 45.54347082], [-118.09754622, 45.54348468], [-118.09760772, 45.54786321], [-118.09761002, 45.54802706], [-118.09784523, 45.57180892], [-118.09787119, 45.5727161]]]}, "properties": {"zone_name": "US-OR-UNI-UCO-1435", "level": 2, "fire_name": "No named fire", "county": "Union", "addresses": 8, "unmatched_addresses": 2, "unmatched_fraction_pct": 26.3, "geometry_source": "cached", "geometry_cache_age_days": 0, "overlapping_zips": [{"zip": "97876", "fraction_pct": 73.7}]}}, {"type": "Feature", "geometry": {"type": "Polygon", "coordinates": [[[-118.34324274, 45.71167375], [-118.34295026, 45.71196516], [-118.34231699, 45.71273319], [-118.34122775, 45.71354256], [-118.3407109, 45.71384116], [-118.33998442, 45.71415572], [-118.33904562, 45.71437374], [-118.33861161, 45.71439233], [-118.33799676, 45.71435452], [-118.33691268, 45.71413769], [-118.33646199, 45.71407995], [-118.33536721, 45.71402074], [-118.33485856, 45.71405819], [-118.3341724, 45.71417871], [-118.33362325, 45.71438764], [-118.33328429, 45.71462112], [-118.33238105, 45.71508621], [-118.33201857, 45.71558099], [-118.33165416, 45.71599478], [-118.33130046, 45.71625093], [-118.33081332, 45.71646963], [-118.32879445, 45.71229492], [-118.32806322, 45.70833774], [-118.32769761, 45.70725266], [-118.33117092, 45.70246529], [-118.33066597, 45.69959988], [-118.334729, 45.699812], [-118.337474, 45.699435], [-118.34022, 45.700959], [-118.342208, 45.702816], [-118.34250407, 45.70286939], [-118.34288655, 45.70360396], [-118.34339966, 45.70629147], [-118.34305758, 45.71020306], [-118.34324274, 45.71167375]]]}, "properties": {"zone_name": "US-OR-UMA-UMC-1406015-C", "level": 2, "fire_name": "No named fire", "county": "Umatilla", "addresses": 3, "unmatched_addresses": 0, "unmatched_fraction_pct": 0, "geometry_source": "cached", "geometry_cache_age_days": 0, "overlapping_zips": [{"zip": "97810", "fraction_pct": 100.0}]}}, {"type": "Feature", "geometry": {"type": "Polygon", "coordinates": [[[-118.33504088, 45.75494237], [-118.33353108, 45.75556075], [-118.33202748, 45.75531492], [-118.3310266, 45.75470555], [-118.33010335, 45.75444081], [-118.32994101, 45.75440089], [-118.32886325, 45.75413589], [-118.32785617, 45.75331766], [-118.32717301, 45.75279171], [-118.32702628, 45.75262234], [-118.32634774, 45.75231519], [-118.32469398, 45.75156656], [-118.32442815, 45.75144623], [-118.32383709, 45.75126478], [-118.32134382, 45.75079537], [-118.32091184, 45.7506762], [-118.31975227, 45.75074496], [-118.31939848, 45.75076593], [-118.318919, 45.75079435], [-118.3187358, 45.75073149], [-118.3166638, 45.75000349], [-118.31604264, 45.74934371], [-118.31595091, 45.74924629], [-118.31558863, 45.74876507], [-118.31543437, 45.74868848], [-118.31527716, 45.74849115], [-118.3146257, 45.74828704], [-118.31386921, 45.74797368], [-118.31369132, 45.74766531], [-118.31329754, 45.74698267], [-118.31287382, 45.74661861], [-118.31218169, 45.74648209], [-118.31135378, 45.74641345], [-118.31113413, 45.74634401], [-118.30976487, 45.74623057], [-118.30914289, 45.74617904], [-118.30843584, 45.74591707], [-118.30774041, 45.74587969], [-118.30770277, 45.74587766], [-118.30685206, 45.74583191], [-118.30681655, 45.74580638], [-118.3065499, 45.74574789], [-118.30646208, 45.74572863], [-118.30585535, 45.74556777], [-118.30531928, 45.74505405], [-118.30559031, 45.74454941], [-118.30666782, 45.74254302], [-118.30775617, 45.74051635], [-118.30819591, 45.73969743], [-118.30839935, 45.73931857], [-118.30867024, 45.738817], [-118.30956888, 45.73715311], [-118.31068453, 45.73508727], [-118.3110154, 45.73447456], [-118.31182184, 45.73298113], [-118.31226033, 45.73212259], [-118.31254425, 45.73156256], [-118.3129574, 45.7307597], [-118.31322433, 45.73024097], [-118.31438269, 45.72798982], [-118.31567795, 45.72547238], [-118.31573386, 45.72536716], [-118.31595876, 45.72494389], [-118.31623869, 45.72441706], [-118.3231614, 45.72437472], [-118.32342988, 45.7253681], [-118.32339317, 45.72875121], [-118.32717478, 45.73269793], [-118.332165, 45.7375731], [-118.33205485, 45.73846997], [-118.33282586, 45.73949494], [-118.332422, 45.74051988], [-118.3334133, 45.74251848], [-118.33477174, 45.74390209], [-118.33447802, 45.74526003], [-118.33333987, 45.74661795], [-118.33326644, 45.74759152], [-118.33403745, 45.74984125], [-118.33504088, 45.75494237]]]}, "properties": {"zone_name": "US-OR-UMA-UMC-149-B", "level": 2, "fire_name": "No named fire", "county": "Umatilla", "addresses": 2, "unmatched_addresses": 0, "unmatched_fraction_pct": 0, "geometry_source": "cached", "geometry_cache_age_days": 0, "overlapping_zips": [{"zip": "97810", "fraction_pct": 67.1}, {"zip": "97886", "fraction_pct": 32.9}]}}, {"type": "Feature", "geometry": {"type": "Polygon", "coordinates": [[[-118.33101427, 45.71637942], [-118.33130046, 45.71625093], [-118.33165416, 45.71599478], [-118.33201857, 45.71558099], [-118.33238105, 45.71508621], [-118.33328429, 45.71462112], [-118.33362325, 45.71438764], [-118.3341724, 45.71417871], [-118.33485856, 45.71405819], [-118.33536721, 45.71402074], [-118.33646199, 45.71407995], [-118.33691268, 45.71413769], [-118.33799676, 45.71435452], [-118.33861161, 45.71439233], [-118.33904562, 45.71437374], [-118.33998442, 45.71415572], [-118.3407109, 45.71384116], [-118.34122775, 45.71354256], [-118.34231699, 45.71273319], [-118.34295026, 45.71196516], [-118.34324281, 45.71167369], [-118.34350072, 45.71149514], [-118.34573482, 45.71082978], [-118.34615542, 45.71067181], [-118.34649426, 45.7104698], [-118.34697066, 45.71002763], [-118.34710595, 45.70974251], [-118.34722918, 45.70887246], [-118.34736691, 45.70843879], [-118.34755648, 45.70815752], [-118.3478421, 45.70783012], [-118.34837496, 45.70738278], [-118.35128967, 45.70526462], [-118.35395275, 45.70327538], [-118.35424498, 45.70297488], [-118.35525083, 45.70215287], [-118.35551595, 45.7019607], [-118.35583543, 45.7018579], [-118.35613395, 45.70181835], [-118.35632075, 45.70180713], [-118.35650736, 45.70182437], [-118.35872959, 45.7030291], [-118.35913883, 45.70466452], [-118.35931322, 45.70818726], [-118.3612685, 45.71067191], [-118.36162091, 45.7119261], [-118.36141629, 45.71351261], [-118.36101841, 45.71489374], [-118.36081379, 45.7160764], [-118.35989023, 45.71711319], [-118.34823623, 45.71701986], [-118.34317063, 45.71701673], [-118.34323165, 45.72425198], [-118.33156808, 45.72432331], [-118.33101427, 45.71637942]]]}, "properties": {"zone_name": "US-OR-UMA-UMC-215-D", "level": 2, "fire_name": "No named fire", "county": "Umatilla", "addresses": 7, "unmatched_addresses": 0, "unmatched_fraction_pct": 0, "geometry_source": "cached", "geometry_cache_age_days": 0, "overlapping_zips": [{"zip": "97810", "fraction_pct": 100.0}]}}, {"type": "Feature", "geometry": {"type": "Polygon", "coordinates": [[[-118.35650736, 45.70182437], [-118.35683897, 45.70185499], [-118.3580207, 45.70180045], [-118.35886332, 45.70165091], [-118.35940613, 45.70165346], [-118.36016526, 45.70160392], [-118.36068593, 45.70147171], [-118.36195392, 45.70105156], [-118.36257718, 45.7007966], [-118.36292666, 45.70060791], [-118.36307252, 45.70044866], [-118.36311408, 45.70030865], [-118.36303846, 45.69997201], [-118.36309563, 45.69986331], [-118.36333139, 45.69970298], [-118.36415441, 45.69936012], [-118.36461493, 45.69921511], [-118.36526176, 45.69902286], [-118.36597765, 45.69889729], [-118.36655283, 45.69884541], [-118.36763117, 45.69885051], [-118.36842594, 45.69888151], [-118.37046649, 45.69905058], [-118.37173334, 45.69909838], [-118.37608493, 45.69910457], [-118.37805813, 45.6991618], [-118.37975281, 45.69917286], [-118.38234024, 45.69915059], [-118.38441752, 45.69916575], [-118.3791671, 45.70995167], [-118.3738598, 45.70999812], [-118.36363631, 45.70995608], [-118.36364043, 45.71714323], [-118.35989023, 45.71711319], [-118.36081379, 45.7160764], [-118.36101841, 45.71489374], [-118.36141629, 45.71351261], [-118.36162091, 45.7119261], [-118.3612685, 45.71067191], [-118.35931322, 45.70818726], [-118.35913883, 45.70466452], [-118.35872959, 45.7030291], [-118.35650736, 45.70182437]]]}, "properties": {"zone_name": "US-OR-UMA-UMC-215-E", "level": 2, "fire_name": "No named fire", "county": "Umatilla", "addresses": 9, "unmatched_addresses": 0, "unmatched_fraction_pct": 0, "geometry_source": "cached", "geometry_cache_age_days": 0, "overlapping_zips": [{"zip": "97810", "fraction_pct": 100.0}]}}, {"type": "Feature", "geometry": {"type": "Polygon", "coordinates": [[[-118.37663976, 45.64579885], [-118.37674524, 45.64588305], [-118.37770479, 45.64664891], [-118.37773679, 45.64772291], [-118.37740979, 45.64817991], [-118.37715379, 45.64841791], [-118.37704979, 45.64856991], [-118.37696879, 45.64878691], [-118.37696779, 45.64901291], [-118.37719579, 45.64937491], [-118.37769479, 45.65041391], [-118.37806979, 45.65105791], [-118.37837379, 45.65237091], [-118.37858979, 45.65278891], [-118.37892879, 45.65383591], [-118.37917879, 45.65420691], [-118.37960979, 45.65521291], [-118.37971079, 45.65563991], [-118.37940879, 45.65668491], [-118.37931479, 45.65723991], [-118.37936979, 45.65765091], [-118.37961879, 45.65825491], [-118.38008579, 45.65895591], [-118.38050779, 45.65948691], [-118.38084979, 45.65978591], [-118.38104879, 45.65986291], [-118.38134179, 45.65983991], [-118.38395079, 45.65874391], [-118.3877008, 45.65760291], [-118.39458079, 45.65627991], [-118.39506979, 45.65611991], [-118.3983298, 45.65545791], [-118.3989168, 45.65522991], [-118.3993078, 45.65436191], [-118.4001168, 45.65458991], [-118.4008008, 45.65492291], [-118.4007708, 45.65495491], [-118.4007828, 45.65508291], [-118.4009578, 45.65538491], [-118.4009918, 45.65556391], [-118.4008678, 45.65603691], [-118.4007558, 45.65617091], [-118.4004858, 45.65632691], [-118.4004218, 45.65639691], [-118.4003918, 45.65651091], [-118.4004118, 45.65708291], [-118.4003378, 45.65840791], [-118.4004778, 45.66129491], [-118.4004638, 45.66251591], [-118.4004948, 45.66276691], [-118.4008938, 45.66440991], [-118.4008878, 45.66483791], [-118.4007658, 45.66539691], [-118.4007558, 45.66568591], [-118.4009208, 45.66630691], [-118.4009418, 45.66657491], [-118.4009128, 45.66668891], [-118.4006688, 45.66707691], [-118.4005478, 45.66761091], [-118.4006228, 45.66792291], [-118.4009378, 45.66850691], [-118.4009388, 45.66862491], [-118.4009038, 45.66888491], [-118.4007598, 45.66933591], [-118.4006788, 45.67100991], [-118.4007488, 45.67146091], [-118.4007368, 45.67164491], [-118.4004798, 45.67267591], [-118.4003768, 45.67327791], [-118.4002298, 45.67367191], [-118.3995618, 45.67439491], [-118.3991398, 45.67491691], [-118.3990138, 45.67515391], [-118.3986718, 45.67614791], [-118.3981958, 45.67775691], [-118.3978318, 45.67837491], [-118.3977688, 45.67854891], [-118.3976178, 45.67961091], [-118.3974398, 45.68031491], [-118.3972558, 45.68075491], [-118.3970258, 45.68103991], [-118.3964788, 45.68151591], [-118.3960588, 45.68198691], [-118.3954308, 45.68286091], [-118.3936988, 45.68506991], [-118.3922058, 45.68728591], [-118.3918238, 45.68768991], [-118.3908798, 45.68841891], [-118.3907368, 45.68855191], [-118.3906518, 45.68869091], [-118.3900808, 45.69089591], [-118.3896088, 45.69237691], [-118.3895168, 45.69279491], [-118.3894748, 45.69310491], [-118.3895358, 45.69340591], [-118.3899758, 45.69474591], [-118.3906318, 45.69617591], [-118.3909838, 45.69670691], [-118.3913698, 45.69711491], [-118.39217171, 45.69785819], [-118.38907256, 45.69843889], [-118.38701507, 45.69873841], [-118.38547704, 45.6990721], [-118.38512603, 45.69913036], [-118.38442762, 45.69916583], [-118.38234024, 45.69915059], [-118.37975281, 45.69917286], [-118.37805813, 45.6991618], [-118.37608493, 45.69910457], [-118.37173334, 45.69909838], [-118.37046649, 45.69905058], [-118.36842594, 45.69888151], [-118.36763117, 45.69885051], [-118.36655283, 45.69884541], [-118.36597765, 45.69889729], [-118.36526176, 45.69902286], [-118.36461493, 45.69921511], [-118.36415441, 45.69936012], [-118.36333139, 45.69970298], [-118.36309563, 45.69986331], [-118.36303846, 45.69997201], [-118.36311408, 45.70030865], [-118.36307252, 45.70044866], [-118.36292666, 45.70060791], [-118.36257718, 45.7007966], [-118.36195392, 45.70105156], [-118.36068593, 45.70147171], [-118.36016526, 45.70160392], [-118.35940613, 45.70165346], [-118.35886332, 45.70165091], [-118.3580207, 45.70180045], [-118.35683897, 45.70185499], [-118.35632075, 45.70180713], [-118.35613395, 45.70181835], [-118.35533651, 45.70134626], [-118.35464221, 45.70102145], [-118.35426531, 45.70072438], [-118.35404257, 45.70017796], [-118.35385444, 45.69858701], [-118.35388433, 45.69486923], [-118.35383498, 45.69405522], [-118.35391162, 45.69350525], [-118.35489172, 45.69192295], [-118.35552888, 45.6910333], [-118.35657868, 45.68986421], [-118.35807989, 45.68877525], [-118.35880493, 45.68835258], [-118.36275514, 45.68563224], [-118.36331849, 45.68499994], [-118.3636929, 45.68438791], [-118.36388494, 45.68367003], [-118.36402444, 45.68201217], [-118.3640439, 45.67787596], [-118.36414105, 45.67571454], [-118.36409721, 45.67391035], [-118.36426121, 45.67327832], [-118.36489284, 45.67215914], [-118.36559285, 45.67139469], [-118.3660555, 45.67073659], [-118.36631333, 45.67025195], [-118.36636083, 45.66974732], [-118.36509504, 45.66692711], [-118.36424766, 45.66408389], [-118.36391496, 45.6627242], [-118.36367196, 45.66134093], [-118.36309728, 45.65862046], [-118.36313986, 45.65774684], [-118.36293207, 45.6567547], [-118.36240527, 45.65600489], [-118.36134008, 45.655284], [-118.36084506, 45.65461931], [-118.36056028, 45.65385761], [-118.36039376, 45.6530765], [-118.36043529, 45.65252244], [-118.36067718, 45.65133141], [-118.36079248, 45.65051094], [-118.36056735, 45.64932997], [-118.36021285, 45.64805604], [-118.36002051, 45.64764878], [-118.35940184, 45.64690905], [-118.35870136, 45.64641782], [-118.35802973, 45.64585873], [-118.35734958, 45.64525836], [-118.35721031, 45.64414475], [-118.35672671, 45.64270132], [-118.3554736, 45.63912924], [-118.3549636, 45.63783463], [-118.35476731, 45.63714387], [-118.35463268, 45.63651539], [-118.35463101, 45.63521475], [-118.35472408, 45.63410201], [-118.3549035, 45.63286222], [-118.3549995, 45.63187096], [-118.35535733, 45.6293509], [-118.3554289, 45.62859396], [-118.35536676, 45.6279542], [-118.35489427, 45.62549367], [-118.35439659, 45.62328653], [-118.35384537, 45.62121336], [-118.35327528, 45.61840319], [-118.35244831, 45.61493404], [-118.35213586, 45.61425815], [-118.35161259, 45.61349924], [-118.35092522, 45.6127659], [-118.3556676, 45.61270666], [-118.3619536, 45.61806535], [-118.36342688, 45.62405167], [-118.36215003, 45.63682665], [-118.36607878, 45.64197702], [-118.37049861, 45.64417437], [-118.37663976, 45.64579885]]]}, "properties": {"zone_name": "US-OR-UMA-UMC-1406007-B", "level": 2, "fire_name": "No named fire", "county": "Umatilla", "addresses": 6, "unmatched_addresses": 0, "unmatched_fraction_pct": 0, "geometry_source": "cached", "geometry_cache_age_days": 0, "overlapping_zips": [{"zip": "97810", "fraction_pct": 88.7}, {"zip": "97859", "fraction_pct": 11.3}]}}, {"type": "Feature", "geometry": {"type": "Polygon", "coordinates": [[[-118.27398642, 45.78881217], [-118.2737337, 45.7888971], [-118.27205, 45.7895144], [-118.2709348, 45.789746], [-118.270179, 45.7898705], [-118.2692348, 45.7899426], [-118.2681995, 45.7899416], [-118.2671294, 45.7898635], [-118.2664894, 45.7897556], [-118.2655652, 45.7895184], [-118.2648429, 45.7892949], [-118.2638364, 45.7888785], [-118.2616835, 45.7879441], [-118.2606401, 45.7875687], [-118.2597005, 45.7873449], [-118.2587572, 45.7872487], [-118.2569772, 45.7872432], [-118.2553122, 45.7872652], [-118.2545338, 45.7873477], [-118.2538891, 45.7875272], [-118.2531489, 45.7878789], [-118.252563, 45.788332], [-118.2515428, 45.7895588], [-118.251065, 45.789954], [-118.250222, 45.790456], [-118.2494209, 45.7906957], [-118.2484501, 45.7907919], [-118.2475638, 45.7907166], [-118.2465579, 45.7904752], [-118.243294, 45.789271], [-118.2400519, 45.7880058], [-118.2389319, 45.7876165], [-118.2377168, 45.7873334], [-118.23695, 45.7871953], [-118.2362086, 45.7871106], [-118.2350843, 45.7870723], [-118.2339371, 45.78713], [-118.2329033, 45.7872504], [-118.2318627, 45.7874608], [-118.2309326, 45.7876595], [-118.222545, 45.789507], [-118.2154905, 45.791048], [-118.2138874, 45.7913995], [-118.2117385, 45.7918855], [-118.2105945, 45.7920503], [-118.209509, 45.792124], [-118.20909638, 45.7921142], [-118.2084519, 45.7920989], [-118.20847331, 45.7912033], [-118.20852424, 45.78907267], [-118.20663457, 45.78909987], [-118.20645875, 45.78910239], [-118.20624304, 45.78910363], [-118.206321, 45.787759], [-118.20893156, 45.7876733], [-118.20867775, 45.78647797], [-118.208644, 45.786319], [-118.20908011, 45.78617835], [-118.2118832, 45.78613124], [-118.21185375, 45.78759719], [-118.21704157, 45.78754544], [-118.221433, 45.787473], [-118.221106, 45.787016], [-118.221008, 45.786513], [-118.220986, 45.78647], [-118.22083353, 45.78616506], [-118.220803, 45.786104], [-118.220745, 45.785988], [-118.220222, 45.785462], [-118.21946731, 45.78498212], [-118.219405, 45.784937], [-118.219633, 45.784639], [-118.219666, 45.784045], [-118.219469, 45.783679], [-118.21868553, 45.7829066], [-118.21710052, 45.78291971], [-118.2171484, 45.7807252], [-118.21715209, 45.78048995], [-118.2171792, 45.77876083], [-118.21720755, 45.7769533], [-118.21632888, 45.77695735], [-118.21727437, 45.7764298], [-118.219663, 45.77722946], [-118.22300708, 45.77756265], [-118.22463135, 45.77942847], [-118.22616007, 45.77909529], [-118.2294086, 45.77842893], [-118.23294377, 45.77776256], [-118.23686112, 45.77716282], [-118.24010966, 45.77602997], [-118.24856949, 45.77620236], [-118.24962049, 45.77620236], [-118.25267793, 45.77620236], [-118.25774182, 45.77566925], [-118.27409767, 45.77711992], [-118.27403129, 45.77999417], [-118.27927906, 45.78017788], [-118.28440334, 45.78021243], [-118.28457922, 45.78694391], [-118.28459042, 45.78738951], [-118.28263718, 45.78731605], [-118.282396, 45.787155], [-118.2818148, 45.7869077], [-118.2811429, 45.7867662], [-118.2803759, 45.7867684], [-118.2797514, 45.7868761], [-118.2785563, 45.7872764], [-118.2774151, 45.78765992], [-118.27498309, 45.78847723], [-118.27482581, 45.78853009], [-118.27479042, 45.78854198], [-118.27472752, 45.78856312], [-118.27455172, 45.7886222], [-118.27436878, 45.78868368], [-118.27398642, 45.78881217]]]}, "properties": {"zone_name": "US-OR-UMA-UMC-155-A", "level": 2, "fire_name": "No named fire", "county": "Umatilla", "addresses": 87, "unmatched_addresses": 0, "unmatched_fraction_pct": 0, "geometry_source": "cached", "geometry_cache_age_days": 0, "overlapping_zips": [{"zip": "97886", "fraction_pct": 100.0}]}}, {"type": "Feature", "geometry": {"type": "Polygon", "coordinates": [[[-118.21632888, 45.77695735], [-118.21205683, 45.77697705], [-118.21212449, 45.77343761], [-118.21249049, 45.77343611], [-118.21726281, 45.77341656], [-118.21712105, 45.76990101], [-118.21704853, 45.76810284], [-118.22200928, 45.76807872], [-118.22198522, 45.76626263], [-118.221811, 45.76562], [-118.221802, 45.765575], [-118.221181, 45.765507], [-118.220594, 45.765233], [-118.219778, 45.764984], [-118.218211, 45.765467], [-118.216839, 45.765538], [-118.216416, 45.765699], [-118.215763, 45.766181], [-118.21544406, 45.76630077], [-118.214358, 45.766298], [-118.213575, 45.766322], [-118.21176209, 45.76634822], [-118.21163403, 45.76275557], [-118.21163305, 45.76272804], [-118.22468911, 45.76267658], [-118.22473137, 45.76265412], [-118.22724997, 45.76263451], [-118.22721292, 45.75905127], [-118.23244864, 45.75901391], [-118.23762425, 45.75897876], [-118.24279996, 45.75894331], [-118.243061, 45.762469], [-118.24797582, 45.7625148], [-118.25309482, 45.76249296], [-118.25309887, 45.76281174], [-118.25311339, 45.76395419], [-118.2532674, 45.76598356], [-118.25382709, 45.7659437], [-118.25431291, 45.76594732], [-118.25476478, 45.76598735], [-118.2552201, 45.76612976], [-118.26332028, 45.76633196], [-118.26334182, 45.76676688], [-118.26854968, 45.76687353], [-118.27043956, 45.76686822], [-118.27315456, 45.76899084], [-118.27390981, 45.76931591], [-118.27393197, 45.77009576], [-118.27407252, 45.77279339], [-118.27411328, 45.77644414], [-118.27409767, 45.77711992], [-118.25774182, 45.77566925], [-118.25267793, 45.77620236], [-118.24962049, 45.77620236], [-118.24856949, 45.77620236], [-118.24010966, 45.77602997], [-118.23686112, 45.77716282], [-118.23294377, 45.77776256], [-118.2294086, 45.77842893], [-118.22616007, 45.77909529], [-118.22463135, 45.77942847], [-118.22300708, 45.77756265], [-118.219663, 45.77722946], [-118.21727437, 45.7764298], [-118.21632888, 45.77695735]]]}, "properties": {"zone_name": "US-OR-UMA-UMC-155-B", "level": 3, "fire_name": "No named fire", "county": "Umatilla", "addresses": 3, "unmatched_addresses": 0, "unmatched_fraction_pct": 0, "geometry_source": "cached", "geometry_cache_age_days": 0, "overlapping_zips": [{"zip": "97886", "fraction_pct": 91.0}, {"zip": "97810", "fraction_pct": 9.0}]}}, {"type": "Feature", "geometry": {"type": "Polygon", "coordinates": [[[-118.27391479, 45.76949145], [-118.27390981, 45.76931591], [-118.27315456, 45.76899084], [-118.27043956, 45.76686822], [-118.26854968, 45.76687353], [-118.26334182, 45.76676688], [-118.26332028, 45.76633196], [-118.2552201, 45.76612976], [-118.25476478, 45.76598735], [-118.25431291, 45.76594732], [-118.25382709, 45.7659437], [-118.2532674, 45.76598356], [-118.25311339, 45.76395419], [-118.25309887, 45.76281174], [-118.25309482, 45.76249296], [-118.2529133, 45.74817858], [-118.2579552, 45.74838926], [-118.2629971, 45.74859974], [-118.26803901, 45.74881031], [-118.26807172, 45.7452297], [-118.2680734, 45.74163276], [-118.2731536, 45.74182714], [-118.27826641, 45.74189012], [-118.27826495, 45.73829459], [-118.28302971, 45.7383753], [-118.28336449, 45.73838027], [-118.28337921, 45.74195279], [-118.28339386, 45.74553312], [-118.28666183, 45.74553502], [-118.28604092, 45.74565382], [-118.285033, 45.746263], [-118.284582, 45.747129], [-118.2847, 45.747999], [-118.285416, 45.748854], [-118.28553097, 45.74907725], [-118.28855622, 45.74909102], [-118.29371453, 45.74911409], [-118.29364597, 45.74562847], [-118.29880779, 45.74572944], [-118.30396958, 45.74583052], [-118.30681655, 45.74580638], [-118.30685206, 45.74583191], [-118.30770277, 45.74587766], [-118.30774041, 45.74587969], [-118.30843584, 45.74591707], [-118.30914289, 45.74617904], [-118.30976487, 45.74623057], [-118.31113413, 45.74634401], [-118.31135378, 45.74641345], [-118.31218169, 45.74648209], [-118.31287382, 45.74661861], [-118.31329754, 45.74698267], [-118.31369132, 45.74766531], [-118.31386921, 45.74797368], [-118.3146257, 45.74828704], [-118.31527716, 45.74849115], [-118.31543437, 45.74868848], [-118.31558863, 45.74876507], [-118.31595091, 45.74924629], [-118.31604264, 45.74934371], [-118.3166638, 45.75000349], [-118.3187358, 45.75073149], [-118.318919, 45.75079435], [-118.31939848, 45.75076593], [-118.31975227, 45.75074496], [-118.32091184, 45.7506762], [-118.32134382, 45.75079537], [-118.32383709, 45.75126478], [-118.32442815, 45.75144623], [-118.32469398, 45.75156656], [-118.32634774, 45.75231519], [-118.32702628, 45.75262234], [-118.32717301, 45.75279171], [-118.32785617, 45.75331766], [-118.32886325, 45.75413589], [-118.32994101, 45.75440089], [-118.33010335, 45.75444081], [-118.3310266, 45.75470555], [-118.33202748, 45.75531492], [-118.33353108, 45.75556075], [-118.33508286, 45.75492518], [-118.33531867, 45.75481429], [-118.33534283, 45.75479889], [-118.33534283, 45.75606619], [-118.33501535, 45.75789411], [-118.3345787, 45.75934117], [-118.33425121, 45.76025508], [-118.33370539, 45.76116897], [-118.33097633, 45.76208286], [-118.32890224, 45.76139745], [-118.32715563, 45.76033124], [-118.32660982, 45.76109282], [-118.32678306, 45.76160647], [-118.32483809, 45.76148949], [-118.32327353, 45.76124], [-118.3225136, 45.76111526], [-118.32188778, 45.76089696], [-118.32157487, 45.76005492], [-118.32126195, 45.75893218], [-118.31764111, 45.75862031], [-118.3146908, 45.75915049], [-118.31187459, 45.75927524], [-118.30910308, 45.75955593], [-118.30825375, 45.75933762], [-118.30749382, 45.75989898], [-118.30628687, 45.76052272], [-118.3045435, 45.76136475], [-118.30306572, 45.76202462], [-118.30127765, 45.76230529], [-118.29899786, 45.7624924], [-118.2975227, 45.76264833], [-118.29671807, 45.76302255], [-118.29629995, 45.76383928], [-118.29364269, 45.76391058], [-118.29200525, 45.76360596], [-118.28982199, 45.76307288], [-118.28818455, 45.76314903], [-118.28643795, 45.76391058], [-118.28403637, 45.7643675], [-118.28458218, 45.76581439], [-118.28349056, 45.76649974], [-118.28108898, 45.76703279], [-118.27912405, 45.76695664], [-118.27759577, 45.76741354], [-118.27595833, 45.76817502], [-118.27453922, 45.76931723], [-118.27391479, 45.76949145]]]}, "properties": {"zone_name": "US-OR-UMA-UMC-151-D", "level": 3, "fire_name": "No named fire", "county": "Umatilla", "addresses": 11, "unmatched_addresses": 0, "unmatched_fraction_pct": 0, "geometry_source": "cached", "geometry_cache_age_days": 0, "overlapping_zips": [{"zip": "97810", "fraction_pct": 53.2}, {"zip": "97886", "fraction_pct": 46.8}]}}, {"type": "Feature", "geometry": {"type": "Polygon", "coordinates": [[[-118.31692223, 45.71831534], [-118.31653726, 45.72354137], [-118.31634633, 45.72351243], [-118.31548127, 45.72322086], [-118.31497728, 45.72311865], [-118.31411155, 45.7230206], [-118.31333361, 45.72307004], [-118.31235609, 45.72325679], [-118.31181038, 45.72327656], [-118.31126792, 45.72314327], [-118.31087237, 45.72288678], [-118.3101547, 45.72231894], [-118.30986775, 45.72224122], [-118.30956518, 45.72209617], [-118.30920533, 45.72207779], [-118.30892194, 45.72213505], [-118.30782542, 45.72266066], [-118.3069906, 45.72283673], [-118.30630434, 45.72292558], [-118.30536936, 45.72271574], [-118.30478038, 45.72251544], [-118.30393946, 45.72241253], [-118.30250176, 45.72244692], [-118.3009666, 45.72259042], [-118.30024291, 45.72258966], [-118.29998651, 45.72252957], [-118.29908016, 45.72220234], [-118.29884079, 45.72221856], [-118.29711483, 45.72274222], [-118.2958409, 45.72336423], [-118.29487709, 45.72359118], [-118.2944093, 45.72366399], [-118.29381926, 45.72360766], [-118.29331095, 45.7234559], [-118.29291807, 45.72331183], [-118.29198586, 45.72285432], [-118.29156107, 45.7227016], [-118.29131711, 45.72276287], [-118.2907701, 45.72307508], [-118.29038905, 45.72344392], [-118.28973451, 45.7243019], [-118.28954413, 45.72449307], [-118.28884668, 45.725023], [-118.28801338, 45.72537443], [-118.2873665, 45.72560674], [-118.28699937, 45.72569189], [-118.28558257, 45.72574834], [-118.28500773, 45.72595282], [-118.28391254, 45.72653219], [-118.2807451, 45.72736432], [-118.28011412, 45.72757391], [-118.27869945, 45.72779677], [-118.27725887, 45.72781738], [-118.27600093, 45.72813296], [-118.27519336, 45.72859652], [-118.2746885, 45.72877317], [-118.27428539, 45.72883168], [-118.2730576, 45.72886786], [-118.27202651, 45.72900535], [-118.27171466, 45.72912134], [-118.27103621, 45.72952493], [-118.27030012, 45.73018568], [-118.26981937, 45.73078959], [-118.26956816, 45.73094089], [-118.26788586, 45.72905137], [-118.26731053, 45.72860456], [-118.26909834, 45.72785749], [-118.2716933, 45.72781723], [-118.2737116, 45.72741469], [-118.27676789, 45.726046], [-118.28022783, 45.72528114], [-118.28241913, 45.72379163], [-118.28420677, 45.72161768], [-118.29252064, 45.72117191], [-118.29390462, 45.72080957], [-118.29592292, 45.71964203], [-118.30128583, 45.71931995], [-118.30556754, 45.71891734], [-118.30885449, 45.71891734], [-118.31208377, 45.7184342], [-118.31560139, 45.71803159], [-118.31692223, 45.71831534]]]}, "properties": {"zone_name": "US-OR-UMA-UMC-1406053-C", "level": 3, "fire_name": "No named fire", "county": "Umatilla", "addresses": 16, "unmatched_addresses": 0, "unmatched_fraction_pct": 0, "geometry_source": "cached", "geometry_cache_age_days": 0, "overlapping_zips": [{"zip": "97810", "fraction_pct": 100.0}]}}, {"type": "Feature", "geometry": {"type": "Polygon", "coordinates": [[[-118.19933033, 45.72965224], [-118.19932029, 45.72899528], [-118.19942127, 45.7287782], [-118.19962656, 45.72855552], [-118.19967405, 45.72834319], [-118.20077972, 45.72916179], [-118.20244169, 45.72959147], [-118.20484231, 45.73049379], [-118.210229, 45.73192723], [-118.21349139, 45.73386067], [-118.21515336, 45.73583701], [-118.21780706, 45.73732892], [-118.21934592, 45.73836], [-118.22051546, 45.73990658], [-118.22242365, 45.73994954], [-118.22507049, 45.7413672], [-118.22882532, 45.74067985], [-118.23030263, 45.7399925], [-118.2333188, 45.7397777], [-118.23639653, 45.74012138], [-118.23990514, 45.74102352], [-118.24249043, 45.74098056], [-118.24501416, 45.73973474], [-118.24810911, 45.7388483], [-118.24970953, 45.73747354], [-118.25180238, 45.73541134], [-118.25438767, 45.73386463], [-118.25838872, 45.73132967], [-118.26405173, 45.73012659], [-118.26730388, 45.72859939], [-118.26788586, 45.72905137], [-118.26956816, 45.73094089], [-118.26920659, 45.73104392], [-118.26742609, 45.73097367], [-118.26666173, 45.73097314], [-118.26615327, 45.73101028], [-118.26573701, 45.73116341], [-118.26529336, 45.73142035], [-118.26483343, 45.73161446], [-118.26417803, 45.73179723], [-118.26247973, 45.73223905], [-118.26179228, 45.73231865], [-118.26119295, 45.73231626], [-118.26056744, 45.73248968], [-118.25976861, 45.73295754], [-118.25928187, 45.73330044], [-118.25691809, 45.73548669], [-118.25436222, 45.73712144], [-118.25355706, 45.73779635], [-118.25314021, 45.73808895], [-118.251956, 45.73875449], [-118.2510787, 45.73929516], [-118.25073944, 45.73946539], [-118.25040078, 45.73978863], [-118.24999444, 45.74031964], [-118.2497113, 45.74055676], [-118.24893013, 45.74101535], [-118.24788247, 45.74155786], [-118.24652755, 45.7420137], [-118.24607127, 45.74225271], [-118.2450289, 45.7425296], [-118.24315194, 45.74261755], [-118.24169124, 45.74292597], [-118.24140777, 45.74302357], [-118.24032129, 45.74323339], [-118.23992366, 45.74327371], [-118.23869483, 45.74331405], [-118.23722124, 45.74315], [-118.23615218, 45.74309407], [-118.2357652, 45.74310726], [-118.23535059, 45.74316125], [-118.23497985, 45.74325527], [-118.23447929, 45.74331019], [-118.23367769, 45.74335935], [-118.23288906, 45.74335887], [-118.23227115, 45.74330253], [-118.23098281, 45.74292038], [-118.22995109, 45.74266147], [-118.22847303, 45.74221833], [-118.22823034, 45.74219843], [-118.22760428, 45.74224567], [-118.22626041, 45.74270115], [-118.22590543, 45.74276347], [-118.2254946, 45.74288039], [-118.22451414, 45.74301692], [-118.22412698, 45.74296706], [-118.22385911, 45.74289793], [-118.22363495, 45.74278782], [-118.22324575, 45.74238695], [-118.22300003, 45.74222756], [-118.22255488, 45.74207931], [-118.22228255, 45.74193371], [-118.22206616, 45.74175601], [-118.22147594, 45.74138428], [-118.22102546, 45.74130359], [-118.22053135, 45.74130437], [-118.21978355, 45.74142487], [-118.21849555, 45.74155113], [-118.21811674, 45.74149666], [-118.21764515, 45.74111015], [-118.21758226, 45.74082279], [-118.21761877, 45.74054338], [-118.21743987, 45.74016724], [-118.21733096, 45.74003172], [-118.21723549, 45.7399129], [-118.21703502, 45.73950549], [-118.21624391, 45.73855532], [-118.2158395, 45.73820859], [-118.21561026, 45.73808501], [-118.21429757, 45.73766243], [-118.21408122, 45.73748472], [-118.21380691, 45.73704209], [-118.21350701, 45.73675274], [-118.21259629, 45.73615485], [-118.21162992, 45.73532352], [-118.21049317, 45.73456149], [-118.2098462, 45.73417681], [-118.20929134, 45.73400267], [-118.20869429, 45.73373446], [-118.20810829, 45.73334462], [-118.2069311, 45.73265949], [-118.2061326, 45.73251041], [-118.20582269, 45.73250018], [-118.20497527, 45.73239211], [-118.20474835, 45.732318], [-118.2042627, 45.73201709], [-118.2040353, 45.73192048], [-118.20247743, 45.73179738], [-118.20190003, 45.73163694], [-118.20127727, 45.73132846], [-118.20054019, 45.73089516], [-118.20015587, 45.73059767], [-118.19970311, 45.7303864], [-118.19933033, 45.72965224]]]}, "properties": {"zone_name": "US-OR-UMA-UMC-1406017-A", "level": 3, "fire_name": "No named fire", "county": "Umatilla", "addresses": 33, "unmatched_addresses": 0, "unmatched_fraction_pct": 0, "geometry_source": "cached", "geometry_cache_age_days": 0, "overlapping_zips": [{"zip": "97810", "fraction_pct": 89.2}, {"zip": "97886", "fraction_pct": 10.8}]}}, {"type": "Feature", "geometry": {"type": "Polygon", "coordinates": [[[-118.31693401, 45.71815552], [-118.31701426, 45.71823116], [-118.31807121, 45.71822153], [-118.31858149, 45.71817504], [-118.31899882, 45.71818328], [-118.31921439, 45.71823097], [-118.31946571, 45.71833652], [-118.31964242, 45.71841073], [-118.3201391, 45.71839447], [-118.32053367, 45.71830701], [-118.32090673, 45.71830881], [-118.32103578, 45.71837303], [-118.32115753, 45.71861022], [-118.32191202, 45.71894116], [-118.32166951, 45.7193285], [-118.32193057, 45.71974314], [-118.3224491, 45.7199077], [-118.32233522, 45.72011132], [-118.32226413, 45.72034688], [-118.32209927, 45.72056464], [-118.32194215, 45.72089852], [-118.32201104, 45.72107705], [-118.32200413, 45.72168762], [-118.32206315, 45.72181897], [-118.32075325, 45.72191792], [-118.31983679, 45.72266659], [-118.3191265, 45.72343987], [-118.3184134, 45.72373613], [-118.31791938, 45.72375083], [-118.31669144, 45.72356473], [-118.31653726, 45.72354137], [-118.31693401, 45.71815552]]]}, "properties": {"zone_name": "US-OR-UMA-UMC-1406053-B", "level": 3, "fire_name": "No named fire", "county": "Umatilla", "addresses": 1, "unmatched_addresses": 0, "unmatched_fraction_pct": 0, "geometry_source": "cached", "geometry_cache_age_days": 0, "overlapping_zips": [{"zip": "97810", "fraction_pct": 100.0}]}}, {"type": "Feature", "geometry": {"type": "Polygon", "coordinates": [[[-118.30581688, 45.62131367], [-118.30656236, 45.6209631], [-118.30678879, 45.62096051], [-118.30737213, 45.62129138], [-118.30770753, 45.62125154], [-118.30799533, 45.62080269], [-118.30820528, 45.62003969], [-118.3089693, 45.61952238], [-118.30950575, 45.61887265], [-118.31035187, 45.6184219], [-118.31221127, 45.6171449], [-118.31258225, 45.61705063], [-118.31275899, 45.61668855], [-118.31281486, 45.6158193], [-118.31267445, 45.61515855], [-118.31591933, 45.61546806], [-118.31665056, 45.61840893], [-118.3179302, 45.62307564], [-118.32133873, 45.64017269], [-118.32645729, 45.64764913], [-118.33147489, 45.66014479], [-118.32754456, 45.66793793], [-118.33284593, 45.67349467], [-118.33290758, 45.68644057], [-118.33245056, 45.69142086], [-118.3304397, 45.6983159], [-118.33117092, 45.70246529], [-118.32769761, 45.70725266], [-118.32806322, 45.70833774], [-118.32879445, 45.71229492], [-118.33081332, 45.71646963], [-118.33055947, 45.7165836], [-118.33011304, 45.71670581], [-118.32959367, 45.71691887], [-118.32645125, 45.71833254], [-118.3255315, 45.71869875], [-118.32499559, 45.719029], [-118.324567, 45.719313], [-118.32407714, 45.71994424], [-118.32396399, 45.72022009], [-118.32377523, 45.7204743], [-118.32358685, 45.72110205], [-118.32331914, 45.72146519], [-118.32303768, 45.72160346], [-118.32263616, 45.72172513], [-118.32206315, 45.72181897], [-118.32200413, 45.72168762], [-118.32201104, 45.72107705], [-118.32194215, 45.72089852], [-118.32209927, 45.72056464], [-118.32226413, 45.72034688], [-118.32233522, 45.72011132], [-118.3224491, 45.7199077], [-118.32193057, 45.71974314], [-118.32166951, 45.7193285], [-118.32191202, 45.71894116], [-118.32115753, 45.71861022], [-118.32103578, 45.71837303], [-118.32090673, 45.71830881], [-118.32053367, 45.71830701], [-118.3201391, 45.71839447], [-118.31964242, 45.71841073], [-118.31946571, 45.71833652], [-118.31921439, 45.71823097], [-118.31899882, 45.71818328], [-118.31858149, 45.71817504], [-118.31807121, 45.71822153], [-118.31701426, 45.71823116], [-118.31676752, 45.71799861], [-118.31684219, 45.71751645], [-118.3169936, 45.71718914], [-118.3175079, 45.71673385], [-118.31755439, 45.71637942], [-118.31742141, 45.71608306], [-118.3172868, 45.71589878], [-118.31739078, 45.7156004], [-118.31778027, 45.71528171], [-118.31780174, 45.71501604], [-118.31764802, 45.71467494], [-118.31872064, 45.71343793], [-118.31886233, 45.71318004], [-118.31852578, 45.71291785], [-118.31851949, 45.71257227], [-118.31904526, 45.71236104], [-118.31940206, 45.71226203], [-118.31940918, 45.71176885], [-118.3194989, 45.71128416], [-118.31967536, 45.71091351], [-118.32019532, 45.71045167], [-118.32019035, 45.70989879], [-118.32042956, 45.70958313], [-118.32078731, 45.7093907], [-118.32136837, 45.70915005], [-118.32163202, 45.70889111], [-118.32201203, 45.70888342], [-118.32220795, 45.70880357], [-118.32264211, 45.70841258], [-118.32281688, 45.70807752], [-118.32321952, 45.70749679], [-118.32353526, 45.7071466], [-118.32358672, 45.70697949], [-118.32344989, 45.70662553], [-118.32340833, 45.70637848], [-118.32313641, 45.70599909], [-118.32291979, 45.70554705], [-118.3227256, 45.70505874], [-118.32256261, 45.70448006], [-118.32252694, 45.70412493], [-118.32254504, 45.70368367], [-118.3224478, 45.70344177], [-118.32246183, 45.70327059], [-118.32240407, 45.70298323], [-118.32254685, 45.70251802], [-118.32259069, 45.70219798], [-118.32261848, 45.70187812], [-118.32257653, 45.70171659], [-118.32213986, 45.70131209], [-118.32154886, 45.70088238], [-118.32109025, 45.70050064], [-118.32079476, 45.7000045], [-118.3207769, 45.69984268], [-118.32082636, 45.69952258], [-118.32100221, 45.69877346], [-118.32115587, 45.69825862], [-118.32128655, 45.69806359], [-118.32137618, 45.69769351], [-118.32154477, 45.69740353], [-118.32151701, 45.69702581], [-118.32159413, 45.69692591], [-118.32111817, 45.69578828], [-118.32095531, 45.69552013], [-118.32082007, 45.69487362], [-118.3209284, 45.69437731], [-118.32090553, 45.69413905], [-118.32094979, 45.693837], [-118.32088032, 45.69306822], [-118.3209377, 45.6925905], [-118.32102866, 45.69224291], [-118.32099128, 45.69195081], [-118.32061982, 45.69074896], [-118.32049586, 45.69052987], [-118.32022199, 45.68979045], [-118.32021553, 45.68951599], [-118.32027972, 45.68934423], [-118.32035034, 45.68869534], [-118.32061107, 45.68814326], [-118.32084213, 45.68778055], [-118.32098116, 45.68696885], [-118.32118539, 45.68625091], [-118.32074567, 45.68554041], [-118.32026255, 45.68501493], [-118.31983461, 45.68482185], [-118.31956226, 45.68446945], [-118.31940312, 45.6837602], [-118.31944707, 45.68303511], [-118.31956876, 45.68215161], [-118.31974189, 45.68174906], [-118.31973438, 45.68142961], [-118.31964816, 45.68121008], [-118.3190406, 45.680425], [-118.31772678, 45.679126], [-118.31752624, 45.67873677], [-118.31748272, 45.67840424], [-118.31756588, 45.67808374], [-118.31772457, 45.67776687], [-118.31786828, 45.6768291], [-118.31785156, 45.67650976], [-118.31763052, 45.67617027], [-118.31719198, 45.67567577], [-118.31670271, 45.67527636], [-118.31651088, 45.67503554], [-118.31627799, 45.67458367], [-118.3162609, 45.67385478], [-118.31612856, 45.67336124], [-118.31622673, 45.67318459], [-118.31624817, 45.67264428], [-118.31614923, 45.67215487], [-118.3158235, 45.67109649], [-118.31573662, 45.67009387], [-118.31557445, 45.66973119], [-118.31490507, 45.66881629], [-118.31472654, 45.66833679], [-118.31453109, 45.66814551], [-118.31444846, 45.66787193], [-118.31425404, 45.66626747], [-118.31424979, 45.66569146], [-118.31434199, 45.66529435], [-118.3144747, 45.6650678], [-118.31451176, 45.66468032], [-118.31472252, 45.66422334], [-118.31472456, 45.66389928], [-118.31448545, 45.66338447], [-118.31409338, 45.6627274], [-118.31372448, 45.66225458], [-118.31334061, 45.66193046], [-118.31324014, 45.66156257], [-118.31280796, 45.66114448], [-118.31251991, 45.66059422], [-118.31249329, 45.66017598], [-118.31238708, 45.65995667], [-118.31173324, 45.65935661], [-118.31144279, 45.65889189], [-118.31131435, 45.6584073], [-118.31129923, 45.6577594], [-118.31138988, 45.65739831], [-118.31123706, 45.65652246], [-118.31058918, 45.65562528], [-118.31030511, 45.65538101], [-118.30994036, 45.65496214], [-118.30974699, 45.65428928], [-118.30941413, 45.65348299], [-118.30914791, 45.65243742], [-118.30918, 45.65224803], [-118.30915423, 45.65195129], [-118.30924361, 45.65093314], [-118.30943005, 45.65013891], [-118.30957488, 45.6497277], [-118.30959468, 45.64957895], [-118.30954518, 45.64921047], [-118.30961256, 45.64893517], [-118.30923976, 45.64852989], [-118.30915835, 45.6483238], [-118.30908682, 45.64747401], [-118.30901342, 45.64724983], [-118.30888275, 45.64699479], [-118.30872939, 45.64679852], [-118.30801787, 45.64605508], [-118.30787802, 45.64573264], [-118.3078532, 45.64537288], [-118.30740017, 45.64437894], [-118.30735439, 45.64378989], [-118.30717334, 45.64314388], [-118.30659023, 45.64224594], [-118.30594136, 45.64205533], [-118.30564395, 45.6418022], [-118.30500587, 45.64091838], [-118.3046449, 45.64032843], [-118.30459271, 45.63949642], [-118.3050023, 45.63862314], [-118.30515242, 45.63797334], [-118.30512899, 45.63767207], [-118.30528466, 45.63643264], [-118.30537224, 45.63588707], [-118.30550106, 45.63551206], [-118.30561702, 45.63520469], [-118.30610805, 45.634542], [-118.30641352, 45.63393543], [-118.30663916, 45.63368982], [-118.30688699, 45.6329669], [-118.30730364, 45.63241757], [-118.30757301, 45.63191492], [-118.30810227, 45.63126078], [-118.3082661, 45.6304443], [-118.30826045, 45.63020134], [-118.30833664, 45.62992593], [-118.30835704, 45.62939013], [-118.30853389, 45.62916758], [-118.30861132, 45.62894617], [-118.30854602, 45.62827633], [-118.30843885, 45.62792651], [-118.30818112, 45.62751541], [-118.30779059, 45.62706533], [-118.30748827, 45.62683926], [-118.30709346, 45.62620469], [-118.30722124, 45.62602771], [-118.3074395, 45.62441401], [-118.30735819, 45.62395138], [-118.30698921, 45.62347854], [-118.3066477, 45.62270385], [-118.30647645, 45.62247628], [-118.3060916, 45.62152656], [-118.30581688, 45.62131367]]]}, "properties": {"zone_name": "US-OR-UMA-UMC-1406015-A", "level": 3, "fire_name": "No named fire", "county": "Umatilla", "addresses": 4, "unmatched_addresses": 0, "unmatched_fraction_pct": 0.1, "geometry_source": "cached", "geometry_cache_age_days": 0, "overlapping_zips": [{"zip": "97810", "fraction_pct": 99.9}]}}, {"type": "Feature", "geometry": {"type": "Polygon", "coordinates": [[[-118.088239, 45.779861], [-118.08775029, 45.78013958], [-118.08737054, 45.78028791], [-118.08673205, 45.78035171], [-118.08562486, 45.78028573], [-118.08449037, 45.78034112], [-118.08430922, 45.7803673], [-118.08351962, 45.78068376], [-118.08335477, 45.78070332], [-118.08297132, 45.78070696], [-118.08256873, 45.78059376], [-118.08207576, 45.78040714], [-118.08163093, 45.78018983], [-118.08113779, 45.78006742], [-118.0805049, 45.78004736], [-118.07955684, 45.78027895], [-118.07820571, 45.7807417], [-118.07661814, 45.78154305], [-118.07456759, 45.78273154], [-118.0735565, 45.78320944], [-118.07293075, 45.783601], [-118.07253273, 45.78397827], [-118.07185619, 45.78488471], [-118.07155917, 45.78502681], [-118.07113356, 45.78511959], [-118.07085503, 45.78509589], [-118.06941238, 45.78464826], [-118.06897822, 45.7845934], [-118.06854014, 45.78465266], [-118.06782988, 45.78509749], [-118.06749245, 45.78520126], [-118.06721294, 45.78520609], [-118.06638407, 45.78494], [-118.06614722, 45.7848932], [-118.06589974, 45.78489413], [-118.06521216, 45.78499677], [-118.06490795, 45.78496692], [-118.06464332, 45.78489586], [-118.06443966, 45.78479537], [-118.06431506, 45.78469431], [-118.06415785, 45.7846279], [-118.06290874, 45.7837172], [-118.06244506, 45.78351899], [-118.06179075, 45.78338106], [-118.06148136, 45.78334793], [-118.06037471, 45.78336397], [-118.05958518, 45.78334114], [-118.05898861, 45.78325496], [-118.05765263, 45.7829109], [-118.0571138, 45.78239384], [-118.056258, 45.78104881], [-118.05578643, 45.78069828], [-118.05540327, 45.78054907], [-118.05438624, 45.78040818], [-118.05407018, 45.78028865], [-118.05375908, 45.78002646], [-118.05358525, 45.77953822], [-118.05331363, 45.77911969], [-118.05297546, 45.77885228], [-118.05234118, 45.77847995], [-118.05137693, 45.77799736], [-118.05105772, 45.77777309], [-118.05074993, 45.77747506], [-118.05020081, 45.77683204], [-118.0499766, 45.77662258], [-118.0479733, 45.77537518], [-118.04765316, 45.77537451], [-118.04726744, 45.77549643], [-118.0468998, 45.77549019], [-118.04653381, 45.77543641], [-118.04528488, 45.77491562], [-118.04503597, 45.77482393], [-118.04505503, 45.77353898], [-118.04510199, 45.77353892], [-118.04845287, 45.77353516], [-118.04880004, 45.77353476], [-118.05307898, 45.77352995], [-118.05466679, 45.77354096], [-118.05992695, 45.77355903], [-118.06153318, 45.77350458], [-118.066445, 45.77333808], [-118.06642695, 45.77209708], [-118.06643296, 45.76954204], [-118.06849527, 45.77072648], [-118.06859221, 45.77076645], [-118.06946245, 45.77112518], [-118.06966983, 45.77117772], [-118.0701879, 45.77130897], [-118.0709666, 45.7714431], [-118.0721028, 45.7716115], [-118.0731144, 45.7718378], [-118.0742792, 45.772199], [-118.0752364, 45.7725794], [-118.0763961, 45.7731405], [-118.0774906, 45.7738534], [-118.0784883, 45.7746726], [-118.0791567, 45.7753911], [-118.0801948, 45.776452], [-118.0808718, 45.7769454], [-118.0817887, 45.7773889], [-118.083182, 45.777902], [-118.0852762, 45.77873735], [-118.0868553, 45.7793479], [-118.088239, 45.779861]]]}, "properties": {"zone_name": "US-OR-UMA-UMC-1406024A", "level": 3, "fire_name": "No named fire", "county": "Umatilla", "addresses": 5, "unmatched_addresses": 0, "unmatched_fraction_pct": 0, "geometry_source": "cached", "geometry_cache_age_days": 0, "overlapping_zips": [{"zip": "97886", "fraction_pct": 99.8}, {"zip": "97827", "fraction_pct": 0.2}]}}, {"type": "Feature", "geometry": {"type": "Polygon", "coordinates": [[[-118.1709091, 45.7812176], [-118.17069359, 45.78102518], [-118.17037004, 45.78081698], [-118.16961472, 45.78047368], [-118.16931071, 45.78023826], [-118.16897355, 45.77985917], [-118.16863838, 45.77955657], [-118.16793847, 45.77899667], [-118.16770339, 45.77876955], [-118.16755852, 45.77868553], [-118.16686185, 45.77812559], [-118.16586383, 45.77745621], [-118.16574091, 45.77734495], [-118.16546343, 45.7765287], [-118.16543686, 45.77621844], [-118.16549663, 45.77609631], [-118.1657695, 45.77590001], [-118.16672725, 45.77544918], [-118.16693391, 45.77531656], [-118.16721134, 45.77522371], [-118.16739706, 45.7750508], [-118.16741397, 45.77489761], [-118.16738579, 45.77472238], [-118.16718685, 45.77453089], [-118.16669336, 45.77424791], [-118.16665166, 45.7739828], [-118.16690549, 45.77347166], [-118.16681109, 45.7732431], [-118.16654841, 45.77307927], [-118.16624321, 45.77280335], [-118.165957, 45.77245524], [-118.16574655, 45.77190383], [-118.16571218, 45.77123811], [-118.16559104, 45.77069029], [-118.16508844, 45.77002485], [-118.1650236, 45.76978698], [-118.16555602, 45.76852592], [-118.16577269, 45.76819967], [-118.16581316, 45.76794273], [-118.16570383, 45.7674983], [-118.16529725, 45.76711991], [-118.16493327, 45.7668761], [-118.16460757, 45.76655989], [-118.16452951, 45.76616914], [-118.16460572, 45.76560131], [-118.16458402, 45.76546651], [-118.16444115, 45.76522494], [-118.16441201, 45.7648292], [-118.16449993, 45.76474729], [-118.16503283, 45.76447633], [-118.1652388, 45.76431221], [-118.16542412, 45.7641213], [-118.16547996, 45.76392721], [-118.16547621, 45.76374723], [-118.16539565, 45.763217], [-118.16528932, 45.76291655], [-118.1648538, 45.76211091], [-118.16469591, 45.76170747], [-118.16454039, 45.76093498], [-118.16438728, 45.76076102], [-118.16410808, 45.76028231], [-118.16412356, 45.76007964], [-118.16447048, 45.75948654], [-118.16456649, 45.75921887], [-118.16466732, 45.75921922], [-118.16871184, 45.75923292], [-118.16978278, 45.75923655], [-118.16970962, 45.7628215], [-118.16964015, 45.76622474], [-118.16963644, 45.76640644], [-118.16963294, 45.76657799], [-118.16956327, 45.76999129], [-118.16954969, 45.77065732], [-118.1694881, 45.77367654], [-118.17158297, 45.77367498], [-118.17481763, 45.77367258], [-118.17739858, 45.77367067], [-118.18014705, 45.77366863], [-118.18013829, 45.77183511], [-118.18012951, 45.77000068], [-118.1843599, 45.77001986], [-118.18525762, 45.77002393], [-118.18605636, 45.77002752], [-118.19038574, 45.77004698], [-118.19565445, 45.77002183], [-118.19565542, 45.76647438], [-118.19809933, 45.76645536], [-118.20092913, 45.76643333], [-118.20093281, 45.76403152], [-118.20093459, 45.76287028], [-118.2056601, 45.76281962], [-118.21163403, 45.76275557], [-118.21176209, 45.76634822], [-118.213575, 45.766322], [-118.214358, 45.766298], [-118.21544406, 45.76630077], [-118.215763, 45.766181], [-118.216416, 45.765699], [-118.216839, 45.765538], [-118.218211, 45.765467], [-118.219778, 45.764984], [-118.220594, 45.765233], [-118.221181, 45.765507], [-118.221802, 45.765575], [-118.221811, 45.76562], [-118.22198522, 45.76626263], [-118.22200928, 45.76807872], [-118.21704853, 45.76810284], [-118.21712105, 45.76990101], [-118.21726281, 45.77341656], [-118.21249049, 45.77343611], [-118.21212449, 45.77343761], [-118.21205683, 45.77697705], [-118.21720755, 45.7769533], [-118.2171792, 45.77876083], [-118.21715209, 45.78048995], [-118.2171484, 45.7807252], [-118.21710052, 45.78291971], [-118.21868553, 45.7829066], [-118.219469, 45.783679], [-118.219666, 45.784045], [-118.219633, 45.784639], [-118.219405, 45.784937], [-118.21946731, 45.78498212], [-118.220222, 45.785462], [-118.220745, 45.785988], [-118.220803, 45.786104], [-118.22083353, 45.78616506], [-118.220986, 45.78647], [-118.221008, 45.786513], [-118.221106, 45.787016], [-118.221433, 45.787473], [-118.21704157, 45.78754544], [-118.21185375, 45.78759719], [-118.2118832, 45.78613124], [-118.20908011, 45.78617835], [-118.208644, 45.786319], [-118.20867775, 45.78647797], [-118.20893156, 45.7876733], [-118.206321, 45.787759], [-118.20624304, 45.78910363], [-118.20645875, 45.78910239], [-118.20663457, 45.78909987], [-118.20852424, 45.78907267], [-118.20847331, 45.7912033], [-118.2084519, 45.7920989], [-118.20752, 45.7919513], [-118.2063667, 45.7916738], [-118.204686, 45.7910981], [-118.20120564, 45.78990948], [-118.2003475, 45.7896164], [-118.1979442, 45.7887867], [-118.19661986, 45.78833409], [-118.19555188, 45.78796909], [-118.190085, 45.78610066], [-118.1844733, 45.7841833], [-118.1807371, 45.78290958], [-118.18055234, 45.78284659], [-118.18041664, 45.78280033], [-118.1776728, 45.7818649], [-118.1766764, 45.7815628], [-118.1754618, 45.7813517], [-118.1734117, 45.7812331], [-118.1717211, 45.7811405], [-118.1709091, 45.7812176]]]}, "properties": {"zone_name": "US-OR-UMA-UMC-157", "level": 3, "fire_name": "No named fire", "county": "Umatilla", "addresses": 56, "unmatched_addresses": 0, "unmatched_fraction_pct": 0, "geometry_source": "cached", "geometry_cache_age_days": 0, "overlapping_zips": [{"zip": "97886", "fraction_pct": 100.0}]}}, {"type": "Feature", "geometry": {"type": "Polygon", "coordinates": [[[-118.16487942, 45.75727713], [-118.16454599, 45.75625536], [-118.16440087, 45.75567534], [-118.16429647, 45.75544688], [-118.16304404, 45.75370895], [-118.16281253, 45.7535898], [-118.16241308, 45.75354886], [-118.16201463, 45.75357541], [-118.16167501, 45.75355187], [-118.16146226, 45.75338751], [-118.16141987, 45.75326193], [-118.16146652, 45.75310844], [-118.16332561, 45.75165386], [-118.16379192, 45.75118106], [-118.16398652, 45.75107107], [-118.16444459, 45.7510529], [-118.16472219, 45.75097356], [-118.16488363, 45.75060287], [-118.16490983, 45.75041359], [-118.16481782, 45.7501625], [-118.16460415, 45.74987664], [-118.16459762, 45.74915664], [-118.1646577, 45.74874199], [-118.16472899, 45.74861525], [-118.16526181, 45.74809676], [-118.16546815, 45.74791464], [-118.1657484, 45.74773176], [-118.16632265, 45.74742887], [-118.16691524, 45.74724267], [-118.1678756, 45.74704846], [-118.16816098, 45.74683856], [-118.16863759, 45.7463476], [-118.16913134, 45.74605893], [-118.16967747, 45.74601897], [-118.17089939, 45.74620742], [-118.17119822, 45.74614585], [-118.17202339, 45.74646103], [-118.17229309, 45.74665524], [-118.17250418, 45.7467608], [-118.17257134, 45.74700717], [-118.17263061, 45.74706017], [-118.17262314, 45.74723384], [-118.17272868, 45.74730477], [-118.17273169, 45.74752526], [-118.17289357, 45.74788813], [-118.17336691, 45.7481398], [-118.17357955, 45.74839414], [-118.17447523, 45.74897449], [-118.17447558, 45.74901049], [-118.1747397, 45.74922829], [-118.17474081, 45.74930029], [-118.17484645, 45.74937571], [-118.17485169, 45.74974019], [-118.17474835, 45.74981326], [-118.17475829, 45.74996168], [-118.1746025, 45.75029181], [-118.17449835, 45.75036489], [-118.17449882, 45.75061692], [-118.17455139, 45.75072889], [-118.17470876, 45.75087578], [-118.17465817, 45.75160538], [-118.17481636, 45.75211681], [-118.17486853, 45.75215228], [-118.17487022, 45.75284534], [-118.17476607, 45.75291841], [-118.17461164, 45.75386961], [-118.17461265, 45.75409012], [-118.1745081, 45.7541632], [-118.17450831, 45.75430722], [-118.17471787, 45.75448958], [-118.17482232, 45.75448851], [-118.17492646, 45.75441543], [-118.17492656, 45.75434342], [-118.17513525, 45.75419726], [-118.17529197, 45.75423615], [-118.17544834, 45.75416253], [-118.17555319, 45.75416145], [-118.17565755, 45.75423239], [-118.17570977, 45.75423185], [-118.17581375, 45.75397875], [-118.1758134, 45.75386624], [-118.17591754, 45.75379316], [-118.17607247, 45.7531345], [-118.17628116, 45.75298833], [-118.17633338, 45.75298779], [-118.17649076, 45.75313469], [-118.17675127, 45.75298799], [-118.17680385, 45.75302345], [-118.1768042, 45.75313596], [-118.17675193, 45.7531725], [-118.17680411, 45.75320797], [-118.17696078, 45.75320636], [-118.17732597, 45.75287856], [-118.17737757, 45.75273401], [-118.17748211, 45.75266092], [-118.17748176, 45.75254841], [-118.17753403, 45.75251187], [-118.17763671, 45.75193025], [-118.17774063, 45.75163665], [-118.17784477, 45.75156357], [-118.17784446, 45.75149156], [-118.17794895, 45.75137797], [-118.17810531, 45.75130435], [-118.17810535, 45.75126835], [-118.1782614, 45.75112272], [-118.17841701, 45.75061256], [-118.17867759, 45.75039385], [-118.17867718, 45.75031735], [-118.17878136, 45.75020826], [-118.17896784, 45.74935124], [-118.17907076, 45.74927818], [-118.17912142, 45.74916514], [-118.17906464, 45.7488732], [-118.17890692, 45.74876682], [-118.17890505, 45.74865882], [-118.17879793, 45.74847541], [-118.17879646, 45.74836742], [-118.17889969, 45.74828984], [-118.17905559, 45.74825223], [-118.17942426, 45.74847345], [-118.1795283, 45.74847237], [-118.17963162, 45.7483993], [-118.17967661, 45.74792179], [-118.17988361, 45.74781164], [-118.17998805, 45.74781056], [-118.18019469, 45.74766441], [-118.1802458, 45.74759187], [-118.18018938, 45.74733593], [-118.1800308, 45.74718905], [-118.17997555, 45.7469691], [-118.18013033, 45.74685949], [-118.18044248, 45.74682026], [-118.18096891, 45.74711185], [-118.18111937, 45.7471103], [-118.18152975, 45.74638579], [-118.18147786, 45.7462695], [-118.18131964, 45.74615863], [-118.18126519, 45.74601518], [-118.18131584, 45.74590214], [-118.18152247, 45.74575599], [-118.18188535, 45.74560822], [-118.18214233, 45.74535354], [-118.18224407, 45.74516796], [-118.18224026, 45.74491148], [-118.18160646, 45.74440499], [-118.18160423, 45.74426099], [-118.18175708, 45.74400289], [-118.18175596, 45.74393089], [-118.18185887, 45.74385782], [-118.18180092, 45.74345338], [-118.18200567, 45.74319923], [-118.1821612, 45.74312562], [-118.18278549, 45.74301114], [-118.18304393, 45.74286445], [-118.18304357, 45.74282845], [-118.18314688, 45.74275537], [-118.18298831, 45.7426085], [-118.18298567, 45.74246451], [-118.18293188, 45.74235256], [-118.18303483, 45.74224348], [-118.18360924, 45.74227804], [-118.18381612, 45.74216338], [-118.18391866, 45.74205431], [-118.18391754, 45.74198231], [-118.18375973, 45.74187143], [-118.18375861, 45.74179944], [-118.18370564, 45.74176398], [-118.18365159, 45.74162053], [-118.18375404, 45.74150696], [-118.18390956, 45.74143334], [-118.18422253, 45.74143459], [-118.1842751, 45.74147005], [-118.18458726, 45.74139481], [-118.18474237, 45.74132119], [-118.18495046, 45.74128303], [-118.18510562, 45.74117341], [-118.18515784, 45.74117286], [-118.18608585, 45.74043416], [-118.18613766, 45.74043362], [-118.18670786, 45.74017567], [-118.18696555, 45.73995697], [-118.18701736, 45.73995643], [-118.18768702, 45.73936891], [-118.1876812, 45.73899993], [-118.18809204, 45.73855912], [-118.18808596, 45.73815864], [-118.1882407, 45.73804902], [-118.18850063, 45.7379743], [-118.18902354, 45.73804537], [-118.18943622, 45.73774854], [-118.18959284, 45.73774691], [-118.18969809, 45.73782232], [-118.19022091, 45.73788888], [-118.19027235, 45.73785234], [-118.19037677, 45.73785126], [-118.19063556, 45.73770454], [-118.1909995, 45.73762874], [-118.19115622, 45.73763161], [-118.19172587, 45.73736914], [-118.19203461, 45.73707789], [-118.19202614, 45.73652892], [-118.19207722, 45.73645638], [-118.19233477, 45.73623317], [-118.19295747, 45.73601064], [-118.19321512, 45.73579193], [-118.19321013, 45.73546345], [-118.19326157, 45.73542691], [-118.19331069, 45.73520587], [-118.1935687, 45.73502316], [-118.19398246, 45.73479831], [-118.19403203, 45.73461777], [-118.19387345, 45.73447091], [-118.193298, 45.73436442], [-118.19313988, 45.73425806], [-118.19313875, 45.73418606], [-118.19417255, 45.73355869], [-118.19494569, 45.73293404], [-118.19509845, 45.73267592], [-118.19509731, 45.73260392], [-118.19535407, 45.73234471], [-118.1953518, 45.73220072], [-118.19545507, 45.73212763], [-118.19544998, 45.73179465], [-118.19534484, 45.73172374], [-118.19534371, 45.73165174], [-118.19497595, 45.73147107], [-118.19413951, 45.73136731], [-118.1939291, 45.731257], [-118.19387463, 45.73111355], [-118.1937694, 45.73103815], [-118.19371457, 45.7308587], [-118.1935038, 45.73071239], [-118.19303238, 45.7306048], [-118.19287654, 45.73064243], [-118.19282397, 45.73060698], [-118.19266813, 45.73064461], [-118.19240712, 45.73064734], [-118.19214415, 45.73050157], [-118.19219101, 45.73013654], [-118.19208471, 45.73002964], [-118.19171734, 45.72988496], [-118.19109049, 45.72981499], [-118.19093276, 45.72974462], [-118.19082753, 45.72966921], [-118.19082677, 45.72963322], [-118.19087897, 45.72963267], [-118.19129243, 45.72937634], [-118.19144904, 45.7293747], [-118.19260022, 45.72962371], [-118.19265318, 45.72965916], [-118.19286159, 45.72965699], [-118.19296722, 45.72973239], [-118.19317639, 45.72976621], [-118.19349156, 45.72991143], [-118.19406734, 45.73005393], [-118.19412031, 45.73008938], [-118.19485034, 45.73008174], [-118.19521471, 45.73001042], [-118.19528659, 45.72970814], [-118.19537565, 45.7296847], [-118.19559636, 45.72952488], [-118.19566181, 45.72931717], [-118.19562806, 45.72903399], [-118.19580727, 45.72890611], [-118.19597254, 45.72887737], [-118.19611834, 45.72872733], [-118.19630873, 45.72867133], [-118.19687344, 45.72872842], [-118.19728106, 45.72887716], [-118.19775727, 45.72911519], [-118.19822942, 45.72929476], [-118.19843782, 45.72929257], [-118.19922593, 45.72965334], [-118.19933033, 45.72965224], [-118.19970311, 45.7303864], [-118.20015587, 45.73059767], [-118.20054019, 45.73089516], [-118.20127727, 45.73132846], [-118.20190003, 45.73163694], [-118.20247743, 45.73179738], [-118.2040353, 45.73192048], [-118.2042627, 45.73201709], [-118.20474835, 45.732318], [-118.20497527, 45.73239211], [-118.20582269, 45.73250018], [-118.2061326, 45.73251041], [-118.2069311, 45.73265949], [-118.20810829, 45.73334462], [-118.20869429, 45.73373446], [-118.20929134, 45.73400267], [-118.2098462, 45.73417681], [-118.21049317, 45.73456149], [-118.21162992, 45.73532352], [-118.21259629, 45.73615485], [-118.21350701, 45.73675274], [-118.21380691, 45.73704209], [-118.21408122, 45.73748472], [-118.21429757, 45.73766243], [-118.21561026, 45.73808501], [-118.2158395, 45.73820859], [-118.21624391, 45.73855532], [-118.21703502, 45.73950549], [-118.21723549, 45.7399129], [-118.21733096, 45.74003172], [-118.21733122, 45.7401167], [-118.21735356, 45.74015432], [-118.21736442, 45.74139102], [-118.21736869, 45.74187764], [-118.2172832, 45.74866996], [-118.21723922, 45.75216348], [-118.21429879, 45.752191], [-118.21157536, 45.75206711], [-118.21154124, 45.75555233], [-118.21150598, 45.75916283], [-118.21157271, 45.76103498], [-118.21163403, 45.76275557], [-118.2056601, 45.76281962], [-118.20093459, 45.76287028], [-118.20093281, 45.76403152], [-118.20092913, 45.76643333], [-118.19809933, 45.76645536], [-118.19565542, 45.76647438], [-118.19565445, 45.77002183], [-118.19038574, 45.77004698], [-118.18605636, 45.77002752], [-118.18525762, 45.77002393], [-118.1843599, 45.77001986], [-118.18012951, 45.77000068], [-118.18013829, 45.77183511], [-118.18014705, 45.77366863], [-118.17739858, 45.77367067], [-118.17481763, 45.77367258], [-118.17158297, 45.77367498], [-118.1694881, 45.77367654], [-118.16954969, 45.77065732], [-118.16956327, 45.76999129], [-118.16963294, 45.76657799], [-118.16963644, 45.76640644], [-118.16964015, 45.76622474], [-118.16970962, 45.7628215], [-118.16978278, 45.75923655], [-118.16871184, 45.75923292], [-118.16466732, 45.75921922], [-118.16456649, 45.75921887], [-118.16454193, 45.75921879], [-118.16462854, 45.75900565], [-118.1648169, 45.75835837], [-118.16495544, 45.75787942], [-118.16487942, 45.75727713]]]}, "properties": {"zone_name": "US-OR-UMA-UMC-243", "level": 3, "fire_name": "No named fire", "county": "Umatilla", "addresses": 1, "unmatched_addresses": 0, "unmatched_fraction_pct": 0, "geometry_source": "cached", "geometry_cache_age_days": 0, "overlapping_zips": [{"zip": "97886", "fraction_pct": 100.0}]}}, {"type": "Feature", "geometry": {"type": "Polygon", "coordinates": [[[-118.21733096, 45.74003172], [-118.21743987, 45.74016724], [-118.21761877, 45.74054338], [-118.21758226, 45.74082279], [-118.21764515, 45.74111015], [-118.21811674, 45.74149666], [-118.21849555, 45.74155113], [-118.21978355, 45.74142487], [-118.22053135, 45.74130437], [-118.22102546, 45.74130359], [-118.22147594, 45.74138428], [-118.22206616, 45.74175601], [-118.22228255, 45.74193371], [-118.22255488, 45.74207931], [-118.22300003, 45.74222756], [-118.22324575, 45.74238695], [-118.22363495, 45.74278782], [-118.22385911, 45.74289793], [-118.22412698, 45.74296706], [-118.22451414, 45.74301692], [-118.2254946, 45.74288039], [-118.22590543, 45.74276347], [-118.22626041, 45.74270115], [-118.22760428, 45.74224567], [-118.22823034, 45.74219843], [-118.22847303, 45.74221833], [-118.22995109, 45.74266147], [-118.23098281, 45.74292038], [-118.23227115, 45.74330253], [-118.23288906, 45.74335887], [-118.23367769, 45.74335935], [-118.23447929, 45.74331019], [-118.23497985, 45.74325527], [-118.23535059, 45.74316125], [-118.2357652, 45.74310726], [-118.23615218, 45.74309407], [-118.23722124, 45.74315], [-118.23869483, 45.74331405], [-118.23992366, 45.74327371], [-118.24032129, 45.74323339], [-118.24140777, 45.74302357], [-118.24169124, 45.74292597], [-118.24315194, 45.74261755], [-118.2450289, 45.7425296], [-118.24607127, 45.74225271], [-118.24652755, 45.7420137], [-118.24788247, 45.74155786], [-118.24893013, 45.74101535], [-118.2497113, 45.74055676], [-118.24999444, 45.74031964], [-118.25040078, 45.73978863], [-118.25073944, 45.73946539], [-118.2510787, 45.73929516], [-118.251956, 45.73875449], [-118.25314021, 45.73808895], [-118.25355706, 45.73779635], [-118.25436222, 45.73712144], [-118.25691809, 45.73548669], [-118.25928187, 45.73330044], [-118.25976861, 45.73295754], [-118.26056744, 45.73248968], [-118.26119295, 45.73231626], [-118.26179228, 45.73231865], [-118.26247973, 45.73223905], [-118.26417803, 45.73179723], [-118.26483343, 45.73161446], [-118.26529336, 45.73142035], [-118.26573701, 45.73116341], [-118.26615327, 45.73101028], [-118.26666173, 45.73097314], [-118.26742609, 45.73097367], [-118.26920659, 45.73104392], [-118.26956816, 45.73094089], [-118.26981937, 45.73078959], [-118.27030012, 45.73018568], [-118.27103621, 45.72952493], [-118.27171466, 45.72912134], [-118.27202651, 45.72900535], [-118.2730576, 45.72886786], [-118.27428539, 45.72883168], [-118.2746885, 45.72877317], [-118.27519336, 45.72859652], [-118.27600093, 45.72813296], [-118.27725887, 45.72781738], [-118.27869945, 45.72779677], [-118.28011412, 45.72757391], [-118.2807451, 45.72736432], [-118.28391254, 45.72653219], [-118.28500773, 45.72595282], [-118.28558257, 45.72574834], [-118.28699937, 45.72569189], [-118.2873665, 45.72560674], [-118.28801338, 45.72537443], [-118.28884668, 45.725023], [-118.28954413, 45.72449307], [-118.28973451, 45.7243019], [-118.29038905, 45.72344392], [-118.2907701, 45.72307508], [-118.29131711, 45.72276287], [-118.29156107, 45.7227016], [-118.29198586, 45.72285432], [-118.29291807, 45.72331183], [-118.29331095, 45.7234559], [-118.29381926, 45.72360766], [-118.2944093, 45.72366399], [-118.29487709, 45.72359118], [-118.2958409, 45.72336423], [-118.29711483, 45.72274222], [-118.29884079, 45.72221856], [-118.29908016, 45.72220234], [-118.29998651, 45.72252957], [-118.30024291, 45.72258966], [-118.3009666, 45.72259042], [-118.30250176, 45.72244692], [-118.30393946, 45.72241253], [-118.30478038, 45.72251544], [-118.30536936, 45.72271574], [-118.30630434, 45.72292558], [-118.3069906, 45.72283673], [-118.30782542, 45.72266066], [-118.30892194, 45.72213505], [-118.30920533, 45.72207779], [-118.30956518, 45.72209617], [-118.30986775, 45.72224122], [-118.3101547, 45.72231894], [-118.31087237, 45.72288678], [-118.31126792, 45.72314327], [-118.31181038, 45.72327656], [-118.31235609, 45.72325679], [-118.31333361, 45.72307004], [-118.31411155, 45.7230206], [-118.31497728, 45.72311865], [-118.31548127, 45.72322086], [-118.31634633, 45.72351243], [-118.31669144, 45.72356473], [-118.31623869, 45.72441706], [-118.31595876, 45.72494389], [-118.31573386, 45.72536716], [-118.31567795, 45.72547238], [-118.31438269, 45.72798982], [-118.31322433, 45.73024097], [-118.3129574, 45.7307597], [-118.31254425, 45.73156256], [-118.31226033, 45.73212259], [-118.31182184, 45.73298113], [-118.3110154, 45.73447456], [-118.31068453, 45.73508727], [-118.30956888, 45.73715311], [-118.30867024, 45.738817], [-118.30839935, 45.73931857], [-118.30819591, 45.73969743], [-118.30775617, 45.74051635], [-118.30666782, 45.74254302], [-118.30559031, 45.74454941], [-118.30531928, 45.74505405], [-118.30585535, 45.74556777], [-118.30646208, 45.74572863], [-118.3065499, 45.74574789], [-118.30681655, 45.74580638], [-118.30396958, 45.74583052], [-118.29880779, 45.74572944], [-118.29364597, 45.74562847], [-118.29371453, 45.74911409], [-118.28855622, 45.74909102], [-118.28553097, 45.74907725], [-118.285416, 45.748854], [-118.2847, 45.747999], [-118.284582, 45.747129], [-118.285033, 45.746263], [-118.28604092, 45.74565382], [-118.28666183, 45.74553502], [-118.28339386, 45.74553312], [-118.28337921, 45.74195279], [-118.28336449, 45.73838027], [-118.28302971, 45.7383753], [-118.27826495, 45.73829459], [-118.27826641, 45.74189012], [-118.2731536, 45.74182714], [-118.2680734, 45.74163276], [-118.26807172, 45.7452297], [-118.26803901, 45.74881031], [-118.2629971, 45.74859974], [-118.2579552, 45.74838926], [-118.2529133, 45.74817858], [-118.25309482, 45.76249296], [-118.24797582, 45.7625148], [-118.243061, 45.762469], [-118.24279996, 45.75894331], [-118.23762425, 45.75897876], [-118.23244864, 45.75901391], [-118.22721292, 45.75905127], [-118.22724997, 45.76263451], [-118.22473137, 45.76265412], [-118.22468911, 45.76267658], [-118.21163305, 45.76272804], [-118.21157271, 45.76103498], [-118.21150598, 45.75916283], [-118.21154124, 45.75555233], [-118.21157536, 45.75206711], [-118.21429879, 45.752191], [-118.21723922, 45.75216348], [-118.2172832, 45.74866996], [-118.21736869, 45.74187764], [-118.21736442, 45.74139102], [-118.21735356, 45.74015432], [-118.21733122, 45.7401167], [-118.21733096, 45.74003172]]]}, "properties": {"zone_name": "US-OR-UMA-UMC-153", "level": 3, "fire_name": "No named fire", "county": "Umatilla", "addresses": 9, "unmatched_addresses": 0, "unmatched_fraction_pct": 0, "geometry_source": "cached", "geometry_cache_age_days": 0, "overlapping_zips": [{"zip": "97810", "fraction_pct": 64.2}, {"zip": "97886", "fraction_pct": 35.8}]}}, {"type": "Feature", "geometry": {"type": "Polygon", "coordinates": [[[-118.08429681, 45.76659368], [-118.0838956, 45.76635526], [-118.08344552, 45.76603546], [-118.08309631, 45.76561533], [-118.08292851, 45.76544936], [-118.08248759, 45.76502744], [-118.08195713, 45.76443187], [-118.08148779, 45.76332771], [-118.08136027, 45.76307342], [-118.08119, 45.76284673], [-118.08113227, 45.76276987], [-118.08118798, 45.76260729], [-118.08119, 45.76260453], [-118.08134242, 45.76239651], [-118.08157262, 45.76226509], [-118.08203713, 45.76199991], [-118.08234909, 45.76203842], [-118.08279439, 45.76233966], [-118.08281025, 45.76235039], [-118.08303436, 45.76250199], [-118.08369484, 45.76231776], [-118.08379562, 45.76214697], [-118.08401598, 45.76198839], [-118.08430083, 45.7617834], [-118.08464681, 45.76156284], [-118.08469804, 45.76154804], [-118.08482562, 45.76151119], [-118.08521338, 45.76132486], [-118.08539473, 45.76099958], [-118.08544604, 45.76094849], [-118.08566115, 45.76073431], [-118.08591639, 45.76067997], [-118.08701871, 45.76070782], [-118.08716943, 45.76068178], [-118.08786369, 45.76089314], [-118.08790648, 45.76088142], [-118.08804609, 45.76084319], [-118.08807685, 45.76031634], [-118.0880474, 45.7600826], [-118.08798401, 45.75994369], [-118.0878037, 45.75974288], [-118.08734785, 45.75944569], [-118.08711721, 45.75921549], [-118.08712094, 45.75910612], [-118.08720893, 45.75892203], [-118.0873444, 45.75874348], [-118.08731311, 45.75806259], [-118.08746656, 45.75775588], [-118.08757756, 45.75769587], [-118.09010034, 45.75760455], [-118.09054222, 45.75755596], [-118.09062667, 45.75754668], [-118.09142863, 45.75739346], [-118.09171366, 45.75722215], [-118.09195588, 45.75690739], [-118.09216588, 45.75673959], [-118.09229097, 45.75666554], [-118.09279087, 45.75658343], [-118.09300204, 45.75673194], [-118.09328899, 45.75686466], [-118.09348824, 45.75695681], [-118.09490386, 45.75773534], [-118.09512308, 45.75793126], [-118.09512737, 45.75793793], [-118.09639714, 45.75991274], [-118.09698927, 45.76064064], [-118.09705983, 45.76068072], [-118.09730869, 45.76082209], [-118.09745975, 45.76086114], [-118.09793347, 45.76085659], [-118.09812189, 45.76089528], [-118.09827563, 45.76098831], [-118.09838234, 45.7611223], [-118.09838344, 45.76117866], [-118.09838631, 45.76132478], [-118.09845152, 45.76157618], [-118.09851364, 45.76167009], [-118.09866027, 45.76170059], [-118.09907211, 45.76178623], [-118.09937368, 45.76181483], [-118.09994957, 45.76165177], [-118.10028727, 45.76161702], [-118.10066401, 45.7616674], [-118.10181225, 45.76191735], [-118.10261169, 45.76192314], [-118.10301877, 45.7618607], [-118.10341782, 45.76198286], [-118.10370062, 45.76216015], [-118.10385339, 45.76281574], [-118.10404172, 45.76305244], [-118.10433131, 45.76320716], [-118.10492719, 45.76340629], [-118.10499882, 45.76343023], [-118.10502139, 45.76402407], [-118.10510918, 45.76468479], [-118.10526435, 45.76497132], [-118.10568172, 45.76656945], [-118.10581251, 45.76688321], [-118.1060047, 45.76715138], [-118.10612607, 45.76741573], [-118.10624494, 45.76885473], [-118.10634074, 45.76902482], [-118.10661018, 45.76925624], [-118.10680761, 45.76952435], [-118.10697002, 45.76981081], [-118.10700519, 45.77004449], [-118.10703986, 45.77031418], [-118.10688928, 45.77121574], [-118.10679911, 45.77151364], [-118.10662802, 45.77178533], [-118.10656838, 45.7719517], [-118.10653224, 45.77205252], [-118.10649851, 45.77214662], [-118.10625591, 45.77264402], [-118.10630867, 45.77287303], [-118.10651398, 45.77297793], [-118.10681868, 45.77313362], [-118.10721377, 45.77329727], [-118.10752489, 45.77359103], [-118.10758669, 45.77474019], [-118.10758976, 45.77692288], [-118.10793827, 45.77793376], [-118.10865319, 45.77897433], [-118.10985236, 45.78049844], [-118.111229, 45.7825248], [-118.11174811, 45.7828121], [-118.11117021, 45.78338009], [-118.1089599, 45.7855452], [-118.108671, 45.7858037], [-118.1083553, 45.786024], [-118.1079351, 45.7861988], [-118.1075745, 45.7862281], [-118.1074481, 45.7862172], [-118.1073112, 45.7862024], [-118.1070113, 45.7861235], [-118.1065846, 45.7859469], [-118.1062328, 45.7855799], [-118.1055427, 45.7843944], [-118.1050281, 45.7839252], [-118.1041257, 45.783397], [-118.1014577, 45.78208], [-118.1002452, 45.7814247], [-118.0992997, 45.7809947], [-118.0982278, 45.7806748], [-118.0972425, 45.7805389], [-118.0960812, 45.7805447], [-118.0952299, 45.7805953], [-118.0938367, 45.7807188], [-118.0934153, 45.7807628], [-118.0918769, 45.7808655], [-118.09178249, 45.78086385], [-118.0911997, 45.7808537], [-118.0905373, 45.7807011], [-118.0901523, 45.78059], [-118.09001165, 45.78053909], [-118.0897188, 45.7804331], [-118.088239, 45.779861], [-118.0868553, 45.7793479], [-118.0852762, 45.77873735], [-118.083182, 45.777902], [-118.0817887, 45.7773889], [-118.0808718, 45.7769454], [-118.0801948, 45.776452], [-118.0791567, 45.7753911], [-118.0784883, 45.7746726], [-118.07938261, 45.77456443], [-118.07964643, 45.77456883], [-118.07995035, 45.77464527], [-118.08013148, 45.77482671], [-118.0801282, 45.7751716], [-118.08023678, 45.77548267], [-118.08051698, 45.77575497], [-118.08153068, 45.77624171], [-118.08193837, 45.77627229], [-118.08230574, 45.77623678], [-118.0836109, 45.77541995], [-118.08376855, 45.77529174], [-118.08402913, 45.77514144], [-118.08419285, 45.7750847], [-118.0844976, 45.77513735], [-118.08496795, 45.77532797], [-118.08527924, 45.77541952], [-118.0855833, 45.77540763], [-118.08580106, 45.77536055], [-118.08596413, 45.7752915], [-118.08611888, 45.77514601], [-118.08626127, 45.77506815], [-118.0863097, 45.77462214], [-118.08624245, 45.77360118], [-118.0861951, 45.77331382], [-118.08612992, 45.77291818], [-118.08614315, 45.77258502], [-118.08622345, 45.77236234], [-118.086224, 45.772344], [-118.08623355, 45.77233436], [-118.08624575, 45.77230051], [-118.08637949, 45.77208772], [-118.08650189, 45.77197404], [-118.08652308, 45.77193155], [-118.08658081, 45.77181578], [-118.08664517, 45.77107259], [-118.08682845, 45.77054986], [-118.08688038, 45.77040177], [-118.08691678, 45.77029794], [-118.08696265, 45.76995138], [-118.08672389, 45.76956202], [-118.0864301, 45.76927258], [-118.0863372, 45.76918105], [-118.086289405, 45.769133965], [-118.08599048, 45.76883946], [-118.08588104, 45.76871382], [-118.0856156, 45.7684091], [-118.08532135, 45.76776383], [-118.08522443, 45.76744972], [-118.08521803, 45.76744029], [-118.08429681, 45.76659368]]]}, "properties": {"zone_name": "US-OR-UMA-UMC-1406020", "level": 3, "fire_name": "No named fire", "county": "Umatilla", "addresses": 69, "unmatched_addresses": 0, "unmatched_fraction_pct": 0, "geometry_source": "cached", "geometry_cache_age_days": 0, "overlapping_zips": [{"zip": "97886", "fraction_pct": 100.0}]}}, {"type": "Feature", "geometry": {"type": "Polygon", "coordinates": [[[-118.02958446, 45.73228434], [-118.03014496, 45.73259987], [-118.03017419, 45.73257996], [-118.03135855, 45.73327133], [-118.03255981, 45.73409305], [-118.0330983, 45.73454273], [-118.034182, 45.73575599], [-118.03551701, 45.738111], [-118.03582799, 45.73854499], [-118.03674604, 45.7395608], [-118.03762977, 45.74041069], [-118.03858711, 45.74154059], [-118.03918827, 45.74252522], [-118.03989964, 45.74347283], [-118.04035266, 45.74394125], [-118.04140737, 45.7446832], [-118.04198242, 45.74501549], [-118.04243294, 45.74532641], [-118.0429044, 45.74568214], [-118.04350269, 45.74622572], [-118.04458921, 45.74726889], [-118.04511952, 45.74784909], [-118.04559216, 45.7482453], [-118.04659674, 45.7493072], [-118.04912861, 45.75180873], [-118.04941653, 45.75203561], [-118.05001573, 45.75264217], [-118.05056282, 45.7532762], [-118.05138684, 45.75410571], [-118.05178753, 45.75462407], [-118.05287567, 45.75567166], [-118.05334105, 45.75616692], [-118.05421186, 45.75693747], [-118.05497898, 45.75755399], [-118.05525301, 45.757862], [-118.0559962, 45.75854566], [-118.05611521, 45.75863456], [-118.05696075, 45.75906329], [-118.05802913, 45.75948094], [-118.06015007, 45.76005084], [-118.06137608, 45.76047149], [-118.06228949, 45.76102106], [-118.06291887, 45.76153276], [-118.06363021, 45.76250724], [-118.06363394, 45.76268272], [-118.06377423, 45.76308646], [-118.06380267, 45.76350474], [-118.06377198, 45.76442762], [-118.0636731, 45.76518912], [-118.06350802, 45.76597602], [-118.06351123, 45.76673879], [-118.06358576, 45.76704412], [-118.06377819, 45.76742037], [-118.06435301, 45.7682071], [-118.06478837, 45.76854958], [-118.06548263, 45.76897965], [-118.06644603, 45.76955049], [-118.06642695, 45.77209708], [-118.066445, 45.77333808], [-118.05992695, 45.77355903], [-118.05466997, 45.77354098], [-118.05307898, 45.77352995], [-118.04505503, 45.77353898], [-118.04503597, 45.77482393], [-118.04503508, 45.774877], [-118.04482146, 45.77478259], [-118.04479126, 45.77477678], [-118.04448623, 45.77471815], [-118.04427766, 45.77474256], [-118.04403056, 45.77492696], [-118.04400292, 45.77494759], [-118.04357255, 45.7757526], [-118.0434898, 45.77653194], [-118.04335629, 45.77685269], [-118.04302515, 45.77711674], [-118.04259901, 45.77732901], [-118.04247654, 45.77744578], [-118.04246632, 45.77765326], [-118.04243395, 45.77831025], [-118.0425367, 45.77907889], [-118.04283074, 45.77973118], [-118.04289229, 45.77986773], [-118.04304532, 45.78008923], [-118.04375124, 45.78111101], [-118.04476125, 45.78210988], [-118.04494343, 45.78232873], [-118.04494871, 45.78261222], [-118.04464246, 45.78324491], [-118.02998046, 45.77905303], [-117.99834759, 45.77784781], [-117.97671895, 45.76818078], [-117.97669542, 45.76819947], [-117.97602699, 45.76756564], [-117.9759969, 45.76755361], [-117.9755226, 45.767364], [-117.97504598, 45.76719906], [-117.9754263, 45.76721506], [-117.97594902, 45.76730959], [-117.97613913, 45.76734396], [-117.97653345, 45.76746209], [-117.97675109, 45.76728921], [-117.97670025, 45.76718613], [-117.97657513, 45.7671557], [-117.97621373, 45.76681838], [-117.97605913, 45.76667408], [-117.97586459, 45.76659249], [-117.97567005, 45.7665109], [-117.97386829, 45.76593228], [-117.972658, 45.76550608], [-117.97218563, 45.76542911], [-117.97182844, 45.76520264], [-117.97174779, 45.76510578], [-117.97131867, 45.76459043], [-117.97110249, 45.76443026], [-117.97072754, 45.76419943], [-117.96967567, 45.76384386], [-117.96916177, 45.76353838], [-117.96904871, 45.76347117], [-117.96866649, 45.76337252], [-117.96795149, 45.76318797], [-117.96721345, 45.76315375], [-117.96638436, 45.76307531], [-117.96612216, 45.7630505], [-117.96608234, 45.76302252], [-117.96588174, 45.76288153], [-117.96573505, 45.76267125], [-117.96538993, 45.76235015], [-117.96510814, 45.76201951], [-117.96470711, 45.76167187], [-117.96368345, 45.761199], [-117.9633522, 45.76107579], [-117.96228852, 45.76028371], [-117.9620628, 45.76019508], [-117.96199681, 45.76016917], [-117.96067126, 45.75985183], [-117.95997498, 45.75957868], [-117.95922818, 45.7591777], [-117.9591415, 45.75913117], [-117.95904779, 45.75906585], [-117.95787179, 45.75824627], [-117.95761185, 45.75813145], [-117.95781176, 45.75808991], [-117.95797303, 45.7580564], [-117.95802175, 45.75808893], [-117.95828029, 45.75812035], [-117.95827627, 45.75799104], [-117.95816835, 45.75788393], [-117.95793652, 45.757854], [-117.95790658, 45.75785013], [-117.95763993, 45.75767236], [-117.95752645, 45.75738079], [-117.95720616, 45.75716746], [-117.95715393, 45.7571679], [-117.95672957, 45.75695545], [-117.95646638, 45.75688565], [-117.95614751, 45.75670831], [-117.95604305, 45.75670919], [-117.95566992, 45.7564603], [-117.95529984, 45.75631939], [-117.95430943, 45.75637271], [-117.9541503, 45.75630204], [-117.95409503, 45.75619449], [-117.95409009, 45.75604602], [-117.95424225, 45.75589623], [-117.95460292, 45.75574469], [-117.95470535, 45.75567182], [-117.9547019, 45.75556384], [-117.95459392, 45.75545223], [-117.9543273, 45.75527445], [-117.95412406, 45.75519921], [-117.95412257, 45.75515446], [-117.95427472, 45.75500467], [-117.95463539, 45.75485313], [-117.95473782, 45.75478026], [-117.95473437, 45.75467228], [-117.95464841, 45.75458344], [-117.95462639, 45.75456068], [-117.95435977, 45.7543829], [-117.95430754, 45.75438333], [-117.95411609, 45.75428738], [-117.95449982, 45.75410289], [-117.95489469, 45.75400435], [-117.95496636, 45.75398646], [-117.95499988, 45.75398275], [-117.95611098, 45.75385984], [-117.95647407, 45.75378028], [-117.95652731, 45.75381583], [-117.95657853, 45.7537794], [-117.95699486, 45.7537354], [-117.95704607, 45.75369896], [-117.95839952, 45.75356606], [-117.95871391, 45.75359941], [-117.95875805, 45.75356801], [-117.95949787, 45.75362431], [-117.95955152, 45.75365986], [-117.96095821, 45.75356248], [-117.96142574, 45.75348202], [-117.96168444, 45.75340783], [-117.96184113, 45.7534065], [-117.96189226, 45.75336557], [-117.96267031, 45.75321047], [-117.96396498, 45.75286198], [-117.96465394, 45.75276126], [-117.96510886, 45.75269476], [-117.96513449, 45.75267638], [-117.96515967, 45.75265833], [-117.9659927, 45.75257025], [-117.9660437, 45.75253382], [-117.96609471, 45.75249738], [-117.96617201, 45.75249672], [-117.96635585, 45.75249516], [-117.96640657, 45.75245423], [-117.96713278, 45.75229954], [-117.96718643, 45.75233509], [-117.96801763, 45.75221101], [-117.96827521, 45.7520963], [-117.96853075, 45.75190961], [-117.96858297, 45.75190917], [-117.96898655, 45.75171149], [-117.96920014, 45.75160688], [-117.96987615, 45.75152461], [-117.97006506, 45.75153248], [-117.97050381, 45.75155076], [-117.97191193, 45.75149374], [-117.97196518, 45.75152929], [-117.97238354, 45.75155722], [-117.97243719, 45.75159276], [-117.97306698, 45.75169539], [-117.97353654, 45.75168687], [-117.97358774, 45.75165043], [-117.97447605, 45.75166983], [-117.97452931, 45.75170538], [-117.97473924, 45.75173958], [-117.97479044, 45.75170314], [-117.97494712, 45.7517018], [-117.97510474, 45.75173195], [-117.97601033, 45.75230475], [-117.97606256, 45.7523043], [-117.97653917, 45.75251623], [-117.97680237, 45.75258598], [-117.97695897, 45.75258013], [-117.97711771, 45.75265078], [-117.97753656, 45.75268318], [-117.97822201, 45.75288881], [-117.97906026, 45.75298512], [-117.97916718, 45.7530562], [-117.97927163, 45.7530553], [-117.97979906, 45.75323078], [-117.98053193, 45.75342487], [-117.98058906, 45.75344], [-117.98142979, 45.75360827], [-117.98205604, 45.75359837], [-117.98209328, 45.75357185], [-117.98221162, 45.75355652], [-117.98251997, 45.75340534], [-117.98313151, 45.75292301], [-117.98344232, 45.75284382], [-117.98364078, 45.75286078], [-117.98454211, 45.75293782], [-117.98459538, 45.75297336], [-117.98579811, 45.75302595], [-117.98600455, 45.75295216], [-117.98662865, 45.75286574], [-117.98666042, 45.75284294], [-117.98719812, 45.75271228], [-117.98726486, 45.75266159], [-117.98730002, 45.75263489], [-117.98740225, 45.75263401], [-117.98747807, 45.75258145], [-117.98755764, 45.75252465], [-117.98766209, 45.75252374], [-117.98771321, 45.75248279], [-117.98823045, 45.75232979], [-117.98849261, 45.75236351], [-117.98880549, 45.75235629], [-117.98897431, 45.75227362], [-117.98911422, 45.7522051], [-117.98938834, 45.75214665], [-117.98984036, 45.75205027], [-117.99053852, 45.75197218], [-117.99095151, 45.75058244], [-117.99103951, 45.75044666], [-117.9912776, 45.75032308], [-117.99133803, 45.75030438], [-117.99163684, 45.75021194], [-117.99201413, 45.75030316], [-117.99292847, 45.75081724], [-117.99334713, 45.7509531], [-117.99404975, 45.75110448], [-117.9944844, 45.7512807], [-117.99514917, 45.75147291], [-117.99583372, 45.75160193], [-117.99631378, 45.75173275], [-117.99684962, 45.75179106], [-117.99713854, 45.75188304], [-117.99743116, 45.75193448], [-117.99774396, 45.75187773], [-117.99819938, 45.75166221], [-117.99866917, 45.75159959], [-117.99951627, 45.75165066], [-118.00010562, 45.75173549], [-118.00058819, 45.75175825], [-118.00104898, 45.75173169], [-118.00152455, 45.75156551], [-118.00161344, 45.75149215], [-118.00166235, 45.75145179], [-118.00176429, 45.75133814], [-118.00194717, 45.75113426], [-118.00218539, 45.75074962], [-118.00235451, 45.7503881], [-118.00231593, 45.75007341], [-118.00201843, 45.74959613], [-118.00191138, 45.7494244], [-118.00188579, 45.74936565], [-118.00180789, 45.74918678], [-118.00183657, 45.74906052], [-118.00196239, 45.74892891], [-118.00274742, 45.748769], [-118.0030021, 45.74867676], [-118.00324936, 45.748658], [-118.00409049, 45.74840617], [-118.00457768, 45.74832988], [-118.00528349, 45.74832367], [-118.00626667, 45.74822999], [-118.00632432, 45.7482245], [-118.00636491, 45.74822255], [-118.00701477, 45.74819141], [-118.007438, 45.74808867], [-118.00771037, 45.7479809], [-118.00779864, 45.74794597], [-118.00790837, 45.74781022], [-118.00801481, 45.74767854], [-118.00822697, 45.74753046], [-118.00840009, 45.74740962], [-118.00843005, 45.74740144], [-118.0085876, 45.74735846], [-118.00912652, 45.74729969], [-118.0092689, 45.74723228], [-118.00931056, 45.74721256], [-118.00975687, 45.74679682], [-118.00992026, 45.74664462], [-118.00998983, 45.7465472], [-118.01012403, 45.74635929], [-118.01016034, 45.74634542], [-118.01043766, 45.74623951], [-118.0107386, 45.74621884], [-118.0107825, 45.74619428], [-118.01090208, 45.74612739], [-118.01106836, 45.74586261], [-118.01113796, 45.74575177], [-118.0113174, 45.74509762], [-118.01160053, 45.74478008], [-118.01174115, 45.74455832], [-118.0119238, 45.74437218], [-118.01220937, 45.74421214], [-118.0127195, 45.74382958], [-118.01310292, 45.74334914], [-118.01344443, 45.74307076], [-118.01349922, 45.74302609], [-118.01353696, 45.74293575], [-118.01335399, 45.74239283], [-118.0133649, 45.7423384], [-118.01338136, 45.7422563], [-118.01353075, 45.74213452], [-118.01356848, 45.74204418], [-118.01345936, 45.74175778], [-118.0135506, 45.74142326], [-118.01367604, 45.74096334], [-118.0137539, 45.74033709], [-118.01371029, 45.74005044], [-118.01376586, 45.73960298], [-118.01378542, 45.73944552], [-118.01376407, 45.73930522], [-118.01374613, 45.73918729], [-118.01392665, 45.73867193], [-118.01397937, 45.73852142], [-118.01409258, 45.7383179], [-118.0141837, 45.73742601], [-118.01441802, 45.73681187], [-118.01443332, 45.73674359], [-118.01447155, 45.73657288], [-118.01483588, 45.7361511], [-118.01529011, 45.73583654], [-118.0163015, 45.735346], [-118.01662756, 45.73514057], [-118.01712961, 45.73414151], [-118.01714497, 45.73390285], [-118.01719456, 45.73374307], [-118.017222, 45.73365464], [-118.01741737, 45.73346389], [-118.01760499, 45.73315619], [-118.0175279, 45.73295886], [-118.01726569, 45.73275113], [-118.01746344, 45.73252837], [-118.01758531, 45.73239108], [-118.01763644, 45.73226461], [-118.01755935, 45.73206728], [-118.01693288, 45.73154181], [-118.0164692, 45.73124441], [-118.01608013, 45.73091902], [-118.01607502, 45.73024965], [-118.01613411, 45.72985117], [-118.01594353, 45.72768026], [-118.01570924, 45.72700728], [-118.0156548, 45.72672874], [-118.01528756, 45.72615339], [-118.01541957, 45.72574995], [-118.01542109, 45.72571669], [-118.01543051, 45.72551133], [-118.01532789, 45.72522797], [-118.01540651, 45.72499203], [-118.01545105, 45.72485837], [-118.01546199, 45.72461975], [-118.01534828, 45.72430574], [-118.01514198, 45.72402405], [-118.01492286, 45.72387748], [-118.01454907, 45.72372779], [-118.01440665, 45.72355804], [-118.01440291, 45.72335105], [-118.01444696, 45.72321114], [-118.01456705, 45.72301206], [-118.01477997, 45.72281665], [-118.014961, 45.72256752], [-118.01536729, 45.72259147], [-118.01542534, 45.72259489], [-118.01547501, 45.72260608], [-118.01582898, 45.72268581], [-118.01676677, 45.72322201], [-118.01693996, 45.72340499], [-118.01696024, 45.72368223], [-118.0170222, 45.72452936], [-118.01751837, 45.72544753], [-118.01774068, 45.72576958], [-118.01811742, 45.72605875], [-118.01867743, 45.72634402], [-118.01902909, 45.72652316], [-118.0191394, 45.72660744], [-118.0194832, 45.72687014], [-118.0197876, 45.72715545], [-118.02001948, 45.72745978], [-118.020126, 45.72776448], [-118.02030127, 45.72862829], [-118.02031924, 45.72871685], [-118.02055618, 45.7290211], [-118.02060464, 45.72908333], [-118.02078283, 45.72920775], [-118.02107818, 45.72930412], [-118.0236184, 45.72975842], [-118.02372749, 45.72985195], [-118.02498282, 45.73017822], [-118.02578095, 45.7305986], [-118.02661476, 45.73138768], [-118.02727594, 45.73174177], [-118.02789374, 45.73189822], [-118.02850612, 45.73213123], [-118.0286877, 45.73217145], [-118.02956035, 45.73236476], [-118.02958446, 45.73228434]]]}, "properties": {"zone_name": "US-OR-UNI-UCO-140624S", "level": 3, "fire_name": "No named fire", "county": "Union", "addresses": 2, "unmatched_addresses": 1, "unmatched_fraction_pct": 54.0, "geometry_source": "cached", "geometry_cache_age_days": 0, "overlapping_zips": [{"zip": "97827", "fraction_pct": 46.0}]}}, {"type": "Feature", "geometry": {"type": "Polygon", "coordinates": [[[-118.0663173, 45.72425404], [-118.06647107, 45.73217804], [-118.06658004, 45.73759197], [-118.06676105, 45.74644994], [-118.06673297, 45.74976094], [-118.06664907, 45.75526897], [-118.06645904, 45.767814], [-118.06644603, 45.76955049], [-118.06548263, 45.76897965], [-118.06478837, 45.76854958], [-118.06435301, 45.7682071], [-118.06377819, 45.76742037], [-118.06358576, 45.76704412], [-118.06351123, 45.76673879], [-118.06350802, 45.76597602], [-118.0636731, 45.76518912], [-118.06377198, 45.76442762], [-118.06380267, 45.76350474], [-118.06377423, 45.76308646], [-118.06363394, 45.76268272], [-118.06363021, 45.76250724], [-118.06291887, 45.76153276], [-118.06228949, 45.76102106], [-118.06137608, 45.76047149], [-118.06015007, 45.76005084], [-118.05802913, 45.75948094], [-118.05696075, 45.75906329], [-118.05611521, 45.75863456], [-118.0559962, 45.75854566], [-118.05525301, 45.757862], [-118.05497898, 45.75755399], [-118.05421186, 45.75693747], [-118.05334105, 45.75616692], [-118.05287567, 45.75567166], [-118.05178753, 45.75462407], [-118.05138684, 45.75410571], [-118.05056282, 45.7532762], [-118.05001573, 45.75264217], [-118.04941653, 45.75203561], [-118.04912861, 45.75180873], [-118.04659674, 45.7493072], [-118.04559216, 45.7482453], [-118.04511952, 45.74784909], [-118.04458921, 45.74726889], [-118.04350269, 45.74622572], [-118.0429044, 45.74568214], [-118.04243294, 45.74532641], [-118.04198242, 45.74501549], [-118.04140737, 45.7446832], [-118.04035266, 45.74394125], [-118.03989964, 45.74347283], [-118.03918827, 45.74252522], [-118.03858711, 45.74154059], [-118.03762977, 45.74041069], [-118.03674604, 45.7395608], [-118.03582799, 45.73854499], [-118.03551701, 45.738111], [-118.034182, 45.73575599], [-118.0330983, 45.73454273], [-118.03255981, 45.73409305], [-118.03135855, 45.73327133], [-118.03017419, 45.73257996], [-118.03014496, 45.73259987], [-118.02958446, 45.73228434], [-118.02956358, 45.72895254], [-118.03137057, 45.72736447], [-118.03160661, 45.72540954], [-118.03462896, 45.72386259], [-118.0373409, 45.72403604], [-118.03885618, 45.72400837], [-118.04236616, 45.72313443], [-118.04443384, 45.72287819], [-118.0477744, 45.72442775], [-118.04910936, 45.72371293], [-118.05048571, 45.72376601], [-118.05376272, 45.7224893], [-118.05569682, 45.72166559], [-118.05856066, 45.72199946], [-118.06004937, 45.72140201], [-118.06118296, 45.72008185], [-118.06628651, 45.72425552], [-118.0663173, 45.72425404]]]}, "properties": {"zone_name": "US-OR-UNI-UCO-140618N", "level": 3, "fire_name": "No named fire", "county": "Union", "addresses": 42, "unmatched_addresses": 13, "unmatched_fraction_pct": 31.3, "geometry_source": "cached", "geometry_cache_age_days": 0, "overlapping_zips": [{"zip": "97827", "fraction_pct": 68.1}, {"zip": "97886", "fraction_pct": 0.6}]}}, {"type": "Feature", "geometry": {"type": "Polygon", "coordinates": [[[-118.11044967, 45.78137765], [-118.10985236, 45.78049844], [-118.10865319, 45.77897433], [-118.10793827, 45.77793376], [-118.10758976, 45.77692288], [-118.10758669, 45.77474019], [-118.10752489, 45.77359103], [-118.10733413, 45.77288644], [-118.10745097, 45.77270399], [-118.10825941, 45.77221176], [-118.10862843, 45.77187289], [-118.11005554, 45.77070688], [-118.11035938, 45.77053345], [-118.11148202, 45.7700642], [-118.11280483, 45.76921165], [-118.11320884, 45.76874207], [-118.11324201, 45.76857073], [-118.11315974, 45.76811248], [-118.11309178, 45.76725971], [-118.11311974, 45.76642755], [-118.11303402, 45.76593847], [-118.1129405, 45.7656812], [-118.11256148, 45.76530626], [-118.11254274, 45.76510375], [-118.11300757, 45.76514815], [-118.11325054, 45.7652403], [-118.11341596, 45.7654142], [-118.11361849, 45.76569576], [-118.11421472, 45.76675656], [-118.11431971, 45.76704356], [-118.11433673, 45.76727292], [-118.11487291, 45.76792025], [-118.11550648, 45.76847213], [-118.11617053, 45.76930273], [-118.11625543, 45.76950892], [-118.1162915, 45.76988661], [-118.11626313, 45.77015691], [-118.11605928, 45.77041874], [-118.11586669, 45.77057616], [-118.11583797, 45.77067085], [-118.11586376, 45.77117084], [-118.11607823, 45.77137656], [-118.11609977, 45.77149585], [-118.11585173, 45.77178321], [-118.11582952, 45.77193748], [-118.11596921, 45.77208844], [-118.1168444, 45.77264991], [-118.11706265, 45.77271886], [-118.11757424, 45.77275436], [-118.11797026, 45.77271898], [-118.11813895, 45.77263182], [-118.11812271, 45.77240246], [-118.11773094, 45.77208676], [-118.1176012, 45.7718495], [-118.11766394, 45.77156986], [-118.11804074, 45.77111613], [-118.11823135, 45.77101975], [-118.11839841, 45.7708516], [-118.11860616, 45.77046702], [-118.11882734, 45.7699293], [-118.11914276, 45.77002522], [-118.1198296, 45.77016559], [-118.12041251, 45.77009145], [-118.12078354, 45.76997655], [-118.12087767, 45.76987319], [-118.12105025, 45.76935251], [-118.12194271, 45.76800405], [-118.12202593, 45.76767347], [-118.12246354, 45.7670621], [-118.12277348, 45.76670437], [-118.12290986, 45.76644492], [-118.12313566, 45.76631181], [-118.12343725, 45.76620374], [-118.12396027, 45.76609332], [-118.1243196, 45.76629543], [-118.12462355, 45.76637175], [-118.12447478, 45.76598276], [-118.12453179, 45.76580527], [-118.12479428, 45.76561457], [-118.12497092, 45.76540207], [-118.1251611, 45.76531596], [-118.1253667, 45.76527768], [-118.12642415, 45.76547926], [-118.126813, 45.76530717], [-118.12721529, 45.76524235], [-118.1274862, 45.76503266], [-118.12784181, 45.76458051], [-118.12809312, 45.76444781], [-118.12818296, 45.76430654], [-118.12901821, 45.76376703], [-118.12934392, 45.76370096], [-118.1294996, 45.76359603], [-118.12979477, 45.76352594], [-118.13032177, 45.76316394], [-118.13088277, 45.76305194], [-118.13146777, 45.76298694], [-118.13239677, 45.76266894], [-118.13343977, 45.76420094], [-118.13392977, 45.76468094], [-118.13399377, 45.76577894], [-118.13536477, 45.76662494], [-118.13618077, 45.76701394], [-118.13627877, 45.76715094], [-118.13621377, 45.76744794], [-118.13559177, 45.76833994], [-118.13542777, 45.76893394], [-118.13565577, 45.76936794], [-118.13689677, 45.77067194], [-118.13758177, 45.77119794], [-118.13882177, 45.77275294], [-118.13921377, 45.77307294], [-118.13989877, 45.77321094], [-118.14029077, 45.77337094], [-118.14091177, 45.77378294], [-118.14140177, 45.77277694], [-118.14143577, 45.77133694], [-118.14166577, 45.77021694], [-118.14251477, 45.76980594], [-118.14293977, 45.76937194], [-118.14365877, 45.76886894], [-118.14496677, 45.76825194], [-118.14519577, 45.76800094], [-118.14607777, 45.76772694], [-118.14620877, 45.76708694], [-118.14611177, 45.76594394], [-118.14536177, 45.76530294], [-118.14536177, 45.76502894], [-118.14565677, 45.76409194], [-118.14617877, 45.76384094], [-118.14670177, 45.76372694], [-118.14692977, 45.76390994], [-118.14692977, 45.76427494], [-118.14643977, 45.76475494], [-118.14640677, 45.76505194], [-118.14656977, 45.76509794], [-118.14872577, 45.76498494], [-118.14902453, 45.76486424], [-118.14957477, 45.76464194], [-118.14983677, 45.76461894], [-118.15032577, 45.76482494], [-118.15065278, 45.76514494], [-118.15065177, 45.76631094], [-118.15084778, 45.76669994], [-118.15221878, 45.76699694], [-118.15228477, 45.76681494], [-118.15166477, 45.76619694], [-118.15150177, 45.76564794], [-118.15169777, 45.76539694], [-118.15192577, 45.76537394], [-118.15228477, 45.76596894], [-118.15254678, 45.76610594], [-118.15283977, 45.76615194], [-118.15284078, 45.76589994], [-118.15267777, 45.76560294], [-118.15267777, 45.76445994], [-118.15231977, 45.76356794], [-118.15189477, 45.76324794], [-118.15226376, 45.76289293], [-118.15219304, 45.7628046], [-118.15179373, 45.76230586], [-118.1521781, 45.761339], [-118.15240802, 45.76051665], [-118.15348376, 45.7602901], [-118.15411071, 45.75963927], [-118.15447453, 45.75918438], [-118.15459569, 45.75901972], [-118.15453956, 45.75894828], [-118.15450794, 45.75852556], [-118.15434132, 45.75781167], [-118.15438051, 45.75774376], [-118.15524719, 45.75738846], [-118.15584446, 45.75698638], [-118.15613077, 45.75652893], [-118.15633013, 45.7564144], [-118.15643473, 45.75626483], [-118.15665979, 45.75609153], [-118.15713944, 45.75587065], [-118.15739402, 45.75582306], [-118.15795841, 45.75579484], [-118.15828147, 45.75581407], [-118.15841783, 45.75589819], [-118.15886067, 45.75650127], [-118.15929336, 45.75680492], [-118.15959335, 45.75693488], [-118.15987505, 45.75699783], [-118.16032966, 45.75704792], [-118.16059926, 45.75713311], [-118.16083145, 45.75711303], [-118.16114878, 45.75714427], [-118.1613694, 45.75732145], [-118.16184828, 45.75746232], [-118.16283388, 45.75762448], [-118.16300038, 45.75770132], [-118.16335558, 45.75779672], [-118.16357792, 45.75782146], [-118.1639017, 45.7577663], [-118.16455972, 45.75784341], [-118.16472226, 45.75789809], [-118.16495544, 45.75787942], [-118.1648169, 45.75835837], [-118.16462854, 45.75900565], [-118.16454193, 45.75921879], [-118.16456649, 45.75921887], [-118.16447048, 45.75948654], [-118.16412356, 45.76007964], [-118.16410808, 45.76028231], [-118.16438728, 45.76076102], [-118.16454039, 45.76093498], [-118.16469591, 45.76170747], [-118.1648538, 45.76211091], [-118.16528932, 45.76291655], [-118.16539565, 45.763217], [-118.16547621, 45.76374723], [-118.16547996, 45.76392721], [-118.16542412, 45.7641213], [-118.1652388, 45.76431221], [-118.16503283, 45.76447633], [-118.16449993, 45.76474729], [-118.16441201, 45.7648292], [-118.16444115, 45.76522494], [-118.16458402, 45.76546651], [-118.16460572, 45.76560131], [-118.16452951, 45.76616914], [-118.16460757, 45.76655989], [-118.16493327, 45.7668761], [-118.16529725, 45.76711991], [-118.16570383, 45.7674983], [-118.16581316, 45.76794273], [-118.16577269, 45.76819967], [-118.16555602, 45.76852592], [-118.1650236, 45.76978698], [-118.16508844, 45.77002485], [-118.16559104, 45.77069029], [-118.16571218, 45.77123811], [-118.16574655, 45.77190383], [-118.165957, 45.77245524], [-118.16624321, 45.77280335], [-118.16654841, 45.77307927], [-118.16681109, 45.7732431], [-118.16690549, 45.77347166], [-118.16665166, 45.7739828], [-118.16669336, 45.77424791], [-118.16718685, 45.77453089], [-118.16738579, 45.77472238], [-118.16741397, 45.77489761], [-118.16739706, 45.7750508], [-118.16721134, 45.77522371], [-118.16693391, 45.77531656], [-118.16672725, 45.77544918], [-118.1657695, 45.77590001], [-118.16549663, 45.77609631], [-118.16543686, 45.77621844], [-118.16546343, 45.7765287], [-118.16574091, 45.77734495], [-118.16586383, 45.77745621], [-118.16686185, 45.77812559], [-118.16755852, 45.77868553], [-118.16770339, 45.77876955], [-118.16793847, 45.77899667], [-118.16863838, 45.77955657], [-118.16897355, 45.77985917], [-118.16931071, 45.78023826], [-118.16961472, 45.78047368], [-118.17037004, 45.78081698], [-118.17069359, 45.78102518], [-118.1709091, 45.7812176], [-118.17035867, 45.78136491], [-118.1696974, 45.781643], [-118.1689324, 45.7822293], [-118.167387, 45.783446], [-118.1650384, 45.7853591], [-118.1631679, 45.7868499], [-118.1606327, 45.7889395], [-118.1599649, 45.7894458], [-118.1592898, 45.7898674], [-118.1588376, 45.79007546], [-118.15587193, 45.78880287], [-118.15449742, 45.78832365], [-118.15155204, 45.78688594], [-118.14723216, 45.78551666], [-118.14035963, 45.78613284], [-118.13289801, 45.78579052], [-118.12739998, 45.78599591], [-118.1230801, 45.78544819], [-118.12092016, 45.78407888], [-118.11866204, 45.78058697], [-118.11296766, 45.78017615], [-118.11044967, 45.78137765]]]}, "properties": {"zone_name": "US-OR-UMA-UMC-123-E", "level": 3, "fire_name": "No named fire", "county": "Umatilla", "addresses": 39, "unmatched_addresses": 0, "unmatched_fraction_pct": 0, "geometry_source": "cached", "geometry_cache_age_days": 0, "overlapping_zips": [{"zip": "97886", "fraction_pct": 100.0}]}}, {"type": "Feature", "geometry": {"type": "Polygon", "coordinates": [[[-118.06425764, 45.98894864], [-118.05980583, 45.99011737], [-118.05790824, 45.99259904], [-118.05307834, 45.99615151], [-118.0528923, 45.99871045], [-118.04942488, 46.00061142], [-118.04925203, 46.00061196], [-118.04547129, 46.00060439], [-118.0440771, 46.0006016], [-118.03926721, 46.00059193], [-118.03977642, 45.9999365], [-118.04000273, 45.99943343], [-118.03943695, 45.99806567], [-118.04018378, 45.99676077], [-118.03974837, 45.99495117], [-118.03861681, 45.99359903], [-118.03739472, 45.9924827], [-118.03724174, 45.99214023], [-118.0424198, 45.98980171], [-118.04811347, 45.98873083], [-118.05083952, 45.98892872], [-118.05318311, 45.98830678], [-118.05651365, 45.98827136], [-118.059435, 45.98846359], [-118.06037081, 45.98816959], [-118.06251096, 45.98811305], [-118.06382109, 45.98807913], [-118.06425764, 45.98894864]]]}, "properties": {"zone_name": "US-OR-UMA-UMC-1406043-C", "level": 3, "fire_name": "No named fire", "county": "Umatilla", "addresses": 4, "unmatched_addresses": 0, "unmatched_fraction_pct": 0, "geometry_source": "cached", "geometry_cache_age_days": 0, "overlapping_zips": [{"zip": "99362", "fraction_pct": 100.0}]}}, {"type": "Feature", "geometry": {"type": "Polygon", "coordinates": [[[-121.853767507708, 45.0303334992888], [-121.853876660202, 45.030139893288], [-121.854177705416, 45.0299222928815], [-121.854406683287, 45.029801703705], [-121.854975379744, 45.0296193821036], [-121.855857581947, 45.0293768727833], [-121.856236550623, 45.0293103272609], [-121.856668289033, 45.029255558059], [-121.857134013406, 45.0293430641935], [-121.858418235953, 45.0296379338231], [-121.858712250952, 45.0296778522829], [-121.858944012702, 45.029675088034], [-121.859182533376, 45.029588494725], [-121.859550768082, 45.0294383182505], [-121.859706423663, 45.0293620178811], [-121.86025414895, 45.0285552241813], [-121.860409386814, 45.0282773120011], [-121.860447664927, 45.0280473240857], [-121.860467550034, 45.0274112242537], [-121.860545035117, 45.0271745651023], [-121.860722708405, 45.0269205790168], [-121.861032823909, 45.0267183597313], [-121.861592398873, 45.0265224659822], [-121.861948961769, 45.0264344558601], [-121.86227565658, 45.0263778198038], [-121.862887600629, 45.0263611939873], [-121.863651785764, 45.0263852431983], [-121.865430803962, 45.026417080229], [-121.865888428226, 45.0264647430448], [-121.866361057948, 45.0265702042645], [-121.867136154918, 45.026787993919], [-121.867676442154, 45.0268733102228], [-121.868147117142, 45.0268966481233], [-121.868493920741, 45.0268683242993], [-121.86858304799, 45.0266063420715], [-121.868532497094, 45.0253458779748], [-121.868501678591, 45.0249113948143], [-121.868446851715, 45.0243274188039], [-121.868423773097, 45.023646429115], [-121.868513011737, 45.023389276776], [-121.868741588959, 45.0226907670952], [-121.8690044423, 45.0220015072569], [-121.869299988927, 45.0212550817666], [-121.869483673741, 45.0207455447009], [-121.869489730182, 45.0199301239485], [-121.869412963752, 45.0192123318149], [-121.869223511753, 45.0187676789872], [-121.868690625737, 45.0177221930485], [-121.868510836017, 45.017240922028], [-121.868468210059, 45.0168654340445], [-121.868587986927, 45.0158911642649], [-121.868744827386, 45.0150596892089], [-121.868982931242, 45.0137557397174], [-121.869115096776, 45.0133005609908], [-121.869324388068, 45.0129041390353], [-121.869428035685, 45.0126641620327], [-121.869472373833, 45.0124069908509], [-121.869346056331, 45.0120504128079], [-121.869136625801, 45.0117366118276], [-121.868806446425, 45.0112989281042], [-121.868730890024, 45.0109536749562], [-121.868658778663, 45.0100138321186], [-121.868651746651, 45.0097194298196], [-121.868598166636, 45.0093190867285], [-121.868612195626, 45.0089639260688], [-121.868435859929, 45.0089758717659], [-121.868272108731, 45.0089709439835], [-121.868021994399, 45.0089276716982], [-121.867935340212, 45.0088995847704], [-121.867849313947, 45.0088502566891], [-121.867790869555, 45.0087956838493], [-121.867361203558, 45.0083255970839], [-121.867108786844, 45.0081855920735], [-121.866887518315, 45.0081083151515], [-121.86576720507, 45.007881959743], [-121.865527456399, 45.0077325189549], [-121.865282924199, 45.0074496171567], [-121.865050150946, 45.0071056599621], [-121.864822399275, 45.0069725018206], [-121.864436058126, 45.0068365576937], [-121.863521618082, 45.006158702062], [-121.863083713636, 45.0057984521146], [-121.862104466433, 45.0054493657416], [-121.860784838585, 45.0051183961134], [-121.858682090016, 45.0043861812925], [-121.85797855374, 45.0041568487952], [-121.857604795293, 45.003997870882], [-121.85716506008, 45.0037059579919], [-121.856704747159, 45.0034291459776], [-121.856489987822, 45.0032038861659], [-121.856280922906, 45.0029240787933], [-121.855948412402, 45.0024426859525], [-121.855551343572, 45.0018877722941], [-121.855036655626, 45.0010816737912], [-121.854454066723, 45.0003556240871], [-121.853950635567, 45.0000248352834], [-121.853394889223, 44.9998432452587], [-121.852503360711, 44.9996309721701], [-121.851520533722, 44.9993950138027], [-121.850730910095, 44.9992409481192], [-121.849171440152, 44.9988236108627], [-121.848181661999, 44.9985877069755], [-121.847803899761, 44.9985525583096], [-121.847323558002, 44.9986077691406], [-121.846906717252, 44.9986919408455], [-121.846233304182, 44.9988484840835], [-121.845948234607, 44.9988964271114], [-121.845087567716, 44.9988075462005], [-121.843230519157, 44.9984976472499], [-121.842817984032, 44.9984678451909], [-121.842146090912, 44.9983915740569], [-121.841830209122, 44.9983160561963], [-121.841385593362, 44.9981083339247], [-121.839931504785, 44.9974172390236], [-121.839139765626, 44.9969907270795], [-121.83858506043, 44.9965515191706], [-121.838215377639, 44.9962636631373], [-121.837924074654, 44.9960442207114], [-121.837736751663, 44.9957938419781], [-121.837648048418, 44.9955819242407], [-121.837584712699, 44.9952607510852], [-121.837609481946, 44.9945274802484], [-121.837548042571, 44.9939883710836], [-121.837480273666, 44.9937762059007], [-121.837371909893, 44.9936189970127], [-121.836769959601, 44.9929475652499], [-121.835918013555, 44.9920770601878], [-121.835869076932, 44.9920270562808], [-121.83578107617, 44.9918448437326], [-121.83571124114, 44.9915435560818], [-121.835761061705, 44.9912854387724], [-121.835912891362, 44.9909122138467], [-121.836318840937, 44.9903626668098], [-121.836378289646, 44.9902183441481], [-121.836753452159, 44.9901446039256], [-121.836953022781, 44.9900233992124], [-121.837095621349, 44.9898533358214], [-121.837140187669, 44.9896695680892], [-121.837228398637, 44.9892624196988], [-121.837367991442, 44.9889636267444], [-121.837670988696, 44.9884362081021], [-121.837850979638, 44.9878592141765], [-121.837695395922, 44.9868914690856], [-121.837771803925, 44.9865387787849], [-121.838177042933, 44.9857703720013], [-121.838281496339, 44.9850655599751], [-121.838408220778, 44.9840472917521], [-121.838664764352, 44.9827251241466], [-121.838760154655, 44.9822644720389], [-121.838858784283, 44.9813108987681], [-121.839166682745, 44.9805178902241], [-121.839199800037, 44.9798653957884], [-121.839081411964, 44.9794549357833], [-121.838653403358, 44.9776924291035], [-121.838784479236, 44.9765754478617], [-121.838977510123, 44.9760412002254], [-121.839336723049, 44.9753762890849], [-121.839630434418, 44.9750124597558], [-121.839961321666, 44.974785216101], [-121.839971627139, 44.9747619929577], [-121.839976738553, 44.9746712386995], [-121.84001479568, 44.9736401051562], [-121.840019825347, 44.9732911171046], [-121.840107979721, 44.972953184075], [-121.840130804116, 44.9728820608969], [-121.840251547571, 44.9727154158872], [-121.840515027936, 44.9721675450162], [-121.840495459934, 44.9717682798434], [-121.840388846978, 44.9712663400159], [-121.840121419416, 44.9706049629897], [-121.840123638255, 44.9704539816856], [-121.840710695378, 44.9682765818969], [-121.840716140965, 44.9682461679714], [-121.840963881947, 44.9668624437803], [-121.841154307719, 44.9656194470427], [-121.841548801978, 44.9642787360716], [-121.84165954988, 44.964046483918], [-121.841745739638, 44.9639563877152], [-121.841887601588, 44.9638623359989], [-121.842020943915, 44.9638013782364], [-121.842150334554, 44.9637701591673], [-121.842387120581, 44.9637607668113], [-121.843363147324, 44.9637657442453], [-121.843613484437, 44.9637396939107], [-121.843926940776, 44.9636306967924], [-121.844055009993, 44.9635431252107], [-121.845662725755, 44.9621086302055], [-121.846020790634, 44.9617891331611], [-121.846299063556, 44.9618241702541], [-121.84639428857, 44.9618361601023], [-121.846612792983, 44.9618401728204], [-121.846751312301, 44.9618022410866], [-121.847052897403, 44.9615842208477], [-121.847337716349, 44.9613678060248], [-121.847573365109, 44.9611887498427], [-121.847833598064, 44.9610528731743], [-121.848063580251, 44.9609522022538], [-121.848418415687, 44.9609119110802], [-121.849433686231, 44.9608586356898], [-121.849613702326, 44.9607946401937], [-121.849821903961, 44.9606942237118], [-121.850079459038, 44.9605313609585], [-121.850314026226, 44.9603172203146], [-121.851094523868, 44.9595450067052], [-121.85153181207, 44.9589985330713], [-121.851805544008, 44.958598339697], [-121.85197367629, 44.958338589775], [-121.852259988236, 44.9577852972327], [-121.852361075655, 44.9574385170395], [-121.85241928379, 44.9569582468073], [-121.852478176442, 44.956717758968], [-121.852539647259, 44.9565865541744], [-121.852675342274, 44.9564438889073], [-121.85279763712, 44.9563648557297], [-121.852941038782, 44.9563384657553], [-121.853120196986, 44.9563539682934], [-121.853325341654, 44.9564185281478], [-121.853446166856, 44.9564876171999], [-121.853537615352, 44.9565746859166], [-121.853620800246, 44.9567323809809], [-121.853692501077, 44.9570347892052], [-121.853770347283, 44.9571766787457], [-121.853955245721, 44.9574354257446], [-121.854756020135, 44.9579054710245], [-121.856664261886, 44.9588965471788], [-121.857187402079, 44.9591759408373], [-121.858067422275, 44.9596344392228], [-121.858427591906, 44.9597429811796], [-121.85963159939, 44.9599348889742], [-121.860220851097, 44.9600689001226], [-121.860452098113, 44.9601860288365], [-121.860689648606, 44.9603595040145], [-121.860888232878, 44.9605651809297], [-121.861175705447, 44.9609584518421], [-121.861349355181, 44.9613689527067], [-121.861519444892, 44.9616671489669], [-121.8617137442, 44.9619514418915], [-121.86193207434, 44.962176769776], [-121.86209661336, 44.9622786157214], [-121.862534383958, 44.9625080852945], [-121.862882441605, 44.9625738789542], [-121.863149870963, 44.9625909879248], [-121.863403945967, 44.9625811720532], [-121.86361336931, 44.9625651220221], [-121.863758749063, 44.9625295279428], [-121.863925440447, 44.9624677227528], [-121.864170046309, 44.9623271232615], [-121.864465989093, 44.9620730650818], [-121.864862130862, 44.9616214592531], [-121.865215493958, 44.9611437932712], [-121.865316314578, 44.9609883827335], [-121.865524297024, 44.9607518978825], [-121.865778842744, 44.960591406236], [-121.865977385694, 44.9605139151188], [-121.86627105035, 44.960458391725], [-121.866449851024, 44.9604490210744], [-121.866779946857, 44.9604710562758], [-121.867556546708, 44.9606191608832], [-121.867729411315, 44.9606612422268], [-121.868415984703, 44.9608283741985], [-121.868708175224, 44.9609297280114], [-121.869214365107, 44.9611517717669], [-121.86967182408, 44.9613117743149], [-121.870220138662, 44.9614505507592], [-121.870758361569, 44.9615626100395], [-121.871801625415, 44.9618070737673], [-121.872414859445, 44.9619951227644], [-121.872609986101, 44.9620478250366], [-121.872920554356, 44.9622257598404], [-121.873043745721, 44.9623508987105], [-121.873258663161, 44.9627200731862], [-121.873432700968, 44.9630495321157], [-121.873576343378, 44.9633808788238], [-121.873668093708, 44.9638119528127], [-121.873810859363, 44.9645920101022], [-121.873892809073, 44.9652613142604], [-121.873831169373, 44.9659254700187], [-121.873801731581, 44.9663153388013], [-121.873833745741, 44.9665186541746], [-121.873889052318, 44.9667230658274], [-121.874363325957, 44.9677441140612], [-121.874471111215, 44.9682465257898], [-121.874559770442, 44.96865978174], [-121.874620324977, 44.9690829727699], [-121.874681889218, 44.9693864058569], [-121.874779415716, 44.9695724159767], [-121.874866748131, 44.969656695149], [-121.875380034704, 44.9701198349862], [-121.875719640103, 44.9703744892499], [-121.876284384871, 44.9707998417714], [-121.876739208187, 44.9710953159915], [-121.877148761803, 44.9713498178475], [-121.877360942077, 44.9715699909749], [-121.877497586611, 44.9717604833112], [-121.877598287755, 44.9720480919023], [-121.87755980303, 44.9727427280755], [-121.877542338882, 44.973508581911], [-121.877477761691, 44.9741506618076], [-121.877478748041, 44.9749955997859], [-121.877495912152, 44.975365485962], [-121.87747966073, 44.9754929620473], [-121.87745485016, 44.9757233472226], [-121.877467025925, 44.9758857258288], [-121.877529530703, 44.976075891179], [-121.877637908849, 44.9762234007354], [-121.877771950964, 44.9765203981837], [-121.878079170299, 44.9771354589944], [-121.878306163792, 44.9776839331084], [-121.878413502587, 44.9780174797198], [-121.878467351198, 44.9784211882558], [-121.878419841998, 44.9786254132443], [-121.878338265088, 44.978904459821], [-121.878316969626, 44.9790515808389], [-121.878321369575, 44.9792346150059], [-121.87839375043, 44.9796057898162], [-121.878478843346, 44.9798172201581], [-121.878647149002, 44.9801617770739], [-121.878963455695, 44.9805799301337], [-121.879312039755, 44.9809634233036], [-121.8795915802, 44.9813438347037], [-121.879749248007, 44.9817159337211], [-121.879914501188, 44.9821623502314], [-121.880046000173, 44.9823526548866], [-121.880279723843, 44.9825485758312], [-121.881309467145, 44.9830685402131], [-121.881427350365, 44.9831142713], [-121.881583701242, 44.9829615940229], [-121.882094361142, 44.9825128499168], [-121.882523514201, 44.9821169831065], [-121.88280986657, 44.9817492862512], [-121.882925968431, 44.9815295398046], [-121.883049703277, 44.981283264694], [-121.883093495248, 44.9810399209657], [-121.883219606138, 44.979844056841], [-121.883127951029, 44.9786082918992], [-121.883169950862, 44.9780209130479], [-121.883323237586, 44.9774428121758], [-121.885353259448, 44.9722599129892], [-121.887552268788, 44.9671109760845], [-121.88765986001, 44.9669317471557], [-121.8878099649, 44.9667680269249], [-121.887974570396, 44.9667562821675], [-121.888131630044, 44.9667223012323], [-121.889195231747, 44.9662655609336], [-121.889911479184, 44.9660245318187], [-121.890644446964, 44.9658087458129], [-121.891248832589, 44.9656553417436], [-121.891868468912, 44.9655354117239], [-121.89281188142, 44.9654528591082], [-121.893767705951, 44.9654673327099], [-121.894650423786, 44.9655602720608], [-121.895507826199, 44.9657424899797], [-121.895546499571, 44.9655038020768], [-121.895539552899, 44.9652623509074], [-121.895454179709, 44.9650327207411], [-121.895346504046, 44.9648049583046], [-121.895348628561, 44.9634566283115], [-121.8951690212, 44.9631905309083], [-121.894961673863, 44.9629302920119], [-121.894724238353, 44.9624526642587], [-121.894512385965, 44.9619690017069], [-121.894459245226, 44.9616620829983], [-121.894512966277, 44.9613525838843], [-121.895026917604, 44.9610572380898], [-121.895510479823, 44.960758242203], [-121.895510381906, 44.9601866072745], [-121.895415806375, 44.9596147810401], [-121.895226193578, 44.9587244590423], [-121.895094793408, 44.9578313008452], [-121.895132372631, 44.9576170458734], [-121.895256290733, 44.9574205197634], [-121.895500974749, 44.9571618852126], [-121.895772009945, 44.9569178256926], [-121.896415810949, 44.9564603678326], [-121.896599756275, 44.9563104751039], [-121.896737660247, 44.9561402869198], [-121.896773147294, 44.9558248651331], [-121.896548297182, 44.954792111829], [-121.896416877249, 44.9540827411147], [-121.896446076988, 44.9538495227191], [-121.896545708238, 44.953566370817], [-121.896602032606, 44.9534769320202], [-121.896707351988, 44.9533245788828], [-121.896790170369, 44.9532310392952], [-121.897155566399, 44.9529486249626], [-121.898111481659, 44.9521023297726], [-121.898416227933, 44.9519656559875], [-121.898686265999, 44.9518729101292], [-121.898961059746, 44.9518356940052], [-121.899165192013, 44.9518319742987], [-121.89958978702, 44.9518812669068], [-121.899948213022, 44.9519612337998], [-121.900319817309, 44.9521173769971], [-121.90064178788, 44.9523263632038], [-121.901127346155, 44.9527462831134], [-121.901554483395, 44.9530905811863], [-121.901763132391, 44.9532929237287], [-121.901943594948, 44.9536476411279], [-121.901980125838, 44.9538366856991], [-121.902159784403, 44.9544733210008], [-121.902347305023, 44.955431293312], [-121.902683524671, 44.9566847561267], [-121.902817117629, 44.9570567761347], [-121.902889721267, 44.957248739954], [-121.903245713732, 44.9576903390999], [-121.90328498089, 44.9578235399233], [-121.903086791877, 44.9585963309998], [-121.903053423058, 44.9590829097792], [-121.903069593631, 44.9595126277948], [-121.903197242436, 44.95987266591], [-121.903134955051, 44.9601024559373], [-121.903076639118, 44.9607259510599], [-121.903189718147, 44.9614156392933], [-121.903366619783, 44.9617067658431], [-121.90353978802, 44.9618452559352], [-121.903718123367, 44.9619635931623], [-121.904383358174, 44.9623210149304], [-121.904864354805, 44.962781156043], [-121.905270740962, 44.9632102037561], [-121.90542427562, 44.9634290269478], [-121.905453698141, 44.9635051393048], [-121.905424672675, 44.9637063938305], [-121.905297792828, 44.9638405512573], [-121.905119105342, 44.9639391888959], [-121.904882458553, 44.9639822898557], [-121.904445923139, 44.9639515170792], [-121.903709227351, 44.9639123918044], [-121.903371920742, 44.9640049472274], [-121.903210989355, 44.9641355051759], [-121.90314892565, 44.9643179189362], [-121.903213867557, 44.9649470879524], [-121.903246426995, 44.9653524959063], [-121.90323572806, 44.9660718343081], [-121.903159493431, 44.9668884107081], [-121.90302653199, 44.9674686289075], [-121.903036021792, 44.9676252110304], [-121.903716763318, 44.9681511991872], [-121.90443899623, 44.9687530108142], [-121.904483423311, 44.9689493411267], [-121.9043966748, 44.9693361311162], [-121.903712301386, 44.9698186892721], [-121.90356993638, 44.9700846517021], [-121.903577439109, 44.9703911910596], [-121.90358702593, 44.9707828801495], [-121.903865818976, 44.9718782020641], [-121.904062641652, 44.9725656939978], [-121.904296290762, 44.9732868007825], [-121.904643857929, 44.9737594952175], [-121.905257847442, 44.974331106748], [-121.90553950342, 44.9750516200368], [-121.906016866365, 44.9759230293007], [-121.90638950102, 44.9764379960966], [-121.906789475002, 44.9770889021258], [-121.907050810189, 44.9774689598663], [-121.907391734314, 44.9776691658331], [-121.908320718082, 44.9778706127705], [-121.909894608681, 44.9779448212226], [-121.910641934234, 44.9780145897], [-121.911010637861, 44.9781597539183], [-121.911288557745, 44.9782426949312], [-121.911670228553, 44.9782552392692], [-121.9121222096, 44.9781574860083], [-121.912674958266, 44.9778684331765], [-121.91334539881, 44.9774166638379], [-121.913988515298, 44.9768442887367], [-121.914183206271, 44.9765136031552], [-121.914481778424, 44.9761182770128], [-121.914608024959, 44.9756444657915], [-121.914686012201, 44.9755167981291], [-121.915092011183, 44.9752007596916], [-121.915303264395, 44.974976373911], [-121.915364390259, 44.9747308910636], [-121.915367831705, 44.9738842657607], [-121.915438253335, 44.9732485023072], [-121.915484825592, 44.9730362292154], [-121.915551001784, 44.9727589722662], [-121.915679514769, 44.9720490089499], [-121.915843875923, 44.9714768179567], [-121.916592348625, 44.969918315062], [-121.916937970939, 44.9688025132365], [-121.917232366823, 44.9680366899849], [-121.917523329347, 44.9674340992654], [-121.918193655806, 44.966392529717], [-121.918690835586, 44.965600188152], [-121.919249964087, 44.9647546617517], [-121.920283829758, 44.9630646540146], [-121.920853452378, 44.9622189879075], [-121.921255149328, 44.9618321283151], [-121.92168256774, 44.9616321251263], [-121.922310843162, 44.9614520699199], [-121.922858676246, 44.9614302467607], [-121.923546347376, 44.9615189771454], [-121.924067939773, 44.9617146018796], [-121.924582157899, 44.9620375971867], [-121.925646887886, 44.9628703038452], [-121.92635610421, 44.9634004880454], [-121.927883360567, 44.9645942442265], [-121.929131708893, 44.96559681891], [-121.929593459119, 44.9659279367143], [-121.930490663187, 44.9663808630588], [-121.931713042117, 44.9667623061307], [-121.933177750577, 44.9671331981268], [-121.934472095341, 44.9674388361368], [-121.935997456253, 44.9677973442883], [-121.938454273995, 44.9686975951759], [-121.939592150203, 44.9693144081946], [-121.9403246284, 44.9700398158628], [-121.94130016107, 44.9711553502123], [-121.942187774724, 44.9722512948064], [-121.942762881559, 44.9730925068526], [-121.943226989862, 44.9737693867068], [-121.94395572478, 44.9748054219565], [-121.94501624616, 44.9758163709959], [-121.946477868009, 44.9771222948395], [-121.947380843753, 44.9782782621034], [-121.948546285663, 44.9801121179746], [-121.948971885885, 44.9804933076951], [-121.949407214862, 44.9808673419937], [-121.950107741782, 44.9811536448868], [-121.952235511127, 44.9818716147017], [-121.952751294118, 44.9822164941283], [-121.953031730184, 44.9823394410975], [-121.953586587195, 44.9823478188537], [-121.954549232634, 44.9820332661511], [-121.954989790704, 44.9818308178239], [-121.956105209927, 44.980902753767], [-121.956588554754, 44.9800460337078], [-121.956695808209, 44.9793557967806], [-121.956759576916, 44.9791370762857], [-121.957780638001, 44.9786608963008], [-121.958438354807, 44.9784173349232], [-121.959541399738, 44.9780490011335], [-121.960661963613, 44.9777084316913], [-121.962705725208, 44.9769590739373], [-121.965170000763, 44.9765413621728], [-121.965816544324, 44.9763117777956], [-121.966358567105, 44.9761247962944], [-121.966936377869, 44.9758713260289], [-121.967740084384, 44.9755446472315], [-121.968789118108, 44.9747438390672], [-121.969270784882, 44.9742174569926], [-121.969738757738, 44.9735436359951], [-121.97024164721, 44.9730732097987], [-121.97060323079, 44.9724991682516], [-121.970959383156, 44.9713277099262], [-121.97099426384, 44.9703712810783], [-121.97113004689, 44.9697284330812], [-121.971838506833, 44.9690464700878], [-121.972043541008, 44.9683924869349], [-121.972182764606, 44.9675317869115], [-121.972041638376, 44.9671399516837], [-121.971711026911, 44.9668292999569], [-121.970807207649, 44.9665761578761], [-121.970331845252, 44.9665178838566], [-121.97011102588, 44.9665565249526], [-121.96971153609, 44.9667048350301], [-121.96894864992, 44.967230023184], [-121.968632716926, 44.9674917698384], [-121.967618182102, 44.9688218339716], [-121.967450861897, 44.9689814579497], [-121.966843339355, 44.969275589097], [-121.965738239079, 44.969826636691], [-121.964954933304, 44.9703449039015], [-121.96450113766, 44.9707372491736], [-121.964205872206, 44.9710201879666], [-121.963845925357, 44.9711393388051], [-121.963373269584, 44.9711883612536], [-121.962988961322, 44.9711432008886], [-121.96221195094, 44.9707237397285], [-121.961688039094, 44.9703439671251], [-121.960740241909, 44.9699481618365], [-121.960008503024, 44.9697213557035], [-121.959528573592, 44.9694841581812], [-121.959292012144, 44.9693010992466], [-121.959184661671, 44.969044806859], [-121.959086119179, 44.9687382990743], [-121.958893836589, 44.9679176579063], [-121.958467991127, 44.9666347737756], [-121.958056797187, 44.9660097850575], [-121.957744231977, 44.9656949679419], [-121.95760000656, 44.9653010360692], [-121.957539652349, 44.9649573362582], [-121.957628254084, 44.9647876281716], [-121.957800257207, 44.964649834169], [-121.958252908397, 44.964383845903], [-121.958986051348, 44.9641474932699], [-121.959803555986, 44.9639460801193], [-121.960891617916, 44.9638085739317], [-121.963258788284, 44.9635816138577], [-121.964108184911, 44.9633909901175], [-121.965906151274, 44.9631769129028], [-121.966426929797, 44.9632510660022], [-121.966591514632, 44.9632534381065], [-121.966774043314, 44.963215145008], [-121.967153658777, 44.9630602809889], [-121.967395238215, 44.9630094686939], [-121.967578223241, 44.9629891391869], [-121.967990546364, 44.9630287437092], [-121.968415402781, 44.9630636948728], [-121.968905590075, 44.9629315791336], [-121.969628789574, 44.9627560211863], [-121.970119314635, 44.9626373741405], [-121.97042559613, 44.9627367422657], [-121.971179507232, 44.962771919887], [-121.971648184367, 44.9627883219922], [-121.972027264433, 44.9627654499369], [-121.97269525078, 44.962657970732], [-121.973004980009, 44.962644978049], [-121.973230988049, 44.9627217887191], [-121.973868023842, 44.9631781059482], [-121.974359154367, 44.9633543872004], [-121.975145624008, 44.9635315952645], [-121.975733680956, 44.963952801], [-121.975948628939, 44.9642147138815], [-121.976074543996, 44.9645479619243], [-121.97598776135, 44.9651780131599], [-121.976000897414, 44.9653169842762], [-121.976310222401, 44.9662261372437], [-121.976678106764, 44.9672968950705], [-121.976830440375, 44.9680143793143], [-121.976761453354, 44.9687983999529], [-121.976676470033, 44.9692754327529], [-121.976831070094, 44.9695476908426], [-121.977105264665, 44.9703320909089], [-121.977206583849, 44.9709246708669], [-121.977156198243, 44.9711574379104], [-121.977006112217, 44.9714940157871], [-121.976865878014, 44.9716180089347], [-121.976373668612, 44.9718527350048], [-121.976028188232, 44.9719914382862], [-121.975811706825, 44.9720830439258], [-121.975665206874, 44.9722464318654], [-121.975610081756, 44.972350812147], [-121.975659950831, 44.9725024347711], [-121.975826476925, 44.9727596312867], [-121.975837529796, 44.9729005858763], [-121.975674211586, 44.9734930287197], [-121.975698845188, 44.9736422067447], [-121.975831208352, 44.9737694508919], [-121.976040654153, 44.973919449256], [-121.976269817077, 44.9740125407758], [-121.976594750292, 44.97408533898], [-121.976831654897, 44.9741874688188], [-121.976925361758, 44.9742788370904], [-121.977078993434, 44.9744092521836], [-121.977159817555, 44.9745295792582], [-121.977169619972, 44.9746402289016], [-121.977240196112, 44.9754370159429], [-121.977338261598, 44.9755454600051], [-121.977533388254, 44.9757869848159], [-121.977981087931, 44.9765223859184], [-121.978021689087, 44.9766152647807], [-121.978062301022, 44.9767910008177], [-121.97802997335, 44.9772659787961], [-121.978051737733, 44.9774021888032], [-121.978126247596, 44.9775753761669], [-121.978217048406, 44.9777218371833], [-121.978388413725, 44.9778611299476], [-121.978876090228, 44.9780914160103], [-121.980005969633, 44.9784825613123], [-121.980383808228, 44.9786133582776], [-121.981192781565, 44.9790732918118], [-121.981717011416, 44.9793910252117], [-121.982949438002, 44.9798394792157], [-121.983268292317, 44.9800020692008], [-121.983509614837, 44.9802128359695], [-121.983682926804, 44.9804611680894], [-121.983764580969, 44.9806983113162], [-121.983889834865, 44.9811611827994], [-121.984065960357, 44.9816442349292], [-121.984511213921, 44.9824751300977], [-121.984585795649, 44.9827629842236], [-121.984539707583, 44.9829273532818], [-121.984429778945, 44.9830568229386], [-121.984222553779, 44.9832267457406], [-121.983777494251, 44.9835641327921], [-121.983641262941, 44.9836954938244], [-121.983620033056, 44.9837743228799], [-121.983627188138, 44.9838387877034], [-121.983632871778, 44.9838899792965], [-121.983669000223, 44.9839371507766], [-121.983891374578, 44.9840280257061], [-121.98437911576, 44.984273065286], [-121.984629616367, 44.9844760717452], [-121.985007672354, 44.9850448437202], [-121.985051668243, 44.9853407896896], [-121.985079678612, 44.9857207431745], [-121.984884020153, 44.986232537951], [-121.984702679942, 44.9865958850136], [-121.984716267859, 44.9867697517534], [-121.984874137787, 44.9869030610477], [-121.985360073355, 44.9870772108564], [-121.985927543612, 44.9874775302123], [-121.986404497823, 44.9878743498654], [-121.98657009506, 44.9879825759915], [-121.986712531033, 44.9880346273079], [-121.987025001919, 44.9880870229296], [-121.987173338926, 44.9880876531838], [-121.987324493947, 44.9880574397305], [-121.987495748773, 44.9879653500685], [-121.987806241569, 44.9878021269959], [-121.988039237604, 44.9877194990574], [-121.98832018032, 44.9876721851965], [-121.988539575861, 44.9876231069517], [-121.988675865561, 44.9875776818846], [-121.988867345956, 44.9874288501617], [-121.989076860928, 44.9871385848127], [-121.989181766187, 44.98685995571], [-121.989509924353, 44.9865485079606], [-121.990020250978, 44.9862171718291], [-121.990303406244, 44.9860777881773], [-121.990489289236, 44.9860050928778], [-121.990770794296, 44.9859335678207], [-121.990932658134, 44.9858563403041], [-121.991176044982, 44.9857106910938], [-121.991498700968, 44.9855150598811], [-121.991784632926, 44.9853514079474], [-121.991993832589, 44.9852565990095], [-121.992414312414, 44.985146905116], [-121.992648978417, 44.985112332111], [-121.99282619087, 44.9851003172657], [-121.993014148072, 44.9851075426928], [-121.993130940737, 44.9851350840657], [-121.993303032793, 44.9851885510285], [-121.994528221653, 44.9856958007193], [-121.995080026189, 44.9859090320891], [-121.99520845024, 44.9859897209768], [-121.995305968652, 44.9860635472354], [-121.995387180846, 44.9861666608767], [-121.995629430427, 44.9866843839579], [-121.995678916819, 44.9867491517484], [-121.995783326208, 44.9868253087667], [-121.995883627601, 44.9868748711961], [-121.99596951822, 44.9868955467626], [-121.99609263772, 44.986903620791], [-121.996662404969, 44.9868888622439], [-121.99726762962, 44.9869245142721], [-121.997821852421, 44.9869681017914], [-121.998325894432, 44.9870511132927], [-121.998580918955, 44.9871422456843], [-121.998895104725, 44.9872762097892], [-121.999196888355, 44.9874620653106], [-121.999496848405, 44.987697067705], [-121.99971286179, 44.9878662988459], [-121.999783129808, 44.987892012929], [-121.999901714612, 44.9879074218049], [-122.000121157764, 44.9879432949327], [-122.000914264159, 44.9881404191581], [-122.00169676684, 44.9881886977076], [-122.002479434811, 44.9881928921941], [-122.002557864922, 44.9881655536918], [-122.002621252743, 44.988108992875], [-122.002639761631, 44.9880336399935], [-122.002627681986, 44.9879635387191], [-122.002584567344, 44.9878817318716], [-122.00240150596, 44.9876709380211], [-122.001952653745, 44.9872189492137], [-122.001552225216, 44.9867905461685], [-122.001352041943, 44.9865775557], [-122.001286932949, 44.9864378908268], [-122.001210733356, 44.9860052110548], [-122.001123854589, 44.98555571118], [-122.001110182231, 44.9852942267762], [-122.001154283223, 44.985153122206], [-122.001415445036, 44.9846966100113], [-122.001680968169, 44.9842763806944], [-122.00177638632, 44.9841394429867], [-122.001869659295, 44.984050990944], [-122.001933739717, 44.9840210720864], [-122.002035552076, 44.9839979238464], [-122.002144821351, 44.9839989048765], [-122.002261617609, 44.9840264359806], [-122.003083311989, 44.9843765887899], [-122.003203456269, 44.9844016550824], [-122.00427521198, 44.9845231741224], [-122.00450520315, 44.9845710128615], [-122.005462497325, 44.9850138477922], [-122.00563466394, 44.9850697191094], [-122.005854229264, 44.9851104240952], [-122.006001359833, 44.9851230158541], [-122.006182366769, 44.9851254658398], [-122.006471627884, 44.985090141179], [-122.006569963763, 44.9850646107318], [-122.0071978044, 44.984792212186], [-122.007292062826, 44.9847635149035], [-122.007747134976, 44.9847800911662], [-122.007842372566, 44.9847667159163], [-122.007916690189, 44.9847366582853], [-122.007952639869, 44.984675610246], [-122.007976182915, 44.9845323521336], [-122.007915698449, 44.9839201777911], [-122.007900301325, 44.9837241331861], [-122.007929085143, 44.9832609920214], [-122.007964114948, 44.9830352036999], [-122.008027426413, 44.9829762182423], [-122.008121196155, 44.9829071363095], [-122.008215539921, 44.9828598527879], [-122.008303759872, 44.9828393022094], [-122.00884036671, 44.9827913050825], [-122.008945631295, 44.9827606840904], [-122.009046036893, 44.9827045690721], [-122.009129650283, 44.9826326612], [-122.009170660172, 44.9825663771465], [-122.009387587144, 44.9817392017037], [-122.009442242442, 44.9816499790199], [-122.009950934133, 44.981079370692], [-122.010325746304, 44.9805661650266], [-122.010643005211, 44.9801675041566], [-122.010642902803, 44.9800284368526], [-122.01059637097, 44.9798849288421], [-122.010498082701, 44.9798053198511], [-122.010221960346, 44.9796016461712], [-122.009968271618, 44.9794381292251], [-122.009806715903, 44.9792556892038], [-122.009696347988, 44.9791231411707], [-122.009656343314, 44.9789567900771], [-122.009640933613, 44.9787774678996], [-122.009709996991, 44.9785590991401], [-122.009792839626, 44.9783228481265], [-122.009793772078, 44.9780876827551], [-122.00972204789, 44.9779343941342], [-122.009452096961, 44.9775586961484], [-122.009348584091, 44.9772804151023], [-122.009344258703, 44.9771161169125], [-122.009365994339, 44.9769944601641], [-122.00946440927, 44.9768085732479], [-122.009880765828, 44.9763858421078], [-122.010093936045, 44.9762287748912], [-122.010825460232, 44.9758701287992], [-122.010873318877, 44.97579363822], [-122.01090103909, 44.9756289169923], [-122.010845188134, 44.9754020888407], [-122.010673588355, 44.975108529906], [-122.010629657144, 44.9750636001301], [-122.010571481348, 44.9750188577861], [-122.010492472722, 44.9749946217792], [-122.01039619129, 44.9749908432031], [-122.010286728878, 44.9750276960652], [-122.010196450887, 44.9751043141267], [-122.009922768356, 44.9752752620128], [-122.009781256749, 44.9753125398272], [-122.009674872863, 44.9753248541275], [-122.009564097114, 44.9753217046968], [-122.009470643578, 44.9752863180732], [-122.009361351846, 44.9751942110729], [-122.009028788341, 44.9743338660427], [-122.008947886965, 44.9741023142415], [-122.008938171685, 44.9740038307098], [-122.008976414764, 44.9736973723041], [-122.009047905389, 44.9734359850634], [-122.009110320335, 44.9732364392195], [-122.009201122942, 44.9730942087297], [-122.009360077137, 44.9728452288987], [-122.009534995292, 44.9727240670466], [-122.010190434869, 44.9723183928006], [-122.011647748399, 44.9715227858055], [-122.011996739395, 44.9713841373166], [-122.012120635039, 44.9713546776869], [-122.012284232625, 44.9713449192408], [-122.013106450723, 44.9713213470734], [-122.013424165076, 44.9713474651436], [-122.013709497858, 44.97136136783], [-122.013879683689, 44.9713312910961], [-122.014002207605, 44.9712774248122], [-122.014076152428, 44.9712174218598], [-122.014278755762, 44.9708877816851], [-122.014440508209, 44.970536183917], [-122.014597060309, 44.9703492032855], [-122.014835060858, 44.9701888719499], [-122.014981588657, 44.970016815778], [-122.015722837107, 44.9695696278536], [-122.015814935085, 44.9695222488057], [-122.015914480097, 44.9695043570069], [-122.016017828575, 44.9695041631663], [-122.016095079198, 44.9695256178171], [-122.016162672033, 44.9695602167453], [-122.016206875434, 44.969592762217], [-122.01622331101, 44.9696469758175], [-122.016229968425, 44.9697096051954], [-122.016191829551, 44.9697641822144], [-122.016138475911, 44.9697915021636], [-122.015811475673, 44.9699589500915], [-122.015104895905, 44.9703461400141], [-122.015020776763, 44.9704156717855], [-122.014934594192, 44.9705055709972], [-122.014858773687, 44.9705934821277], [-122.014826976919, 44.9706715608414], [-122.014814445421, 44.9709860538534], [-122.01470956262, 44.9715424221134], [-122.014673877943, 44.9717228358583], [-122.014606313854, 44.9718194478959], [-122.014500405177, 44.9718935980853], [-122.014270687993, 44.9719770540319], [-122.013702567356, 44.9721128666954], [-122.013087651679, 44.9722129270041], [-122.012929360441, 44.9722437461897], [-122.012817297406, 44.9722892628459], [-122.012509912781, 44.972597714105], [-122.012337590756, 44.9728124857237], [-122.012283733162, 44.9730199399825], [-122.012299180592, 44.9730943898481], [-122.012370284043, 44.9732096216866], [-122.012493240049, 44.9732947210299], [-122.012788177618, 44.9734343702598], [-122.013216003865, 44.9737043341663], [-122.01348784485, 44.9738883151302], [-122.013727639336, 44.9740842078041], [-122.013871090405, 44.9743081789235], [-122.014233955881, 44.9746708879114], [-122.014376550856, 44.9748623288926], [-122.014442063193, 44.9748920860332], [-122.014602740356, 44.9749512030913], [-122.014838837376, 44.9751088559076], [-122.015117664558, 44.9752506270333], [-122.015553616966, 44.9754190198645], [-122.015876494835, 44.9755946591625], [-122.016071044773, 44.9757107508573], [-122.016278149565, 44.9758936743135], [-122.016350928374, 44.9759941601459], [-122.016339623975, 44.9760766232405], [-122.016120917441, 44.976270961075], [-122.015686767054, 44.9765791939246], [-122.015637515122, 44.9766545059419], [-122.015668569881, 44.9770727557514], [-122.015644316267, 44.9771157477112], [-122.014964597024, 44.9775210467827], [-122.014930509552, 44.9775578706942], [-122.014923936579, 44.9776153868401], [-122.014965872632, 44.977687351841], [-122.01504386167, 44.9777650161145], [-122.015150374015, 44.9778152821957], [-122.015571451219, 44.97793027388], [-122.015846839651, 44.9780433748754], [-122.016220653793, 44.978206850047], [-122.016415265715, 44.9783248542267], [-122.016622771156, 44.9786245401474], [-122.016968630625, 44.9790563790237], [-122.017024123153, 44.979114980898], [-122.017040642273, 44.9792296160385], [-122.016955011267, 44.9797648322279], [-122.016939528803, 44.9803010270563], [-122.016958389831, 44.9804022301818], [-122.016984883843, 44.9804861039262], [-122.017092719407, 44.9805861210313], [-122.017223704555, 44.980643718015], [-122.017304946393, 44.9806560330767], [-122.017437007722, 44.9806523597179], [-122.017720728029, 44.9805700931944], [-122.01803578786, 44.980449121769], [-122.018215520087, 44.9804122692141], [-122.019037763338, 44.9802960142026], [-122.019517325359, 44.9802762131402], [-122.019660222168, 44.9802743062344], [-122.019817310562, 44.9802990070459], [-122.019977958979, 44.9803562040018], [-122.020080000409, 44.9804409832894], [-122.020161079651, 44.9805490118546], [-122.020145148928, 44.9806602509896], [-122.019771607873, 44.9812203702795], [-122.019431494927, 44.9816173317357], [-122.019193296748, 44.9817889648712], [-122.019125376028, 44.9818721827544], [-122.019127505933, 44.9819525551739], [-122.019171702147, 44.9820936186959], [-122.019282838121, 44.9822323759979], [-122.019488871223, 44.9823573797242], [-122.019676983833, 44.982534806749], [-122.019767736134, 44.982600593958], [-122.019898731164, 44.9826581870118], [-122.020119465196, 44.9827432939368], [-122.020508028777, 44.9828510449441], [-122.021013905148, 44.9830089117719], [-122.021122587822, 44.9830591427571], [-122.021331366176, 44.9832018358759], [-122.021435045234, 44.9832463920194], [-122.021545900035, 44.9832563962426], [-122.02171627541, 44.9832732607728], [-122.021854854018, 44.9833116071965], [-122.022026602019, 44.9833801377596], [-122.02220760626, 44.9834925722845], [-122.022271603139, 44.9835663718959], [-122.022273533619, 44.983639086808], [-122.022250739767, 44.9836949060927], [-122.022196716882, 44.9837679588665], [-122.02184348494, 44.9838994338008], [-122.021615205958, 44.9840383970435], [-122.021345713169, 44.984250651011], [-122.02112642812, 44.9845254049289], [-122.020616070953, 44.9850127003122], [-122.020322188904, 44.9854243607639], [-122.020213905082, 44.9857148578057], [-122.020164831914, 44.9861021897759], [-122.020094766915, 44.9864464732037], [-122.020060403661, 44.9864913279835], [-122.019982206214, 44.9865391638094], [-122.019853789349, 44.9865791618739], [-122.019703583847, 44.9866140389639], [-122.019247475939, 44.9866427689937], [-122.019005960282, 44.9866900208044], [-122.017741267109, 44.9869293251404], [-122.017457871993, 44.9870249871264], [-122.017087565772, 44.987200289719], [-122.016872642942, 44.9873352372027], [-122.016612377648, 44.9876120589881], [-122.016475855284, 44.9877536168568], [-122.016101738409, 44.9881931348923], [-122.015946289441, 44.9883076667466], [-122.015691444581, 44.9883613080084], [-122.015520234672, 44.9883899100958], [-122.015002855374, 44.9884614022274], [-122.014798759039, 44.9885215459694], [-122.014579325768, 44.9886393192605], [-122.01447544369, 44.9887914490105], [-122.014277516986, 44.9892128231203], [-122.014195018405, 44.98928091715], [-122.013861657196, 44.9894260477605], [-122.013238800412, 44.9895898608686], [-122.013078453829, 44.989647028225], [-122.012913198851, 44.9897736498219], [-122.01267826515, 44.9900710859683], [-122.012514875074, 44.990396284952], [-122.012507413668, 44.99049688323], [-122.012536652932, 44.9905826341569], [-122.01259928527, 44.9906559811953], [-122.012872800715, 44.990798304715], [-122.013478874274, 44.9910199577586], [-122.013815429892, 44.99112315905], [-122.013928629296, 44.9911958332468], [-122.01404046865, 44.9912827177763], [-122.014109648808, 44.9914106902193], [-122.014119241019, 44.9915710753035], [-122.014128643685, 44.9917283330094], [-122.014133810795, 44.9918147529659], [-122.014193959291, 44.9919216292749], [-122.014407696345, 44.9920982459236], [-122.014772597403, 44.9923805272528], [-122.014944621187, 44.9925098427843], [-122.015084346943, 44.9925654101161], [-122.015236544908, 44.9925825272931], [-122.015441541354, 44.9925558712773], [-122.015727626925, 44.9925353127396], [-122.01584135364, 44.9925509789292], [-122.016643381203, 44.9929897130857], [-122.016819224623, 44.9931357230631], [-122.017124521564, 44.993300580767], [-122.017426477671, 44.9934004109785], [-122.01762318087, 44.993570071244], [-122.017772252698, 44.9937236147329], [-122.017877740065, 44.9940141319713], [-122.017989892034, 44.9944289847896], [-122.017966387614, 44.9944944788316], [-122.017756058769, 44.9946402759732], [-122.017397020116, 44.9950901232431], [-122.017409410579, 44.9951760991669], [-122.017463572702, 44.9954385860274], [-122.017476508442, 44.995799726312], [-122.017510822289, 44.9960768350048], [-122.018034612864, 44.9967541937455], [-122.018272976333, 44.9970955781288], [-122.018324962736, 44.9972757812503], [-122.018337106162, 44.9973521898097], [-122.01830860172, 44.9974219607137], [-122.018139393257, 44.9975271069921], [-122.017956699284, 44.9976324341185], [-122.017815235288, 44.9976391053148], [-122.017533774245, 44.9975806437054], [-122.017035100566, 44.9974700427808], [-122.016710006553, 44.9974193391054], [-122.015747751882, 44.997377120205], [-122.014074038692, 44.9973649319708], [-122.013629922396, 44.9974043380657], [-122.01339869694, 44.9974600531077], [-122.013264802148, 44.9975175581802], [-122.013214393186, 44.9976323921932], [-122.013189961705, 44.9979844590427], [-122.0131275252, 44.9981743179668], [-122.01299554921, 44.9983656791993], [-122.012605986702, 44.9988584112632], [-122.01230736604, 44.9993711851074], [-122.012105572987, 44.9996932492892], [-122.011863984566, 45.0000592271532], [-122.011691508929, 45.0003206530916], [-122.011677338006, 45.0003738861097], [-122.011680061698, 45.000418054137], [-122.011704611756, 45.0004630377267], [-122.011774958826, 45.0005317250046], [-122.011846209601, 45.0006346582642], [-122.011914928025, 45.000759727938], [-122.011919603756, 45.0008779118242], [-122.011897563591, 45.0009658329212], [-122.011971017933, 45.0010572607845], [-122.012121255775, 45.00146536201], [-122.012341684379, 45.001727522159], [-122.012902235811, 45.0021100150875], [-122.013370787182, 45.002482484906], [-122.014014589085, 45.002858539761], [-122.014350590442, 45.0029487457086], [-122.01471916022, 45.003008932048], [-122.015253698239, 45.0030373223001], [-122.016035230739, 45.0029440790987], [-122.016398324387, 45.0027972321818], [-122.016770381425, 45.0026739340133], [-122.017141026311, 45.0024974001376], [-122.017396824283, 45.0023933993139], [-122.017845318969, 45.0023223329816], [-122.018063970705, 45.0023904241387], [-122.018159442755, 45.0025311629686], [-122.018116185281, 45.0027452971711], [-122.017904614964, 45.0030601331973], [-122.017642729109, 45.003490710758], [-122.017413035281, 45.0036357831532], [-122.016454328057, 45.0039680818465], [-122.016200243172, 45.0041371442622], [-122.01605532695, 45.0043343391849], [-122.015943669954, 45.0045275421172], [-122.0159747849, 45.0047578950902], [-122.01618334137, 45.0050746439211], [-122.016323319552, 45.0053213001603], [-122.016328484865, 45.0055164960206], [-122.016232184568, 45.0056597886989], [-122.016100814941, 45.005738463059], [-122.015893462214, 45.0057826421941], [-122.013988310668, 45.0057848620108], [-122.013634513685, 45.0058363617356], [-122.013511790342, 45.0059267497252], [-122.013466134366, 45.0060930352567], [-122.013604542294, 45.0062805452574], [-122.013840348259, 45.0063661671341], [-122.014124621928, 45.0063919732679], [-122.014631988603, 45.0063378877748], [-122.015005633863, 45.0062737467698], [-122.015315078325, 45.0063051307004], [-122.015726769033, 45.0064179959706], [-122.016047367877, 45.0065557378797], [-122.016101307218, 45.0067029492543], [-122.016047791882, 45.0068870929831], [-122.015760100124, 45.0071565398872], [-122.01566372886, 45.0073170492096], [-122.015688522362, 45.0074676273151], [-122.015772465434, 45.0077909009779], [-122.015910308321, 45.0078778238581], [-122.016182081932, 45.0079037912658], [-122.016815717601, 45.007813993245], [-122.01709771943, 45.0078324262773], [-122.017692469725, 45.0080040228338], [-122.018160839636, 45.008178732206], [-122.019503346675, 45.0085104069081], [-122.019790452731, 45.0087210720292], [-122.019930578238, 45.0089935562705], [-122.020462982757, 45.0093764160425], [-122.020676465588, 45.0095490527113], [-122.020692856248, 45.0097223360237], [-122.02061535769, 45.009945262905], [-122.020491457555, 45.0099912970808], [-122.020252901846, 45.0100388598897], [-122.019368504161, 45.0101098340874], [-122.01873935378, 45.0103697051898], [-122.018528500319, 45.0106757687806], [-122.018310355232, 45.0111002742407], [-122.017956897812, 45.0115339788201], [-122.017826876556, 45.0117428120616], [-122.017787036273, 45.0118902730254], [-122.017302923387, 45.0123019677758], [-122.017179390662, 45.0125189327782], [-122.017141204178, 45.0127586677952], [-122.017158470696, 45.0134154560875], [-122.01751791359, 45.0142084070244], [-122.01764543214, 45.0144562889417], [-122.018381077797, 45.0152459169306], [-122.019298249618, 45.0150917941734], [-122.020200434844, 45.0149260980459], [-122.021035041608, 45.014773739207], [-122.021342606795, 45.0147618321867], [-122.021596146403, 45.014785740846], [-122.021950989923, 45.0148979911982], [-122.022091702927, 45.0150208998139], [-122.022167386888, 45.0151563228369], [-122.022210841094, 45.0153663799169], [-122.022280935737, 45.0155214309879], [-122.022450269066, 45.0156868542347], [-122.022675703982, 45.0158944219617], [-122.023058761789, 45.0162402720944], [-122.023468264201, 45.0167534517168], [-122.023555990976, 45.0171578469407], [-122.023619972584, 45.0172895792941], [-122.023969056107, 45.0175195691542], [-122.024267383918, 45.0178580700633], [-122.024324542821, 45.0181116258186], [-122.024309177138, 45.0186023497302], [-122.024346407815, 45.0187617379575], [-122.02449947535, 45.0189351762743], [-122.024769108275, 45.0191499489168], [-122.024940638884, 45.0193972328729], [-122.025187542636, 45.0198665086924], [-122.025391361391, 45.0202179302842], [-122.025502741707, 45.020271033056], [-122.025629265821, 45.0202732389766], [-122.025746168979, 45.0202252147817], [-122.026111804859, 45.020017192866], [-122.026585112809, 45.0198275657122], [-122.026935920199, 45.0197364579955], [-122.027878823362, 45.0196394447546], [-122.028451410423, 45.0196516968286], [-122.028950220646, 45.019705426857], [-122.029142876036, 45.0197172903054], [-122.029323944957, 45.0197772539256], [-122.029541454036, 45.0198841491953], [-122.03017934772, 45.0204471191046], [-122.03030798557, 45.0205202640905], [-122.030602403014, 45.0205719112152], [-122.030898715006, 45.0206346202117], [-122.031154076397, 45.020840832749], [-122.031625493393, 45.0210990512215], [-122.031852582107, 45.0213006541188], [-122.032258251408, 45.0217319612907], [-122.032504605392, 45.0219956979996], [-122.032663128395, 45.0221333287903], [-122.032836758366, 45.0221959167044], [-122.033347321248, 45.0222826329495], [-122.033767628596, 45.0223210193072], [-122.034260562939, 45.0223292718469], [-122.034734817713, 45.0222526623011], [-122.035209142556, 45.0220337651646], [-122.035670324148, 45.0217960037092], [-122.036012620001, 45.021651184307], [-122.036379578201, 45.0215669707753], [-122.036703195384, 45.0215973081577], [-122.036991604896, 45.0217047353041], [-122.037247415444, 45.0218294580025], [-122.03738011907, 45.0219225079114], [-122.0375416667, 45.0221724041786], [-122.03762179822, 45.0223015470677], [-122.037861783149, 45.0224826157173], [-122.038108333863, 45.0225874277304], [-122.038378203046, 45.022665132758], [-122.038696005434, 45.0226544007729], [-122.038831039289, 45.0226167137231], [-122.038989484139, 45.0225280531169], [-122.039065361238, 45.0224313557345], [-122.039163309045, 45.021953001306], [-122.039423579729, 45.0213563129026], [-122.03947254959, 45.0211910298534], [-122.039587627371, 45.0208026200167], [-122.040087029583, 45.0203561749285], [-122.040568188809, 45.0199506732917], [-122.041221988961, 45.0194002382793], [-122.042112128678, 45.0188715580078], [-122.044472147558, 45.0174765109763], [-122.046064915354, 45.0161053558456], [-122.046576177125, 45.0157814470885], [-122.047214334913, 45.0154932717247], [-122.048105045958, 45.0152304773035], [-122.048689372202, 45.0150554052434], [-122.049043211406, 45.0152206031285], [-122.049279904907, 45.0154104443053], [-122.049506755568, 45.0156868650302], [-122.049559772339, 45.015844626808], [-122.049668350809, 45.0164044670353], [-122.049704694849, 45.0171474028549], [-122.049798169046, 45.0172988511199], [-122.049922884852, 45.0174037697796], [-122.050325007604, 45.0175510180441], [-122.050584810265, 45.017664689841], [-122.050728614373, 45.017752992849], [-122.050751003983, 45.0179065007426], [-122.050774831796, 45.0181096712762], [-122.050743847105, 45.0183175610569], [-122.050740685035, 45.0184991401459], [-122.050868290721, 45.0187106352977], [-122.051051895586, 45.0188896699838], [-122.051472846128, 45.0192815858834], [-122.052065390161, 45.0198311140081], [-122.052216633217, 45.0200692119092], [-122.052431894712, 45.0203929738611], [-122.052665782774, 45.0208178708241], [-122.052737362332, 45.0211171669376], [-122.052685425336, 45.0216480901237], [-122.052843519843, 45.022042476822], [-122.053228801878, 45.0227546058913], [-122.053613214345, 45.0230593867304], [-122.053775715986, 45.0232410231656], [-122.053950140967, 45.0236748402505], [-122.054135449935, 45.0239212062242], [-122.054611598358, 45.024221886149], [-122.054997976338, 45.0244500208246], [-122.05541015573, 45.0246534792554], [-122.055600221278, 45.0247265871208], [-122.05574777675, 45.024731782758], [-122.055895134592, 45.0247297700281], [-122.056814261146, 45.0245081261185], [-122.056993087872, 45.024541729941], [-122.057474174334, 45.0248487832018], [-122.059269832925, 45.0256425370846], [-122.060157104321, 45.025887977769], [-122.060308957333, 45.0259097808407], [-122.060431365367, 45.0259222360163], [-122.060593087271, 45.0258875758661], [-122.060708291715, 45.0258247138936], [-122.061148477882, 45.0252996009021], [-122.061575579189, 45.0248978359126], [-122.0619392792, 45.0246824372017], [-122.06236447518, 45.0245271010899], [-122.06306895289, 45.024344212834], [-122.063207371598, 45.0243235812562], [-122.063316993012, 45.0243349967534], [-122.063437927809, 45.0243794802811], [-122.063552314785, 45.0244701952047], [-122.063647703292, 45.0246276197614], [-122.063698964755, 45.0247893398214], [-122.063752995725, 45.0250525367263], [-122.063670253701, 45.0252508342518], [-122.063696529423, 45.0256852767409], [-122.063638333864, 45.0261193622852], [-122.063181007841, 45.0270147958606], [-122.062445304691, 45.0278342501524], [-122.061946240245, 45.0282849783125], [-122.061478060777, 45.0287490037872], [-122.061196085897, 45.0291071932993], [-122.060962381091, 45.0294802360802], [-122.060881041337, 45.0296721828425], [-122.060832930266, 45.0298688359141], [-122.060813947965, 45.0301319567701], [-122.060846555912, 45.0304181849636], [-122.060641716671, 45.0307616231316], [-122.060368176972, 45.0312353310706], [-122.059596796332, 45.0327332022026], [-122.059335372212, 45.0332408182102], [-122.059314382177, 45.0333768018673], [-122.05931488164, 45.0336219249834], [-122.059338207295, 45.0336850761287], [-122.059537194012, 45.0339646881493], [-122.06048348023, 45.0350161951745], [-122.060706707087, 45.0353793547706], [-122.060793975722, 45.0359036008273], [-122.060691147368, 45.0366878127511], [-122.060701804082, 45.0368250070266], [-122.060756158445, 45.0370425342139], [-122.061107871336, 45.0375333472333], [-122.061424142097, 45.0379457063151], [-122.061729945687, 45.0383780579738], [-122.062262739177, 45.0393247198675], [-122.062431207429, 45.0399433868628], [-122.06263222344, 45.0409318059851], [-122.062528473415, 45.0414507080331], [-122.062361258313, 45.0423187871294], [-122.06170632808, 45.0432154442736], [-122.061338614397, 45.0436698297916], [-122.061283727333, 45.0439611283122], [-122.061297844358, 45.0440982740474], [-122.061383728689, 45.0443300831942], [-122.061668136206, 45.0446975542856], [-122.061922698995, 45.04497270827], [-122.062097977375, 45.045223075139], [-122.062208779175, 45.0455798109033], [-122.06221746229, 45.0458981421878], [-122.062116893199, 45.0461224337161], [-122.06159611288, 45.0467923460231], [-122.061137416028, 45.0472683438382], [-122.060683240396, 45.0477044730886], [-122.060061191198, 45.0480834843163], [-122.059426679672, 45.0485031821752], [-122.058039609008, 45.0493036590555], [-122.057026957951, 45.0499969749195], [-122.056136112159, 45.0507670099844], [-122.055831493446, 45.0511509187253], [-122.055620287844, 45.0515662068595], [-122.055442192348, 45.0520766429862], [-122.05540041889, 45.0527081608573], [-122.055437265987, 45.0530745957422], [-122.055702508846, 45.0541765548191], [-122.0558010181, 45.0548328381215], [-122.055753463984, 45.0550622272122], [-122.05553879897, 45.0553272559367], [-122.055336151618, 45.0555397001604], [-122.055057371148, 45.0556721710524], [-122.054121245774, 45.0558612612632], [-122.053686656111, 45.0559505809677], [-122.053234294178, 45.0561283017178], [-122.052919058277, 45.0564042263041], [-122.052799886873, 45.0567203670767], [-122.052581189322, 45.0573333207591], [-122.052407084142, 45.0576073212383], [-122.051651774363, 45.0579220840702], [-122.051408656111, 45.058065062847], [-122.051135808115, 45.0581735250436], [-122.050481028799, 45.0582363648084], [-122.05010406157, 45.0583790870727], [-122.049706879552, 45.0585448560392], [-122.049364245034, 45.0589568339667], [-122.049089541119, 45.0594895280593], [-122.048715322734, 45.0605692138838], [-122.048554914167, 45.0613505381904], [-122.048599620624, 45.0615119552356], [-122.048994308919, 45.0624310809963], [-122.049026220671, 45.0626164991534], [-122.048924861961, 45.0628466158908], [-122.048820130077, 45.063200680245], [-122.048594668212, 45.0638146678492], [-122.048376437785, 45.0641988671569], [-122.048133704012, 45.0644379650772], [-122.047113080407, 45.0652239037578], [-122.046586394563, 45.0656408757457], [-122.045835749735, 45.0664802391002], [-122.045352977135, 45.0670300411382], [-122.045114900228, 45.0673116137226], [-122.044419191872, 45.0682947317922], [-122.04454551117, 45.0685063461998], [-122.044522462197, 45.0687328742973], [-122.044503733222, 45.0689965701439], [-122.044238910774, 45.0704120701273], [-122.044163266339, 45.0709932741728], [-122.044135942283, 45.0714979540635], [-122.044148166557, 45.0726581848163], [-122.044120567617, 45.0738295901946], [-122.044068175175, 45.0776228027161], [-122.044067107078, 45.0776999597898], [-122.043883619893, 45.0780839852089], [-122.043569055931, 45.0784792700172], [-122.043154186085, 45.0788095751162], [-122.042894645732, 45.0790764773024], [-122.042829545722, 45.0791813068114], [-122.042746080554, 45.0793911618929], [-122.042457307224, 45.0790983102181], [-122.04206687874, 45.0788731648117], [-122.041877910035, 45.0788093867201], [-122.041610501338, 45.0787606320559], [-122.041262402369, 45.07875360113], [-122.041196351941, 45.078752265863], [-122.040783140385, 45.0787787999288], [-122.040127848131, 45.0790480162868], [-122.039354593606, 45.0793656880674], [-122.03910156514, 45.0794116841754], [-122.038739570132, 45.07939227196], [-122.038522491345, 45.0793670918272], [-122.038284603085, 45.0792884177959], [-122.03806823756, 45.0791504937646], [-122.037897825354, 45.0790021251846], [-122.03755586098, 45.0783189037682], [-122.036946278602, 45.077482072127], [-122.036553981622, 45.0769894990143], [-122.036291207333, 45.0766720512713], [-122.03621514608, 45.076584457033], [-122.036093796261, 45.0764447071396], [-122.035980115361, 45.0762766448513], [-122.036143709354, 45.0752952271624], [-122.036291177689, 45.0750338916946], [-122.036244792281, 45.0748313051351], [-122.035961921781, 45.07447059919], [-122.035540602031, 45.0741067292048], [-122.035299610092, 45.0739842792522], [-122.035028247909, 45.0739200579783], [-122.034790692924, 45.0739257699787], [-122.034607347673, 45.0739684602486], [-122.034434978936, 45.0740235729886], [-122.034271722709, 45.0741539799134], [-122.033778048155, 45.0747966422579], [-122.033635462163, 45.0749041452578], [-122.033463224581, 45.074964280697], [-122.033279675412, 45.0749994313052], [-122.033081195345, 45.07500712815], [-122.032920131008, 45.0749957551147], [-122.032541609693, 45.074863547219], [-122.032145643994, 45.0747833958707], [-122.031996203857, 45.0747709982747], [-122.031439209753, 45.0748059897737], [-122.031264005933, 45.0748505469846], [-122.031040682058, 45.0749314861306], [-122.030847195726, 45.0750522288611], [-122.030564083579, 45.0754883860131], [-122.030402386828, 45.0759280802134], [-122.030345773202, 45.0764056897446], [-122.030295543903, 45.0766030062108], [-122.030222403971, 45.0767219692192], [-122.030010940553, 45.0768575399568], [-122.029494171211, 45.0769922882543], [-122.029068088594, 45.07714548374], [-122.028885940797, 45.0773396512914], [-122.028792906775, 45.0774932930591], [-122.028535369664, 45.0778946221459], [-122.028535065135, 45.0783307810735], [-122.028518967325, 45.0786231780597], [-122.028398476296, 45.0788111108304], [-122.028193888584, 45.0789832342481], [-122.027957280423, 45.0790753298038], [-122.02769530294, 45.0791127157895], [-122.02743242265, 45.079116238208], [-122.026794940395, 45.0789680991661], [-122.025849939666, 45.0787182111508], [-122.025566091799, 45.0786076768723], [-122.024556845357, 45.078189256769], [-122.02424346807, 45.0780918192897], [-122.023756945004, 45.0780009292969], [-122.023039898066, 45.0780062748755], [-122.021992157916, 45.0781946917716], [-122.021139708813, 45.0783432108827], [-122.020282656744, 45.078468374058], [-122.019980664705, 45.0784788722897], [-122.019615150995, 45.0784500157861], [-122.01877038698, 45.0783723471822], [-122.018100681258, 45.0783600949933], [-122.016596221447, 45.0784026963154], [-122.015266366281, 45.0784800546886], [-122.01498902581, 45.0785434208312], [-122.014828450156, 45.0786425321778], [-122.014669159093, 45.0787901138528], [-122.014325603803, 45.0793355170566], [-122.014059933346, 45.0796411681205], [-122.013639470589, 45.0798668160527], [-122.013341665597, 45.079952827711], [-122.013011393695, 45.0800056999798], [-122.012763256556, 45.0799791531631], [-122.011481698412, 45.0796940248197], [-122.011323420648, 45.0796812039284], [-122.011217282901, 45.0796786108248], [-122.009937948087, 45.0796473419692], [-122.00746521669, 45.0795084850812], [-122.005783566885, 45.0794225380894], [-122.0055669139, 45.0793918298361], [-122.005179967286, 45.0792621288164], [-122.004411383102, 45.0788923551882], [-122.00355089857, 45.0786015822029], [-122.003195855623, 45.0785130159513], [-122.002873856306, 45.0784799620758], [-122.002605657092, 45.078490956989], [-122.002301697742, 45.0785434519135], [-122.002084769872, 45.0786279882035], [-122.00190048678, 45.0787016627075], [-122.001708411701, 45.0788049007345], [-122.001440525998, 45.0790284929404], [-122.00129279805, 45.0792169337417], [-122.001168469418, 45.0794945838964], [-122.001039675261, 45.0800035471071], [-122.000925607186, 45.0806727028587], [-122.000765916373, 45.0812081821694], [-122.00065998973, 45.0813848811977], [-122.000521314104, 45.0815172528781], [-122.000376689835, 45.08162359325], [-122.000283131197, 45.0816695831002], [-122.000163791808, 45.0816986752054], [-122.000010337998, 45.0817067422124], [-121.999479467801, 45.081739834182], [-121.999291076712, 45.0817833400296], [-121.999010688258, 45.0819324917201], [-121.998740207322, 45.0821537622247], [-121.998493084381, 45.0822712579764], [-121.998248439891, 45.0823432576937], [-121.997667572161, 45.0824253831327], [-121.996214465442, 45.082502149976], [-121.995650977417, 45.0825062582691], [-121.995031421942, 45.0824600052278], [-121.994445034962, 45.0823275507366], [-121.993761612864, 45.0820736356909], [-121.993089587691, 45.0818022027655], [-121.99264296779, 45.0816806141888], [-121.992250013244, 45.0816268567196], [-121.991776930771, 45.0815621372291], [-121.991018777824, 45.0811888067197], [-121.990164284156, 45.0809174108205], [-121.989713164593, 45.080843744248], [-121.989304503902, 45.0808936642602], [-121.988446425956, 45.0809984739433], [-121.98823241312, 45.0809510189387], [-121.987728890335, 45.0806191188765], [-121.987344538056, 45.0804100681735], [-121.987063128217, 45.0803142849659], [-121.986795537162, 45.0802046957328], [-121.985545842261, 45.079461805885], [-121.98539367933, 45.0792921019565], [-121.985099543058, 45.0788897468248], [-121.984943100553, 45.0787829097582], [-121.984763789636, 45.0787056818331], [-121.984621229695, 45.078678226049], [-121.984437964394, 45.0786764251805], [-121.984226350059, 45.0787210548589], [-121.984062872847, 45.0787985580628], [-121.983860097036, 45.0789561338216], [-121.983636617753, 45.0792270410912], [-121.983493249329, 45.0793964058496], [-121.983365434335, 45.0794818200494], [-121.983195935716, 45.0795552111791], [-121.982978409568, 45.0795999162898], [-121.982618214784, 45.0796129750699], [-121.982303552007, 45.0795584417822], [-121.982088138697, 45.0794565536881], [-121.981872186398, 45.0793337377759], [-121.981547823613, 45.0791327662327], [-121.981440714787, 45.079104843789], [-121.981250998684, 45.0790821849814], [-121.980458308209, 45.079054792811], [-121.980226365898, 45.0789991787292], [-121.979981202182, 45.0788893002568], [-121.979675225217, 45.0787132088121], [-121.979300036652, 45.0783747037381], [-121.97921310219, 45.0782125210884], [-121.979207905436, 45.0780367256974], [-121.979278657646, 45.0777761696867], [-121.979178114606, 45.0770289511749], [-121.978766096911, 45.0766937880496], [-121.977572420952, 45.0759254691772], [-121.976821210185, 45.0754757817662], [-121.9758881301, 45.0749653591314], [-121.974916789868, 45.0744930460409], [-121.974730925741, 45.0744307062728], [-121.974529582743, 45.0744020481887], [-121.97262641288, 45.0744022131273], [-121.972339651777, 45.0743602869748], [-121.972077933009, 45.07426588292], [-121.971817028114, 45.0741067412581], [-121.970690353898, 45.0734195001753], [-121.970304965862, 45.0733234400736], [-121.969854514646, 45.0730156699594], [-121.969375917415, 45.0728426518296], [-121.968580178058, 45.072628921261], [-121.967752270031, 45.0723932002642], [-121.966606652143, 45.0720943651771], [-121.965997086832, 45.0717438312], [-121.965516219558, 45.071481232238], [-121.965269166686, 45.0712478760456], [-121.965095116303, 45.0710834730129], [-121.964482707824, 45.0706209746953], [-121.964064480076, 45.0703351677685], [-121.963928840756, 45.0702949401602], [-121.963268220594, 45.070099007804], [-121.962509059738, 45.0700908236924], [-121.962295337955, 45.0701424768364], [-121.961763809293, 45.0704246190274], [-121.96132325841, 45.070689395735], [-121.961289982117, 45.0707084778362], [-121.960671839692, 45.0711626322494], [-121.959731865036, 45.0714882488328], [-121.958854507448, 45.0717906581742], [-121.957842835554, 45.0718981788825], [-121.957461012033, 45.0719739981098], [-121.957081719065, 45.0719641958958], [-121.95699413602, 45.0719712378076], [-121.956714529998, 45.0718950468139], [-121.956514185028, 45.0718544517127], [-121.953490566275, 45.0710136522867], [-121.953422316771, 45.0709883231802], [-121.95295145134, 45.0708581177555], [-121.952269821381, 45.0706044302513], [-121.95189540357, 45.0705284607523], [-121.951602623755, 45.0705010023081], [-121.951351632668, 45.0704774607784], [-121.950690822961, 45.0702766427049], [-121.950597248153, 45.0702609438503], [-121.950508637435, 45.0702212770222], [-121.950071043806, 45.0700882891553], [-121.949702635725, 45.0699192032375], [-121.94901943012, 45.0696435367398], [-121.948323500778, 45.069452279201], [-121.946895000711, 45.069314314933], [-121.946432374628, 45.0693059391094], [-121.946034602417, 45.0692536520417], [-121.945720849635, 45.0692327708264], [-121.944920633973, 45.0691795142714], [-121.944333506781, 45.0691764220234], [-121.944268949353, 45.0691816047426], [-121.944022034821, 45.0692014302732], [-121.943958446675, 45.069222331802], [-121.943838765028, 45.0692380290385], [-121.943555260318, 45.0692752127307], [-121.942754544294, 45.0699137737922], [-121.942338784218, 45.0702285082076], [-121.941892456269, 45.0705642129833], [-121.941205890067, 45.0710781432815], [-121.941098246743, 45.0711549938875], [-121.9406426913, 45.0714373702537], [-121.940608974832, 45.0714728541943], [-121.939995441663, 45.0717410658114], [-121.939687070687, 45.0718539251543], [-121.939386641717, 45.0719638748861], [-121.939324875354, 45.0719786889105], [-121.938643846368, 45.0721420261061], [-121.937931536246, 45.0722615522352], [-121.937087498968, 45.0724009317176], [-121.936752254891, 45.0724949461592], [-121.936337996798, 45.0725525319425], [-121.934186541574, 45.0734195521953], [-121.932396413011, 45.0749119429809], [-121.931476389938, 45.0756106728825], [-121.931146570787, 45.0758611542959], [-121.930990722967, 45.0759795117644], [-121.930962726971, 45.0759917130804], [-121.929219954895, 45.0767511818334], [-121.928992407142, 45.0768066420524], [-121.92804073732, 45.0768134169393], [-121.927849739321, 45.0767888306931], [-121.927518102878, 45.0768171348802], [-121.927462359719, 45.076817531985], [-121.926031948038, 45.0768517191409], [-121.925217194042, 45.0769614968637], [-121.92479935167, 45.0770701807565], [-121.924509557855, 45.0771607100167], [-121.924127470228, 45.0772979137921], [-121.924110212693, 45.0773073401921], [-121.923543798856, 45.0776166908144], [-121.922745669082, 45.0781125361464], [-121.921918380892, 45.078612816236], [-121.921916065036, 45.0784464153033], [-121.921785477841, 45.0785106067515], [-121.920852926863, 45.0787996459398], [-121.920125579842, 45.0789121691039], [-121.919171625604, 45.0790730310007], [-121.91855834576, 45.0792280382515], [-121.916477149571, 45.0798824120463], [-121.9140785741, 45.0805879399735], [-121.912572015826, 45.0810595341295], [-121.91191507696, 45.0812070347137], [-121.911047866741, 45.0813466606883], [-121.910443593405, 45.0814339279384], [-121.909686396266, 45.0814678427544], [-121.907538313318, 45.0816600958928], [-121.906316501225, 45.0817011508722], [-121.904798052849, 45.0817276461449], [-121.903801531941, 45.0817165192863], [-121.902969377578, 45.0816979907974], [-121.901966801127, 45.0816409920763], [-121.9008533034, 45.0814294009293], [-121.899705205263, 45.0811498452115], [-121.898776951825, 45.0810129798902], [-121.897787891426, 45.080902200134], [-121.897136214891, 45.0808735180201], [-121.894671914183, 45.080710349769], [-121.893200524053, 45.0807651642247], [-121.891553195282, 45.0809639397655], [-121.889034426125, 45.0812680071432], [-121.887507639586, 45.0814110981587], [-121.886446842424, 45.0815329181942], [-121.885959583637, 45.081580566177], [-121.88533853606, 45.0817019012472], [-121.884350088312, 45.0819031472841], [-121.883187033226, 45.0822906596993], [-121.882078831965, 45.0827232191082], [-121.880715774167, 45.083404004237], [-121.879970936049, 45.0837555348112], [-121.878950747229, 45.0842370050491], [-121.877872972806, 45.0847456329832], [-121.876712520138, 45.0852487522893], [-121.875824245324, 45.0855431441248], [-121.874564265612, 45.0855802468059], [-121.873914312944, 45.0855344180335], [-121.873128721855, 45.0853765508997], [-121.872186393614, 45.0851059410806], [-121.869080055294, 45.0843050387391], [-121.868206290966, 45.0842012201443], [-121.867670179998, 45.084201442139], [-121.864540028238, 45.0841115811395], [-121.863572920868, 45.0839663581182], [-121.862604098614, 45.0838375789357], [-121.861636174675, 45.0838153298438], [-121.860667707256, 45.083815863269], [-121.860116748034, 45.0838323981798], [-121.859571322434, 45.0838847879815], [-121.857888700652, 45.0842246177496], [-121.855377024592, 45.0848980008986], [-121.854570317704, 45.0852128741478], [-121.854111260628, 45.0854833902247], [-121.85386577262, 45.085668230005], [-121.853581018353, 45.0860117810945], [-121.853087338409, 45.087887905276], [-121.853044707959, 45.0880407512629], [-121.85292662172, 45.0882495951927], [-121.852625315096, 45.088452665023], [-121.852186895914, 45.0885532749713], [-121.851795390351, 45.0885665911019], [-121.851168236027, 45.0884525908189], [-121.850680032212, 45.0885190897432], [-121.849549804261, 45.0888794197035], [-121.848900620552, 45.0888697529411], [-121.847891184565, 45.088643496198], [-121.847425857248, 45.088480641881], [-121.84692331722, 45.0884386321933], [-121.845955316925, 45.0886903892355], [-121.845269481053, 45.0887291883145], [-121.844599238138, 45.0888046852244], [-121.844280910235, 45.0889487346928], [-121.844019504081, 45.0891480760203], [-121.84371270875, 45.0894907550687], [-121.843373266845, 45.0898113838117], [-121.843117833589, 45.0899298988396], [-121.842825781409, 45.0899939968415], [-121.842179725633, 45.0900169272011], [-121.841849025234, 45.0900929551412], [-121.841597921858, 45.0902222592953], [-121.841454074631, 45.0903540568402], [-121.841374483897, 45.0906152042763], [-121.841193661115, 45.0912591851461], [-121.84086816825, 45.0920002771497], [-121.840954320279, 45.0922547511802], [-121.841110920888, 45.0924311071957], [-121.841644231807, 45.0927197398448], [-121.842241195551, 45.093111706873], [-121.842651080646, 45.0933584187968], [-121.843003626276, 45.0937706062162], [-121.84323253318, 45.0941322062458], [-121.843417562772, 45.0947111651064], [-121.843553628792, 45.0952907002449], [-121.843473048114, 45.0958012577396], [-121.842982721581, 45.0973471357657], [-121.84244243704, 45.0988873981368], [-121.84241378168, 45.0996411549357], [-121.842312151679, 45.1002032760417], [-121.842250412266, 45.1003566400962], [-121.842114928355, 45.1006011312124], [-121.841878146819, 45.100873309901], [-121.841313429001, 45.1012883852133], [-121.840667854722, 45.1016254787511], [-121.840145578707, 45.1018204317844], [-121.839846926604, 45.1018864712918], [-121.839582047563, 45.1019183702913], [-121.838713533889, 45.1019998278068], [-121.838449895421, 45.1020529478827], [-121.837536783985, 45.1024551500157], [-121.837219056158, 45.1025800847263], [-121.836891391166, 45.1026837247147], [-121.836588659814, 45.1027584461047], [-121.836277158209, 45.1027787697732], [-121.836077272279, 45.1027894499523], [-121.834658132657, 45.102514250825], [-121.834445602041, 45.1024875572196], [-121.83405818471, 45.1025337750218], [-121.831803957726, 45.1033021532634], [-121.831207200595, 45.1034591928639], [-121.830563360963, 45.1036167798559], [-121.828889209395, 45.1040198199656], [-121.828108583295, 45.1043101383051], [-121.827498452045, 45.1045370431117], [-121.826706826074, 45.1048456198503], [-121.826495933985, 45.1048897598936], [-121.826066331768, 45.1048947548677], [-121.824894164171, 45.1048625189533], [-121.824566480315, 45.104863667836], [-121.824205076398, 45.1049714040156], [-121.824011324165, 45.1051228937254], [-121.823896612896, 45.105253456016], [-121.823771194608, 45.1054299982383], [-121.823711088332, 45.1056307942062], [-121.823683184863, 45.1059611001853], [-121.823592413697, 45.1063533618104], [-121.823457341214, 45.1066217279667], [-121.823234374869, 45.1069077876862], [-121.822853947329, 45.1075124980139], [-121.822370088666, 45.1079724989716], [-121.821969687086, 45.1082230939974], [-121.821595819943, 45.1083483191384], [-121.821302708649, 45.1084017401641], [-121.820903277249, 45.1084397149636], [-121.820308378732, 45.1084257580532], [-121.819587773567, 45.1083215401346], [-121.819115313627, 45.1082561357346], [-121.818605720027, 45.1081119530072], [-121.818233120407, 45.1080370528606], [-121.818056465808, 45.1080349257706], [-121.817851250173, 45.1080706469244], [-121.817670916973, 45.1081644409993], [-121.817526759828, 45.108295336793], [-121.817439180376, 45.1084260008758], [-121.81731261943, 45.1087105141072], [-121.817156351198, 45.1090377210511], [-121.816976671972, 45.1094605953122], [-121.816763121768, 45.1098645419716], [-121.81642540373, 45.1102297431697], [-121.815747369726, 45.1108016107287], [-121.815559309218, 45.1111194507991], [-121.815489454425, 45.1114651577002], [-121.815545723098, 45.1121777318796], [-121.815521501823, 45.1128820741695], [-121.815455684957, 45.1130236817851], [-121.815360591996, 45.113157132027], [-121.815164630805, 45.1133473937768], [-121.814939719607, 45.1135226050395], [-121.814496009349, 45.113752597929], [-121.814165651208, 45.113834820842], [-121.813042104028, 45.1139392442335], [-121.811690421596, 45.1140521932821], [-121.810183217433, 45.1140048937953], [-121.810032477433, 45.1140253618017], [-121.809769401311, 45.1140926227365], [-121.809588211118, 45.1141040710342], [-121.809490319007, 45.1141212552043], [-121.809302888217, 45.1141903221145], [-121.808181354162, 45.1147385170271], [-121.808076085085, 45.1147638140587], [-121.808004463306, 45.1147726662738], [-121.807498889667, 45.1147074676869], [-121.807045274585, 45.1145812529814], [-121.806817239945, 45.1142709779392], [-121.806483565224, 45.1132047308062], [-121.806356248796, 45.1129317797993], [-121.806256967889, 45.1127989648854], [-121.806682659739, 45.1126353477049], [-121.806983857667, 45.1125109859085], [-121.807108545625, 45.1124484562323], [-121.80722884172, 45.1123389768326], [-121.807386445747, 45.1121078941733], [-121.807521371804, 45.1118247501218], [-121.807602143823, 45.1114921647254], [-121.807715147394, 45.1107735382978], [-121.807676052713, 45.1102953640316], [-121.807417926307, 45.1098438378982], [-121.807152551396, 45.1091514260107], [-121.807142370789, 45.1091248642096], [-121.806851047142, 45.1081464720398], [-121.806546177799, 45.1076481148752], [-121.80645078031, 45.107603287161], [-121.806386194136, 45.1072830860952], [-121.806300421196, 45.1071318081733], [-121.806191571434, 45.1069855969196], [-121.805870544094, 45.1062647510895], [-121.80575894459, 45.1058994072268], [-121.805643767096, 45.1055223447148], [-121.805391086278, 45.103959831141], [-121.805262049576, 45.1020069268878], [-121.805162083254, 45.1000935759515], [-121.805105963702, 45.0988677439691], [-121.804665944621, 45.0968585697779], [-121.804784412644, 45.0958800231761], [-121.804919638739, 45.0950035346971], [-121.804899971024, 45.0945096350632], [-121.804665612244, 45.0944224087148], [-121.804555590182, 45.0943718860256], [-121.804399079405, 45.0942903288452], [-121.803973559133, 45.0939985326904], [-121.803372330188, 45.093567170988], [-121.802333182423, 45.0930828051239], [-121.801902736689, 45.0929588268929], [-121.801465397282, 45.0929315942117], [-121.801163033341, 45.092838376307], [-121.800142839131, 45.0923859967378], [-121.799891030577, 45.0921149711239], [-121.799709575381, 45.0917368060438], [-121.799230767046, 45.0910849082057], [-121.798616269985, 45.0904667798523], [-121.798361524838, 45.0901868840305], [-121.798183875804, 45.0898758168081], [-121.797835745394, 45.0895694359799], [-121.797767548891, 45.0894685950656], [-121.797499261641, 45.089092646173], [-121.797436702066, 45.088898363179], [-121.79723874931, 45.0885463302364], [-121.797000332841, 45.0882161086999], [-121.796543770386, 45.0876497832312], [-121.796124956037, 45.0869687220656], [-121.796026788143, 45.086552628715], [-121.795951395236, 45.0860734111873], [-121.796282551081, 45.0853781099048], [-121.796465118391, 45.0848902432283], [-121.796456834128, 45.0845245659686], [-121.79681786704, 45.0840803908227], [-121.797033850781, 45.0836435812521], [-121.797041046286, 45.0832491510288], [-121.796841139694, 45.0829713808456], [-121.796561362992, 45.0827288090798], [-121.796234233397, 45.0825324969156], [-121.795633544339, 45.0823678681902], [-121.794995815048, 45.0819921947851], [-121.794781603683, 45.0817945962719], [-121.793442565039, 45.0809596137943], [-121.791348397178, 45.080499411688], [-121.790181524251, 45.0801328208179], [-121.789683290747, 45.0798934257191], [-121.789136326333, 45.0794095471384], [-121.788803028007, 45.0791989112689], [-121.787490456426, 45.0785031469851], [-121.78659611978, 45.077949668934], [-121.785993096001, 45.0776624339586], [-121.785508392023, 45.077255023018], [-121.784640161318, 45.0768346759965], [-121.784062410742, 45.0766867968338], [-121.783366747301, 45.0765028141898], [-121.782920892764, 45.0760986809692], [-121.782473518278, 45.0756263728051], [-121.782172413774, 45.0754042028619], [-121.781788712774, 45.0752768837302], [-121.781300691318, 45.0753798919598], [-121.77982622356, 45.0759937741219], [-121.779145561086, 45.076330550085], [-121.778761001296, 45.0764445758277], [-121.778365525178, 45.0764551061491], [-121.778088953665, 45.0763972546963], [-121.777216306842, 45.075950971814], [-121.77658149977, 45.0756065260317], [-121.776128518898, 45.0752974740992], [-121.774318103682, 45.074288992779], [-121.772834002391, 45.0738113027523], [-121.772307112629, 45.073930442222], [-121.771541661769, 45.0740107838129], [-121.770416768014, 45.0741610767466], [-121.767479702836, 45.0736542742389], [-121.766835204739, 45.0735595810053], [-121.767262738136, 45.0733262497931], [-121.76769160014, 45.0730242939221], [-121.768179142795, 45.0724587859473], [-121.768935931201, 45.0712977796992], [-121.769204563403, 45.0710528751076], [-121.769574165345, 45.0706258369009], [-121.769909353727, 45.0701020238708], [-121.770432640347, 45.0694169031287], [-121.771594817779, 45.0681600029565], [-121.77351846384, 45.0672865380278], [-121.773744612916, 45.0670585811025], [-121.774326362793, 45.0653211341303], [-121.774488138596, 45.0636978238457], [-121.774591811366, 45.0624096300345], [-121.77455468669, 45.0611144362842], [-121.774681308721, 45.0591388450766], [-121.77474689472, 45.05810300005], [-121.774778095905, 45.0575136268793], [-121.774824985268, 45.056633494233], [-121.774954607672, 45.054278218277], [-121.774970362325, 45.0531798200799], [-121.775100710568, 45.0525951977127], [-121.775432028109, 45.0520495888213], [-121.775909838415, 45.0516314337558], [-121.776374360842, 45.0510808921465], [-121.776605480297, 45.050514409315], [-121.776691864091, 45.049916562766], [-121.776886209213, 45.0491918487089], [-121.777390366208, 45.0484495248738], [-121.778150272667, 45.047253529757], [-121.778550893436, 45.0463411498754], [-121.778719896185, 45.0454753488218], [-121.778808352393, 45.0444753701254], [-121.779184677326, 45.0429726637768], [-121.779159819146, 45.0423556443033], [-121.778888087756, 45.0415968877439], [-121.77812582322, 45.0397048511159], [-121.777857574598, 45.0389254419738], [-121.777536265187, 45.0382146738236], [-121.77732094081, 45.0375692261076], [-121.777532062868, 45.0375973872089], [-121.777768916269, 45.0377066652019], [-121.777985277302, 45.0377551171776], [-121.778225552386, 45.0378032999631], [-121.778768433058, 45.0379057517261], [-121.77893051878, 45.0378801902201], [-121.779291663982, 45.0377709849241], [-121.780868481292, 45.0372580438412], [-121.781936353586, 45.0368486341453], [-121.784665934882, 45.035988791818], [-121.785018622446, 45.0357860948195], [-121.785664609051, 45.0351463209836], [-121.785900042216, 45.0349593066998], [-121.786148569224, 45.0347808009209], [-121.786864660355, 45.0343592350367], [-121.787631480247, 45.0339809581582], [-121.789266205655, 45.0332432420148], [-121.790709274599, 45.0326973539429], [-121.790876011797, 45.0326970631851], [-121.791486117894, 45.0327245207399], [-121.792508113226, 45.0328914921763], [-121.793189562624, 45.0330079750542], [-121.795839480423, 45.0328319047861], [-121.80171627069, 45.032421766998], [-121.806449959249, 45.0321113852172], [-121.809761014639, 45.0318326980087], [-121.810426569247, 45.0317318828159], [-121.810846130994, 45.0315151258363], [-121.811922138431, 45.0310625331332], [-121.812766462271, 45.0306413379192], [-121.813594577809, 45.0304687578523], [-121.814617211844, 45.0301852369978], [-121.815303026156, 45.030014285907], [-121.815884733811, 45.0300774410332], [-121.817465322249, 45.0302532620183], [-121.819590819754, 45.0305159513024], [-121.820590949194, 45.0305202620453], [-121.821779739217, 45.0305382738365], [-121.822546519584, 45.0305357362763], [-121.822970224361, 45.0304354159001], [-121.8232193748, 45.030349842705], [-121.823873486667, 45.0301291868292], [-121.824644670576, 45.0299294250445], [-121.824894621414, 45.0294908652052], [-121.826095345555, 45.0287487803073], [-121.826308961337, 45.0286883391256], [-121.826626680181, 45.02875503076], [-121.826868564148, 45.0288518539612], [-121.826874561301, 45.0288274292996], [-121.828306651933, 45.0295137411174], [-121.829123720888, 45.0299747200359], [-121.829594006007, 45.0305949337103], [-121.829912376131, 45.0310057461152], [-121.830159885348, 45.0313730628101], [-121.830480123967, 45.0317056379894], [-121.830802223895, 45.0319599767692], [-121.831462207151, 45.0323563651992], [-121.832004554224, 45.0325950928304], [-121.832947160045, 45.0329699177262], [-121.834756766777, 45.0336291817472], [-121.835971858573, 45.0340776157167], [-121.837027877597, 45.0344012990807], [-121.838058770743, 45.0346223980962], [-121.838411575986, 45.0346815970166], [-121.838849254955, 45.0346844099049], [-121.839127838694, 45.034601574698], [-121.839382873098, 45.0344712762481], [-121.840467693907, 45.0337142599497], [-121.841550381216, 45.0330003760335], [-121.841811446909, 45.0328594651204], [-121.842094798008, 45.0326741872755], [-121.84227683621, 45.0324790731836], [-121.842549954599, 45.0321891547685], [-121.842884481821, 45.031865436038], [-121.843177019092, 45.0317406907649], [-121.843485360423, 45.0316267872594], [-121.843742519343, 45.0316513218258], [-121.843957410732, 45.0318092211835], [-121.844651947686, 45.0323898209394], [-121.844898176803, 45.0325589023033], [-121.84512087006, 45.0327831807388], [-121.845528865998, 45.0330789849023], [-121.846110960827, 45.0333462440913], [-121.847093757274, 45.0336833589101], [-121.84761768529, 45.0338551249549], [-121.848543841162, 45.0343901890365], [-121.849159311099, 45.034745751277], [-121.849497329174, 45.0349596050639], [-121.849665094045, 45.0351144602416], [-121.850101112029, 45.0357518431106], [-121.850388502852, 45.0361380128641], [-121.85079313909, 45.0366543379403], [-121.850952346609, 45.0367485800234], [-121.851182892939, 45.036841975133], [-121.851376814954, 45.0368953290983], [-121.852019686202, 45.0369231179064], [-121.852610471334, 45.0368604521445], [-121.853013748421, 45.0367140000654], [-121.853201935592, 45.0365245659698], [-121.85330344432, 45.0362906259051], [-121.85340566721, 45.0360870342664], [-121.853543162449, 45.0355642791554], [-121.853540136025, 45.0351342620354], [-121.853212146741, 45.0340398682609], [-121.853191374997, 45.0335603100634], [-121.853262051749, 45.0326426419437], [-121.853290985586, 45.0324458352474], [-121.853199880246, 45.0321432920705], [-121.853056975353, 45.0316910496952], [-121.853040642184, 45.0315327310071], [-121.85305875761, 45.0312333509471], [-121.853065780639, 45.030730938891], [-121.853079672187, 45.0306346210467], [-121.853149537759, 45.0305446402742], [-121.85322937014, 45.0304588551967], [-121.853372627174, 45.0303924080671], [-121.853519770319, 45.0303571722587], [-121.853767507708, 45.0303334992888]]]}, "properties": {"zone_name": "77", "level": 3, "fire_name": "No named fire", "county": "Clackamas", "addresses": 2, "unmatched_addresses": 0, "unmatched_fraction_pct": 0, "geometry_source": "cached", "geometry_cache_age_days": 0, "overlapping_zips": [{"zip": "97023", "fraction_pct": 100.0, "nearest_centroid_fallback": true}]}}, {"type": "Feature", "geometry": {"type": "Polygon", "coordinates": [[[-117.26387811081, 45.8347932618305], [-117.263960708326, 45.8349391270592], [-117.240398768088, 45.8378665574167], [-117.24002, 45.83768], [-117.23978, 45.83749], [-117.23935, 45.8372], [-117.23907, 45.8371], [-117.23879, 45.83704], [-117.23814, 45.83705], [-117.2379, 45.83708], [-117.23779, 45.83714], [-117.23762, 45.83717], [-117.23703, 45.8372], [-117.23653, 45.83732], [-117.23642, 45.83731], [-117.23621, 45.83719], [-117.2357, 45.83709], [-117.23553, 45.83702], [-117.23535, 45.83684], [-117.2352, 45.8366], [-117.23506, 45.8363], [-117.23499, 45.83588], [-117.23502, 45.83568], [-117.23511, 45.83549], [-117.23536, 45.83514], [-117.2359, 45.83501], [-117.23615, 45.83492], [-117.23674, 45.8348], [-117.23748, 45.83472], [-117.23776, 45.83467], [-117.23803, 45.83457], [-117.23831, 45.83444], [-117.23851, 45.83433], [-117.23865, 45.8342], [-117.23887, 45.83374], [-117.2391, 45.83311], [-117.23914, 45.83288], [-117.23909, 45.83254], [-117.23903, 45.83147], [-117.23891, 45.8314], [-117.23866, 45.83138], [-117.23788, 45.8316], [-117.23744, 45.83168], [-117.23664, 45.83186], [-117.23599, 45.83208], [-117.2354, 45.83223], [-117.23492, 45.8323], [-117.23443, 45.83233], [-117.23417, 45.83232], [-117.23369, 45.83217], [-117.23351, 45.83209], [-117.23322, 45.83186], [-117.23257, 45.83113], [-117.23209, 45.83048], [-117.23193, 45.83019], [-117.23174, 45.82968], [-117.23178, 45.8293], [-117.23187, 45.82912], [-117.23226, 45.8288], [-117.23248, 45.82869], [-117.23273, 45.82859], [-117.23294, 45.82853], [-117.2335, 45.82845], [-117.23423, 45.82844], [-117.23501, 45.8283], [-117.23575, 45.82813], [-117.23619, 45.82794], [-117.23632, 45.82785], [-117.23643, 45.82774], [-117.2365, 45.82761], [-117.23657, 45.82738], [-117.23655, 45.82723], [-117.23617, 45.82674], [-117.23577, 45.82643], [-117.23545, 45.82614], [-117.23502, 45.8256], [-117.23476, 45.82533], [-117.23469, 45.82519], [-117.23431, 45.82481], [-117.23364, 45.82385], [-117.23338, 45.82359], [-117.23308, 45.82335], [-117.23266, 45.8231], [-117.23242, 45.82301], [-117.23184, 45.82295], [-117.23152, 45.82299], [-117.23126, 45.82307], [-117.23032, 45.8233], [-117.23013, 45.82332], [-117.22998, 45.82331], [-117.22915, 45.82297], [-117.22851, 45.82278], [-117.22821, 45.82259], [-117.22799, 45.82231], [-117.22772, 45.82193], [-117.22761, 45.82169], [-117.22752, 45.82157], [-117.22719, 45.82135], [-117.227, 45.82117], [-117.22685, 45.82099], [-117.22664, 45.82046], [-117.22651, 45.81996], [-117.2264, 45.81973], [-117.22609, 45.81931], [-117.22576, 45.81901], [-117.22547, 45.8189], [-117.22457, 45.81866], [-117.22412, 45.81846], [-117.22335, 45.81831], [-117.22297, 45.81802], [-117.22278, 45.81793], [-117.22262, 45.81788], [-117.22238, 45.81785], [-117.2222, 45.81786], [-117.22202, 45.81791], [-117.22175, 45.81807], [-117.22127, 45.81827], [-117.22098, 45.81858], [-117.22054, 45.81884], [-117.22028, 45.81916], [-117.22013, 45.81925], [-117.21964, 45.81938], [-117.21903, 45.81959], [-117.21874, 45.81965], [-117.218183666033, 45.8197338311655], [-117.217989514816, 45.8197612415263], [-117.21768, 45.81978], [-117.21724, 45.81972], [-117.21684, 45.81964], [-117.21637, 45.81959], [-117.21615, 45.81948], [-117.21599, 45.81938], [-117.21582, 45.81921], [-117.2155, 45.81899], [-117.21498, 45.81859], [-117.21462, 45.81834], [-117.21423, 45.8181], [-117.21357, 45.81774], [-117.21239, 45.81729], [-117.21207, 45.8172], [-117.20937, 45.81651], [-117.20916, 45.8165], [-117.209, 45.81653], [-117.20868, 45.81663], [-117.20773, 45.81718], [-117.20733, 45.81753], [-117.2073, 45.81769], [-117.20724, 45.81778], [-117.207, 45.81797], [-117.20682, 45.81817], [-117.20675, 45.81851], [-117.20665, 45.81874], [-117.20672, 45.81913], [-117.20667, 45.81929], [-117.20661, 45.81938], [-117.20645, 45.81949], [-117.20619, 45.81959], [-117.20566, 45.81967], [-117.20475, 45.81962], [-117.20427, 45.8195], [-117.20403, 45.8194], [-117.20386, 45.81928], [-117.20355, 45.81892], [-117.20351, 45.81885], [-117.20354, 45.81874], [-117.2036, 45.81862], [-117.20375, 45.81843], [-117.20383, 45.81825], [-117.20387, 45.81807], [-117.20388, 45.81771], [-117.20394, 45.81748], [-117.20413, 45.817], [-117.2043, 45.81621], [-117.20431, 45.81611], [-117.20427, 45.81594], [-117.2042, 45.81581], [-117.20414, 45.81554], [-117.20374, 45.81518], [-117.20362, 45.81504], [-117.20344, 45.81461], [-117.20333, 45.81423], [-117.20323, 45.81405], [-117.20314, 45.81397], [-117.20297, 45.81392], [-117.20267, 45.81393], [-117.2025, 45.81398], [-117.20215, 45.81418], [-117.20199, 45.8142], [-117.20173, 45.81417], [-117.20154, 45.81409], [-117.20125, 45.81394], [-117.20102, 45.81376], [-117.20087, 45.81359], [-117.20084, 45.81349], [-117.2008, 45.81341], [-117.20058, 45.81318], [-117.2005, 45.81301], [-117.2004, 45.81288], [-117.2002, 45.81277], [-117.19976, 45.81264], [-117.19803, 45.81236], [-117.19755, 45.81225], [-117.19721, 45.81215], [-117.19698, 45.81205], [-117.19684, 45.81198], [-117.19667, 45.81178], [-117.19649, 45.81149], [-117.19645, 45.81137], [-117.1965, 45.81109], [-117.19661, 45.8109], [-117.19667, 45.81056], [-117.19678, 45.81038], [-117.19719, 45.80991], [-117.19744, 45.80956], [-117.19755, 45.80925], [-117.19757, 45.80913], [-117.19761, 45.80858], [-117.19809, 45.80777], [-117.19816, 45.80733], [-117.19807, 45.80699], [-117.19799, 45.80685], [-117.19788, 45.80677], [-117.1976, 45.80665], [-117.19722, 45.80663], [-117.19676, 45.80667], [-117.19651, 45.80673], [-117.1963, 45.80683], [-117.19623, 45.80696], [-117.19622, 45.80788], [-117.19615, 45.80852], [-117.19587, 45.80905], [-117.19568, 45.80932], [-117.19535, 45.80953], [-117.1952, 45.8096], [-117.19478, 45.80972], [-117.19447, 45.80978], [-117.19365, 45.80977], [-117.19327, 45.80971], [-117.19292, 45.80961], [-117.19241, 45.80954], [-117.19219, 45.80947], [-117.19193, 45.80933], [-117.19176, 45.80916], [-117.19164, 45.80888], [-117.19167, 45.80844], [-117.19211, 45.80747], [-117.19251, 45.80686], [-117.19279, 45.80649], [-117.19329, 45.80606], [-117.19339, 45.80595], [-117.19343, 45.80586], [-117.19348, 45.80549], [-117.19367, 45.80515], [-117.19369, 45.80505], [-117.19365, 45.80489], [-117.19356, 45.80476], [-117.19335, 45.80462], [-117.19309, 45.80448], [-117.19283, 45.80443], [-117.19255, 45.8044], [-117.19223, 45.8044], [-117.19187, 45.80447], [-117.1915, 45.80463], [-117.19121, 45.80482], [-117.19059, 45.80511], [-117.19032, 45.80522], [-117.19007, 45.80527], [-117.18963, 45.80531], [-117.18918, 45.80526], [-117.18891, 45.80516], [-117.18862, 45.80489], [-117.18824, 45.80451], [-117.18742, 45.80328], [-117.18707, 45.80283], [-117.187, 45.80271], [-117.18693, 45.80224], [-117.18679, 45.80203], [-117.18658, 45.80186], [-117.18613, 45.8016], [-117.18561, 45.80135], [-117.18554, 45.80127], [-117.18544, 45.80096], [-117.18534, 45.80084], [-117.18507, 45.80058], [-117.18499, 45.80047], [-117.185, 45.80022], [-117.18511, 45.79992], [-117.18532, 45.79963], [-117.18555, 45.79943], [-117.18582, 45.7993], [-117.18606, 45.79915], [-117.18675, 45.79857], [-117.18684, 45.79848], [-117.18684, 45.79836], [-117.18678, 45.79817], [-117.18675, 45.79809], [-117.18662, 45.79791], [-117.18646, 45.79779], [-117.18605, 45.79768], [-117.1857, 45.79735], [-117.18553, 45.79729], [-117.18526, 45.79727], [-117.18489, 45.79737], [-117.18431, 45.79765], [-117.18366, 45.79782], [-117.18314, 45.79785], [-117.18275, 45.79784], [-117.18242, 45.79781], [-117.18212, 45.79774], [-117.18159, 45.79755], [-117.18088, 45.79741], [-117.18059, 45.79731], [-117.18018, 45.79704], [-117.17967, 45.79664], [-117.17947, 45.79632], [-117.17944, 45.79617], [-117.17948, 45.79588], [-117.17958, 45.79565], [-117.17975, 45.79536], [-117.18018, 45.79489], [-117.18057, 45.79454], [-117.18186, 45.7937], [-117.18253, 45.79331], [-117.18394, 45.79266], [-117.18428, 45.79244], [-117.18504, 45.79188], [-117.18518, 45.79161], [-117.18517, 45.79129], [-117.18502, 45.79059], [-117.18493, 45.7904], [-117.18477, 45.79018], [-117.18462, 45.79003], [-117.18437, 45.78987], [-117.18411, 45.78973], [-117.18359, 45.78958], [-117.18335, 45.78954], [-117.18304, 45.78952], [-117.18289, 45.78955], [-117.18271, 45.78962], [-117.1816, 45.79029], [-117.18131, 45.79043], [-117.18058, 45.79059], [-117.18018, 45.79059], [-117.17949, 45.79054], [-117.17871, 45.79035], [-117.17845, 45.79029], [-117.17822, 45.79029], [-117.17801, 45.79034], [-117.17763, 45.79054], [-117.17607, 45.79147], [-117.17534, 45.79183], [-117.17509, 45.79179], [-117.17498, 45.79173], [-117.17496, 45.79143], [-117.17586, 45.79086], [-117.17628, 45.79055], [-117.1765, 45.79032], [-117.17657, 45.79012], [-117.17656, 45.78999], [-117.17651, 45.78987], [-117.1764, 45.78976], [-117.17571, 45.78954], [-117.17561, 45.78947], [-117.17533, 45.78892], [-117.175, 45.78851], [-117.17488, 45.78827], [-117.17484, 45.78799], [-117.17484, 45.78726], [-117.17485, 45.78708], [-117.17492, 45.78692], [-117.17534, 45.78658], [-117.17581, 45.78629], [-117.17637, 45.78602], [-117.17644, 45.78595], [-117.17647, 45.78583], [-117.17646, 45.78575], [-117.17605, 45.78548], [-117.17584, 45.78531], [-117.17569, 45.78516], [-117.17553, 45.78493], [-117.17539, 45.78419], [-117.1754, 45.78405], [-117.17568, 45.78341], [-117.17573, 45.78322], [-117.17573, 45.78309], [-117.17567, 45.78285], [-117.17564, 45.78271], [-117.17567, 45.78261], [-117.1758, 45.78252], [-117.17736, 45.78196], [-117.17764, 45.78179], [-117.17772, 45.78167], [-117.17776, 45.78154], [-117.17776, 45.78143], [-117.17771, 45.78134], [-117.17756, 45.78121], [-117.17698, 45.78076], [-117.17674, 45.78048], [-117.17665, 45.78022], [-117.17655, 45.77959], [-117.17656, 45.77912], [-117.1766, 45.77873], [-117.1767, 45.77845], [-117.17703, 45.77796], [-117.17737, 45.77768], [-117.17753, 45.77735], [-117.17762, 45.77704], [-117.17767, 45.77647], [-117.17765, 45.7763], [-117.17758, 45.77617], [-117.17746, 45.77608], [-117.17719, 45.77595], [-117.17678, 45.77584], [-117.17585, 45.77568], [-117.175411885434, 45.7756168818602], [-117.175342363682, 45.7756068659542], [-117.17467, 45.77551], [-117.17426, 45.77532], [-117.17332, 45.77476], [-117.17295, 45.77442], [-117.17284, 45.77425], [-117.17279, 45.77403], [-117.17278, 45.77376], [-117.17284, 45.77343], [-117.17292, 45.77319], [-117.17307, 45.77298], [-117.17339, 45.77272], [-117.17373, 45.77249], [-117.17526, 45.77169], [-117.17568, 45.77152], [-117.17615, 45.77137], [-117.17667, 45.7712], [-117.17685, 45.7711], [-117.17705, 45.77091], [-117.17717, 45.77074], [-117.17728, 45.77053], [-117.17737, 45.77001], [-117.17734, 45.76987], [-117.17726, 45.76973], [-117.17713, 45.76958], [-117.17699, 45.76949], [-117.17653, 45.7693], [-117.17599, 45.7692], [-117.17553, 45.76917], [-117.17526, 45.76919], [-117.17446, 45.7693], [-117.17349, 45.76949], [-117.173, 45.76955], [-117.17279, 45.76956], [-117.17222, 45.7694], [-117.17197, 45.76939], [-117.17154, 45.76943], [-117.17138, 45.76941], [-117.17084, 45.76925], [-117.17038, 45.76919], [-117.1702, 45.76914], [-117.16993, 45.76898], [-117.16967, 45.76878], [-117.16939, 45.7685], [-117.1692, 45.76827], [-117.16908, 45.76805], [-117.16899, 45.7678], [-117.16895, 45.76752], [-117.16884, 45.76677], [-117.16887, 45.76591], [-117.16891, 45.76563], [-117.168923940686, 45.7655802002565], [-117.157558043009, 45.7681707972969], [-117.156880673389, 45.7657490005977], [-117.157919900306, 45.7628481245303], [-117.155154783732, 45.7445761092979], [-117.151378233439, 45.7373879279328], [-117.145370085246, 45.7328349344073], [-117.131723005778, 45.7240274330286], [-117.12425573588, 45.7221698914776], [-117.125028212077, 45.7221399306238], [-117.118805487162, 45.7204035207901], [-117.118247587687, 45.7124344628214], [-117.120350439555, 45.7027859042042], [-117.124169905192, 45.6999698844233], [-117.153352339274, 45.7036863817169], [-117.15342556494, 45.7037220284056], [-117.15362, 45.70356], [-117.15403, 45.70332], [-117.15424, 45.70326], [-117.15478, 45.70329], [-117.15508, 45.70334], [-117.1557, 45.70351], [-117.15603, 45.70357], [-117.15642, 45.7036], [-117.15687, 45.70358], [-117.15754, 45.70347], [-117.15787, 45.70346], [-117.1582, 45.7035], [-117.15844, 45.70353], [-117.15864, 45.70354], [-117.15893, 45.70351], [-117.15916, 45.70347], [-117.15951, 45.70338], [-117.16112, 45.70284], [-117.16166, 45.70263], [-117.161665217361, 45.7026283873611], [-117.161717226542, 45.7026123118202], [-117.16221, 45.70246], [-117.16293, 45.7023], [-117.16402, 45.70217], [-117.16594, 45.70179], [-117.16691, 45.70172], [-117.16872, 45.70152], [-117.16978, 45.70136], [-117.17003, 45.7013], [-117.17038, 45.70117], [-117.17062, 45.70105], [-117.17127, 45.70058], [-117.17162, 45.70039], [-117.17231, 45.70007], [-117.17288, 45.69975], [-117.17359, 45.69922], [-117.17417, 45.69883], [-117.17483, 45.6986], [-117.17598, 45.69827], [-117.17638, 45.69818], [-117.17705, 45.69814], [-117.17725, 45.69817], [-117.17747, 45.69824], [-117.17822, 45.69856], [-117.17884, 45.69874], [-117.17932, 45.69882], [-117.17962, 45.69877], [-117.1798, 45.6987], [-117.18018, 45.69851], [-117.18048, 45.69832], [-117.18066, 45.69816], [-117.18081, 45.69796], [-117.18125, 45.69709], [-117.18139, 45.6967], [-117.18154, 45.69647], [-117.18168, 45.6963], [-117.18185, 45.69617], [-117.18222, 45.69599], [-117.18253, 45.69591], [-117.18349, 45.69573], [-117.18431, 45.69562], [-117.18551, 45.69539], [-117.18565, 45.69537], [-117.18573, 45.69533], [-117.18582, 45.69522], [-117.18586, 45.69509], [-117.18588, 45.69488], [-117.18585, 45.69459], [-117.18576, 45.6942], [-117.18574, 45.69384], [-117.18574, 45.69344], [-117.18582, 45.69287], [-117.18612, 45.69219], [-117.18648, 45.69166], [-117.18654, 45.69122], [-117.18674, 45.69083], [-117.18697, 45.69059], [-117.18752, 45.69021], [-117.18781, 45.68995], [-117.18799, 45.68975], [-117.18855, 45.689], [-117.18878, 45.68876], [-117.18886, 45.68861], [-117.18892, 45.68845], [-117.18892, 45.68764], [-117.1892, 45.68694], [-117.18925, 45.68672], [-117.1893, 45.68652], [-117.18933, 45.68608], [-117.18939, 45.68584], [-117.18947, 45.68568], [-117.18988, 45.68515], [-117.19002, 45.68492], [-117.19018, 45.68475], [-117.19032, 45.68463], [-117.19097, 45.6842], [-117.1914, 45.6834], [-117.1919, 45.68295], [-117.19201, 45.68267], [-117.1921, 45.68226], [-117.19227, 45.68185], [-117.19265, 45.68135], [-117.19278, 45.68111], [-117.19284, 45.68091], [-117.19294, 45.68013], [-117.19291, 45.67966], [-117.19281, 45.67919], [-117.19251, 45.67879], [-117.19227, 45.67823], [-117.19184, 45.67759], [-117.19164, 45.67742], [-117.19144, 45.67732], [-117.19134, 45.67723], [-117.19088, 45.67704], [-117.18987, 45.67676], [-117.18971, 45.67669], [-117.18953, 45.6765], [-117.18924, 45.67597], [-117.18915, 45.67587], [-117.18871, 45.67548], [-117.18864, 45.67533], [-117.18871, 45.67512], [-117.18936, 45.67437], [-117.18958, 45.67392], [-117.1903, 45.672], [-117.19042, 45.67164], [-117.19048, 45.67132], [-117.1905, 45.67104], [-117.19047, 45.67067], [-117.19035, 45.6701], [-117.19012, 45.66957], [-117.1894, 45.66856], [-117.18935, 45.66844], [-117.18935, 45.66809], [-117.1894, 45.6676], [-117.18938, 45.66742], [-117.18931, 45.66725], [-117.1892, 45.66707], [-117.18877, 45.66652], [-117.18871, 45.66636], [-117.18864, 45.66595], [-117.18867, 45.66579], [-117.18896, 45.66528], [-117.18949, 45.66447], [-117.18975, 45.66398], [-117.18988, 45.66365], [-117.18992, 45.66303], [-117.18976, 45.66273], [-117.18957, 45.66256], [-117.18923, 45.66198], [-117.18901, 45.66142], [-117.18897, 45.6612], [-117.18895, 45.66062], [-117.18897, 45.66034], [-117.18903, 45.66013], [-117.18913, 45.65978], [-117.18945, 45.65902], [-117.18957, 45.65858], [-117.18972, 45.65824], [-117.19001, 45.65765], [-117.19011, 45.6574], [-117.19032, 45.65712], [-117.19075, 45.65632], [-117.19092, 45.65611], [-117.1913, 45.65579], [-117.19193, 45.65537], [-117.1924, 45.655], [-117.19259, 45.65476], [-117.1927, 45.65457], [-117.19286, 45.65416], [-117.1929, 45.65366], [-117.1929, 45.65334], [-117.19294, 45.65261], [-117.193209560919, 45.6520908456416], [-117.193213781301, 45.6520851552085], [-117.19353, 45.65168], [-117.19384, 45.65135], [-117.19417, 45.65106], [-117.19452, 45.6508], [-117.19529, 45.65036], [-117.19617, 45.65008], [-117.19708, 45.64987], [-117.19769, 45.64968], [-117.19799, 45.64951], [-117.19811, 45.6494], [-117.19819, 45.64927], [-117.19824, 45.64907], [-117.19824, 45.64881], [-117.19844, 45.64727], [-117.19841, 45.64706], [-117.19837, 45.64694], [-117.19826, 45.64676], [-117.1975, 45.64605], [-117.19732, 45.64579], [-117.19722, 45.64559], [-117.1972, 45.64515], [-117.19722, 45.64477], [-117.19726, 45.64445], [-117.19736, 45.64413], [-117.19761, 45.64379], [-117.19775, 45.64366], [-117.19828, 45.64334], [-117.19911, 45.64291], [-117.19922, 45.64282], [-117.1993, 45.6427], [-117.19936, 45.64255], [-117.19951, 45.64167], [-117.19969, 45.64091], [-117.20007, 45.64005], [-117.20015, 45.63989], [-117.20055, 45.63935], [-117.20146, 45.63831], [-117.20174, 45.63786], [-117.20215, 45.63706], [-117.20244, 45.63639], [-117.2026, 45.63611], [-117.20273, 45.63593], [-117.2031, 45.63561], [-117.20361, 45.6353], [-117.20383, 45.63522], [-117.20438, 45.63506], [-117.20558, 45.6348], [-117.2059, 45.63468], [-117.20602, 45.63459], [-117.20627, 45.6343], [-117.20675, 45.63347], [-117.20722, 45.63299], [-117.20753, 45.63277], [-117.20777, 45.63264], [-117.20886, 45.63191], [-117.21027, 45.63102], [-117.21055, 45.63088], [-117.21176, 45.63053], [-117.21207, 45.63041], [-117.21218, 45.63025], [-117.21247, 45.63012], [-117.21265, 45.62993], [-117.2127, 45.62984], [-117.21282, 45.6294], [-117.21283, 45.6292], [-117.21279, 45.62902], [-117.2128, 45.6288], [-117.21279, 45.62862], [-117.21266, 45.62826], [-117.21246, 45.62743], [-117.21247, 45.6272], [-117.2125, 45.62702], [-117.21263, 45.62675], [-117.21293, 45.62622], [-117.21296, 45.62612], [-117.21314, 45.62582], [-117.21324, 45.62553], [-117.2133, 45.62487], [-117.21328, 45.62474], [-117.21343, 45.62367], [-117.21351, 45.62352], [-117.21389, 45.62321], [-117.21412, 45.62307], [-117.21429, 45.62301], [-117.21508, 45.62289], [-117.21578, 45.62285], [-117.21614, 45.62281], [-117.21674, 45.62269], [-117.21708, 45.62259], [-117.21728, 45.62249], [-117.21744, 45.62239], [-117.21752, 45.62229], [-117.21772, 45.62196], [-117.21793, 45.62148], [-117.218, 45.62122], [-117.21803, 45.621], [-117.21801, 45.62079], [-117.21794, 45.62057], [-117.21775, 45.62036], [-117.2176, 45.62026], [-117.21742, 45.62019], [-117.21635, 45.6199], [-117.21598, 45.61977], [-117.21587, 45.61968], [-117.21575, 45.61949], [-117.21566, 45.61934], [-117.21562, 45.61918], [-117.21566, 45.61886], [-117.21571, 45.61874], [-117.21598, 45.61852], [-117.21718, 45.61801], [-117.21739, 45.61786], [-117.21752, 45.61757], [-117.21757, 45.61727], [-117.2173, 45.6167], [-117.21677, 45.61609], [-117.21657, 45.61587], [-117.21646, 45.61581], [-117.21629, 45.61574], [-117.21469, 45.61538], [-117.21444, 45.61526], [-117.2143, 45.61515], [-117.21409, 45.61484], [-117.21404, 45.61466], [-117.21404, 45.61455], [-117.21416, 45.61404], [-117.21419, 45.61379], [-117.21417, 45.61351], [-117.21411, 45.61337], [-117.21401, 45.61326], [-117.21366, 45.61303], [-117.21278, 45.61253], [-117.21257, 45.61233], [-117.21247, 45.61219], [-117.2124, 45.61205], [-117.21239, 45.6119], [-117.21241, 45.61153], [-117.21246, 45.61134], [-117.21255, 45.61122], [-117.21272, 45.6111], [-117.21298, 45.61097], [-117.21367, 45.61074], [-117.21401, 45.61068], [-117.21457, 45.61068], [-117.21507, 45.61064], [-117.21538, 45.6105], [-117.21571, 45.61026], [-117.21646, 45.60985], [-117.21711, 45.60956], [-117.2176, 45.60948], [-117.21837, 45.60946], [-117.21856, 45.60948], [-117.21872, 45.60953], [-117.21937, 45.60978], [-117.21987, 45.61024], [-117.22068, 45.61128], [-117.22153, 45.61226], [-117.22213, 45.61289], [-117.22334, 45.61404], [-117.22375, 45.61442], [-117.22412, 45.61473], [-117.22581, 45.61608], [-117.22591, 45.61621], [-117.22606, 45.61641], [-117.22649, 45.61719], [-117.22662, 45.61755], [-117.22671, 45.61819], [-117.22684, 45.6184], [-117.22715, 45.61862], [-117.22751, 45.61876], [-117.22787, 45.61882], [-117.22802, 45.61883], [-117.22827, 45.61882], [-117.22847, 45.61877], [-117.22861, 45.61875], [-117.22951, 45.61827], [-117.22986, 45.61816], [-117.23015, 45.61812], [-117.23052, 45.61816], [-117.23073, 45.61823], [-117.23108, 45.61844], [-117.23136, 45.61873], [-117.23142, 45.61889], [-117.23144, 45.61902], [-117.23136, 45.61924], [-117.23111, 45.61964], [-117.2306, 45.62019], [-117.23043, 45.62052], [-117.23038, 45.62066], [-117.23035, 45.62102], [-117.23035, 45.62123], [-117.23045, 45.62163], [-117.23075, 45.62209], [-117.23271, 45.62456], [-117.23283, 45.62466], [-117.23334, 45.62487], [-117.23393, 45.62499], [-117.23421, 45.62503], [-117.23453, 45.62503], [-117.23496, 45.62495], [-117.23518, 45.62487], [-117.235901265219, 45.6247309609254], [-117.235911898826, 45.6247289110816], [-117.23601, 45.62471], [-117.23629, 45.62469], [-117.23668, 45.62477], [-117.23681, 45.62487], [-117.23718, 45.62509], [-117.23765, 45.62553], [-117.23788, 45.62567], [-117.23806, 45.62574], [-117.23825, 45.62592], [-117.23873, 45.62709], [-117.23897, 45.62734], [-117.23929, 45.62756], [-117.23971, 45.62777], [-117.24006, 45.62799], [-117.2413, 45.62866], [-117.24147, 45.62877], [-117.24199, 45.629], [-117.2422, 45.62902], [-117.24243, 45.629], [-117.24271, 45.62892], [-117.24299, 45.62882], [-117.24322, 45.62869], [-117.24344, 45.62853], [-117.24369, 45.62828], [-117.24379, 45.6281], [-117.24389, 45.62773], [-117.244, 45.62751], [-117.24416, 45.62731], [-117.24456, 45.62683], [-117.24503, 45.62653], [-117.24528, 45.62647], [-117.24543, 45.62645], [-117.2457, 45.62646], [-117.24609, 45.62651], [-117.24678, 45.62662], [-117.24759, 45.62683], [-117.24771, 45.62686], [-117.24829, 45.62714], [-117.24932, 45.62775], [-117.24975, 45.62791], [-117.24989, 45.62795], [-117.25009, 45.62795], [-117.25048, 45.6279], [-117.251, 45.62781], [-117.25128, 45.62775], [-117.25173, 45.6278], [-117.25213, 45.62788], [-117.25258, 45.62804], [-117.25302, 45.62825], [-117.25353, 45.62862], [-117.25373, 45.6288], [-117.25426, 45.6294], [-117.25442, 45.62965], [-117.25466, 45.63012], [-117.25478, 45.63025], [-117.25536, 45.63063], [-117.25582, 45.6308], [-117.25671, 45.63105], [-117.25718, 45.63124], [-117.25797, 45.63164], [-117.25825, 45.63182], [-117.25881, 45.63223], [-117.25915, 45.63252], [-117.25957, 45.63293], [-117.25995, 45.6332], [-117.26013, 45.63329], [-117.26048, 45.63338], [-117.26067, 45.6334], [-117.26104, 45.63338], [-117.26119, 45.63332], [-117.26157, 45.6331], [-117.26181, 45.63284], [-117.26216, 45.63237], [-117.26284, 45.6312], [-117.26299, 45.63078], [-117.26312, 45.63054], [-117.26359, 45.6294], [-117.26375, 45.62898], [-117.26384, 45.62861], [-117.26402, 45.62813], [-117.26414, 45.62792], [-117.26462, 45.62754], [-117.26501, 45.62739], [-117.26613, 45.62719], [-117.266367708835, 45.6271496343665], [-117.267109408379, 45.628032734371], [-117.26719, 45.6282], [-117.26764, 45.6294], [-117.26793, 45.63043], [-117.26807, 45.63119], [-117.26814, 45.63223], [-117.26819, 45.63247], [-117.26845, 45.63528], [-117.26849, 45.63542], [-117.26864, 45.63571], [-117.26892, 45.63606], [-117.26942, 45.63652], [-117.26962, 45.63679], [-117.26967, 45.63691], [-117.26974, 45.63739], [-117.26974, 45.63796], [-117.26987, 45.63842], [-117.26995, 45.63854], [-117.27012, 45.63874], [-117.27034, 45.63892], [-117.27081, 45.63918], [-117.27253, 45.63988], [-117.27311, 45.64016], [-117.27336, 45.64036], [-117.27458, 45.64158], [-117.2754, 45.64253], [-117.27564, 45.64286], [-117.27596, 45.64339], [-117.27611, 45.64373], [-117.27627, 45.64429], [-117.27629, 45.64477], [-117.27629, 45.64502], [-117.27618, 45.64537], [-117.276, 45.6457], [-117.27547, 45.64684], [-117.2751, 45.64809], [-117.27496, 45.64892], [-117.2749, 45.64932], [-117.27483, 45.64967], [-117.2748, 45.65032], [-117.27464, 45.65121], [-117.27456, 45.65189], [-117.27453, 45.65263], [-117.2746, 45.65302], [-117.27478, 45.6537], [-117.2751, 45.65445], [-117.27517, 45.65467], [-117.27524, 45.655], [-117.27527, 45.65537], [-117.27525, 45.65576], [-117.27516, 45.6562], [-117.27498, 45.65672], [-117.27471, 45.65726], [-117.27422, 45.65803], [-117.27414, 45.65822], [-117.27397, 45.65851], [-117.27381, 45.65901], [-117.27372, 45.65957], [-117.27374, 45.66013], [-117.27435, 45.66313], [-117.27456, 45.66437], [-117.27488, 45.66549], [-117.27572, 45.66736], [-117.27639, 45.66844], [-117.2779, 45.67014], [-117.27855, 45.67108], [-117.27894, 45.67187], [-117.27929, 45.67306], [-117.27943, 45.67375], [-117.27926, 45.67507], [-117.27915, 45.67548], [-117.2791, 45.67568], [-117.27749, 45.68032], [-117.27734, 45.68085], [-117.27723, 45.68146], [-117.27687, 45.68673], [-117.27678, 45.68854], [-117.27668, 45.68892], [-117.27655, 45.68924], [-117.27588, 45.69059], [-117.27577, 45.69083], [-117.27559, 45.6912], [-117.27507, 45.69267], [-117.27477, 45.69404], [-117.27468, 45.69474], [-117.27465, 45.69561], [-117.27469, 45.69678], [-117.27476, 45.69748], [-117.27492, 45.69828], [-117.27512, 45.69899], [-117.27645, 45.70301], [-117.27718, 45.70488], [-117.27733, 45.70546], [-117.27738, 45.70592], [-117.27739, 45.70618], [-117.27735, 45.70679], [-117.27727, 45.70715], [-117.27693, 45.70794], [-117.27553, 45.71037], [-117.27473, 45.71168], [-117.27399, 45.713], [-117.27322, 45.71447], [-117.27285, 45.71534], [-117.27266, 45.71585], [-117.27227, 45.71708], [-117.27191, 45.71865], [-117.27181, 45.71927], [-117.27176, 45.71982], [-117.27172, 45.72077], [-117.27162, 45.72152], [-117.27102, 45.72763], [-117.27098, 45.72826], [-117.27097, 45.72893], [-117.271, 45.72971], [-117.27102, 45.73064], [-117.271256223301, 45.7319786009981], [-117.271260941889, 45.7320053373718], [-117.27129, 45.73217], [-117.27182, 45.73422], [-117.27201, 45.73476], [-117.27217, 45.7351], [-117.27245, 45.7356], [-117.27292, 45.7362], [-117.27321, 45.73652], [-117.27355, 45.73686], [-117.27365, 45.73697], [-117.27455, 45.73769], [-117.27514, 45.73811], [-117.27613, 45.73876], [-117.27649, 45.73909], [-117.27689, 45.73947], [-117.27743, 45.74026], [-117.2775, 45.74047], [-117.27755, 45.74122], [-117.27725, 45.74379], [-117.27707, 45.74458], [-117.27674, 45.74527], [-117.27633, 45.74582], [-117.27561, 45.74661], [-117.2753, 45.747], [-117.27497, 45.7475], [-117.27481, 45.74784], [-117.27472, 45.74829], [-117.27476, 45.74889], [-117.2748, 45.74916], [-117.27498, 45.74953], [-117.27549, 45.75037], [-117.27604, 45.75118], [-117.27613, 45.75146], [-117.2762, 45.7518], [-117.27623, 45.75219], [-117.27621, 45.75242], [-117.27617, 45.75269], [-117.27602, 45.75316], [-117.27566, 45.75405], [-117.27518, 45.75504], [-117.2742, 45.75706], [-117.273471073395, 45.7583356215584], [-117.273455041959, 45.7583636768786], [-117.27344, 45.75839], [-117.2727, 45.75947], [-117.27229, 45.75999], [-117.27041, 45.76216], [-117.26975, 45.76296], [-117.26957, 45.76324], [-117.26921, 45.764], [-117.26905, 45.76464], [-117.269, 45.765], [-117.26903, 45.76568], [-117.26909, 45.766], [-117.2692, 45.76641], [-117.26937, 45.76689], [-117.26956, 45.76752], [-117.2697, 45.76799], [-117.26994, 45.76866], [-117.27005, 45.76907], [-117.27011, 45.76941], [-117.27009, 45.77014], [-117.26996, 45.77104], [-117.26986, 45.77148], [-117.26947, 45.77323], [-117.26922, 45.7745], [-117.26916, 45.77502], [-117.26917, 45.77576], [-117.2692, 45.77605], [-117.26952, 45.77756], [-117.26982, 45.77881], [-117.26988, 45.77918], [-117.26989, 45.77956], [-117.26936, 45.78285], [-117.26875, 45.78652], [-117.26867, 45.78709], [-117.26857, 45.78836], [-117.26871, 45.78941], [-117.26899, 45.79041], [-117.26941, 45.79171], [-117.26961, 45.79266], [-117.26969, 45.79325], [-117.26969, 45.79352], [-117.26957, 45.79403], [-117.26944, 45.79431], [-117.269259982374, 45.7945900277692], [-117.26917, 45.79473], [-117.26884, 45.79517], [-117.26843, 45.79568], [-117.26807, 45.7962], [-117.26657, 45.79817], [-117.26606, 45.79886], [-117.26493, 45.80028], [-117.26374, 45.80192], [-117.26299, 45.80289], [-117.26276, 45.80326], [-117.26257, 45.80364], [-117.26241, 45.80406], [-117.26171, 45.80645], [-117.26149, 45.80709], [-117.26028, 45.81117], [-117.25993, 45.81252], [-117.25983, 45.81305], [-117.25975, 45.81333], [-117.25977, 45.81349], [-117.25983, 45.81382], [-117.26003, 45.81444], [-117.26131, 45.8165], [-117.2615, 45.81699], [-117.26166, 45.81778], [-117.26198, 45.82017], [-117.26238, 45.82324], [-117.26274, 45.82603], [-117.26287, 45.82769], [-117.2629, 45.8288], [-117.26296, 45.83112], [-117.2631, 45.83281], [-117.26321, 45.83328], [-117.263486917161, 45.8339309982375], [-117.26387811081, 45.8347932618305]], [[-117.157919917538, 45.762848076431], [-117.157919900306, 45.7628481245303], [-117.157923305258, 45.7628706246029], [-117.157919917538, 45.762848076431]]]}, "properties": {"zone_name": "BC1", "level": 1, "fire_name": "Burnt Creek Fire", "county": "Wallowa", "addresses": 18, "unmatched_addresses": 1, "unmatched_fraction_pct": 8.0, "geometry_source": "cached", "geometry_cache_age_days": 0, "overlapping_zips": [{"zip": "97828", "fraction_pct": 92.0}]}}, {"type": "Feature", "geometry": {"type": "Polygon", "coordinates": [[[-121.219472071146, 45.2746561187704], [-121.22249969688, 45.2751295762649], [-121.222270192853, 45.2769795977466], [-121.221164813772, 45.2789500748344], [-121.220059434691, 45.2813352976505], [-121.218954055609, 45.284083364835], [-121.216586022303, 45.2857441529666], [-121.214670031896, 45.2870921732635], [-121.212901425366, 45.2882846260546], [-121.211206510775, 45.2897362738775], [-121.208091334306, 45.2894760150496], [-121.204622340576, 45.2898514791419], [-121.201153346846, 45.2902269407486], [-121.20101992401, 45.2935121237901], [-121.200886501175, 45.2971725321646], [-121.200307309993, 45.3036338040253], [-121.200351241152, 45.3079359963994], [-121.199990851916, 45.3119912176666], [-121.19987072217, 45.3159616740237], [-121.199976415569, 45.3196910045889], [-121.199495896587, 45.3232386031108], [-121.199135507351, 45.3253501634334], [-121.199255637097, 45.3279683889285], [-121.199375766842, 45.3299953191031], [-121.199375766842, 45.3322755288487], [-121.198811452759, 45.3342675583424], [-121.198720549553, 45.3359928908688], [-121.198720549553, 45.3377181708294], [-121.198902355966, 45.3403379398822], [-121.200017916093, 45.3419912135953], [-121.193818611094, 45.3387974003748], [-121.184096108452, 45.3382020848756], [-121.183321195327, 45.3315167060897], [-121.173501193276, 45.3313454623915], [-121.167725905509, 45.3313789426659], [-121.164257246134, 45.3251834522041], [-121.16043695155, 45.3241874800748], [-121.155169801409, 45.321607988787], [-121.152014129203, 45.3199737108811], [-121.149489101027, 45.3194785411592], [-121.148030210063, 45.3174093284807], [-121.14756275929, 45.3167161222271], [-121.146803915783, 45.3144086753979], [-121.14656813432, 45.3133476400621], [-121.147031755281, 45.3119290985373], [-121.14777228668, 45.3099900997274], [-121.14738426501, 45.3078886384614], [-121.147274261543, 45.306652263353], [-121.14806100102, 45.3049369347049], [-121.149635035035, 45.3031760369163], [-121.152950579976, 45.3015791831267], [-121.155824414448, 45.3005300312435], [-121.159535253159, 45.3000762423263], [-121.163082432699, 45.2990062377431], [-121.169684340049, 45.2968352528876], [-121.173084322691, 45.2950799406935], [-121.177463903268, 45.2934025354187], [-121.17827529891, 45.2917151479214], [-121.183272538723, 45.2868817626585], [-121.185133333615, 45.2844427142219], [-121.18890390626, 45.2792681833641], [-121.189193725888, 45.2778847672301], [-121.189211081962, 45.2722412077504], [-121.18977251997, 45.2690055205174], [-121.194264203838, 45.2699354071136], [-121.199839955083, 45.2708943812831], [-121.204549595113, 45.2717624412085], [-121.208922832283, 45.2725515750738], [-121.212868603498, 45.2732444871781], [-121.21656903495, 45.2742703322741], [-121.219472071146, 45.2746561187704]]]}, "properties": {"zone_name": "JH", "level": 1, "fire_name": "Grasshopper", "county": "Wasco", "addresses": 3, "unmatched_addresses": 0, "unmatched_fraction_pct": 0, "geometry_source": "cached", "geometry_cache_age_days": 0, "overlapping_zips": [{"zip": "97021", "fraction_pct": 75.7}, {"zip": "97063", "fraction_pct": 24.3}]}}, {"type": "Feature", "geometry": {"type": "Polygon", "coordinates": [[[-121.482103841454, 45.504320409974], [-121.481622098401, 45.4688661256841], [-121.490312594241, 45.4706436940868], [-121.497916778101, 45.4700088546641], [-121.508236741911, 45.4703897591758], [-121.521272485671, 45.4700088546641], [-121.538221417167, 45.4701189017076], [-121.548563598079, 45.469783246951], [-121.555614102602, 45.4690528172258], [-121.563394236658, 45.4682118159248], [-121.562857651038, 45.4787475142072], [-121.561426756051, 45.4852686261038], [-121.563156278871, 45.4927616565486], [-121.563753534537, 45.5051112396184], [-121.531203100727, 45.5042740653415], [-121.482103841454, 45.504320409974]]]}, "properties": {"zone_name": "Gibson Prairie", "level": 1, "fire_name": "Grasshopper", "county": "Hood River", "addresses": 7, "unmatched_addresses": 3, "unmatched_fraction_pct": 44.6, "geometry_source": "cached", "geometry_cache_age_days": 0, "overlapping_zips": [{"zip": "97041", "fraction_pct": 55.4}]}}, {"type": "Feature", "geometry": {"type": "Polygon", "coordinates": [[[-121.189622479898, 45.2587710060195], [-121.195968169079, 45.2589058517065], [-121.202696994212, 45.2606925268252], [-121.204971863919, 45.263001636849], [-121.209713171307, 45.2637937916445], [-121.210814687165, 45.2611981793871], [-121.213200483813, 45.2592809118541], [-121.216433188473, 45.25587597998], [-121.221077181072, 45.2534211842142], [-121.251769981083, 45.2583316268032], [-121.259815315326, 45.2577933972494], [-121.260240127251, 45.2604637527567], [-121.260948421923, 45.2656360564432], [-121.261479642927, 45.2696863266967], [-121.261656716595, 45.2727394162987], [-121.261214032425, 45.2776613985875], [-121.260594274586, 45.2829567255468], [-121.260240127251, 45.2870680503346], [-121.248629175429, 45.2829606388199], [-121.222985333421, 45.2752414723179], [-121.207500103834, 45.2725740308206], [-121.189797189285, 45.2692454176784], [-121.191013420056, 45.263396095995], [-121.191148556808, 45.2609705907237], [-121.189622479898, 45.2587710060195]]]}, "properties": {"zone_name": "BD", "level": 1, "fire_name": "Grasshopper", "county": "Wasco", "addresses": 33, "unmatched_addresses": 3, "unmatched_fraction_pct": 9.2, "geometry_source": "cached", "geometry_cache_age_days": 0, "overlapping_zips": [{"zip": "97063", "fraction_pct": 90.8}]}}, {"type": "Feature", "geometry": {"type": "Polygon", "coordinates": [[[-121.172195106051, 45.4294505061404], [-121.170027030044, 45.4321891891915], [-121.168184165438, 45.4350038082938], [-121.166341300832, 45.4377422218744], [-121.165907292778, 45.4393906906339], [-121.163326602691, 45.4408996502114], [-121.156659819967, 45.4405224141003], [-121.140026497943, 45.443189932469], [-121.132486236399, 45.4468426880955], [-121.127326796912, 45.4466799723393], [-121.129318200231, 45.4423724269887], [-121.137034215701, 45.4263556688312], [-121.139786945499, 45.4162609880223], [-121.143198016197, 45.4112199118639], [-121.155239311667, 45.3897477913548], [-121.165283343956, 45.3723629559586], [-121.172538528411, 45.3554845145845], [-121.181320504056, 45.3472835029939], [-121.199132556001, 45.3453867363124], [-121.19844416824, 45.3496855867506], [-121.198869283958, 45.3552321504691], [-121.198571475109, 45.3661959313494], [-121.19739039769, 45.378138234289], [-121.195081565899, 45.388516676459], [-121.193927150004, 45.3980826150419], [-121.193003617287, 45.4063501724695], [-121.194158033183, 45.4121853669421], [-121.199081325632, 45.4149674461318], [-121.195257908991, 45.4154948922348], [-121.192764621583, 45.4167884955213], [-121.190921756977, 45.4183103438009], [-121.189187296172, 45.420060418617], [-121.187561239166, 45.4214300045493], [-121.186151989762, 45.4225713007811], [-121.184634336557, 45.4237125739415], [-121.183116683353, 45.4249299065497], [-121.180081376943, 45.42553856301], [-121.176720859132, 45.426603696025], [-121.174986398327, 45.4278970448091], [-121.172195106051, 45.4294505061404]]]}, "properties": {"zone_name": "HH", "level": 1, "fire_name": "Grasshopper", "county": "Wasco", "addresses": 34, "unmatched_addresses": 0, "unmatched_fraction_pct": 0, "geometry_source": "cached", "geometry_cache_age_days": 0, "overlapping_zips": [{"zip": "97021", "fraction_pct": 100.0}]}}, {"type": "Feature", "geometry": {"type": "Polygon", "coordinates": [[[-121.30738402937, 45.386186072685], [-121.297213080378, 45.3910181043927], [-121.287191704165, 45.3925936775953], [-121.275246221931, 45.3972544978679], [-121.26757853195, 45.3988309553447], [-121.261181222853, 45.4001481056107], [-121.265481349959, 45.3946123787734], [-121.271901355572, 45.3920849927176], [-121.276569493105, 45.3903429239524], [-121.276948355578, 45.3821550105493], [-121.281696412591, 45.3817145482944], [-121.281696412591, 45.3747296167628], [-121.271573196694, 45.374603754227], [-121.271488836876, 45.3701366797751], [-121.264859474253, 45.3707660393605], [-121.264501130328, 45.3677450494813], [-121.266113677993, 45.3667380169989], [-121.266205239686, 45.345529278008], [-121.295051930841, 45.3457181304173], [-121.317448421042, 45.3457811321851], [-121.33464892947, 45.3461589113493], [-121.342711667795, 45.3461589113493], [-121.352745297711, 45.3586242094177], [-121.354948173187, 45.3870264556981], [-121.345375515312, 45.3871315026964], [-121.336251575775, 45.3872365494994], [-121.324734471769, 45.3855557772263], [-121.317554978363, 45.3832446337505], [-121.30738402937, 45.386186072685]]]}, "properties": {"zone_name": "SH", "level": 1, "fire_name": "Grasshopper", "county": "Wasco", "addresses": 32, "unmatched_addresses": 2, "unmatched_fraction_pct": 7.2, "geometry_source": "cached", "geometry_cache_age_days": 0, "overlapping_zips": [{"zip": "97021", "fraction_pct": 92.8}]}}, {"type": "Feature", "geometry": {"type": "Polygon", "coordinates": [[[-121.216505827822, 45.255818433407], [-121.211222643176, 45.2609835578458], [-121.209755091885, 45.2640824069826], [-121.204031641852, 45.263049476064], [-121.202793315834, 45.2606842134821], [-121.195897026415, 45.2589481448571], [-121.189671209579, 45.2587795916779], [-121.184847764059, 45.2549890930029], [-121.177979831323, 45.253923809901], [-121.174487662135, 45.252448769539], [-121.162337816326, 45.2462121571565], [-121.152035917222, 45.241376503137], [-121.145866418324, 45.2377699847404], [-121.141441248793, 45.2355931517674], [-121.139550610043, 45.2346500865833], [-121.145380079522, 45.2331522450054], [-121.153966730511, 45.230711233402], [-121.164601573479, 45.2272159660812], [-121.173424554311, 45.2284365600454], [-121.177751300763, 45.2279194855138], [-121.193235733385, 45.2219520088141], [-121.203023063438, 45.2122792507433], [-121.213540791257, 45.2073393354066], [-121.222743803098, 45.2061042895346], [-121.232238974045, 45.2015755585882], [-121.237096442087, 45.1988661263623], [-121.24060235136, 45.1976308965343], [-121.243085703762, 45.2086440827286], [-121.250480181063, 45.2360141147471], [-121.251780073339, 45.2583836266257], [-121.243655526697, 45.2571614109606], [-121.221044855178, 45.2534273138365], [-121.216505827822, 45.255818433407]]]}, "properties": {"zone_name": "TV", "level": 1, "fire_name": "Grasshopper", "county": "Wasco", "addresses": 216, "unmatched_addresses": 0, "unmatched_fraction_pct": 0, "geometry_source": "cached", "geometry_cache_age_days": 0, "overlapping_zips": [{"zip": "97063", "fraction_pct": 100.0}]}}, {"type": "Feature", "geometry": {"type": "Polygon", "coordinates": [[[-121.338806295441, 45.208324533529], [-121.338829302572, 45.2107713112404], [-121.338721362097, 45.215715833708], [-121.338615792794, 45.2203615827422], [-121.338587015736, 45.2244736461016], [-121.338404057074, 45.2281810531488], [-121.338343717882, 45.2310375698192], [-121.33819933458, 45.234333455406], [-121.338134545672, 45.2369071523334], [-121.337682018312, 45.2385624744252], [-121.337774656008, 45.2402271019574], [-121.337819702758, 45.2434215978358], [-121.337892591668, 45.2471334592543], [-121.338051923439, 45.2502120368214], [-121.33833011479, 45.2577309626398], [-121.338058070713, 45.2613305930548], [-121.336219657095, 45.2638930517883], [-121.332553076691, 45.2666401768891], [-121.328235973957, 45.2663904437372], [-121.320428632747, 45.2672487770075], [-121.309014922779, 45.265334148624], [-121.295176636749, 45.2633361885503], [-121.28488655626, 45.2620041881884], [-121.274419085796, 45.2608386526583], [-121.268312245352, 45.2593293545834], [-121.259914593458, 45.2577058604072], [-121.251635218352, 45.2582054020211], [-121.250424238175, 45.2490233862169], [-121.25069093858, 45.2425138528969], [-121.250167869979, 45.2357244036273], [-121.243062150457, 45.2082772664767], [-121.29583500866, 45.2081435874068], [-121.304512393881, 45.2078733764986], [-121.337488299757, 45.208418736099], [-121.333305096065, 45.208230330803], [-121.338806295441, 45.208324533529]]]}, "properties": {"zone_name": "PHW", "level": 1, "fire_name": "Grasshopper", "county": "Wasco", "addresses": 708, "unmatched_addresses": 0, "unmatched_fraction_pct": 0, "geometry_source": "cached", "geometry_cache_age_days": 0, "overlapping_zips": [{"zip": "97063", "fraction_pct": 100.0}]}}, {"type": "Feature", "geometry": {"type": "Polygon", "coordinates": [[[-121.410479044806, 45.215463231057], [-121.413439276346, 45.2214795548425], [-121.413036387808, 45.2256778960182], [-121.412847458295, 45.228505480406], [-121.412153232406, 45.2294833091789], [-121.410842965986, 45.2311237832851], [-121.405134410374, 45.2370733426994], [-121.404211407778, 45.2467979656648], [-121.402596876758, 45.2547170911867], [-121.398702594036, 45.2590438642813], [-121.388285110159, 45.255713288781], [-121.380678949352, 45.2535597581975], [-121.367023802459, 45.2527132678949], [-121.358842305537, 45.2524470817316], [-121.350361564865, 45.2555607666833], [-121.341328464913, 45.259177216169], [-121.338075369294, 45.2613226251071], [-121.338288354729, 45.2577620325055], [-121.337702938844, 45.2385168722426], [-121.338153674306, 45.2368241080928], [-121.338604480028, 45.2227650514797], [-121.338837504822, 45.2082866455591], [-121.380492525867, 45.2063987776539], [-121.410503426907, 45.2094519703724], [-121.410479044806, 45.215463231057]]]}, "properties": {"zone_name": "SP", "level": 1, "fire_name": "Grasshopper", "county": "Wasco", "addresses": 173, "unmatched_addresses": 24, "unmatched_fraction_pct": 13.9, "geometry_source": "cached", "geometry_cache_age_days": 0, "overlapping_zips": [{"zip": "97063", "fraction_pct": 86.1}]}}, {"type": "Feature", "geometry": {"type": "Polygon", "coordinates": [[[-121.189475607963, 45.2738832960251], [-121.189208927645, 45.2782501513818], [-121.188676781137, 45.2796231276151], [-121.186016048597, 45.2834922455291], [-121.183118806497, 45.2873610995862], [-121.178283702827, 45.2918292618418], [-121.17751504676, 45.2934930728667], [-121.169473721749, 45.2969869171371], [-121.159689474432, 45.2999808341183], [-121.156023576265, 45.3005630898246], [-121.152830697216, 45.3019771145018], [-121.149696945557, 45.3031831665059], [-121.148100506033, 45.3050129895174], [-121.147205416057, 45.3067860543372], [-121.147737562944, 45.3102790791909], [-121.146732397318, 45.3134808298696], [-121.147706308812, 45.316898175013], [-121.149598385285, 45.3196837987572], [-121.150603550911, 45.3218456810063], [-121.15089918786, 45.323259174799], [-121.149568239805, 45.3260148144392], [-121.146138851197, 45.3310030915157], [-121.143064226928, 45.3358662387043], [-121.142295570861, 45.3384015600794], [-121.142118188692, 45.3411030071115], [-121.142177316081, 45.3439705560059], [-121.140580876557, 45.3431809555837], [-121.135909812764, 45.3393990324543], [-121.134181177038, 45.3368985376059], [-121.133057756632, 45.3348619228878], [-121.132229973175, 45.3328668007162], [-121.1280319285, 45.3319523462309], [-121.122927931447, 45.3294049333406], [-121.120562835856, 45.3271186297022], [-121.116719555519, 45.3266613579005], [-121.113822313419, 45.3244580874804], [-121.112371347238, 45.3208166758196], [-121.109363115846, 45.317650849013], [-121.098069784396, 45.3169440365653], [-121.080627204409, 45.3166114158918], [-121.070043401636, 45.316445104823], [-121.06064214666, 45.3160709031335], [-121.056371217961, 45.3171954567878], [-121.05657107376, 45.3085519031336], [-121.067363286913, 45.3048973213819], [-121.078655139564, 45.3015939390004], [-121.088540627532, 45.2991095845197], [-121.095035941004, 45.2995313221051], [-121.111024404934, 45.295735570905], [-121.118826582972, 45.2912499556936], [-121.133515984207, 45.2879457781725], [-121.139411730282, 45.2895627401581], [-121.147805673845, 45.2875942585973], [-121.154201059417, 45.2862584643466], [-121.160796300788, 45.2854147886126], [-121.166192407365, 45.2821102711721], [-121.174786206727, 45.2757116158075], [-121.182580582893, 45.2738129748575], [-121.189475607963, 45.2738832960251]]]}, "properties": {"zone_name": "HSR", "level": 1, "fire_name": "Grasshopper", "county": "Wasco", "addresses": 3, "unmatched_addresses": 0, "unmatched_fraction_pct": 0, "geometry_source": "cached", "geometry_cache_age_days": 0, "overlapping_zips": [{"zip": "97021", "fraction_pct": 86.2}, {"zip": "97063", "fraction_pct": 13.8}]}}, {"type": "Feature", "geometry": {"type": "Polygon", "coordinates": [[[-121.141454981029, 45.3894736518673], [-121.13458186652, 45.38952850272], [-121.11982029104, 45.3889251404165], [-121.09330492459, 45.38875608486], [-121.075341102578, 45.3891400445829], [-121.05470404463, 45.3886600380686], [-121.043379026405, 45.3892085520925], [-121.030257625978, 45.3893182542585], [-121.029007968795, 45.3894279562111], [-121.026664861576, 45.3880018142142], [-121.025791074513, 45.3838358169782], [-121.028139267576, 45.3813618690142], [-121.03318788266, 45.3767435431648], [-121.038823546011, 45.3737744202096], [-121.043402522483, 45.370145280449], [-121.046220354158, 45.3657735074481], [-121.04892077618, 45.3609064193205], [-121.051531547111, 45.3556072006637], [-121.052118595377, 45.3494190403049], [-121.05258823399, 45.3416622572068], [-121.051068600078, 45.3330489449675], [-121.052242696609, 45.3249597240348], [-121.054238660712, 45.3203367933861], [-121.056117215162, 45.3172821501066], [-121.060577158926, 45.3161725850011], [-121.079966225302, 45.316700099174], [-121.098785090605, 45.3170069450622], [-121.109402912668, 45.3177373372399], [-121.112461307066, 45.3208211115307], [-121.113961651489, 45.3244321601758], [-121.116673812559, 45.3267041626994], [-121.120482379169, 45.3271504382014], [-121.123355472255, 45.3293221252483], [-121.128002878128, 45.3319449850597], [-121.132388500284, 45.3328780162192], [-121.133970961232, 45.3362500446971], [-121.135875244536, 45.3393733728959], [-121.140607100021, 45.3431049157628], [-121.142280561107, 45.3439566465062], [-121.142287160443, 45.3559578263676], [-121.142430503849, 45.3690564843118], [-121.142065481639, 45.3816876689254], [-121.142296303858, 45.3894691355525], [-121.141454981029, 45.3894736518673]]]}, "properties": {"zone_name": "TRR", "level": 1, "fire_name": "Grasshopper", "county": "Wasco", "addresses": 10, "unmatched_addresses": 0, "unmatched_fraction_pct": 0, "geometry_source": "cached", "geometry_cache_age_days": 0, "overlapping_zips": [{"zip": "97021", "fraction_pct": 100.0}]}}, {"type": "Feature", "geometry": {"type": "Polygon", "coordinates": [[[-121.086694079671, 45.4654031491662], [-121.085955545469, 45.46273927424], [-121.086272060127, 45.4568191015152], [-121.084056457522, 45.4509723209469], [-121.083634437978, 45.4453469979445], [-121.08437297218, 45.4386106758032], [-121.083080257382, 45.4327444745496], [-121.080126120575, 45.4264509248366], [-121.076222439796, 45.4204528891769], [-121.072002244358, 45.4157873097575], [-121.067254524491, 45.4111954107808], [-121.059601954912, 45.4090558354086], [-121.056436808334, 45.4043152394671], [-121.048629446775, 45.3990556753534], [-121.041666124303, 45.3971295153108], [-121.036601889778, 45.3935733550376], [-121.029005537991, 45.389276029464], [-121.042285231264, 45.3894146765898], [-121.055156827348, 45.3888219178394], [-121.068661452748, 45.3891182979917], [-121.079211941341, 45.3890442030997], [-121.094404644916, 45.3888219178394], [-121.108331289859, 45.3889701081098], [-121.123840508092, 45.389266487485], [-121.138189172579, 45.3895628653061], [-121.141565328929, 45.3897851476518], [-121.139452571216, 45.4090698349004], [-121.13987459076, 45.4163280996277], [-121.13702139044, 45.4259378884569], [-121.133152481674, 45.4344557157702], [-121.129374034426, 45.4418934078107], [-121.120441388772, 45.4457255929127], [-121.117937972156, 45.4485197304409], [-121.118227302332, 45.4506107423242], [-121.113178072343, 45.4512738019539], [-121.109049145356, 45.4533152787068], [-121.104223772854, 45.4550251767233], [-121.099144401084, 45.459236215177], [-121.094135872933, 45.4621787739241], [-121.086694079671, 45.4654031491662]]]}, "properties": {"zone_name": "FRG", "level": 1, "fire_name": "Grasshopper", "county": "Wasco", "addresses": 11, "unmatched_addresses": 0, "unmatched_fraction_pct": 0, "geometry_source": "cached", "geometry_cache_age_days": 0, "overlapping_zips": [{"zip": "97021", "fraction_pct": 100.0}]}}, {"type": "Feature", "geometry": {"type": "Polygon", "coordinates": [[[-121.136933257943, 45.4586497995066], [-121.125494840786, 45.4587227374448], [-121.124558970291, 45.459768170859], [-121.121162107015, 45.4585525487754], [-121.118322518865, 45.4512377174658], [-121.117815804911, 45.4484395253008], [-121.120450107044, 45.4458618576274], [-121.124401560244, 45.4440136460379], [-121.129427531419, 45.4420194550963], [-121.127347819208, 45.4466643517002], [-121.132512437864, 45.4469075294682], [-121.137087804727, 45.4446459357644], [-121.137018480987, 45.4526462204861], [-121.136933257943, 45.4586497995066]]]}, "properties": {"zone_name": "DF", "level": 1, "fire_name": "Grasshopper", "county": "Wasco", "addresses": 342, "unmatched_addresses": 0, "unmatched_fraction_pct": 0, "geometry_source": "cached", "geometry_cache_age_days": 0, "overlapping_zips": [{"zip": "97021", "fraction_pct": 100.0}]}}, {"type": "Feature", "geometry": {"type": "Polygon", "coordinates": [[[-121.62064116864, 45.1756165485039], [-121.601521693565, 45.1636551687552], [-121.575575965385, 45.1468677810666], [-121.534452135039, 45.1503777481287], [-121.513967177845, 45.1549957826895], [-121.492488489384, 45.1455745669673], [-121.47546269975, 45.1465906553435], [-121.453460140839, 45.151855550481], [-121.441149185258, 45.1527791661513], [-121.441018217645, 45.1467753967388], [-121.441411120483, 45.1290374925953], [-121.441748825235, 45.1042391694026], [-121.465908118964, 45.1036818138433], [-121.479022560122, 45.1060816004222], [-121.526380264305, 45.1156797379215], [-121.556980627007, 45.1218491168244], [-121.578352308894, 45.1263043645157], [-121.598023970632, 45.1300739177234], [-121.617682900872, 45.1364025952615], [-121.628397415417, 45.1421095579346], [-121.637581285028, 45.1499749755835], [-121.643485201206, 45.1516712959319], [-121.649389117384, 45.1566057589703], [-121.63473865872, 45.1667817396089], [-121.62064116864, 45.1756165485039]]]}, "properties": {"zone_name": "KM", "level": 1, "fire_name": "Grasshopper", "county": "Wasco", "addresses": 5, "unmatched_addresses": 2, "unmatched_fraction_pct": 30.9, "geometry_source": "cached", "geometry_cache_age_days": 0, "overlapping_zips": [{"zip": "97037", "fraction_pct": 65.4}, {"zip": "97063", "fraction_pct": 3.7}]}}, {"type": "Feature", "geometry": {"type": "Polygon", "coordinates": [[[-121.140119897273, 45.4164740968442], [-121.139016196258, 45.4146599309883], [-121.139360800397, 45.4107893654093], [-121.140279744765, 45.4016763616307], [-121.141830479751, 45.3838833278803], [-121.142045200567, 45.3684602908192], [-121.14193762096, 45.3496175794605], [-121.142415813695, 45.3368945753745], [-121.144198049814, 45.3339116409904], [-121.150817783971, 45.3233507906318], [-121.149629626558, 45.3198897446711], [-121.151921072997, 45.320128444284], [-121.16424536924, 45.3255309404265], [-121.167724973092, 45.3314378720561], [-121.183171019459, 45.3318555105709], [-121.184149889751, 45.3380369024093], [-121.193969435139, 45.339064907278], [-121.200237230067, 45.3421977593826], [-121.199401524076, 45.345526224805], [-121.181573129614, 45.3478756119861], [-121.172658932383, 45.3561955740382], [-121.164580441142, 45.3744951853034], [-121.156276879755, 45.3881135627327], [-121.140119897273, 45.4164740968442]]]}, "properties": {"zone_name": "DR", "level": 1, "fire_name": "Grasshopper", "county": "Wasco", "addresses": 3, "unmatched_addresses": 0, "unmatched_fraction_pct": 0, "geometry_source": "cached", "geometry_cache_age_days": 0, "overlapping_zips": [{"zip": "97021", "fraction_pct": 100.0}]}}, {"type": "Feature", "geometry": {"type": "Polygon", "coordinates": [[[-121.256248250171, 45.3455161550622], [-121.25264826285, 45.3460557649467], [-121.251116554128, 45.3463248943819], [-121.244167838139, 45.3477346526415], [-121.236741084067, 45.349234616535], [-121.233130627793, 45.349234616535], [-121.222764260667, 45.3492602775984], [-121.21638175647, 45.3503339561923], [-121.212210570259, 45.3493011227464], [-121.198507247586, 45.3496471262324], [-121.199420564238, 45.3456045057192], [-121.200270822196, 45.342265396106], [-121.199259228977, 45.3414334816979], [-121.199088161802, 45.337946420623], [-121.198974117018, 45.3312923519591], [-121.199685602892, 45.3213663045984], [-121.200277830395, 45.3044478908861], [-121.201098182228, 45.2906568012926], [-121.208225932162, 45.2895335273038], [-121.211305141325, 45.2898945760209], [-121.219227635126, 45.2840584181323], [-121.222999281827, 45.2754332306659], [-121.229085348096, 45.2773031378603], [-121.234485660419, 45.2787507656274], [-121.240314568959, 45.2804999332382], [-121.24700066993, 45.2824902997533], [-121.255985063129, 45.2856720556774], [-121.253670115229, 45.2906900937479], [-121.257653682601, 45.2935573846569], [-121.256152094774, 45.2971223827448], [-121.254775639265, 45.2979145741067], [-121.25896757195, 45.3001150475974], [-121.25971656409, 45.3012034849948], [-121.257026219233, 45.3035358488822], [-121.25033164017, 45.3038438897697], [-121.247015630736, 45.3051475056592], [-121.250644467986, 45.3085357670318], [-121.25245888661, 45.311351830153], [-121.253459945161, 45.3145197339228], [-121.256275884554, 45.3191058198634], [-121.255232329656, 45.3233972365216], [-121.256546219005, 45.3277081455052], [-121.257109314593, 45.3336766116363], [-121.256248250171, 45.3455161550622]]]}, "properties": {"zone_name": "SCH", "level": 1, "fire_name": "Grasshopper", "county": "Wasco", "addresses": 2, "unmatched_addresses": 0, "unmatched_fraction_pct": 0, "geometry_source": "cached", "geometry_cache_age_days": 0, "overlapping_zips": [{"zip": "97021", "fraction_pct": 82.9}, {"zip": "97063", "fraction_pct": 17.0}]}}, {"type": "Feature", "geometry": {"type": "Polygon", "coordinates": [[[-121.261108448352, 45.400327353307], [-121.250845362251, 45.4001114046311], [-121.243312212974, 45.3999964172679], [-121.237498586902, 45.4003413786561], [-121.231492072222, 45.4017977223443], [-121.227889261699, 45.4022576557302], [-121.224695861462, 45.4039823725798], [-121.220683640651, 45.4059369880241], [-121.217808291162, 45.4067586110623], [-121.214371115258, 45.4076635293814], [-121.211535445138, 45.4082668002076], [-121.207324904655, 45.4095939733453], [-121.205262599112, 45.4110417630213], [-121.202169140799, 45.4119466127227], [-121.199849047064, 45.4136959477068], [-121.198388247304, 45.4151436322336], [-121.196325941762, 45.4134546633444], [-121.195056427404, 45.4125817117941], [-121.194455909116, 45.411972785846], [-121.194022201463, 45.4106378098327], [-121.193887800755, 45.4086291223183], [-121.193654265865, 45.4076922448872], [-121.192987023322, 45.4070364214397], [-121.192753488433, 45.4042022397056], [-121.194121335645, 45.4040382744274], [-121.194104580121, 45.3983745782515], [-121.195853315255, 45.3868461439522], [-121.197016603318, 45.3722744971389], [-121.198955416755, 45.3622415298369], [-121.198525678527, 45.357510882497], [-121.19877270424, 45.3540530468088], [-121.198671222792, 45.3496963747636], [-121.212136805084, 45.3493151499357], [-121.216388158475, 45.3503382711386], [-121.222961404807, 45.3492394521314], [-121.228138909381, 45.3492952476477], [-121.23410588542, 45.3492503974832], [-121.236818147257, 45.3492503974832], [-121.244561070846, 45.3476398538307], [-121.249823546638, 45.3466372517635], [-121.252376263661, 45.346099022173], [-121.256111917816, 45.3454255202494], [-121.25850587397, 45.3455250967414], [-121.261877940601, 45.3455250967414], [-121.264547493351, 45.3456238461803], [-121.266280360925, 45.3455580132403], [-121.266503817424, 45.3534752734095], [-121.266413973997, 45.3600089907288], [-121.266460808255, 45.3639578231552], [-121.266136425415, 45.3666265701819], [-121.264450392099, 45.3677453031482], [-121.265059237463, 45.3708381556165], [-121.271428696655, 45.3702459203632], [-121.271908892198, 45.3745287021186], [-121.281542701258, 45.3748746188622], [-121.281636369776, 45.3817830788219], [-121.277099654167, 45.3823065602095], [-121.27664946753, 45.3903779833057], [-121.265385793632, 45.3946827970335], [-121.261108448352, 45.400327353307]]]}, "properties": {"zone_name": "RH", "level": 1, "fire_name": "Grasshopper", "county": "Wasco", "addresses": 18, "unmatched_addresses": 0, "unmatched_fraction_pct": 0, "geometry_source": "cached", "geometry_cache_age_days": 0, "overlapping_zips": [{"zip": "97021", "fraction_pct": 100.0}]}}, {"type": "Feature", "geometry": {"type": "Polygon", "coordinates": [[[-121.579267653886, 45.4624953569377], [-121.581504749198, 45.4598502243048], [-121.581788634604, 45.4592528618888], [-121.581873800226, 45.4570027399744], [-121.582498348121, 45.4548321833126], [-121.582044124558, 45.4523487773195], [-121.582725449534, 45.4502377876656], [-121.582469952668, 45.4486246196728], [-121.581649466156, 45.4465402015887], [-121.576170477811, 45.4415608130894], [-121.576138657241, 45.4372860526701], [-121.573962049635, 45.4284897645563], [-121.574381837044, 45.4252764269452], [-121.573189518337, 45.4240012649418], [-121.569555785134, 45.4217298112756], [-121.570180333029, 45.4185217254243], [-121.576911459088, 45.4134286526258], [-121.585013742717, 45.4123554932002], [-121.597472914714, 45.407901663666], [-121.606186691448, 45.4070967172432], [-121.616658510856, 45.4035548167112], [-121.620945867756, 45.4038161119679], [-121.624826216684, 45.4020171528086], [-121.647231016379, 45.3956832868451], [-121.659046450658, 45.38625594899], [-121.695671530513, 45.3731909422353], [-121.696952287014, 45.3732856488601], [-121.696851174659, 45.3736881502458], [-121.698131931161, 45.3738065324616], [-121.698233043516, 45.3742800588445], [-121.698637492938, 45.3746352010299], [-121.69880601353, 45.3752507755345], [-121.69924416707, 45.3757716410354], [-121.699648616492, 45.3760320719867], [-121.699951953558, 45.3762925017387], [-121.699951953558, 45.37667130651], [-121.700322698861, 45.377641982153], [-121.700390107098, 45.3785889667228], [-121.700794556519, 45.3788730590006], [-121.701165301823, 45.379275520618], [-121.701805680073, 45.3799620661776], [-121.702347081325, 45.3802079264437], [-121.702800593791, 45.3807870992765], [-121.703790075536, 45.3815979312757], [-121.704284816408, 45.3819743850371], [-121.70457341525, 45.3826114549224], [-121.705274298153, 45.38313268858], [-121.705645353807, 45.3836249603998], [-121.705892724243, 45.3834801750153], [-121.707129576424, 45.3834222607576], [-121.707706774108, 45.3835380892136], [-121.708119058168, 45.3835380892136], [-121.708574029166, 45.3836451724226], [-121.709316140475, 45.3842822234811], [-121.710181937002, 45.3846586593684], [-121.71071790628, 45.3849482237298], [-121.711295103964, 45.385237786608], [-121.711789844837, 45.3855273480035], [-121.712325814115, 45.3855273480035], [-121.712820554987, 45.3859037755996], [-121.713480209484, 45.3861933335833], [-121.713974950356, 45.3865697567447], [-121.714799518476, 45.3868593113174], [-121.715747771815, 45.3870040880471], [-121.716778481966, 45.3871199091643], [-121.717520593274, 45.3874094609184], [-121.718345161395, 45.3878148308827], [-121.719087272703, 45.3885966076045], [-121.719994297635, 45.3888571974421], [-121.720653952132, 45.389175694501], [-121.720860094162, 45.3895231437912], [-121.721560977064, 45.3901311749101], [-121.722138174749, 45.3907391994877], [-121.722715372433, 45.3911734987529], [-121.723292570117, 45.3918973234458], [-121.723333798524, 45.3924474240122], [-121.723579265896, 45.3930646058544], [-121.692114151175, 45.4515970714218], [-121.689488556812, 45.4521446561373], [-121.687430658527, 45.4530904717585], [-121.682037545781, 45.455728715711], [-121.675438078868, 45.4581179622171], [-121.673947876662, 45.4586157091643], [-121.672315750436, 45.4587650323917], [-121.669193422004, 45.4586654836174], [-121.666567827641, 45.4580681872814], [-121.663516461219, 45.4573713335585], [-121.65919404244, 45.4569429212554], [-121.658148505533, 45.4571482691583], [-121.657279591868, 45.4578470880651], [-121.656108590533, 45.4583751155527], [-121.655481268389, 45.4595191581458], [-121.654059338196, 45.4604578424241], [-121.653473837528, 45.4605751768602], [-121.652344657669, 45.4599005005185], [-121.651633692573, 45.4594898240102], [-121.648957118092, 45.4588151346817], [-121.647326080518, 45.4589618069614], [-121.646280543612, 45.4604578424241], [-121.643896719465, 45.4612498451281], [-121.640613249549, 45.4616719819587], [-121.639107676403, 45.4619066455332], [-121.637936675068, 45.4625519653262], [-121.637142067019, 45.4624639676074], [-121.636640209304, 45.4615546498056], [-121.630366987865, 45.4593546267174], [-121.628777771768, 45.4598533061412], [-121.629028700625, 45.4607919848561], [-121.627899520766, 45.4621706408867], [-121.626686697955, 45.4626692954042], [-121.626226661716, 45.4636959231702], [-121.624888374476, 45.4648398578014], [-121.622128157043, 45.4653384887098], [-121.620622583897, 45.4657784534956], [-121.618681050719, 45.466356064175], [-121.579267653886, 45.4624953569377]]]}, "properties": {"zone_name": "Cooper Spur South", "level": 1, "fire_name": "Grasshopper", "county": "Hood River", "addresses": 63, "unmatched_addresses": 0, "unmatched_fraction_pct": 0, "geometry_source": "cached", "geometry_cache_age_days": 0, "overlapping_zips": [{"zip": "97041", "fraction_pct": 100.0}]}}, {"type": "Feature", "geometry": {"type": "Polygon", "coordinates": [[[-121.579242123474, 45.462486142055], [-121.618618527551, 45.4664184331299], [-121.622006874687, 45.4654108559806], [-121.624957143103, 45.464879656403], [-121.626231161626, 45.4637199589176], [-121.626691976837, 45.4627693694163], [-121.627938888583, 45.4621419715656], [-121.628996052889, 45.46086814233], [-121.62880630545, 45.4598604659793], [-121.630351391744, 45.4594421799408], [-121.636558843697, 45.4615716038243], [-121.637128671446, 45.4624881123468], [-121.637912813239, 45.4625626856262], [-121.639069090119, 45.4619474531215], [-121.643949624282, 45.4612757585387], [-121.646275468582, 45.4604833943152], [-121.647336449517, 45.4590180169544], [-121.648957895258, 45.4588408941195], [-121.651589421951, 45.4595214156579], [-121.653478547341, 45.4605815362655], [-121.654023459434, 45.4605069603661], [-121.655472128169, 45.459556108996], [-121.656136655112, 45.4584001504402], [-121.657294835425, 45.457867878539], [-121.658118848834, 45.457178014501], [-121.659182091942, 45.4569822407368], [-121.663463078491, 45.4573728946584], [-121.669150042808, 45.4586785760801], [-121.672273319439, 45.4588090880721], [-121.673934636796, 45.4586319645809], [-121.682018408606, 45.4557794424365], [-121.689503052742, 45.4522076532639], [-121.692068161587, 45.4515923071554], [-121.689193944842, 45.4573235267616], [-121.690428910739, 45.4635959681882], [-121.690314715199, 45.4795975315237], [-121.690308893958, 45.4840398283973], [-121.689946889407, 45.4848737504996], [-121.687878291971, 45.4852725784454], [-121.687619717292, 45.4866140699049], [-121.681569069792, 45.4908921265631], [-121.680483056139, 45.4913271649707], [-121.679138467806, 45.4914721770266], [-121.677638734665, 45.4925597555442], [-121.67794902428, 45.4948073512616], [-121.676448868714, 45.4961856096958], [-121.676759158329, 45.4975993393441], [-121.675673144676, 45.4986505512023], [-121.673397687496, 45.4985780544628], [-121.673242542688, 45.4994480091758], [-121.672156529035, 45.5007529160438], [-121.671380804996, 45.5019128078708], [-121.670294791343, 45.5020215465046], [-121.668588198458, 45.5015503442415], [-121.667398754933, 45.5014053581368], [-121.665175012689, 45.5020215465046], [-121.663054700317, 45.5028189567342], [-121.660675813266, 45.5036888459217], [-121.6579866366, 45.5039063161187], [-121.656700047798, 45.504196298834], [-121.654476305555, 45.5047037234124], [-121.628567122672, 45.5046312344669], [-121.563776490238, 45.5044103545765], [-121.563259340879, 45.4940071823391], [-121.561386285324, 45.4847723577825], [-121.562679153379, 45.4782456746311], [-121.563351447545, 45.4682728852552], [-121.564954610558, 45.4669309570816], [-121.567798932032, 45.4651537597922], [-121.576643378077, 45.4638247922832], [-121.579242123474, 45.462486142055]]]}, "properties": {"zone_name": "Cooper Spur North", "level": 1, "fire_name": "Grasshopper", "county": "Hood River", "addresses": 291, "unmatched_addresses": 133, "unmatched_fraction_pct": 45.8, "geometry_source": "cached", "geometry_cache_age_days": 0, "overlapping_zips": [{"zip": "97041", "fraction_pct": 54.2}]}}, {"type": "Feature", "geometry": {"type": "Polygon", "coordinates": [[[-121.234216288046, 45.4304280387373], [-121.216030348152, 45.4323406327807], [-121.207160366568, 45.4334186117714], [-121.197002007772, 45.4349486111159], [-121.183031661179, 45.4373761096659], [-121.173199577115, 45.4386656387749], [-121.16575659759, 45.4395682916164], [-121.166767372587, 45.4368602897711], [-121.168237590765, 45.4347969630384], [-121.169799697578, 45.4333783821465], [-121.170259140759, 45.4309925065941], [-121.172188802118, 45.4293803714197], [-121.174853572565, 45.4280261422882], [-121.177518343012, 45.4260269827587], [-121.180569362249, 45.425323206214], [-121.183294775585, 45.425079758489], [-121.185673318132, 45.4229234613798], [-121.188448284438, 45.4206627388784], [-121.190331297288, 45.419062788254], [-121.192462074987, 45.417010611304], [-121.195336147232, 45.4155496941322], [-121.1975164779, 45.4151322822837], [-121.198358878386, 45.4151670667224], [-121.202191701258, 45.4120814370054], [-121.20521171459, 45.4111346069984], [-121.207184553412, 45.4096567942613], [-121.21144770848, 45.4083111316503], [-121.212873594838, 45.4080405787923], [-121.21511087302, 45.4075126266014], [-121.219099501076, 45.4064439201539], [-121.220718074779, 45.405970436151], [-121.223210959817, 45.4046847647299], [-121.225272714416, 45.403683648416], [-121.227796918645, 45.4023172313027], [-121.230224621719, 45.401963082633], [-121.231611970607, 45.4017872036597], [-121.234579355731, 45.4010836822922], [-121.237392594395, 45.4003530948259], [-121.240699340977, 45.4001454434108], [-121.243144343405, 45.4000324984622], [-121.247809147366, 45.4000550856125], [-121.252184414866, 45.4001454415532], [-121.256109287183, 45.4002132084138], [-121.259583764316, 45.4003035641016], [-121.261127976375, 45.4002809751931], [-121.262717088901, 45.4013655459235], [-121.263878555494, 45.4020568660643], [-121.265007748599, 45.402756000281], [-121.263047058754, 45.4043704627325], [-121.260900863842, 45.4061837199303], [-121.258771645345, 45.4080191364446], [-121.2566167617, 45.4098807119613], [-121.254944626929, 45.4114677191973], [-121.252685222822, 45.4136761471278], [-121.250186352541, 45.4159347285947], [-121.24757716584, 45.4183144553242], [-121.244173242177, 45.421358239151], [-121.241187377322, 45.4240303982361], [-121.237654988406, 45.4272303756222], [-121.234216288046, 45.4304280387373]]]}, "properties": {"zone_name": "SVR", "level": 1, "fire_name": "Grasshopper", "county": "Wasco", "addresses": 27, "unmatched_addresses": 0, "unmatched_fraction_pct": 0, "geometry_source": "cached", "geometry_cache_age_days": 0, "overlapping_zips": [{"zip": "97021", "fraction_pct": 100.0}]}}, {"type": "Feature", "geometry": {"type": "Polygon", "coordinates": [[[-121.258203409517, 45.4591573784304], [-121.254214786568, 45.4602065024242], [-121.251921328372, 45.4617451823032], [-121.250026732471, 45.4612556068965], [-121.242348633294, 45.4630740084067], [-121.237662001329, 45.4617451823032], [-121.230382764447, 45.4618850602101], [-121.224000967729, 45.4624445683673], [-121.218317180026, 45.4636335047639], [-121.209243062817, 45.4656616325138], [-121.207248751343, 45.4669204337284], [-121.201265816919, 45.4662910366348], [-121.188664339853, 45.4730385330946], [-121.170526679696, 45.4810267227155], [-121.160633410519, 45.4881730903862], [-121.154069112208, 45.4915502138214], [-121.151912063895, 45.4923566731275], [-121.150754390948, 45.4921907165408], [-121.14967607431, 45.4911935538757], [-121.147381783593, 45.4904054612143], [-121.146051094977, 45.4899551175997], [-121.144399205661, 45.4890705035878], [-121.142747316345, 45.4883467181534], [-121.141111797073, 45.4874926938179], [-121.14007936625, 45.4868653960743], [-121.136991431797, 45.4869330702046], [-121.133463790856, 45.486429993008], [-121.131739092931, 45.4861981011203], [-121.129565501025, 45.4861484098774], [-121.127179275128, 45.4862809197613], [-121.12621060917, 45.4859496444672], [-121.121546941276, 45.4827670989182], [-121.119793843436, 45.483194500187], [-121.117104995538, 45.4842327171704], [-121.11480583574, 45.4846425343964], [-121.116169744095, 45.482620740488], [-121.116939311182, 45.4789192918898], [-121.118254504131, 45.4744179781147], [-121.121372008941, 45.469854350128], [-121.122722164137, 45.4649381620868], [-121.124319885352, 45.4612484098545], [-121.124605504883, 45.4595845940023], [-121.125057464759, 45.4595091153391], [-121.125304966597, 45.4585052395122], [-121.136886737126, 45.4586252688622], [-121.13694489458, 45.4478463633527], [-121.137110951004, 45.4447783564867], [-121.139955674143, 45.4432472746716], [-121.147242841636, 45.4420989360409], [-121.15670271394, 45.4405965252692], [-121.163288442851, 45.4409246331427], [-121.165860384319, 45.4394481326842], [-121.179656721312, 45.4375645207795], [-121.195808451507, 45.4351023982012], [-121.215464105016, 45.4323209030192], [-121.234064175603, 45.4301808874586], [-121.238779401628, 45.4333804483465], [-121.247594655413, 45.4330987013051], [-121.252231943818, 45.4362160632645], [-121.255290677956, 45.4468715091203], [-121.258203409517, 45.4591573784304]]]}, "properties": {"zone_name": "WM", "level": 1, "fire_name": "Grasshopper", "county": "Wasco", "addresses": 38, "unmatched_addresses": 0, "unmatched_fraction_pct": 0, "geometry_source": "cached", "geometry_cache_age_days": 0, "overlapping_zips": [{"zip": "97021", "fraction_pct": 97.5}, {"zip": "97058", "fraction_pct": 2.5}]}}, {"type": "Feature", "geometry": {"type": "Polygon", "coordinates": [[[-121.695631424191, 45.3731882833905], [-121.665440759653, 45.332977760854], [-121.662271237927, 45.319109981336], [-121.657651242425, 45.3065654457352], [-121.652902913714, 45.3043089396815], [-121.648539584629, 45.298441603577], [-121.64366292271, 45.2944695237395], [-121.643534589501, 45.2904068815706], [-121.640069715125, 45.2858021720227], [-121.628776392786, 45.2864342090032], [-121.622873065199, 45.2855312968751], [-121.617611403656, 45.2839060188289], [-121.610938076819, 45.2683732358445], [-121.610553077194, 45.2581662444594], [-121.696407839644, 45.2578952177535], [-121.69589450681, 45.2635860947872], [-121.692429510183, 45.2684635353871], [-121.691787844141, 45.2730696222637], [-121.690889511683, 45.2753273714568], [-121.689092846765, 45.2760498322282], [-121.688966873242, 45.276763187815], [-121.688118645227, 45.277925528111], [-121.687493635112, 45.278176841801], [-121.687225773634, 45.2789307761933], [-121.687538278691, 45.2793391531396], [-121.686823981416, 45.2801873112518], [-121.685484674026, 45.2811296942844], [-121.68490430749, 45.2823861806458], [-121.684993594649, 45.2832342932089], [-121.685082881809, 45.2838311055607], [-121.684770376751, 45.2841452148028], [-121.684952617319, 45.2853857129418], [-121.684149032884, 45.2866421050445], [-121.684015102146, 45.2870818357065], [-121.682809725494, 45.2875215629596], [-121.682006141059, 45.2880241042178], [-121.681202556625, 45.2891233976975], [-121.680532902929, 45.2898771866279], [-121.679907892814, 45.2900656322949], [-121.680265041451, 45.2915731750935], [-121.679863249234, 45.2921070868924], [-121.680086467133, 45.2931748954115], [-121.680309685031, 45.2937401976643], [-121.680800764408, 45.2939914413016], [-121.680845407987, 45.2944311149882], [-121.680890051567, 45.2948079754349], [-121.680041823553, 45.2954988797494], [-121.679952536394, 45.2958443287505], [-121.679327526278, 45.2959385417487], [-121.679327552724, 45.2965938660534], [-121.679193621985, 45.2972533450394], [-121.679372196304, 45.2976929934358], [-121.680041849999, 45.2980698322054], [-121.68133651381, 45.2994515529342], [-121.682274028984, 45.2999853905619], [-121.682899039099, 45.3005192231633], [-121.683657979954, 45.3008960431498], [-121.685052310684, 45.3026359252881], [-121.685364815741, 45.3030441315867], [-121.686168400176, 45.3038919352769], [-121.687909499784, 45.3047711257123], [-121.687418420407, 45.3060584871069], [-121.687596994726, 45.3066864576656], [-121.687552351146, 45.3077539916505], [-121.687954143363, 45.3081307635509], [-121.687954143363, 45.3085703276027], [-121.688757727798, 45.3094494454802], [-121.688757727798, 45.3107367006288], [-121.689021390495, 45.3112112534191], [-121.689289251973, 45.3132205520497], [-121.690048192828, 45.3145077215496], [-121.689914262089, 45.3163599385493], [-121.691769547532, 45.3194779675227], [-121.693644577879, 45.3203255254193], [-121.693689221459, 45.3213928025136], [-121.695296390328, 45.3221775522564], [-121.697037489935, 45.322554228272], [-121.698064292268, 45.3233389619282], [-121.698912520283, 45.3242492393513], [-121.699582173978, 45.3255989341256], [-121.700207184094, 45.3266661118791], [-121.700966124948, 45.3272310801978], [-121.700966124948, 45.3278588161655], [-121.70139502607, 45.3283582763594], [-121.702287897664, 45.3287662974099], [-121.703314699997, 45.3312771314867], [-121.703314699997, 45.3317792849454], [-121.702377184824, 45.332438354603], [-121.702153966925, 45.3336623207628], [-121.702689689881, 45.3342586023857], [-121.70295755136, 45.3347921122006], [-121.702645046302, 45.3353256169893], [-121.702778977041, 45.335827734552], [-121.703314699997, 45.3363612295841], [-121.703225412838, 45.3373968232397], [-121.703627205055, 45.3388717269619], [-121.70438614591, 45.3389344879703], [-121.704564720229, 45.3396876146446], [-121.704832581707, 45.3401269339117], [-121.704564720229, 45.3409741828721], [-121.704409926049, 45.3419120168562], [-121.704365282469, 45.3433240468927], [-121.704320638889, 45.3444850229847], [-121.703695628774, 45.3452066988253], [-121.703249192977, 45.3459597420676], [-121.703293836556, 45.3467755276096], [-121.703338480136, 45.3475913013946], [-121.703517054455, 45.3485639393885], [-121.703606341614, 45.3490659395559], [-121.702624182861, 45.349818931459], [-121.702222390644, 45.3513562588238], [-121.701909885586, 45.3526425618785], [-121.701954529166, 45.3532700161743], [-121.701552736949, 45.3541798125472], [-121.701379021905, 45.3549826450058], [-121.701602239804, 45.3555473308353], [-121.701379021905, 45.3560492690643], [-121.701289734746, 45.357617797334], [-121.701468309065, 45.3591862821259], [-121.701512952644, 45.3601900895753], [-121.701914744862, 45.3614134558259], [-121.701870101282, 45.36213491583], [-121.70218260634, 45.3624485912235], [-121.70213796276, 45.3632641391066], [-121.700932586108, 45.3644560725571], [-121.700977229688, 45.3654284207198], [-121.70075401179, 45.3659302712969], [-121.70075401179, 45.3665575782575], [-121.700530797041, 45.3672649703273], [-121.699682569027, 45.3678922624863], [-121.699146846071, 45.3685195476893], [-121.699459351129, 45.3689272793407], [-121.699727212607, 45.3693977352864], [-121.700218291983, 45.3698054606073], [-121.700129004824, 45.3701504566601], [-121.700039717665, 45.3704954506091], [-121.699548638288, 45.3704327245931], [-121.697450390043, 45.3720322162693], [-121.697450390043, 45.3725026463891], [-121.697361102883, 45.372784902583], [-121.697271815724, 45.3731926034867], [-121.695631424191, 45.3731882833905]]]}, "properties": {"zone_name": "White River", "level": 1, "fire_name": "Grasshopper", "county": "Hood River", "addresses": 1, "unmatched_addresses": 1, "unmatched_fraction_pct": 58.0, "geometry_source": "cached", "geometry_cache_age_days": 0, "overlapping_zips": [{"zip": "97041", "fraction_pct": 41.7}, {"zip": "97028", "fraction_pct": 0.3}]}}, {"type": "Feature", "geometry": {"type": "Polygon", "coordinates": [[[-121.252162086884, 45.4362678109324], [-121.266251515778, 45.4335834867554], [-121.286702999766, 45.4293755162208], [-121.305925545565, 45.4214984169161], [-121.339895757518, 45.4093325421076], [-121.359597743641, 45.4077163354117], [-121.35884821156, 45.4087687543265], [-121.359102271313, 45.4192763883011], [-121.359333459868, 45.4353235889908], [-121.359683236905, 45.4487196589121], [-121.353999656505, 45.4499092278133], [-121.346162760473, 45.4522242735214], [-121.339769706628, 45.4560721500524], [-121.333744701877, 45.4583066880218], [-121.327712904764, 45.4603516734743], [-121.321133876588, 45.4619545988964], [-121.316286171616, 45.4619545988964], [-121.312615766422, 45.4617117343376], [-121.306798520456, 45.4620517444272], [-121.299784971258, 45.4625919156837], [-121.294393181018, 45.4610960759046], [-121.289629665989, 45.4613454679701], [-121.275373990738, 45.4617100060948], [-121.271067588839, 45.4613975449891], [-121.263494261362, 45.4600435268551], [-121.260227335783, 45.4605643069086], [-121.258370140945, 45.4599108719767], [-121.258073920975, 45.4589664499783], [-121.257239118916, 45.4547645058548], [-121.25532747472, 45.4473001324602], [-121.252162086884, 45.4362678109324]]]}, "properties": {"zone_name": "WRR", "level": 2, "fire_name": "Grasshopper", "county": "Wasco", "addresses": 31, "unmatched_addresses": 0, "unmatched_fraction_pct": 0, "geometry_source": "cached", "geometry_cache_age_days": 0, "overlapping_zips": [{"zip": "97021", "fraction_pct": 60.3}, {"zip": "97058", "fraction_pct": 39.7}]}}, {"type": "Feature", "geometry": {"type": "Polygon", "coordinates": [[[-121.480617670929, 45.435571551981], [-121.471271279616, 45.4414738611618], [-121.443543652051, 45.4517467784285], [-121.434197260737, 45.4676988766233], [-121.412389014338, 45.4753455422271], [-121.408962018478, 45.4797145883599], [-121.384038308308, 45.4810252395239], [-121.366903257566, 45.4884516868952], [-121.360672330023, 45.4917277495012], [-121.35880305176, 45.4086754304452], [-121.35955608846, 45.407654356157], [-121.366962893367, 45.4050999094484], [-121.383725662369, 45.402362874076], [-121.394044692895, 45.3971819563721], [-121.422967353206, 45.3971819563721], [-121.431625729222, 45.4032614376631], [-121.448389818957, 45.404813540822], [-121.459811506468, 45.402744060467], [-121.481137439937, 45.3995590432332], [-121.480617670929, 45.435571551981]]]}, "properties": {"zone_name": "CB", "level": 2, "fire_name": "Grasshopper", "county": "Wasco", "addresses": 4, "unmatched_addresses": 0, "unmatched_fraction_pct": 10.1, "geometry_source": "cached", "geometry_cache_age_days": 0, "overlapping_zips": [{"zip": "97058", "fraction_pct": 64.0}, {"zip": "97021", "fraction_pct": 25.9}]}}, {"type": "Feature", "geometry": {"type": "Polygon", "coordinates": [[[-121.570790155831, 45.2582394252857], [-121.610754498938, 45.2571624790621], [-121.611173076046, 45.2629935171116], [-121.611173076046, 45.2684554965836], [-121.613801625754, 45.2769117182612], [-121.617181189663, 45.2839576071739], [-121.622938965213, 45.2857189426863], [-121.628321233662, 45.2864234615792], [-121.633766872969, 45.2860202839519], [-121.640291852485, 45.2857959514005], [-121.643421078328, 45.2901109864281], [-121.643671416395, 45.2944256932016], [-121.649324431663, 45.299350592184], [-121.653390375997, 45.3044745209717], [-121.657286905984, 45.30709588686], [-121.662174498887, 45.3197815366045], [-121.665070286782, 45.3324496291922], [-121.677615349685, 45.3470868328109], [-121.695423275897, 45.3732294455049], [-121.67697935232, 45.379707370367], [-121.658853427425, 45.3861845531407], [-121.647120050036, 45.395712477569], [-121.624789660746, 45.401970719515], [-121.620868627455, 45.4038060693467], [-121.616424789726, 45.4035766538786], [-121.611318331202, 45.4053725641374], [-121.606220987923, 45.4069784017996], [-121.596756642693, 45.4079198835945], [-121.590010972812, 45.4099301796361], [-121.584997067394, 45.4122557867138], [-121.576757456112, 45.4134099261343], [-121.570150080197, 45.4185132233692], [-121.570078697722, 45.4148053318414], [-121.570863904944, 45.4126005241594], [-121.570007315247, 45.4092430380397], [-121.56915072555, 45.4062862805212], [-121.569530788064, 45.4019321867418], [-121.57081567261, 45.3984738210098], [-121.571172584984, 45.3969199935769], [-121.569245258165, 45.3930603018537], [-121.569011518471, 45.3900300009074], [-121.568083546299, 45.3837633702882], [-121.567512486501, 45.3802036147284], [-121.566727279278, 45.3760419261833], [-121.566192953, 45.3757225186955], [-121.566574205374, 45.3745051759613], [-121.566331590227, 45.3736286729665], [-121.566470227454, 45.3715590981023], [-121.567386589708, 45.3678718922413], [-121.570790155831, 45.2582394252857]]]}, "properties": {"zone_name": "Elk Mountain", "level": 2, "fire_name": "Grasshopper", "county": "Hood River", "addresses": 5, "unmatched_addresses": 1, "unmatched_fraction_pct": 23.9, "geometry_source": "cached", "geometry_cache_age_days": 0, "overlapping_zips": [{"zip": "97041", "fraction_pct": 76.1}]}}, {"type": "Feature", "geometry": {"type": "Polygon", "coordinates": [[[-121.563426027757, 45.467853803291], [-121.549256379365, 45.4697371657695], [-121.530774271944, 45.4697371657695], [-121.515460525796, 45.4693668433743], [-121.499090659224, 45.4697371657695], [-121.489585575407, 45.4701074857316], [-121.481768805539, 45.4689364348817], [-121.482200993275, 45.4540260260142], [-121.482417325299, 45.4367738083957], [-121.482215504741, 45.4236019220097], [-121.482215504741, 45.4115604124366], [-121.481811863626, 45.4050427599266], [-121.481847296106, 45.400002938882], [-121.492699530721, 45.3983921991669], [-121.499669665149, 45.3948608014207], [-121.508404390571, 45.3954184052105], [-121.515727443198, 45.4050826633638], [-121.516256820496, 45.4094186521676], [-121.518639018339, 45.4111529544958], [-121.519256625186, 45.4153646098708], [-121.526844366462, 45.4169748656865], [-121.526314989164, 45.4139401145277], [-121.531897971073, 45.410499643507], [-121.533397873418, 45.4081459073589], [-121.540795515106, 45.4071548298634], [-121.548471485931, 45.4091989053551], [-121.553235881616, 45.4073406579647], [-121.55430084568, 45.404541636702], [-121.557022841777, 45.4034971863611], [-121.558732002116, 45.4022971557481], [-121.557909073064, 45.4013860043696], [-121.553473545179, 45.4004457204128], [-121.552616449492, 45.3998439096019], [-121.552538531702, 45.3989502999059], [-121.5536934919, 45.3984430299054], [-121.555251847694, 45.3972028839413], [-121.556108943381, 45.3964368978371], [-121.554265253461, 45.3935021322889], [-121.554524979427, 45.392590183173], [-121.555511938097, 45.392590183173], [-121.560005197304, 45.3956907501273], [-121.56125695961, 45.3955420904812], [-121.561854329331, 45.3944477892785], [-121.561568630769, 45.3929704490416], [-121.561075151434, 45.3924779937138], [-121.561685780728, 45.3883950266604], [-121.5609385177, 45.3869205671593], [-121.562361875849, 45.3855210445986], [-121.562077202648, 45.383535617889], [-121.561436691481, 45.3827858330747], [-121.562112786602, 45.3811112777523], [-121.563014959637, 45.3803569740336], [-121.564260398017, 45.3770826565047], [-121.565826091981, 45.3760828271051], [-121.56604740128, 45.3757555965957], [-121.566773058905, 45.3760468765907], [-121.56705363353, 45.3778840639637], [-121.567502924971, 45.380777524303], [-121.568047227115, 45.3838404040887], [-121.568611857736, 45.3869052725305], [-121.569007662621, 45.3907134652813], [-121.569229357146, 45.3930032102116], [-121.569973396064, 45.3945352477979], [-121.571158466049, 45.3968712698819], [-121.570658158448, 45.3988568389224], [-121.569912238853, 45.400842187996], [-121.569472367104, 45.4021171343466], [-121.569175033766, 45.4064005466785], [-121.569752078663, 45.408354413082], [-121.57019165127, 45.4099413725184], [-121.570858024959, 45.4126199403679], [-121.570100238017, 45.4147074523733], [-121.570099464162, 45.4163189049144], [-121.570132124841, 45.4176501125545], [-121.570141953066, 45.4184848016516], [-121.569465258424, 45.4216696777039], [-121.573069948514, 45.4239272363913], [-121.57451182455, 45.4256398069006], [-121.574068170385, 45.4285977608654], [-121.576166934976, 45.4372917544759], [-121.576187170642, 45.4416565759942], [-121.581677390933, 45.4461700043931], [-121.582877218987, 45.4497067879588], [-121.582378108052, 45.4523911600808], [-121.582599935134, 45.4549976020543], [-121.581718616222, 45.459338946434], [-121.579112148003, 45.4625674066894], [-121.575452001142, 45.4640454352333], [-121.568228962204, 45.465118020642], [-121.565208730066, 45.4662991447765], [-121.563426027757, 45.467853803291]]]}, "properties": {"zone_name": "Mill Creek Buttes", "level": 2, "fire_name": "Grasshopper", "county": "Hood River", "addresses": 6, "unmatched_addresses": 4, "unmatched_fraction_pct": 62.9, "geometry_source": "cached", "geometry_cache_age_days": 0, "overlapping_zips": [{"zip": "97041", "fraction_pct": 37.1}]}}, {"type": "Feature", "geometry": {"type": "Polygon", "coordinates": [[[-121.359537207489, 45.4076400683133], [-121.354097165152, 45.4081492961243], [-121.340073944907, 45.4092526072992], [-121.331248987339, 45.4125624115179], [-121.306224792592, 45.4213876078551], [-121.286903972038, 45.4295154338857], [-121.252136748396, 45.436228030144], [-121.24753790929, 45.4331300080034], [-121.238708138206, 45.4333881830109], [-121.23413608285, 45.4304568057195], [-121.244572352682, 45.420990792443], [-121.252926849793, 45.4134303134135], [-121.257421651097, 45.409127483804], [-121.264994756379, 45.4027319630629], [-121.261507834101, 45.4006642959453], [-121.261004687361, 45.4001417290063], [-121.274370422434, 45.3974655403388], [-121.286911201183, 45.3926443477436], [-121.297025307499, 45.3910769979853], [-121.307119531125, 45.3864171382202], [-121.317188345648, 45.3833572508796], [-121.324461671685, 45.3854637643197], [-121.335789088023, 45.3872316535515], [-121.355057341752, 45.3872295664833], [-121.359537207489, 45.4076400683133]]]}, "properties": {"zone_name": "SPA", "level": 3, "fire_name": "Grasshopper", "county": "Wasco", "addresses": 44, "unmatched_addresses": 1, "unmatched_fraction_pct": 3.1, "geometry_source": "cached", "geometry_cache_age_days": 0, "overlapping_zips": [{"zip": "97021", "fraction_pct": 96.9}]}}, {"type": "Feature", "geometry": {"type": "Polygon", "coordinates": [[[-121.255925620985, 45.2855837062149], [-121.274911762028, 45.2919690714837], [-121.300681274979, 45.2979396917481], [-121.310429363627, 45.299539657332], [-121.332135637274, 45.300591050706], [-121.340846506664, 45.3015497687707], [-121.344349737932, 45.3026722861629], [-121.355754701947, 45.3022616116466], [-121.36521342637, 45.301987826983], [-121.369456228683, 45.3003724705546], [-121.37359221884, 45.3064970232305], [-121.372366723434, 45.3112815750389], [-121.361793866248, 45.3219114846968], [-121.360818887007, 45.3257152160272], [-121.363148146182, 45.3275113146842], [-121.366040935804, 45.330020474805], [-121.36213379138, 45.3319220800086], [-121.361143368048, 45.3398586270202], [-121.342678727349, 45.3461196100321], [-121.276642039704, 45.3457061921477], [-121.26706830868, 45.3455770962064], [-121.256136805757, 45.3453751213015], [-121.25638848182, 45.344575441244], [-121.25678068547, 45.3387001965859], [-121.257006309181, 45.3332656356896], [-121.256403655379, 45.3276988844317], [-121.255234324355, 45.3232493095554], [-121.256007439013, 45.3192423435567], [-121.253577960931, 45.3147834026554], [-121.252363197936, 45.3113396630202], [-121.250465324037, 45.3083040636283], [-121.246934744301, 45.304901109924], [-121.25056006275, 45.303752969457], [-121.257146872364, 45.3035032337352], [-121.259780787224, 45.3011652735346], [-121.25877525333, 45.2999800028604], [-121.254694858973, 45.2978854201827], [-121.256202469442, 45.2970054366344], [-121.257661964683, 45.2935417789883], [-121.253679224911, 45.2907300677686], [-121.254731906401, 45.2882838844734], [-121.255925620985, 45.2855837062149]]]}, "properties": {"zone_name": "NF 27", "level": 3, "fire_name": "Grasshopper", "county": "Wasco", "addresses": 5, "unmatched_addresses": 1, "unmatched_fraction_pct": 29.5, "geometry_source": "cached", "geometry_cache_age_days": 0, "overlapping_zips": [{"zip": "97021", "fraction_pct": 69.0}, {"zip": "97063", "fraction_pct": 1.4}]}}, {"type": "Feature", "geometry": {"type": "Polygon", "coordinates": [[[-120.7970435, 44.3340275], [-120.79662901, 44.33948241], [-120.79665352, 44.34040794], [-120.80412159, 44.33850258], [-120.80473472, 44.33996431], [-120.80585878, 44.34109712], [-120.80872005, 44.34226645], [-120.80626754, 44.34423965], [-120.80652301, 44.34822237], [-120.82706278, 44.34847813], [-120.82910653, 44.3484416], [-120.82977075, 44.34723585], [-120.83002622, 44.34478774], [-120.83733266, 44.3447512], [-120.83733266, 44.34807622], [-120.83579984, 44.34895312], [-120.83534, 44.35129144], [-120.83544218, 44.35183948], [-120.83518671, 44.35267978], [-120.83421593, 44.35373928], [-120.83396046, 44.35962097], [-120.83472687, 44.36137441], [-120.83426702, 44.36210499], [-120.83288934, 44.36507734], [-120.83249054, 44.36501026], [-120.8314394, 44.36660675], [-120.7752797, 44.36603321], [-120.77303028, 44.36769561], [-120.77236137, 44.36701818], [-120.77285987, 44.36562664], [-120.77342958, 44.36515148], [-120.7720053, 44.36345442], [-120.77155427, 44.35646204], [-120.77039111, 44.35520603], [-120.76794609, 44.35425553], [-120.7645278, 44.35395001], [-120.76429042, 44.35211683], [-120.76348333, 44.35082679], [-120.7635308, 44.34991016], [-120.76262312, 44.34849399], [-120.76243234, 44.34849366], [-120.76168525, 44.34608951], [-120.76045788, 44.34444852], [-120.75797732, 44.34311802], [-120.75875854, 44.34269899], [-120.75957629, 44.34218726], [-120.76110956, 44.34189484], [-120.76305171, 44.33981132], [-120.76376724, 44.33853193], [-120.76504497, 44.33805672], [-120.76586271, 44.33622896], [-120.76642491, 44.3347667], [-120.76642667, 44.33465164], [-120.76775074, 44.33399598], [-120.76929119, 44.33417164], [-120.76938049, 44.33359676], [-120.76973769, 44.33330932], [-120.76978234, 44.33251087], [-120.76987164, 44.33142495], [-120.77040745, 44.33081811], [-120.77183626, 44.33051469], [-120.77359996, 44.33102572], [-120.77502877, 44.33212761], [-120.77569853, 44.33227133], [-120.77605573, 44.33137705], [-120.77764082, 44.33045081], [-120.78349004, 44.33061051], [-120.78355701, 44.32690542], [-120.78683882, 44.32688945], [-120.78679417, 44.33126526], [-120.79000901, 44.3315048], [-120.78958483, 44.33401195], [-120.7970435, 44.3340275]]]}, "properties": {"zone_name": "US-OR-CRO-CRR-4S-J", "level": 1, "fire_name": "Rowe Creek Complex", "county": "Crook", "addresses": 28, "unmatched_addresses": 0, "unmatched_fraction_pct": 0, "geometry_source": "cached", "geometry_cache_age_days": 0, "overlapping_zips": [{"zip": "97754", "fraction_pct": 100.0}]}}, {"type": "Feature", "geometry": {"type": "Polygon", "coordinates": [[[-120.82725497, 44.38442788], [-120.8271392, 44.3851379], [-120.8269541, 44.3859775], [-120.8266161, 44.38747639], [-120.8265424, 44.3877381], [-120.8264874, 44.3878933], [-120.8263975, 44.3881138], [-120.8262447, 44.3883524], [-120.8255942, 44.389305], [-120.8252133, 44.3898848], [-120.8250055, 44.3901656], [-120.8248486, 44.3903688], [-120.8246581, 44.3905576], [-120.8241713, 44.3909371], [-120.8236658, 44.3913004], [-120.8233023, 44.3915743], [-120.8230448, 44.3917919], [-120.8228476, 44.3919893], [-120.8227216, 44.3921273], [-120.8226062, 44.3922797], [-120.8222012, 44.3929093], [-120.8220269, 44.3931853], [-120.8218364, 44.3935178], [-120.8217462, 44.3936784], [-120.8216849, 44.3938503], [-120.8216272, 44.394041], [-120.8216015, 44.3941781], [-120.8215548, 44.3947588], [-120.8215226, 44.3952973], [-120.8214462, 44.3966743], [-120.8213979, 44.3978577], [-120.8213778, 44.3986147], [-120.821355, 44.39909], [-120.8213134, 44.3993228], [-120.8212638, 44.3994685], [-120.82119, 44.3996457], [-120.8210197, 44.3998757], [-120.8208636, 44.4000225], [-120.8207046, 44.4001603], [-120.8204806, 44.4002935], [-120.8202647, 44.4004056], [-120.8199307, 44.4005359], [-120.8195177, 44.4006825], [-120.818658, 44.4009354], [-120.8182047, 44.4010562], [-120.8179137, 44.4011606], [-120.81782179, 44.40120439], [-120.81099117, 44.40106086], [-120.74553013, 44.38801906], [-120.75702834, 44.37952153], [-120.79570926, 44.3839899], [-120.80484591, 44.384754], [-120.81787049, 44.38440668], [-120.82467438, 44.38440668], [-120.82725497, 44.38442788]]]}, "properties": {"zone_name": "US-OR-CRO-CRR-4SB-D", "level": 1, "fire_name": "Rowe Creek Complex", "county": "Crook", "addresses": 4, "unmatched_addresses": 0, "unmatched_fraction_pct": 0, "geometry_source": "cached", "geometry_cache_age_days": 0, "overlapping_zips": [{"zip": "97754", "fraction_pct": 100.0}]}}, {"type": "Feature", "geometry": {"type": "Polygon", "coordinates": [[[-120.90940142, 44.47634971], [-120.90824194, 44.47634801], [-120.90564143, 44.47635769], [-120.90420105, 44.47636305], [-120.89951911, 44.47638073], [-120.88804701, 44.47642405], [-120.8862691, 44.47643556], [-120.88559292, 44.47643993], [-120.88370092, 44.47643993], [-120.87814052, 44.47646132], [-120.87614094, 44.47646901], [-120.87293992, 44.47648105], [-120.86987522, 44.47649152], [-120.86536205, 44.47650695], [-120.86232033, 44.47651868], [-120.84953794, 44.47656796], [-120.84700805, 44.47657768], [-120.84692892, 44.47657799], [-120.83593192, 44.47661894], [-120.82783994, 44.47665002], [-120.82717807, 44.47663398], [-120.82713833, 44.47781404], [-120.82688508, 44.485333], [-120.82687806, 44.48549897], [-120.82687058, 44.48570471], [-120.82335693, 44.48408746], [-120.82200883, 44.48318224], [-120.81970914, 44.48306908], [-120.81701295, 44.48267304], [-120.81495115, 44.48193753], [-120.81288936, 44.48103227], [-120.81146196, 44.480127], [-120.80924157, 44.48018358], [-120.80749698, 44.4814849], [-120.80654538, 44.4817678], [-120.80575238, 44.48114543], [-120.80694188, 44.48018358], [-120.80686258, 44.47809009], [-120.80710048, 44.47718477], [-120.80622818, 44.47650578], [-120.80678328, 44.47593994], [-120.80686258, 44.47514776], [-120.80765558, 44.47350678], [-120.80710048, 44.47113011], [-120.80622818, 44.46892311], [-120.80432499, 44.46745173], [-120.80184693, 44.46453368], [-120.80185963, 44.46452829], [-120.80175732, 44.46377378], [-120.80237118, 44.46278803], [-120.80313851, 44.46214303], [-120.80376942, 44.4616684], [-120.80440033, 44.46030533], [-120.80496303, 44.4594534], [-120.80559394, 44.45919782], [-120.806276, 44.4589179], [-120.80683871, 44.45865014], [-120.80755488, 44.45771299], [-120.80808348, 44.45684885], [-120.80823694, 44.45627681], [-120.80864618, 44.45552219], [-120.80953286, 44.45412247], [-120.809908, 44.45302701], [-120.81048775, 44.45254013], [-120.81091404, 44.45191936], [-120.81120392, 44.4514203], [-120.81195419, 44.45042217], [-120.81297729, 44.44883973], [-120.81345474, 44.44769548], [-120.81440963, 44.44574778], [-120.8148891, 44.44484608], [-120.81565642, 44.44395741], [-120.81609976, 44.44320263], [-120.81609976, 44.44225306], [-120.81632144, 44.4415226], [-120.81685004, 44.44098693], [-120.81792429, 44.44060953], [-120.81937368, 44.43945294], [-120.81979276, 44.43908505], [-120.90578671, 44.44616323], [-120.905427, 44.446206], [-120.90508405, 44.4465394], [-120.904855, 44.447284], [-120.90436942, 44.44773223], [-120.903485, 44.448497], [-120.90345, 44.44932], [-120.903202, 44.450085], [-120.90334195, 44.45057251], [-120.903355, 44.450912], [-120.90378, 44.45169], [-120.90360224, 44.45192302], [-120.903202, 44.452035], [-120.90247924, 44.45196156], [-120.902437, 44.452502], [-120.90263929, 44.45274529], [-120.90418819, 44.45394184], [-120.903806, 44.455507], [-120.90384451, 44.45653118], [-120.904094, 44.457137], [-120.905537, 44.458789], [-120.907017, 44.459037], [-120.90743532, 44.45939431], [-120.907518, 44.459807], [-120.90732, 44.460147], [-120.90693465, 44.46045869], [-120.906771, 44.460653], [-120.906805, 44.460928], [-120.90750178, 44.46154038], [-120.908129, 44.461879], [-120.908219, 44.462178], [-120.90810983, 44.4624977], [-120.907439, 44.463082], [-120.90694499, 44.46380309], [-120.906768, 44.464267], [-120.90772369, 44.46587204], [-120.908055, 44.466406], [-120.90791487, 44.46680096], [-120.90771, 44.46726], [-120.90768, 44.469352], [-120.907752, 44.474407], [-120.90780661, 44.47472632], [-120.908086, 44.475474], [-120.9087644, 44.4759788], [-120.90940142, 44.47634971]]]}, "properties": {"zone_name": "US-OR-CRO-CRR-1S-F", "level": 1, "fire_name": "Rowe Creek Complex", "county": "Crook", "addresses": 15, "unmatched_addresses": 0, "unmatched_fraction_pct": 0.1, "geometry_source": "cached", "geometry_cache_age_days": 0, "overlapping_zips": [{"zip": "97754", "fraction_pct": 99.9}]}}, {"type": "Feature", "geometry": {"type": "Polygon", "coordinates": [[[-120.81979276, 44.43908505], [-120.82041383, 44.43853983], [-120.82073781, 44.43766323], [-120.82073781, 44.4361048], [-120.8207037, 44.43487508], [-120.82037972, 44.43261036], [-120.81959535, 44.43015073], [-120.81889623, 44.42896958], [-120.81835058, 44.42657069], [-120.81818006, 44.42499979], [-120.81821417, 44.42429347], [-120.81770262, 44.42370893], [-120.81673067, 44.42353844], [-120.81466743, 44.42358715], [-120.81364433, 44.42268597], [-120.81216084, 44.42116368], [-120.81134236, 44.42015286], [-120.80953489, 44.41598759], [-120.80946668, 44.4154395], [-120.80947444, 44.4151958], [-120.8096203, 44.4150782], [-120.8098537, 44.4148195], [-120.80988459, 44.41478037], [-120.87966534, 44.40832896], [-120.89018164, 44.44487877], [-120.81979276, 44.43908505]]]}, "properties": {"zone_name": "US-OR-CRO-CRR-1S-M", "level": 1, "fire_name": "Rowe Creek Complex", "county": "Crook", "addresses": 2, "unmatched_addresses": 0, "unmatched_fraction_pct": 0, "geometry_source": "cached", "geometry_cache_age_days": 0, "overlapping_zips": [{"zip": "97754", "fraction_pct": 100.0}]}}, {"type": "Feature", "geometry": {"type": "Polygon", "coordinates": [[[-120.80988459, 44.41478037], [-120.8099784, 44.4146615], [-120.810319, 44.4142572], [-120.8108515, 44.4135982], [-120.811184, 44.4131843], [-120.8118841, 44.4123097], [-120.8121054, 44.4120443], [-120.8122918, 44.4117962], [-120.8127196, 44.4112291], [-120.8129187, 44.4110065], [-120.8133164, 44.4107079], [-120.8135001, 44.4105671], [-120.8136758, 44.4104406], [-120.813826, 44.4103113], [-120.8140621, 44.4100804], [-120.8143531, 44.4097815], [-120.8146079, 44.4094922], [-120.8148325, 44.4092271], [-120.8149539, 44.4090783], [-120.8151282, 44.4088168], [-120.8152771, 44.4085773], [-120.8155507, 44.4079727], [-120.8158913, 44.4072331], [-120.816118, 44.4067225], [-120.8163393, 44.4062358], [-120.8164331, 44.4059828], [-120.8164935, 44.4057673], [-120.8165364, 44.4054942], [-120.8165418, 44.4052288], [-120.8165471, 44.4039823], [-120.8165471, 44.4028997], [-120.8165538, 44.4027406], [-120.8165874, 44.4025758], [-120.8166584, 44.402365], [-120.8167402, 44.4022165], [-120.8169602, 44.4019108], [-120.8171895, 44.4016521], [-120.8173893, 44.4014615], [-120.8176442, 44.401289], [-120.8179137, 44.4011606], [-120.8182047, 44.4010562], [-120.818658, 44.4009354], [-120.8195177, 44.4006825], [-120.8199307, 44.4005359], [-120.8202647, 44.4004056], [-120.8204806, 44.4002935], [-120.8207046, 44.4001603], [-120.8208636, 44.4000225], [-120.8210197, 44.3998757], [-120.82119, 44.3996457], [-120.8212638, 44.3994685], [-120.8213134, 44.3993228], [-120.821355, 44.39909], [-120.8213778, 44.3986147], [-120.8213979, 44.3978577], [-120.8214462, 44.3966743], [-120.8215226, 44.3952973], [-120.8215548, 44.3947588], [-120.8216015, 44.3941781], [-120.8216272, 44.394041], [-120.8216849, 44.3938503], [-120.8217462, 44.3936784], [-120.8218364, 44.3935178], [-120.8220269, 44.3931853], [-120.8222012, 44.3929093], [-120.8226062, 44.3922797], [-120.8227216, 44.3921273], [-120.8228476, 44.3919893], [-120.8230448, 44.3917919], [-120.8233023, 44.3915743], [-120.8236658, 44.3913004], [-120.8241713, 44.3909371], [-120.8246581, 44.3905576], [-120.8248486, 44.3903688], [-120.8250055, 44.3901656], [-120.82520682, 44.38989356], [-120.8252133, 44.3898848], [-120.8255942, 44.389305], [-120.8262447, 44.3883524], [-120.8263975, 44.3881138], [-120.8264874, 44.3878933], [-120.8265424, 44.3877381], [-120.8266161, 44.38747639], [-120.8269541, 44.3859775], [-120.8271392, 44.3851379], [-120.8272609, 44.3843915], [-120.8273739, 44.384007], [-120.8274986, 44.3833859], [-120.8277762, 44.3819319], [-120.8278245, 44.3817498], [-120.8279397, 44.3815207], [-120.8280766, 44.3813165], [-120.828363, 44.380995], [-120.8294685, 44.379942], [-120.8296739, 44.3797724], [-120.8302023, 44.3793679], [-120.8303417, 44.3792692], [-120.8315916, 44.378394], [-120.8319283, 44.3781477], [-120.8321683, 44.3779579], [-120.8323165, 44.3778174], [-120.8324741, 44.3776718], [-120.8333445, 44.3767693], [-120.8340802, 44.3759699], [-120.8344453, 44.3756227], [-120.8348023, 44.3753542], [-120.8352675, 44.375016], [-120.8364206, 44.3741838], [-120.8376829, 44.3732887], [-120.8381496, 44.3729598], [-120.8386955, 44.3725812], [-120.8393767, 44.3721067], [-120.8402042, 44.3715161], [-120.841029, 44.37094], [-120.8413817, 44.3707195], [-120.8416271, 44.370592], [-120.8418109, 44.3705086], [-120.8429568, 44.3700625], [-120.8436294, 44.3698126], [-120.8442691, 44.3695307], [-120.8447524, 44.3692966], [-120.8449611, 44.3691895], [-120.8453119, 44.3689381], [-120.8455847, 44.3687245], [-120.8460112, 44.3682844], [-120.8461976, 44.3680151], [-120.8463505, 44.3677246], [-120.8465356, 44.3672855], [-120.84657045, 44.3671558], [-120.846551, 44.368087], [-120.84657058, 44.37192819], [-120.846563, 44.372737], [-120.846568, 44.372773], [-120.8465805, 44.3728574], [-120.84682746, 44.37327629], [-120.847199, 44.373681], [-120.848405, 44.37486], [-120.85039297, 44.3762015], [-120.8517996, 44.3768437], [-120.85197304, 44.37686716], [-120.853763, 44.3768974], [-120.85501977, 44.37673291], [-120.8563315, 44.3761053], [-120.856591, 44.376009], [-120.85689297, 44.37593285], [-120.85843981, 44.37583024], [-120.86121338, 44.37626957], [-120.861981, 44.376394], [-120.86432281, 44.37725673], [-120.86870473, 44.37730543], [-120.87997431, 44.4083004], [-120.80988459, 44.41478037]]]}, "properties": {"zone_name": "US-OR-CRO-CRR-1S-J", "level": 1, "fire_name": "Rowe Creek Complex", "county": "Crook", "addresses": 25, "unmatched_addresses": 0, "unmatched_fraction_pct": 0, "geometry_source": "cached", "geometry_cache_age_days": 0, "overlapping_zips": [{"zip": "97754", "fraction_pct": 100.0}]}}, {"type": "Feature", "geometry": {"type": "Polygon", "coordinates": [[[-120.8463505, 44.3677246], [-120.8461976, 44.3680151], [-120.8460112, 44.3682844], [-120.8455847, 44.3687245], [-120.8453119, 44.3689381], [-120.8449611, 44.3691895], [-120.8447524, 44.3692966], [-120.8442691, 44.3695307], [-120.8436294, 44.3698126], [-120.8429568, 44.3700625], [-120.8418109, 44.3705086], [-120.8416271, 44.370592], [-120.8413817, 44.3707195], [-120.841029, 44.37094], [-120.8402042, 44.3715161], [-120.8393767, 44.3721067], [-120.8386955, 44.3725812], [-120.8381496, 44.3729598], [-120.8376829, 44.3732887], [-120.8364206, 44.3741838], [-120.8352675, 44.375016], [-120.8348023, 44.3753542], [-120.8344453, 44.3756227], [-120.8340802, 44.3759699], [-120.8333445, 44.3767693], [-120.8324741, 44.3776718], [-120.8323165, 44.3778174], [-120.8321683, 44.3779579], [-120.8319283, 44.3781477], [-120.8315916, 44.378394], [-120.8303417, 44.3792692], [-120.8302023, 44.3793679], [-120.8296739, 44.3797724], [-120.8294685, 44.379942], [-120.828363, 44.380995], [-120.8280766, 44.3813165], [-120.8279397, 44.3815207], [-120.8278245, 44.3817498], [-120.8277762, 44.3819319], [-120.8274986, 44.3833859], [-120.8273739, 44.384007], [-120.8272609, 44.3843915], [-120.82725497, 44.38442788], [-120.82467438, 44.38440668], [-120.81787049, 44.38440668], [-120.80484591, 44.384754], [-120.79570926, 44.3839899], [-120.75702834, 44.37952153], [-120.7752797, 44.36603321], [-120.8314394, 44.36660675], [-120.83249054, 44.36501026], [-120.84650126, 44.36736697], [-120.8463505, 44.3677246]]]}, "properties": {"zone_name": "US-OR-CRO-CRR-4SB-E", "level": 1, "fire_name": "Rowe Creek Complex", "county": "Crook", "addresses": 2, "unmatched_addresses": 0, "unmatched_fraction_pct": 0, "geometry_source": "cached", "geometry_cache_age_days": 0, "overlapping_zips": [{"zip": "97754", "fraction_pct": 100.0}]}}, {"type": "Feature", "geometry": {"type": "Polygon", "coordinates": [[[-120.61414643, 44.30560035], [-120.61403804, 44.30546347], [-120.6127582, 44.30531437], [-120.6105259, 44.30504812], [-120.60937999, 44.30441977], [-120.60932046, 44.30410027], [-120.60957346, 44.30337605], [-120.60937999, 44.30257727], [-120.6087103, 44.30193824], [-120.60743046, 44.30041519], [-120.6065673, 44.29955247], [-120.60632919, 44.29915838], [-120.60600179, 44.2983702], [-120.60564462, 44.29772047], [-120.60493029, 44.29704944], [-120.6039332, 44.29606949], [-120.60271288, 44.29483389], [-120.6019539, 44.29410956], [-120.60074846, 44.29359827], [-120.59934955, 44.29298044], [-120.59833758, 44.29262892], [-120.59748931, 44.29211761], [-120.59696844, 44.29147847], [-120.59661128, 44.29067953], [-120.59632852, 44.29012559], [-120.59539096, 44.28950773], [-120.5945278, 44.28898574], [-120.59375394, 44.28871942], [-120.5931289, 44.28816546], [-120.59256338, 44.28766477], [-120.59155141, 44.28725994], [-120.59031621, 44.28680185], [-120.58870896, 44.28654617], [-120.58805415, 44.28639703], [-120.58690824, 44.28603481], [-120.58582186, 44.28582174], [-120.58460154, 44.28528907], [-120.58284547, 44.2845007], [-120.58062806, 44.28345662], [-120.57881246, 44.28266823], [-120.57684804, 44.28209291], [-120.57549378, 44.28198637], [-120.57448181, 44.28185852], [-120.57379724, 44.28187982], [-120.57245786, 44.28203964], [-120.57110361, 44.28213552], [-120.57029998, 44.28196506], [-120.56966006, 44.28161347], [-120.56881179, 44.28120861], [-120.56702595, 44.28076112], [-120.56553776, 44.28045214], [-120.56366263, 44.28036691], [-120.56271018, 44.2801112], [-120.56177262, 44.27946127], [-120.56019513, 44.27897116], [-120.55907899, 44.27835318], [-120.5580819, 44.27728769], [-120.55709969, 44.27671231], [-120.55498645, 44.27605169], [-120.55259046, 44.27539106], [-120.55084927, 44.27489026], [-120.54943548, 44.27414437], [-120.54860209, 44.27388864], [-120.54754547, 44.2741124], [-120.54571499, 44.2742083], [-120.54383987, 44.27425093], [-120.54202427, 44.27399519], [-120.54065513, 44.27323864], [-120.54000032, 44.27297224], [-120.5389437, 44.27291896], [-120.53752992, 44.27280175], [-120.5363096, 44.27269519], [-120.53553574, 44.27247142], [-120.53379455, 44.27259929], [-120.53178548, 44.27273781], [-120.530208, 44.27303618], [-120.52925555, 44.27322798], [-120.52830311, 44.27350503], [-120.5269042, 44.27322798], [-120.5258327, 44.27305749], [-120.52446356, 44.27328126], [-120.52312419, 44.2731747], [-120.52144253, 44.27303618], [-120.52007339, 44.27319601], [-120.5186596, 44.27351569], [-120.51724581, 44.27366487], [-120.51590644, 44.27360093], [-120.51493911, 44.27397388], [-120.51371879, 44.27402716], [-120.51237942, 44.27428289], [-120.51169485, 44.27426158], [-120.51071264, 44.27400585], [-120.5099983, 44.27384601], [-120.50830176, 44.27396323], [-120.50714097, 44.27409109], [-120.50539978, 44.27436814], [-120.5040604, 44.27486895], [-120.50292938, 44.27544434], [-120.50225416, 44.27570098], [-120.50225709, 44.27568683], [-120.50327143, 44.27263646], [-120.50479295, 44.26936804], [-120.50266283, 44.26685002], [-120.49944925, 44.26585311], [-120.49897014, 44.26548142], [-120.4984378, 44.26437588], [-120.49870397, 44.26282236], [-120.49950421, 44.26094584], [-120.50002956, 44.25967604], [-120.50132649, 44.25890003], [-120.50199959, 44.25827687], [-120.50246019, 44.25624141], [-120.50267361, 44.25431303], [-120.50341237, 44.25245514], [-120.50408749, 44.25111422], [-120.50413685, 44.24966467], [-120.50463043, 44.2491697], [-120.50546951, 44.24779082], [-120.50650602, 44.24543957], [-120.50751785, 44.24386613], [-120.50810011, 44.2427538], [-120.55541053, 44.24218892], [-120.58774107, 44.24964724], [-120.61322192, 44.25553472], [-120.64516527, 44.27393466], [-120.64564449, 44.27630033], [-120.64760532, 44.27925588], [-120.64523168, 44.2827654], [-120.64022639, 44.28450161], [-120.63356987, 44.28516653], [-120.62469452, 44.28753063], [-120.62144366, 44.28782613], [-120.61716079, 44.29000544], [-120.61566436, 44.29912809], [-120.61896682, 44.29912809], [-120.61318752, 44.30341192], [-120.61427719, 44.30552993], [-120.61414643, 44.30560035]]]}, "properties": {"zone_name": "US-OR-CRO-CRR-8S-N", "level": 1, "fire_name": "Rowe Creek Complex", "county": "Crook", "addresses": 2, "unmatched_addresses": 0, "unmatched_fraction_pct": 0.1, "geometry_source": "cached", "geometry_cache_age_days": 0, "overlapping_zips": [{"zip": "97754", "fraction_pct": 99.9}]}}, {"type": "Feature", "geometry": {"type": "Polygon", "coordinates": [[[-120.13802536, 44.33637349], [-120.13913786, 44.33579787], [-120.14038699, 44.33517671], [-120.14118405, 44.33485336], [-120.14409868, 44.33436834], [-120.14954726, 44.33344933], [-120.1500945, 44.33325362], [-120.15130794, 44.33223248], [-120.15187897, 44.33195167], [-120.15318758, 44.33136451], [-120.15473412, 44.330922], [-120.15742272, 44.3301391], [-120.15988528, 44.32981573], [-120.16165786, 44.32948384], [-120.1645487, 44.32904983], [-120.16640454, 44.32878602], [-120.16784402, 44.32824138], [-120.16929538, 44.32803713], [-120.17052072, 44.32789246], [-120.17171037, 44.32776481], [-120.17316173, 44.32777332], [-120.18022823, 44.32810521], [-120.18251235, 44.32816479], [-120.1847013, 44.32818181], [-120.18610508, 44.32815628], [-120.18761593, 44.32810521], [-120.19043539, 44.32786693], [-120.19169642, 44.32776481], [-120.19357606, 44.32762865], [-120.1954557, 44.32739036], [-120.19697845, 44.32716058], [-120.19769223, 44.3270074], [-120.19901274, 44.32670954], [-120.20023808, 44.32682017], [-120.20161807, 44.32682868], [-120.20624579, 44.32681166], [-120.20736406, 44.32689676], [-120.20831577, 44.32691378], [-120.20952921, 44.32691378], [-120.21104006, 44.32687974], [-120.21222971, 44.32682017], [-120.21456141, 44.32665847], [-120.21742846, 44.32639465], [-120.21946276, 44.32624998], [-120.2206762, 44.32616487], [-120.22124723, 44.32622445], [-120.22205618, 44.32664145], [-120.22307928, 44.32719462], [-120.22443548, 44.32784991], [-120.22526823, 44.32796054], [-120.22648167, 44.32793501], [-120.22814717, 44.32798607], [-120.22961044, 44.32799458], [-120.23083577, 44.32790948], [-120.23195404, 44.32790097], [-120.23328644, 44.32754354], [-120.23504712, 44.32698187], [-120.23584418, 44.32661592], [-120.23634383, 44.32580743], [-120.2377833, 44.32344148], [-120.2398295, 44.32379893], [-120.24162586, 44.32420744], [-120.24323188, 44.32489681], [-120.24458808, 44.32544999], [-120.24843064, 44.32706697], [-120.25009614, 44.32770524], [-120.25111924, 44.32786693], [-120.25317732, 44.32798607], [-120.25443835, 44.32841158], [-120.25586592, 44.3290243], [-120.2566154, 44.32907536], [-120.25899469, 44.32889665], [-120.25966089, 44.32909238], [-120.26307518, 44.33068373], [-120.26657274, 44.33230056], [-120.26923755, 44.3335089], [-120.26983237, 44.33395989], [-120.27035581, 44.33518522], [-120.27081977, 44.33698061], [-120.27098632, 44.33768684], [-120.27187856, 44.3392184], [-120.27217597, 44.3397204], [-120.27223545, 44.34029046], [-120.27187856, 44.34131145], [-120.27178339, 44.34245154], [-120.27192615, 44.34440836], [-120.27239011, 44.34570153], [-120.27237821, 44.34571855], [-120.27263555, 44.3492138], [-120.27379991, 44.35030661], [-120.27631056, 44.35113921], [-120.28089522, 44.35215393], [-120.28729919, 44.35366297], [-120.28999177, 44.35407925], [-120.29785119, 44.35381907], [-120.30199922, 44.35392314], [-120.30401184, 44.35430136], [-120.30394025, 44.35472108], [-120.30273911, 44.35541547], [-120.30235577, 44.35574438], [-120.30230466, 44.35713311], [-120.30189576, 44.35771783], [-120.29898236, 44.35866799], [-120.298139, 44.35912479], [-120.29652897, 44.36069615], [-120.29591562, 44.36197514], [-120.29494448, 44.36259635], [-120.29259332, 44.36310793], [-120.2908555, 44.36385703], [-120.28916879, 44.36464265], [-120.28845322, 44.36517248], [-120.28814654, 44.36579366], [-120.28873434, 44.36692638], [-120.28796765, 44.36818696], [-120.28778876, 44.36891772], [-120.28789098, 44.36964847], [-120.2881721, 44.37015999], [-120.28904101, 44.37087246], [-120.28929657, 44.37143878], [-120.28955213, 44.3722791], [-120.28983325, 44.37286367], [-120.29006326, 44.37339343], [-120.28985881, 44.37401452], [-120.28998659, 44.37476347], [-120.29070216, 44.37554895], [-120.29113661, 44.37651708], [-120.29167329, 44.37838024], [-120.2910855, 44.3797319], [-120.29062549, 44.38093741], [-120.28932213, 44.38407893], [-120.28689429, 44.38592358], [-120.28663873, 44.38632538], [-120.2871243, 44.38999622], [-120.28781431, 44.39098237], [-120.28755875, 44.39193199], [-120.28594871, 44.39456161], [-120.28576982, 44.395219], [-120.28668984, 44.3968807], [-120.28781431, 44.39772066], [-120.28814654, 44.39846931], [-120.28812099, 44.40003962], [-120.28750764, 44.40031351], [-120.28674095, 44.40014918], [-120.28622983, 44.40109864], [-120.28622983, 44.40206635], [-120.28481766, 44.4014118], [-120.28294421, 44.40165837], [-120.28042985, 44.40215149], [-120.2785071, 44.40370129], [-120.27811269, 44.40417679], [-120.27813734, 44.40489883], [-120.27806339, 44.40606113], [-120.27623924, 44.40662466], [-120.27357697, 44.40762843], [-120.27190072, 44.4081039], [-120.27049564, 44.40803346], [-120.26867149, 44.40759321], [-120.26623108, 44.40789258], [-120.26443158, 44.40731145], [-120.2634209, 44.40720579], [-120.26154746, 44.4070473], [-120.25898379, 44.40556804], [-120.25639547, 44.40551521], [-120.25400436, 44.40447617], [-120.25306764, 44.40428245], [-120.2498877, 44.40363085], [-120.24845797, 44.40331385], [-120.2459436, 44.40278551], [-120.24328133, 44.40232761], [-120.24056976, 44.40241567], [-120.23906607, 44.40259178], [-120.23766098, 44.40278551], [-120.23443175, 44.40430007], [-120.23314992, 44.40474034], [-120.22898396, 44.40526866], [-120.22218038, 44.40588503], [-120.2188772, 44.40625484], [-120.21715165, 44.40708252], [-120.21646143, 44.40711774], [-120.21034807, 44.40607874], [-120.2035938, 44.404846], [-120.19543444, 44.40336668], [-120.19427586, 44.40306729], [-120.1922545, 44.40215149], [-120.18845831, 44.40026703], [-120.18648625, 44.39926313], [-120.18513047, 44.39910461], [-120.18288726, 44.39901655], [-120.18098916, 44.39891088], [-120.17946082, 44.39854101], [-120.1785734, 44.39896371], [-120.17598508, 44.4003727], [-120.17401303, 44.4002318], [-120.17241074, 44.4000909], [-120.17009358, 44.39921029], [-120.16836803, 44.39857624], [-120.16757921, 44.39847056], [-120.16565646, 44.39921029], [-120.16422673, 44.39970344], [-120.16329, 44.39956254], [-120.16215607, 44.39947448], [-120.16038123, 44.39996762], [-120.16008542, 44.4003727], [-120.16011007, 44.40132374], [-120.16018402, 44.40222194], [-120.15988821, 44.40280312], [-120.15838452, 44.40410634], [-120.15786686, 44.40466989], [-120.15688083, 44.40507494], [-120.15579621, 44.40555043], [-120.15461298, 44.40611396], [-120.15416926, 44.40673032], [-120.15421857, 44.40752277], [-120.15421857, 44.40868502], [-120.15424322, 44.41004094], [-120.1537502, 44.41137922], [-120.15301068, 44.41222444], [-120.15187675, 44.4127703], [-120.15172885, 44.41329855], [-120.15182745, 44.41419656], [-120.15232047, 44.41491848], [-120.15269023, 44.41572843], [-120.15246837, 44.41650316], [-120.15224651, 44.41752437], [-120.15172885, 44.41900333], [-120.15113724, 44.42101044], [-120.15084143, 44.42199636], [-120.15118654, 44.42285902], [-120.15071817, 44.42321113], [-120.14997866, 44.42347521], [-120.14849962, 44.42305268], [-120.14655222, 44.42407378], [-120.14527038, 44.42417941], [-120.14453086, 44.42456672], [-120.14419495, 44.4251836], [-120.14173373, 44.42388843], [-120.144366, 44.41860093], [-120.13811437, 44.41672081], [-120.13737404, 44.41390053], [-120.13284983, 44.40931728], [-120.13457726, 44.40590898], [-120.13169822, 44.4007374], [-120.13161596, 44.39679964], [-120.12635143, 44.38968749], [-120.13211366, 44.38279987], [-120.13931437, 44.37547593], [-120.14263778, 44.36882421], [-120.14285631, 44.36590886], [-120.14232986, 44.36218949], [-120.14214406, 44.35990904], [-120.14003826, 44.35683141], [-120.13941891, 44.35408576], [-120.13883052, 44.3533329], [-120.13557892, 44.34407633], [-120.13802536, 44.33727691], [-120.13802536, 44.33637349]]]}, "properties": {"zone_name": "US-OR-CRO-CRR-8S-G", "level": 1, "fire_name": "Rowe Creek Complex", "county": "Crook", "addresses": 1, "unmatched_addresses": 1, "unmatched_fraction_pct": 85.0, "geometry_source": "cached", "geometry_cache_age_days": 0, "overlapping_zips": [{"zip": "97754", "fraction_pct": 15.0}]}}, {"type": "Feature", "geometry": {"type": "Polygon", "coordinates": [[[-120.66026523, 44.31400684], [-120.65674423, 44.31301951], [-120.65859319, 44.31245824], [-120.65990636, 44.31245824], [-120.66010333, 44.31057896], [-120.6645681, 44.30893455], [-120.66680048, 44.30841772], [-120.66831062, 44.30855867], [-120.66922984, 44.30794787], [-120.66909852, 44.30677324], [-120.6700834, 44.30451788], [-120.67316934, 44.30357812], [-120.67618962, 44.30386005], [-120.67953819, 44.30508173], [-120.6823615, 44.30503474], [-120.68459388, 44.30353114], [-120.68479086, 44.30165157], [-120.68413427, 44.30061779], [-120.68695758, 44.29911406], [-120.68873036, 44.2969524], [-120.68669495, 44.29483765], [-120.68827075, 44.29366275], [-120.69221025, 44.29338077], [-120.69628106, 44.29417971], [-120.69811949, 44.29408572], [-120.6970033, 44.29192387], [-120.69765989, 44.28994993], [-120.70626112, 44.28957394], [-120.70947838, 44.28868094], [-120.71249866, 44.28994993], [-120.71249866, 44.29380374], [-120.71571592, 44.2930988], [-120.72412018, 44.29460267], [-120.72615559, 44.29328678], [-120.72585852, 44.29715659], [-120.72621318, 44.29708651], [-120.72615833, 44.29746926], [-120.72526024, 44.29976649], [-120.725024, 44.2997164], [-120.724715, 44.2996693], [-120.7243533, 44.2996425], [-120.7240565, 44.2996367], [-120.723738, 44.2996588], [-120.7234283, 44.2996981], [-120.7230531, 44.2997713], [-120.7227246, 44.2998582], [-120.7223889, 44.2999707], [-120.7218066, 44.3002049], [-120.7211566, 44.3004995], [-120.7209539, 44.3005924], [-120.7191864, 44.3014016], [-120.7185699, 44.3016769], [-120.7179238, 44.3019237], [-120.717346, 44.3021134], [-120.7169485, 44.3022236], [-120.716545, 44.3023222], [-120.7162539, 44.3023807], [-120.7158013, 44.3024547], [-120.71509, 44.3025402], [-120.7146529, 44.3025745], [-120.713616, 44.3026053], [-120.712557, 44.3026149], [-120.712073, 44.3026244], [-120.7113983, 44.302675], [-120.710933, 44.302744], [-120.7104293, 44.3028572], [-120.7100178, 44.3029885], [-120.7096609, 44.3031368], [-120.7091811, 44.3033853], [-120.7087541, 44.3036628], [-120.7074845, 44.3047389], [-120.7072914, 44.3048886], [-120.7070942, 44.3050416], [-120.7067493, 44.3052827], [-120.7062221, 44.3055855], [-120.7059672, 44.3057095], [-120.7057052, 44.3058217], [-120.705214, 44.30599], [-120.7039308, 44.3062998], [-120.7036365, 44.3063653], [-120.7031979, 44.3064635], [-120.7026076, 44.3065791], [-120.7015115, 44.3068061], [-120.7007229, 44.3069755], [-120.7000988, 44.3071136], [-120.6997367, 44.3071976], [-120.6994146, 44.3072739], [-120.6990713, 44.3073608], [-120.6983487, 44.3075689], [-120.6979845, 44.3077177], [-120.6975824, 44.3078847], [-120.6970931, 44.3081113], [-120.6967759, 44.3082825], [-120.6960898, 44.3087397], [-120.6953915, 44.3092293], [-120.6945692, 44.309815], [-120.6940726, 44.3101095], [-120.6938722, 44.3102311], [-120.6932122, 44.3105365], [-120.6928533, 44.3106724], [-120.6925918, 44.3107544], [-120.6923303, 44.3108216], [-120.6920645, 44.3108828], [-120.6917056, 44.3109634], [-120.6908365, 44.3110604], [-120.6902967, 44.3111058], [-120.6899534, 44.3111368], [-120.6887006, 44.3112355], [-120.687989, 44.3113067], [-120.6874756, 44.3113594], [-120.6870089, 44.3114418], [-120.6866565, 44.3115178], [-120.6862077, 44.3116398], [-120.6858394, 44.3117664], [-120.6854788, 44.3119072], [-120.6850113, 44.3121213], [-120.6843842, 44.3124182], [-120.6838946, 44.3126578], [-120.6835969, 44.3127989], [-120.6832952, 44.3129286], [-120.6829292, 44.3130772], [-120.6825803, 44.3132047], [-120.6822372, 44.3133045], [-120.6818459, 44.3133997], [-120.6810478, 44.3135358], [-120.6803081, 44.3136308], [-120.6787817, 44.3138399], [-120.6782484, 44.3139416], [-120.6778122, 44.3140365], [-120.6768368, 44.3142651], [-120.6759369, 44.3145308], [-120.6741806, 44.3151218], [-120.6734854, 44.3153595], [-120.6725725, 44.315669], [-120.6692252, 44.3168198], [-120.6678632, 44.3172986], [-120.6672574, 44.3175056], [-120.6667873, 44.3176617], [-120.6665848, 44.31771994], [-120.66458123, 44.31545937], [-120.66464548, 44.31544013], [-120.66026523, 44.31400684]]]}, "properties": {"zone_name": "US-OR-CRO-CRR-8S-F", "level": 1, "fire_name": "Rowe Creek Complex", "county": "Crook", "addresses": 53, "unmatched_addresses": 0, "unmatched_fraction_pct": 0, "geometry_source": "cached", "geometry_cache_age_days": 0, "overlapping_zips": [{"zip": "97754", "fraction_pct": 100.0}]}}, {"type": "Feature", "geometry": {"type": "Polygon", "coordinates": [[[-120.75791187, 44.562489], [-120.75782064, 44.5624885], [-120.75754794, 44.56248701], [-120.75129699, 44.56244807], [-120.74741564, 44.56247731], [-120.74995012, 44.44821495], [-120.7504186, 44.4479644], [-120.7506949, 44.4478342], [-120.7511039, 44.4476983], [-120.7515626, 44.4475231], [-120.7525738, 44.4470319], [-120.7532591, 44.4466729], [-120.7538344, 44.4463541], [-120.7542112, 44.4461569], [-120.754395, 44.4460199], [-120.7545814, 44.4458821], [-120.7549046, 44.4455901], [-120.7551688, 44.4454062], [-120.7553659, 44.4452712], [-120.7556637, 44.4451085], [-120.7563275, 44.4447896], [-120.75738701, 44.4442448], [-120.7583231, 44.4437594], [-120.758708, 44.4435526], [-120.7589453, 44.4434214], [-120.7591411, 44.4432845], [-120.7593289, 44.4431227], [-120.7595743, 44.4428862], [-120.7599244, 44.4425042], [-120.7601376, 44.4422811], [-120.7606097, 44.4418981], [-120.7609785, 44.441629], [-120.7613446, 44.4413781], [-120.7615592, 44.4412498], [-120.7617416, 44.4411627], [-120.7619897, 44.4410727], [-120.7622512, 44.4409942], [-120.7624872, 44.4409386], [-120.7628144, 44.4408726], [-120.7631832, 44.4407998], [-120.7633723, 44.44075], [-120.7635762, 44.4406839], [-120.7637519, 44.4405949], [-120.7639302, 44.4404838], [-120.7641569, 44.4403392], [-120.7643825, 44.4402053], [-120.764995, 44.4399298], [-120.7662356, 44.4394286], [-120.7666875, 44.4392486], [-120.7671073, 44.4390983], [-120.768266, 44.4387306], [-120.7697842, 44.4382384], [-120.7701167, 44.4381168], [-120.7703675, 44.4380153], [-120.7706317, 44.4378812], [-120.7709992, 44.437638], [-120.771541, 44.4372406], [-120.7719688, 44.4368978], [-120.7722572, 44.4366938], [-120.7724623, 44.436599], [-120.7730846, 44.4363309], [-120.7742044, 44.435878], [-120.7747637, 44.435652], [-120.7753176, 44.4354633], [-120.7757132, 44.4353637], [-120.7761517, 44.4352632], [-120.7765031, 44.4351598], [-120.777175, 44.4349357], [-120.7775532, 44.4348294], [-120.7777423, 44.4347959], [-120.7779139, 44.4347739], [-120.7786019, 44.4347356], [-120.7789429, 44.434723], [-120.7791397, 44.4347231], [-120.7794844, 44.4346867], [-120.7800074, 44.4345814], [-120.7821397, 44.4340987], [-120.782425, 44.4340204], [-120.782724, 44.433924], [-120.7835801, 44.4336477], [-120.78453361, 44.433347], [-120.7856601, 44.4330233], [-120.7863605, 44.4328185], [-120.7866646, 44.4327159], [-120.7869597, 44.4325933], [-120.7872453, 44.4324487], [-120.7874277, 44.4323463], [-120.7880124, 44.4320149], [-120.7886763, 44.4316251], [-120.7890894, 44.4313857], [-120.7894059, 44.4312315], [-120.7898779, 44.431041], [-120.7906169, 44.4307517], [-120.7911359, 44.4305334], [-120.7913464, 44.4304185], [-120.7915162, 44.4303182], [-120.7918789, 44.4300239], [-120.792359, 44.4296217], [-120.7929316, 44.4291237], [-120.7934479, 44.4286946], [-120.7942177, 44.4280472], [-120.7944122, 44.4279093], [-120.7949258, 44.427621], [-120.796169, 44.4269745], [-120.7966518, 44.4267255], [-120.7970475, 44.4264736], [-120.7974941, 44.4261537], [-120.7978615, 44.4258597], [-120.7987555, 44.4251829], [-120.7995754, 44.4245319], [-120.799896, 44.4242669], [-120.8001414, 44.424017], [-120.8003133, 44.4238017], [-120.8004794, 44.4235792], [-120.8005933, 44.4233513], [-120.8007932, 44.4228197], [-120.8010279, 44.4222364], [-120.8012746, 44.4215966], [-120.8014731, 44.4212383], [-120.8016609, 44.4209807], [-120.8018517, 44.4207307], [-120.8021101, 44.4204424], [-120.8022898, 44.4202613], [-120.8025544, 44.4200427], [-120.8028424, 44.4198217], [-120.8032621, 44.4195343], [-120.8036108, 44.4193274], [-120.803981, 44.4191397], [-120.8045979, 44.4188514], [-120.8053999, 44.4184395], [-120.8057874, 44.4182412], [-120.8065197, 44.4178523], [-120.806812, 44.4176674], [-120.8070467, 44.41745], [-120.807268, 44.4172182], [-120.8077723, 44.4166473], [-120.80804, 44.4163363], [-120.808353, 44.415971], [-120.8085689, 44.4157679], [-120.8087043, 44.4156683], [-120.8089122, 44.4155418], [-120.8090584, 44.4154623], [-120.8094433, 44.4152209], [-120.80947444, 44.4151958], [-120.80946668, 44.4154395], [-120.80953489, 44.41598759], [-120.81134236, 44.42015286], [-120.81216084, 44.42116368], [-120.81364433, 44.42268597], [-120.81466743, 44.42358715], [-120.81673067, 44.42353844], [-120.81770262, 44.42370893], [-120.81821417, 44.42429347], [-120.81818006, 44.42499979], [-120.81835058, 44.42657069], [-120.81889623, 44.42896958], [-120.81959535, 44.43015073], [-120.82037972, 44.43261036], [-120.8207037, 44.43487508], [-120.82073781, 44.4361048], [-120.82073781, 44.43766323], [-120.82041383, 44.43853983], [-120.81937368, 44.43945294], [-120.81792429, 44.44060953], [-120.81685004, 44.44098693], [-120.81632144, 44.4415226], [-120.81609976, 44.44225306], [-120.81609976, 44.44320263], [-120.81565642, 44.44395741], [-120.8148891, 44.44484608], [-120.81440963, 44.44574778], [-120.81345474, 44.44769548], [-120.81297729, 44.44883973], [-120.81195419, 44.45042217], [-120.81120392, 44.4514203], [-120.81091404, 44.45191936], [-120.81048775, 44.45254013], [-120.809908, 44.45302701], [-120.80953286, 44.45412247], [-120.80864618, 44.45552219], [-120.80823694, 44.45627681], [-120.80808348, 44.45684885], [-120.80755488, 44.45771299], [-120.80683871, 44.45865014], [-120.806276, 44.4589179], [-120.80559394, 44.45919782], [-120.80496303, 44.4594534], [-120.80440033, 44.46030533], [-120.80376942, 44.4616684], [-120.80313851, 44.46214303], [-120.80237118, 44.46278803], [-120.80175732, 44.46377378], [-120.80185963, 44.46452829], [-120.80131398, 44.46475951], [-120.80083654, 44.46511242], [-120.8004273, 44.46573306], [-120.79998396, 44.46652405], [-120.79923368, 44.46746106], [-120.79829584, 44.46836155], [-120.79809123, 44.46866577], [-120.7978184, 44.46933504], [-120.7973239, 44.47032067], [-120.79664184, 44.47094125], [-120.79544822, 44.47163483], [-120.79488552, 44.47187819], [-120.79370896, 44.4719147], [-120.79282227, 44.47184169], [-120.79231073, 44.47182952], [-120.79132173, 44.4716835], [-120.79096365, 44.47172001], [-120.79040094, 44.47193903], [-120.78983824, 44.47224323], [-120.78937785, 44.47237708], [-120.78823539, 44.47265694], [-120.78743396, 44.47271777], [-120.78644497, 44.4734235], [-120.78586521, 44.47367902], [-120.78489327, 44.47365468], [-120.78433057, 44.47372769], [-120.78322221, 44.47420222], [-120.78269361, 44.47454291], [-120.78129538, 44.47513911], [-120.78063036, 44.47556496], [-120.77950496, 44.4756623], [-120.77861827, 44.47554063], [-120.77814083, 44.47551629], [-120.77713478, 44.47617332], [-120.7762822, 44.47644099], [-120.77565129, 44.47690334], [-120.77551488, 44.47717101], [-120.77582181, 44.47782801], [-120.77573655, 44.47843634], [-120.7757195, 44.47920283], [-120.77633336, 44.47999364], [-120.77652092, 44.48065062], [-120.7767767, 44.4810886], [-120.77631281, 44.48260666], [-120.77686671, 44.48316651], [-120.77707442, 44.4839404], [-120.77691287, 44.48464842], [-120.77647436, 44.48522471], [-120.77619742, 44.48550462], [-120.77672823, 44.48619616], [-120.77688979, 44.48670658], [-120.77626665, 44.48761214], [-120.77605894, 44.48817194], [-120.77545888, 44.48836951], [-120.77525117, 44.48889637], [-120.77437417, 44.48909394], [-120.77342792, 44.48886344], [-120.77181239, 44.48815547], [-120.77123541, 44.48820487], [-120.77077383, 44.48887991], [-120.76876594, 44.49013118], [-120.76869671, 44.49065803], [-120.76961987, 44.49102023], [-120.77033532, 44.49159646], [-120.77081998, 44.49243609], [-120.77054303, 44.49279828], [-120.76918137, 44.49372022], [-120.76851207, 44.49437873], [-120.76814281, 44.49561343], [-120.76814281, 44.49607437], [-120.76846592, 44.49661763], [-120.76821205, 44.49727611], [-120.76788894, 44.49814858], [-120.76691015, 44.4990358], [-120.76597457, 44.49965178], [-120.76525489, 44.50026775], [-120.76356365, 44.50098638], [-120.7634557, 44.50198731], [-120.76287995, 44.50216696], [-120.76201634, 44.50262892], [-120.76176445, 44.50334752], [-120.76187241, 44.50419443], [-120.76194437, 44.50542627], [-120.7616565, 44.50606785], [-120.76115273, 44.50771025], [-120.76072092, 44.5086854], [-120.76074241, 44.50965221], [-120.76167799, 44.51065299], [-120.76178595, 44.51155112], [-120.76153406, 44.51219262], [-120.76131816, 44.51327034], [-120.76023864, 44.51419408], [-120.76002273, 44.51463029], [-120.75998675, 44.51550269], [-120.76056249, 44.51632377], [-120.76218177, 44.51755535], [-120.76246964, 44.51840206], [-120.76203783, 44.51901783], [-120.76203783, 44.51958229], [-120.76498852, 44.52135259], [-120.76552827, 44.52209661], [-120.76599607, 44.52286628], [-120.76876683, 44.52420035], [-120.7710698, 44.52481607], [-120.77153759, 44.52520088], [-120.76988592, 44.52674301], [-120.76986524, 44.52700834], [-120.7705062, 44.52739159], [-120.77095074, 44.5276348], [-120.77111615, 44.5278338], [-120.77093006, 44.5279812], [-120.77040282, 44.52799594], [-120.77007201, 44.52825389], [-120.76928631, 44.52858554], [-120.76843859, 44.5287919], [-120.7676529, 44.52920462], [-120.76686721, 44.52975736], [-120.76604017, 44.53026588], [-120.765668, 44.53032484], [-120.76517177, 44.53030273], [-120.76490298, 44.53068596], [-120.76469622, 44.53092916], [-120.76510974, 44.53115025], [-120.76554394, 44.53131238], [-120.76593678, 44.53133449], [-120.76650538, 44.53156295], [-120.76737377, 44.53181352], [-120.76785966, 44.53197565], [-120.76812845, 44.53235886], [-120.76825251, 44.53266838], [-120.76857299, 44.53294842], [-120.76818014, 44.5338917], [-120.76772527, 44.5343486], [-120.76744614, 44.53459179], [-120.76705329, 44.53465811], [-120.76673281, 44.53476128], [-120.76639166, 44.53489393], [-120.76601949, 44.53503394], [-120.76581273, 44.53520343], [-120.76524414, 44.53560136], [-120.76457216, 44.53598456], [-120.76403458, 44.53628669], [-120.76369343, 44.53658145], [-120.76353836, 44.53694253], [-120.76345565, 44.53722992], [-120.76330058, 44.53748783], [-120.76296976, 44.53790785], [-120.762763, 44.53848262], [-120.76260793, 44.5390058], [-120.76234948, 44.53936686], [-120.76230813, 44.53965424], [-120.76233914, 44.5398753], [-120.76219441, 44.54075215], [-120.76198765, 44.54149636], [-120.76231847, 44.54180583], [-120.76255624, 44.54267529], [-120.7629801, 44.54310264], [-120.76378647, 44.54337526], [-120.76413796, 44.54356683], [-120.76457216, 44.54413418], [-120.76520278, 44.5446131], [-120.765668, 44.54487098], [-120.76609186, 44.54533515], [-120.76619524, 44.54586564], [-120.76639166, 44.54636665], [-120.76649504, 44.54683818], [-120.76633997, 44.54725077], [-120.766402, 44.54745707], [-120.76686721, 44.54761915], [-120.76745648, 44.54786965], [-120.76815947, 44.54784755], [-120.76867637, 44.5477444], [-120.76911057, 44.54737602], [-120.7695551, 44.54713289], [-120.76975153, 44.54719183], [-120.76995829, 44.54755284], [-120.77002032, 44.54792122], [-120.76987558, 44.54812015], [-120.76971017, 44.54830434], [-120.76969984, 44.5485843], [-120.76981355, 44.54904845], [-120.77013403, 44.54935788], [-120.7702064, 44.54980729], [-120.77053722, 44.55028616], [-120.77130223, 44.55047771], [-120.77190184, 44.55066926], [-120.77264618, 44.5508166], [-120.77311139, 44.55088291], [-120.77343187, 44.55101552], [-120.77385573, 44.55112602], [-120.77435196, 44.55084607], [-120.77465176, 44.55108182], [-120.77465176, 44.55130283], [-120.77434162, 44.55157542], [-120.77416587, 44.55174486], [-120.77426925, 44.55197324], [-120.77469311, 44.55200271], [-120.77513765, 44.55195851], [-120.77534441, 44.55179643], [-120.77567523, 44.55133967], [-120.77587165, 44.55125863], [-120.77625416, 44.55149438], [-120.77664701, 44.55171539], [-120.77674005, 44.55201007], [-120.77662633, 44.55217952], [-120.77649194, 44.55259943], [-120.77644025, 44.55301935], [-120.77614455, 44.55311563], [-120.77512366, 44.55354404], [-120.7740801, 44.55423109], [-120.77354697, 44.55462715], [-120.7730819, 44.55558093], [-120.77291175, 44.55577492], [-120.77268489, 44.55634071], [-120.77220848, 44.55684183], [-120.77165267, 44.5571813], [-120.77109685, 44.55743994], [-120.77056373, 44.55765008], [-120.7701894, 44.55798146], [-120.76975837, 44.55816736], [-120.76957688, 44.55864422], [-120.76947479, 44.5589271], [-120.76905894, 44.55907244], [-120.76834278, 44.55916964], [-120.76696159, 44.55921823], [-120.76585324, 44.55927898], [-120.76510297, 44.55950983], [-120.76411397, 44.55980142], [-120.76353422, 44.55989861], [-120.7622383, 44.56002011], [-120.76094237, 44.56011731], [-120.76060134, 44.5602631], [-120.75971466, 44.56082197], [-120.75879387, 44.56141729], [-120.75828232, 44.56176962], [-120.75801121, 44.56224522], [-120.75791187, 44.562489]]]}, "properties": {"zone_name": "US-OR-CRO-CRR-1S-K", "level": 1, "fire_name": "Rowe Creek Complex", "county": "Crook", "addresses": 33, "unmatched_addresses": 8, "unmatched_fraction_pct": 25.1, "geometry_source": "cached", "geometry_cache_age_days": 0, "overlapping_zips": [{"zip": "97754", "fraction_pct": 74.9}]}}, {"type": "Feature", "geometry": {"type": "Polygon", "coordinates": [[[-120.34921881, 44.34997472], [-120.34900773, 44.34976628], [-120.34814054, 44.34996471], [-120.34805818, 44.3507709], [-120.34802598, 44.35111632], [-120.34741412, 44.35153081], [-120.34665734, 44.35172655], [-120.34564293, 44.35172655], [-120.34524039, 44.35158838], [-120.34467683, 44.35131205], [-120.34412937, 44.35133508], [-120.34353361, 44.35149627], [-120.34311497, 44.35181866], [-120.34277683, 44.3518532], [-120.34180119, 44.35206118], [-120.34146305, 44.35261383], [-120.34106051, 44.35282107], [-120.34040034, 44.35283258], [-120.3399495, 44.35225691], [-120.33943424, 44.35146246], [-120.33856475, 44.35086375], [-120.33740543, 44.35019594], [-120.33648764, 44.34973538], [-120.33577916, 44.349839], [-120.3351512, 44.34982749], [-120.33450713, 44.34960872], [-120.33383086, 44.34962024], [-120.3332512, 44.34994263], [-120.33263934, 44.35002323], [-120.33204357, 44.34973538], [-120.33074433, 44.34853729], [-120.32921611, 44.34856331], [-120.32783343, 44.34877147], [-120.32663269, 44.34905768], [-120.32532278, 44.34903166], [-120.32434036, 44.35012448], [-120.32383095, 44.35077495], [-120.32139307, 44.35113921], [-120.32015594, 44.35095708], [-120.31902797, 44.3513994], [-120.31826386, 44.35147745], [-120.31669925, 44.35137338], [-120.31506187, 44.35137338], [-120.31407944, 44.3516856], [-120.31349727, 44.35251818], [-120.31280593, 44.35270031], [-120.31200543, 44.35191977], [-120.31138686, 44.35103514], [-120.31022251, 44.35100912], [-120.30978587, 44.35147745], [-120.31011335, 44.35251818], [-120.31007696, 44.35374102], [-120.3094584, 44.35459959], [-120.30767547, 44.35498985], [-120.30199922, 44.35392314], [-120.29785119, 44.35381907], [-120.28999177, 44.35407925], [-120.28729919, 44.35366297], [-120.28089522, 44.35215393], [-120.27631056, 44.35113921], [-120.27379991, 44.35030661], [-120.27263555, 44.3492138], [-120.27237821, 44.34571855], [-120.27239011, 44.34570153], [-120.27192615, 44.34440836], [-120.27178339, 44.34245154], [-120.27187856, 44.34131145], [-120.27223545, 44.34029046], [-120.27217597, 44.3397204], [-120.27187856, 44.3392184], [-120.27098632, 44.33768684], [-120.27081977, 44.33698061], [-120.27035581, 44.33518522], [-120.26983237, 44.33395989], [-120.26923755, 44.3335089], [-120.26657274, 44.33230056], [-120.26307518, 44.33068373], [-120.25966089, 44.32909238], [-120.25899469, 44.32889665], [-120.2566154, 44.32907536], [-120.25586592, 44.3290243], [-120.25443835, 44.32841158], [-120.25317732, 44.32798607], [-120.25111924, 44.32786693], [-120.25009614, 44.32770524], [-120.24843064, 44.32706697], [-120.24458808, 44.32544999], [-120.24323188, 44.32489681], [-120.24162586, 44.32420744], [-120.2398295, 44.32379893], [-120.23797892, 44.32347565], [-120.23788293, 44.32304991], [-120.23846936, 44.32191115], [-120.2396841, 44.31993327], [-120.24131771, 44.31717611], [-120.24156904, 44.31633695], [-120.24094072, 44.31196112], [-120.23997731, 44.30578645], [-120.239349, 44.3033284], [-120.23997731, 44.2995212], [-120.24089884, 44.29652324], [-120.24131771, 44.29463444], [-120.24131771, 44.29304541], [-120.24064751, 44.29157626], [-120.23947466, 44.29073673], [-120.23872068, 44.28947742], [-120.23805048, 44.28806815], [-120.23817614, 44.28608913], [-120.23859502, 44.28497965], [-120.23846936, 44.28372021], [-120.23880446, 44.28222084], [-120.23980976, 44.28114127], [-120.2416947, 44.28021163], [-120.24320265, 44.27961185], [-120.24492004, 44.279192], [-120.24701442, 44.27856223], [-120.24885748, 44.2783523], [-120.25116129, 44.2774526], [-120.25212471, 44.27604305], [-120.25380021, 44.27355375], [-120.25472174, 44.2729839], [-120.25723499, 44.27229407], [-120.25891049, 44.27193416], [-120.26016712, 44.27073443], [-120.26184262, 44.26902477], [-120.26657592, 44.2663252], [-120.26787444, 44.26530534], [-120.26954994, 44.26512536], [-120.27072279, 44.26443544], [-120.27156054, 44.2638355], [-120.2730685, 44.26347553], [-120.27411568, 44.2627256], [-120.27520476, 44.26209564], [-120.27566553, 44.25990575], [-120.27692215, 44.25873577], [-120.27817878, 44.25828577], [-120.27884898, 44.25777577], [-120.28002183, 44.25624574], [-120.28094336, 44.25582573], [-120.28362416, 44.2551657], [-120.28668196, 44.2552257], [-120.28848312, 44.2551357], [-120.29015863, 44.25462567], [-120.29225301, 44.25378561], [-120.29401228, 44.2536056], [-120.29510136, 44.25390562], [-120.29836859, 44.25624574], [-120.29979277, 44.25720577], [-120.30247357, 44.25792577], [-120.30557326, 44.25870577], [-120.31219149, 44.25933576], [-120.31864218, 44.25996575], [-120.31853352, 44.25985718], [-120.32117691, 44.26018532], [-120.32492905, 44.26301771], [-120.32705864, 44.26356238], [-120.33091219, 44.26472433], [-120.33192628, 44.26545054], [-120.33294037, 44.26672139], [-120.33512067, 44.26744757], [-120.33775731, 44.26770174], [-120.3388221, 44.26853683], [-120.34044465, 44.26940823], [-120.34343622, 44.27031592], [-120.3443489, 44.27136882], [-120.34521088, 44.27107836], [-120.34718836, 44.27035222], [-120.34911513, 44.27089683], [-120.35139684, 44.27140512], [-120.35134614, 44.27340195], [-120.35063627, 44.27412805], [-120.3509405, 44.27536241], [-120.352056, 44.27597957], [-120.35286727, 44.27674195], [-120.35372925, 44.27699607], [-120.35489546, 44.2773228], [-120.35509827, 44.27986394], [-120.35753209, 44.28131598], [-120.35854619, 44.28084407], [-120.35935746, 44.28109818], [-120.3598138, 44.28189678], [-120.36062507, 44.28167898], [-120.36062507, 44.27931942], [-120.36179128, 44.27815776], [-120.3642251, 44.27801255], [-120.36584765, 44.27714128], [-120.36625328, 44.27841187], [-120.36615187, 44.28022696], [-120.36623974, 44.28022982], [-120.36628093, 44.28104073], [-120.36778212, 44.28220811], [-120.36791153, 44.28393134], [-120.36848095, 44.28415369], [-120.37024097, 44.28241193], [-120.37135392, 44.28319017], [-120.37259629, 44.28428339], [-120.37373513, 44.28315311], [-120.37471867, 44.28319017], [-120.37821283, 44.28296782], [-120.37924813, 44.28339399], [-120.38030932, 44.28337546], [-120.38139639, 44.28491337], [-120.38261287, 44.28717384], [-120.38222463, 44.28815582], [-120.38222463, 44.28863754], [-120.38398465, 44.28911925], [-120.38564114, 44.2887487], [-120.38619878, 44.28877365], [-120.34921881, 44.34997472]]]}, "properties": {"zone_name": "US-OR-CRO-CRR-8S-Q", "level": 1, "fire_name": "Rowe Creek Complex", "county": "Crook", "addresses": 1, "unmatched_addresses": 0, "unmatched_fraction_pct": 39.4, "geometry_source": "cached", "geometry_cache_age_days": 0, "overlapping_zips": [{"zip": "97754", "fraction_pct": 60.6}]}}, {"type": "Feature", "geometry": {"type": "Polygon", "coordinates": [[[-120.11752019, 44.48172079], [-120.11756279, 44.48156616], [-120.11754346, 44.48134584], [-120.11715064, 44.48039503], [-120.11702048, 44.47996003], [-120.11700167, 44.47966233], [-120.11712873, 44.47930857], [-120.11714212, 44.47916872], [-120.11687228, 44.47848323], [-120.11683221, 44.47825689], [-120.11686449, 44.47777779], [-120.11684926, 44.47756642], [-120.11681685, 44.47743806], [-120.11672287, 44.47706595], [-120.11670604, 44.47659443], [-120.11710544, 44.47503852], [-120.11721679, 44.47479603], [-120.11736468, 44.47459713], [-120.11741812, 44.47452526], [-120.11787078, 44.47396247], [-120.11789673, 44.4739304], [-120.11881628, 44.47279415], [-120.11936877, 44.4722174], [-120.12034264, 44.47127775], [-120.12048331, 44.47112464], [-120.12114371, 44.47026346], [-120.1212727, 44.47006579], [-120.12138562, 44.46988329], [-120.12146929, 44.4696988], [-120.12151287, 44.46954465], [-120.12154339, 44.46935235], [-120.12153943, 44.46909256], [-120.12153122, 44.46780672], [-120.12163689, 44.46690225], [-120.12155301, 44.46574712], [-120.12155035, 44.46551793], [-120.1215342, 44.46480948], [-120.12150626, 44.46463378], [-120.12144489, 44.46448476], [-120.12111156, 44.46397765], [-120.12107087, 44.46389536], [-120.12107185, 44.46343962], [-120.12106069, 44.46331671], [-120.12100054, 44.46305792], [-120.12100968, 44.46257649], [-120.12102254, 44.46244081], [-120.12111721, 44.46230254], [-120.12112586, 44.46219875], [-120.12114026, 44.46203212], [-120.1210893, 44.46168907], [-120.12107972, 44.46164225], [-120.12087667, 44.46065018], [-120.12089826, 44.46040024], [-120.12096043, 44.46004566], [-120.12097899, 44.45975046], [-120.12094677, 44.45959319], [-120.12085204, 44.45933571], [-120.12059846, 44.45896579], [-120.12041632, 44.45885802], [-120.12019421, 44.45875965], [-120.12001197, 44.45866617], [-120.11986308, 44.45855614], [-120.11978077, 44.45843442], [-120.11957376, 44.45806227], [-120.11947203, 44.45785953], [-120.11944962, 44.45772849], [-120.11942763, 44.45745589], [-120.11940044, 44.45711876], [-120.11940484, 44.45695447], [-120.11945236, 44.456807], [-120.11954961, 44.45667875], [-120.1196533, 44.45658386], [-120.12015788, 44.45619029], [-120.12060637, 44.45573224], [-120.12067337, 44.45565389], [-120.12072756, 44.45550168], [-120.12071838, 44.45538021], [-120.12056428, 44.45505348], [-120.12053871, 44.45489624], [-120.12056641, 44.45472727], [-120.12061716, 44.4545941], [-120.12081858, 44.45429475], [-120.12087274, 44.4541473], [-120.12090039, 44.45398548], [-120.12079153, 44.45334935], [-120.12077948, 44.45315882], [-120.1207669, 44.45304925], [-120.1205009, 44.4525507], [-120.12036458, 44.45154064], [-120.12040192, 44.45142409], [-120.12049593, 44.45128154], [-120.12051316, 44.45118873], [-120.12031059, 44.45064992], [-120.12026871, 44.45044738], [-120.12028678, 44.45022599], [-120.12033123, 44.45003803], [-120.12042535, 44.44987882], [-120.12058937, 44.44970554], [-120.12256558, 44.44791919], [-120.12278209, 44.44759489], [-120.12291776, 44.44743461], [-120.12316803, 44.44728544], [-120.12367283, 44.44709782], [-120.12408232, 44.44699918], [-120.12656342, 44.44652168], [-120.12677338, 44.44643665], [-120.12691907, 44.44626569], [-120.12695519, 44.44607651], [-120.12693633, 44.44590858], [-120.12682322, 44.44566533], [-120.12674488, 44.44544363], [-120.12665749, 44.44507902], [-120.12617429, 44.44424165], [-120.12593722, 44.44389441], [-120.12574505, 44.44354374], [-120.12548499, 44.44289641], [-120.12544633, 44.44270698], [-120.1255568, 44.44258591], [-120.1258777, 44.44230481], [-120.12616427, 44.4419343], [-120.1263445, 44.44181703], [-120.12763992, 44.4411677], [-120.12821722, 44.44106722], [-120.12859647, 44.44101132], [-120.12900244, 44.44093646], [-120.12932863, 44.44086133], [-120.12962848, 44.44074803], [-120.12984192, 44.44063443], [-120.13000239, 44.44048733], [-120.13006999, 44.44031135], [-120.13010526, 44.43999239], [-120.13007309, 44.43982561], [-120.12977678, 44.43938651], [-120.12971806, 44.43921488], [-120.12974583, 44.43902924], [-120.12989978, 44.43886306], [-120.1300868, 44.43872081], [-120.13099426, 44.43817613], [-120.13114619, 44.43810127], [-120.14301198, 44.437859], [-120.14343601, 44.43786702], [-120.14362002, 44.43787003], [-120.14625495, 44.437917], [-120.14730006, 44.43793605], [-120.15421305, 44.43805906], [-120.15477096, 44.43807093], [-120.15532602, 44.43808196], [-120.15887403, 44.438155], [-120.16012806, 44.43818107], [-120.16733104, 44.43832999], [-120.16871393, 44.43835908], [-120.18381501, 44.43835908], [-120.19124295, 44.43827701], [-120.20191503, 44.43815901], [-120.203797, 44.43812993], [-120.20913305, 44.43804904], [-120.21145693, 44.43801293], [-120.21292206, 44.43799104], [-120.21511608, 44.43795794], [-120.22315006, 44.43792301], [-120.22367404, 44.43792101], [-120.23831699, 44.437858], [-120.25111808, 44.43770807], [-120.25391296, 44.43768885], [-120.27116894, 44.43757102], [-120.28316392, 44.43748896], [-120.29219103, 44.43742795], [-120.29283101, 44.43742394], [-120.29559898, 44.43739502], [-120.29821702, 44.43737998], [-120.29879499, 44.43737697], [-120.30242004, 44.43735692], [-120.31690604, 44.43737397], [-120.31771399, 44.43737597], [-120.31949401, 44.43737998], [-120.32356097, 44.43739202], [-120.33239103, 44.43741508], [-120.33711602, 44.43742829], [-120.33738193, 44.43742895], [-120.34683893, 44.43745503], [-120.34969097, 44.43746205], [-120.35268892, 44.43747107], [-120.35297005, 44.43747208], [-120.36454601, 44.43750199], [-120.37612298, 44.43753308], [-120.385823, 44.43755598], [-120.38588701, 44.44377902], [-120.38595554, 44.45035433], [-120.38602406, 44.45692893], [-120.38616095, 44.47008], [-120.38616596, 44.47052292], [-120.38622408, 44.47607188], [-120.32639025, 44.49102779], [-120.32639311, 44.49063615], [-120.32133172, 44.49061531], [-120.31627033, 44.49059445], [-120.31124794, 44.49098341], [-120.30622551, 44.49137238], [-120.30622427, 44.48770201], [-120.30622304, 44.48403163], [-120.30113134, 44.48385367], [-120.29603963, 44.48367572], [-120.29103773, 44.48350047], [-120.28603583, 44.48332519], [-120.28605155, 44.48006086], [-120.28606729, 44.47679655], [-120.28397146, 44.47681662], [-120.27972042, 44.47685739], [-120.27885918, 44.47686566], [-120.27374689, 44.4769146], [-120.27337689, 44.47691829], [-120.27337435, 44.47691825], [-120.26864813, 44.47696025], [-120.26863911, 44.47696029], [-120.2686346, 44.4769603], [-120.26833983, 44.47696297], [-120.26352227, 44.47700575], [-120.26330488, 44.47700768], [-120.25854671, 44.47706822], [-120.25821713, 44.47707241], [-120.25348222, 44.47713262], [-120.25312939, 44.47713712], [-120.25112063, 44.47713379], [-120.24841694, 44.47712931], [-120.24808756, 44.47712876], [-120.24335162, 44.47712091], [-120.24304572, 44.47712042], [-120.24298468, 44.48063533], [-120.24292363, 44.48415025], [-120.2428626, 44.48766516], [-120.24280156, 44.49118006], [-120.23812925, 44.49113573], [-120.23345697, 44.4910914], [-120.23360055, 44.49518198], [-120.23374414, 44.49927258], [-120.233765, 44.49986657], [-120.2338702, 44.50286309], [-120.23399625, 44.50645359], [-120.22947417, 44.50706242], [-120.22495204, 44.50767125], [-120.21997158, 44.50760028], [-120.21499115, 44.50752931], [-120.21001071, 44.50745835], [-120.2050303, 44.50738738], [-120.19995979, 44.50738], [-120.19488927, 44.50737264], [-120.18981875, 44.50736526], [-120.18474824, 44.5073579], [-120.17975055, 44.50729367], [-120.17475284, 44.50722945], [-120.16984277, 44.50721008], [-120.16493272, 44.50719071], [-120.16487321, 44.50359029], [-120.16481367, 44.49998989], [-120.16481175, 44.49987365], [-120.16475416, 44.49638942], [-120.16469463, 44.49278895], [-120.16441779, 44.48893925], [-120.16414098, 44.48508956], [-120.16386417, 44.48123987], [-120.16358994, 44.47742584], [-120.16358738, 44.4773902], [-120.15880648, 44.4774027], [-120.15849205, 44.47740355], [-120.15374559, 44.47741595], [-120.15343411, 44.47741679], [-120.14868474, 44.47742525], [-120.14838247, 44.47742581], [-120.14362383, 44.4774343], [-120.14333083, 44.47743483], [-120.14333328, 44.48107812], [-120.13831308, 44.481091], [-120.13828798, 44.4774346], [-120.13349404, 44.47743437], [-120.13341753, 44.47743437], [-120.1332451, 44.47743437], [-120.12845107, 44.47743414], [-120.12833652, 44.47743414], [-120.12820224, 44.47743414], [-120.12611463, 44.47743519], [-120.12340807, 44.47743567], [-120.12315871, 44.47743672], [-120.12316977, 44.48113042], [-120.12318083, 44.48482411], [-120.11807937, 44.48485703], [-120.11807417, 44.4817959], [-120.11752019, 44.48172079]]]}, "properties": {"zone_name": "US-OR-WHE-WHH-090-A", "level": 1, "fire_name": "Rowe Creek Complex", "county": "Wheeler", "addresses": 1, "unmatched_addresses": 1, "unmatched_fraction_pct": 81.7, "geometry_source": "cached", "geometry_cache_age_days": 0, "overlapping_zips": [{"zip": "97750", "fraction_pct": 18.3}, {"zip": "97754", "fraction_pct": 0.0}]}}, {"type": "Feature", "geometry": {"type": "Polygon", "coordinates": [[[-120.72674688, 44.2835031], [-120.72668773, 44.28644086], [-120.72605123, 44.29335425], [-120.72412018, 44.29460267], [-120.71571592, 44.2930988], [-120.71249866, 44.29380374], [-120.71249866, 44.28994993], [-120.70947838, 44.28868094], [-120.70626112, 44.28957394], [-120.69765989, 44.28994993], [-120.6970033, 44.29192387], [-120.69811949, 44.29408572], [-120.69628106, 44.29417971], [-120.69221025, 44.29338077], [-120.68827075, 44.29366275], [-120.68669495, 44.29483765], [-120.68873036, 44.2969524], [-120.68695758, 44.29911406], [-120.68413427, 44.30061779], [-120.68479086, 44.30165157], [-120.68459388, 44.30353114], [-120.6823615, 44.30503474], [-120.67953819, 44.30508173], [-120.67618962, 44.30386005], [-120.67316934, 44.30357812], [-120.6700834, 44.30451788], [-120.66909852, 44.30677324], [-120.66922984, 44.30794787], [-120.66831062, 44.30855867], [-120.66680048, 44.30841772], [-120.6645681, 44.30893455], [-120.66010333, 44.31057896], [-120.65990636, 44.31245824], [-120.65859319, 44.31245824], [-120.65674423, 44.31301951], [-120.66026523, 44.31400684], [-120.66464548, 44.31544013], [-120.66458123, 44.31545937], [-120.6665848, 44.31771994], [-120.6660748, 44.3178666], [-120.6657034, 44.3179454], [-120.6653464, 44.3180121], [-120.6649821, 44.3180724], [-120.6641192, 44.3181791], [-120.6632319, 44.3182297], [-120.6624291, 44.31824], [-120.6611364, 44.3181679], [-120.6608869, 44.3181512], [-120.660371, 44.318078], [-120.6599316, 44.3180106], [-120.6595065, 44.3179228], [-120.6592889, 44.3178686], [-120.6587807, 44.3177305], [-120.6584355, 44.3176322], [-120.6579947, 44.3174877], [-120.6576829, 44.3173644], [-120.6568323, 44.3170144], [-120.6560913, 44.3166546], [-120.6556249, 44.3164432], [-120.6531127, 44.3152158], [-120.6526252, 44.3149756], [-120.6517471, 44.3145427], [-120.6507267, 44.3140433], [-120.650281, 44.3138248], [-120.6495603, 44.3134666], [-120.6489363, 44.3131517], [-120.648337, 44.312826], [-120.647916, 44.3125763], [-120.647383, 44.3122167], [-120.646852, 44.3118041], [-120.6463228, 44.3113346], [-120.645824, 44.3108501], [-120.6449592, 44.3100222], [-120.6445704, 44.3096856], [-120.6442517, 44.3094359], [-120.6439767, 44.3092351], [-120.6434969, 44.3089148], [-120.6417634, 44.3077978], [-120.6407506, 44.3071409], [-120.6402651, 44.3068287], [-120.6389147, 44.3059642], [-120.6379208, 44.3053303], [-120.637147, 44.3048281], [-120.6362773, 44.3042416], [-120.6345909, 44.3031913], [-120.6340916, 44.3029399], [-120.6334752, 44.3027175], [-120.6327621, 44.3025058], [-120.6322462, 44.3024026], [-120.6318801, 44.3023511], [-120.6310703, 44.3023036], [-120.6301501, 44.3023368], [-120.6293769, 44.3024767], [-120.6285926, 44.302714], [-120.6277018, 44.3030562], [-120.6260388, 44.3037752], [-120.6157795, 44.3081832], [-120.61575994, 44.30819206], [-120.61546671, 44.30778511], [-120.61481191, 44.30695444], [-120.61429104, 44.30578297], [-120.61414643, 44.30560035], [-120.61427719, 44.30552993], [-120.61318752, 44.30341192], [-120.61896682, 44.29912809], [-120.61566436, 44.29912809], [-120.61716079, 44.29000544], [-120.62144366, 44.28782613], [-120.62469452, 44.28753063], [-120.63356987, 44.28516653], [-120.64022639, 44.28450161], [-120.64523168, 44.2827654], [-120.64688697, 44.28031799], [-120.72674688, 44.2835031]]]}, "properties": {"zone_name": "US-OR-CRO-CRR-8SG-B", "level": 1, "fire_name": "Rowe Creek Complex", "county": "Crook", "addresses": 7, "unmatched_addresses": 0, "unmatched_fraction_pct": 0, "geometry_source": "cached", "geometry_cache_age_days": 0, "overlapping_zips": [{"zip": "97754", "fraction_pct": 100.0}]}}, {"type": "Feature", "geometry": {"type": "Polygon", "coordinates": [[[-120.48965197, 44.32445776], [-120.48987079, 44.32455305], [-120.48981118, 44.32437394], [-120.48882152, 44.32212119], [-120.48794433, 44.32099478], [-120.48702215, 44.3193534], [-120.48679723, 44.31798555], [-120.48702215, 44.31661767], [-120.48807928, 44.31449337], [-120.48927137, 44.31220805], [-120.49028351, 44.31056643], [-120.4917455, 44.30905352], [-120.49224033, 44.30762105], [-120.49273515, 44.30567348], [-120.49325247, 44.30475601], [-120.4943096, 44.30219666], [-120.49487191, 44.29931526], [-120.494602, 44.29817231], [-120.49415216, 44.29638541], [-120.49471446, 44.29474335], [-120.4960415, 44.29323003], [-120.4971661, 44.29134638], [-120.49748099, 44.28923727], [-120.49820074, 44.28678995], [-120.49851563, 44.28443915], [-120.50043127, 44.28181129], [-120.50171611, 44.2783013], [-120.50225416, 44.27570098], [-120.50292938, 44.27544434], [-120.5040604, 44.27486895], [-120.50539978, 44.27436814], [-120.50714097, 44.27409109], [-120.50830176, 44.27396323], [-120.5099983, 44.27384601], [-120.51071264, 44.27400585], [-120.51169485, 44.27426158], [-120.51237942, 44.27428289], [-120.51371879, 44.27402716], [-120.51493911, 44.27397388], [-120.51590644, 44.27360093], [-120.51724581, 44.27366487], [-120.5186596, 44.27351569], [-120.52007339, 44.27319601], [-120.52144253, 44.27303618], [-120.52312419, 44.2731747], [-120.52446356, 44.27328126], [-120.5258327, 44.27305749], [-120.5269042, 44.27322798], [-120.52830311, 44.27350503], [-120.52925555, 44.27322798], [-120.530208, 44.27303618], [-120.53178548, 44.27273781], [-120.53379455, 44.27259929], [-120.53553574, 44.27247142], [-120.5363096, 44.27269519], [-120.53752992, 44.27280175], [-120.5389437, 44.27291896], [-120.54000032, 44.27297224], [-120.54065513, 44.27323864], [-120.54202427, 44.27399519], [-120.54383987, 44.27425093], [-120.54571499, 44.2742083], [-120.54754547, 44.2741124], [-120.54860209, 44.27388864], [-120.54943548, 44.27414437], [-120.55084927, 44.27489026], [-120.55259046, 44.27539106], [-120.55498645, 44.27605169], [-120.55709969, 44.27671231], [-120.5580819, 44.27728769], [-120.55907899, 44.27835318], [-120.56019513, 44.27897116], [-120.56177262, 44.27946127], [-120.56271018, 44.2801112], [-120.56366263, 44.28036691], [-120.56553776, 44.28045214], [-120.56702595, 44.28076112], [-120.56881179, 44.28120861], [-120.56966006, 44.28161347], [-120.57029998, 44.28196506], [-120.57110361, 44.28213552], [-120.57245786, 44.28203964], [-120.57379724, 44.28187982], [-120.57448181, 44.28185852], [-120.57549378, 44.28198637], [-120.57684804, 44.28209291], [-120.57881246, 44.28266823], [-120.58062806, 44.28345662], [-120.58284547, 44.2845007], [-120.58460154, 44.28528907], [-120.58582186, 44.28582174], [-120.58690824, 44.28603481], [-120.58805415, 44.28639703], [-120.58870896, 44.28654617], [-120.59031621, 44.28680185], [-120.59155141, 44.28725994], [-120.59256338, 44.28766477], [-120.5931289, 44.28816546], [-120.59375394, 44.28871942], [-120.5945278, 44.28898574], [-120.59539096, 44.28950773], [-120.59632852, 44.29012559], [-120.59661128, 44.29067953], [-120.59696844, 44.29147847], [-120.59748931, 44.29211761], [-120.59833758, 44.29262892], [-120.59934955, 44.29298044], [-120.60074846, 44.29359827], [-120.6019539, 44.29410956], [-120.60271288, 44.29483389], [-120.6039332, 44.29606949], [-120.60493029, 44.29704944], [-120.60564462, 44.29772047], [-120.60600179, 44.2983702], [-120.60632919, 44.29915838], [-120.6065673, 44.29955247], [-120.60743046, 44.30041519], [-120.6087103, 44.30193824], [-120.60937999, 44.30257727], [-120.60957346, 44.30337605], [-120.60932046, 44.30410027], [-120.60937999, 44.30441977], [-120.6105259, 44.30504812], [-120.6127582, 44.30531437], [-120.61403804, 44.30546347], [-120.61414292, 44.30559592], [-120.61429104, 44.30578297], [-120.61481191, 44.30695444], [-120.61546671, 44.30778511], [-120.61575994, 44.30819206], [-120.6148211, 44.3086171], [-120.609938, 44.3107453], [-120.6089498, 44.3112329], [-120.6083171, 44.3116156], [-120.6077432, 44.312065], [-120.6071907, 44.3126078], [-120.6066919, 44.3132645], [-120.6064618, 44.313659], [-120.606207, 44.3141906], [-120.605409, 44.3161933], [-120.605059, 44.3168793], [-120.6048779, 44.3171883], [-120.6045628, 44.3176239], [-120.6042126, 44.3180285], [-120.6037876, 44.318429], [-120.6034078, 44.3187627], [-120.6022662, 44.3195674], [-120.6012135, 44.3202485], [-120.600054, 44.3210388], [-120.5991147, 44.3216607], [-120.5985203, 44.322149], [-120.5979406, 44.3226949], [-120.5965317, 44.3243801], [-120.595203, 44.3260545], [-120.5938107, 44.3277215], [-120.5934308, 44.3281127], [-120.5930245, 44.3284702], [-120.5925576, 44.3288329], [-120.5917403, 44.3293655], [-120.5907643, 44.32993], [-120.5844824, 44.3335591], [-120.5836959, 44.33398], [-120.5830524, 44.3342987], [-120.5822934, 44.3346331], [-120.5814024, 44.3350147], [-120.5805169, 44.3353294], [-120.5792189, 44.3357306], [-120.5782399, 44.3359824], [-120.5767464, 44.3363255], [-120.5762253, 44.3364428], [-120.5739241, 44.3369479], [-120.5723602, 44.3372911], [-120.5711024, 44.3375543], [-120.5690373, 44.338006], [-120.5686363, 44.3380885], [-120.5674335, 44.3384067], [-120.5666426, 44.338721], [-120.566044, 44.3390509], [-120.5654068, 44.3394988], [-120.5642745, 44.3403574], [-120.5636658, 44.3408225], [-120.56320785, 44.34113597], [-120.56067901, 44.33839925], [-120.55411846, 44.34018905], [-120.55035348, 44.34147897], [-120.54622777, 44.34254313], [-120.54390565, 44.34354277], [-120.54090498, 44.34417157], [-120.53497569, 44.34420382], [-120.52600285, 44.34478425], [-120.52104299, 44.34552589], [-120.51563223, 44.34713814], [-120.51028911, 44.3489438], [-120.50668269, 44.35060519], [-120.50564532, 44.34831795], [-120.50179309, 44.34505566], [-120.49834636, 44.34233696], [-120.49495032, 44.33900183], [-120.49272008, 44.33508645], [-120.49094603, 44.33106203], [-120.49033778, 44.32856023], [-120.49043916, 44.32602206], [-120.48965197, 44.32445776]]]}, "properties": {"zone_name": "US-OR-CRO-CRR-8S-T", "level": 2, "fire_name": "Rowe Creek Complex", "county": "Crook", "addresses": 5, "unmatched_addresses": 0, "unmatched_fraction_pct": 0, "geometry_source": "cached", "geometry_cache_age_days": 0, "overlapping_zips": [{"zip": "97754", "fraction_pct": 100.0}]}}, {"type": "Feature", "geometry": {"type": "Polygon", "coordinates": [[[-120.71368977, 44.34276371], [-120.66946014, 44.34239441], [-120.66887077, 44.34082079], [-120.66897043, 44.33789817], [-120.66897043, 44.33527946], [-120.66827276, 44.33328336], [-120.6683226, 44.33175059], [-120.6683226, 44.32864929], [-120.66843612, 44.32680846], [-120.69463859, 44.32604603], [-120.71368977, 44.34276371]]]}, "properties": {"zone_name": "US-OR-CRO-CRR-4S-N", "level": 2, "fire_name": "Rowe Creek Complex", "county": "Crook", "addresses": 4, "unmatched_addresses": 0, "unmatched_fraction_pct": 0, "geometry_source": "cached", "geometry_cache_age_days": 0, "overlapping_zips": [{"zip": "97754", "fraction_pct": 100.0}]}}, {"type": "Feature", "geometry": {"type": "Polygon", "coordinates": [[[-120.74997722, 44.44820046], [-120.749103, 44.448668], [-120.748765, 44.4488701], [-120.7482004, 44.4492023], [-120.747828, 44.449492], [-120.7476372, 44.4497184], [-120.7473086, 44.4500286], [-120.7468472, 44.4503407], [-120.7464691, 44.4505647], [-120.7460815, 44.4507475], [-120.7457167, 44.450961], [-120.7452379, 44.4512616], [-120.7449026, 44.4514636], [-120.7445781, 44.4517757], [-120.744381, 44.4519844], [-120.7441937, 44.452115], [-120.7438324, 44.4523386], [-120.7436031, 44.4524564], [-120.7431632, 44.4525923], [-120.7425691, 44.4527369], [-120.7404408, 44.4532529], [-120.7399379, 44.4533773], [-120.7389978, 44.453608], [-120.7384278, 44.4537306], [-120.7379933, 44.4537832], [-120.7373241, 44.4538215], [-120.7370733, 44.4538493], [-120.7366039, 44.4539775], [-120.736274, 44.4540953], [-120.7360956, 44.4541958], [-120.7358502, 44.4543528], [-120.735637, 44.4545347], [-120.7352856, 44.4549511], [-120.7348645, 44.4554767], [-120.7345802, 44.4558423], [-120.7343763, 44.4560089], [-120.7341644, 44.4561381], [-120.7338627, 44.456319], [-120.7333276, 44.4565555], [-120.7329611, 44.4567282], [-120.7326034, 44.4568695], [-120.7321541, 44.4569729], [-120.7308573, 44.457126], [-120.7299171, 44.4572495], [-120.7295939, 44.4573203], [-120.7294115, 44.457373], [-120.7288228, 44.4576104], [-120.7277124, 44.4580775], [-120.727188, 44.4583321], [-120.7268527, 44.4585619], [-120.7261312, 44.4591324], [-120.7259555, 44.4593592], [-120.725816, 44.459581], [-120.7256158, 44.4601258], [-120.7254674, 44.4604667], [-120.7252997, 44.4607299], [-120.7250704, 44.4610841], [-120.7247928, 44.4616881], [-120.7246171, 44.4622882], [-120.7244723, 44.4626433], [-120.7242845, 44.4628912], [-120.7239036, 44.4631481], [-120.7235147, 44.4633985], [-120.7231674, 44.463567], [-120.7228908, 44.4636162], [-120.7225764, 44.463644], [-120.7211164, 44.4636192], [-120.7207095, 44.4636], [-120.7204467, 44.4635636], [-120.7200806, 44.4634535], [-120.719626, 44.463309], [-120.719296, 44.4632535], [-120.7189795, 44.4632487], [-120.7188159, 44.463261], [-120.71849, 44.463332], [-120.7182996, 44.4633999], [-120.7181258, 44.4634854], [-120.7176786, 44.463756], [-120.7174305, 44.4638747], [-120.7165733, 44.4642307], [-120.716243, 44.464452], [-120.7155284, 44.4652056], [-120.7147573, 44.4659894], [-120.7143603, 44.4664115], [-120.7142302, 44.46658], [-120.7141055, 44.4667561], [-120.71406142, 44.46688471], [-120.70944753, 44.46701469], [-120.70821854, 44.46755989], [-120.70552805, 44.46791546], [-120.70366796, 44.46819991], [-120.70144249, 44.46976437], [-120.70034636, 44.46971696], [-120.6997942, 44.46957789], [-120.69921702, 44.46943252], [-120.69735693, 44.47016733], [-120.69516467, 44.47177914], [-120.69440071, 44.47194506], [-120.69320493, 44.47282205], [-120.69177665, 44.4733435], [-120.6891858, 44.47369903], [-120.68739214, 44.4746945], [-120.68632923, 44.47502632], [-120.68533275, 44.47559516], [-120.68108111, 44.47578476], [-120.67928745, 44.47547665], [-120.67746057, 44.47516853], [-120.67477008, 44.47514483], [-120.67387325, 44.47545295], [-120.67281034, 44.47545295], [-120.67244497, 44.47578476], [-120.66905694, 44.47554775], [-120.66845905, 44.47540555], [-120.66530354, 44.47554775], [-120.66347666, 44.47526334], [-120.66228089, 44.47483671], [-120.65911836, 44.47526334], [-120.65646108, 44.47507373], [-120.65426883, 44.47422047], [-120.65280733, 44.47398345], [-120.65124618, 44.47431528], [-120.64931965, 44.47431528], [-120.64845604, 44.47369903], [-120.64735991, 44.47360422], [-120.64619735, 44.47355682], [-120.6448355, 44.47372273], [-120.64363973, 44.47367533], [-120.64138104, 44.47358052], [-120.63912236, 44.47305907], [-120.63805945, 44.47239541], [-120.63510323, 44.47177914], [-120.63360851, 44.47080732], [-120.63181485, 44.47052288], [-120.63134983, 44.46817621], [-120.63174842, 44.46713321], [-120.62988832, 44.46763101], [-120.62822753, 44.46789176], [-120.62704344, 44.46729406], [-120.72937019, 44.40157705], [-120.75089301, 44.40521635], [-120.74997722, 44.44820046]]]}, "properties": {"zone_name": "US-OR-CRO-CRR-4SB-J", "level": 2, "fire_name": "Rowe Creek Complex", "county": "Crook", "addresses": 5, "unmatched_addresses": 0, "unmatched_fraction_pct": 0.8, "geometry_source": "cached", "geometry_cache_age_days": 0, "overlapping_zips": [{"zip": "97754", "fraction_pct": 99.2}]}}, {"type": "Feature", "geometry": {"type": "Polygon", "coordinates": [[[-120.74741564, 44.56247731], [-120.74306796, 44.56251008], [-120.74133649, 44.56252114], [-120.74110592, 44.56252261], [-120.73437194, 44.56256607], [-120.73383493, 44.56257008], [-120.72247948, 44.5626487], [-120.72026801, 44.56266401], [-120.71787917, 44.56268037], [-120.70670294, 44.56275694], [-120.70156686, 44.56278507], [-120.699928, 44.56279404], [-120.69244407, 44.56284402], [-120.69242025, 44.56284418], [-120.69123801, 44.56285204], [-120.68640976, 44.56286165], [-120.67620195, 44.56288196], [-120.67114904, 44.56286407], [-120.67067102, 44.56289299], [-120.65656292, 44.56291004], [-120.64860291, 44.56291956], [-120.64245699, 44.56292692], [-120.63423603, 44.56294005], [-120.62613597, 44.56295299], [-120.624902, 44.56295299], [-120.61253898, 44.56295299], [-120.59823097, 44.56295299], [-120.59797687, 44.56295676], [-120.59714992, 44.56296904], [-120.5968977, 44.5628337], [-120.5966657, 44.5627195], [-120.5964994, 44.562589], [-120.5964048, 44.5624734], [-120.5962144, 44.562139], [-120.5960796, 44.5619302], [-120.59591, 44.5617424], [-120.5956592, 44.5614864], [-120.5953534, 44.5612093], [-120.5949162, 44.5608414], [-120.5947291, 44.5606522], [-120.5946252, 44.5605194], [-120.5946044, 44.5603497], [-120.5946171, 44.5601945], [-120.5946346, 44.560032], [-120.5946104, 44.5598199], [-120.5945233, 44.5595944], [-120.5942926, 44.5590296], [-120.5941256, 44.5586412], [-120.5940217, 44.5583464], [-120.5938675, 44.557989], [-120.593787, 44.5577625], [-120.593732, 44.5575217], [-120.5937189, 44.5572743], [-120.593683, 44.5568858], [-120.5936663, 44.5565575], [-120.5936421, 44.5563951], [-120.5935644, 44.5561695], [-120.593335, 44.5557041], [-120.5930983, 44.5551886], [-120.5929625, 44.5549273], [-120.5928288, 44.554662], [-120.592647, 44.5544437], [-120.5922474, 44.554069], [-120.5917807, 44.5536505], [-120.5911403, 44.5530575], [-120.5905422, 44.5525017], [-120.5902183, 44.5521835], [-120.5899812, 44.5519642], [-120.5896812, 44.5516928], [-120.5894492, 44.5514686], [-120.5892701, 44.5513014], [-120.5890945, 44.5511341], [-120.5887565, 44.5508149], [-120.5884185, 44.5504824], [-120.5882657, 44.5502941], [-120.5882026, 44.5501636], [-120.5881718, 44.5500279], [-120.5881342, 44.5499242], [-120.5880685, 44.5498067], [-120.5880973, 44.5496356], [-120.5881664, 44.5494798], [-120.5882657, 44.5493747], [-120.5884286, 44.5493111], [-120.5886003, 44.5493164], [-120.5887324, 44.5493713], [-120.5888383, 44.5494741], [-120.589014, 44.5496815], [-120.5891266, 44.5498067], [-120.5893305, 44.5499299], [-120.5894653, 44.5499734], [-120.5896148, 44.5500031], [-120.5897831, 44.5500059], [-120.5899581, 44.5499644], [-120.5901079, 44.549854], [-120.5903873, 44.5495257], [-120.5908205, 44.5491013], [-120.5909693, 44.5488844], [-120.5910612, 44.5486603], [-120.5912181, 44.5485241], [-120.5915105, 44.5484505], [-120.5916993, 44.5483765], [-120.5918471, 44.5483028], [-120.5919517, 44.5482015], [-120.5922917, 44.547791], [-120.5927054, 44.547326], [-120.593304, 44.5467406], [-120.5934591, 44.5465021], [-120.593601, 44.5462519], [-120.5938289, 44.5456562], [-120.5938503, 44.5455014], [-120.5938503, 44.5453446], [-120.5938074, 44.5451745], [-120.5938369, 44.5449795], [-120.5939686, 44.5448593], [-120.5941695, 44.5447673], [-120.5943251, 44.5446412], [-120.5943787, 44.5445226], [-120.594508, 44.544059], [-120.5947117, 44.5433919], [-120.5948002, 44.5431931], [-120.5948719, 44.5430024], [-120.5948438, 44.5426794], [-120.5948599, 44.5424729], [-120.5950369, 44.5422492], [-120.5951777, 44.5422005], [-120.5952998, 44.5421976], [-120.5954942, 44.5422722], [-120.5956404, 44.542407], [-120.5958577, 44.542775], [-120.5960763, 44.5431783], [-120.5962244, 44.5436232], [-120.5963297, 44.5440281], [-120.5963793, 44.5445002], [-120.5963619, 44.5448739], [-120.5963941, 44.5451416], [-120.5965014, 44.5453098], [-120.596606, 44.5453987], [-120.5967464, 44.5454755], [-120.596889, 44.5455707], [-120.5970311, 44.545738], [-120.5971813, 44.54604], [-120.5973342, 44.5463191], [-120.5975092, 44.5465384], [-120.5977477, 44.5466936], [-120.5980725, 44.5468596], [-120.598338, 44.5469532], [-120.5985962, 44.5469862], [-120.5997039, 44.5469671], [-120.5998944, 44.5469423], [-120.6000486, 44.5468821], [-120.6006628, 44.5465561], [-120.6009376, 44.5464896], [-120.601157, 44.5464887], [-120.6014286, 44.546517], [-120.6016324, 44.5465141], [-120.6018269, 44.5464806], [-120.6021756, 44.5463698], [-120.6026557, 44.54617], [-120.6030165, 44.5459817], [-120.603266, 44.545816], [-120.6035227, 44.5455578], [-120.6036615, 44.5453843], [-120.6037889, 44.5451769], [-120.6038319, 44.5450039], [-120.6038285, 44.5446765], [-120.6038017, 44.5444013], [-120.6038982, 44.5441279], [-120.6040833, 44.5440686], [-120.6041879, 44.5440667], [-120.6044696, 44.5441566], [-120.6046171, 44.5441814], [-120.604778, 44.5441604], [-120.6049398, 44.5440998], [-120.6051991, 44.5439004], [-120.6053851, 44.543661], [-120.6055941, 44.5432567], [-120.6057322, 44.5429709], [-120.6057885, 44.5427778], [-120.605806, 44.5424739], [-120.6058408, 44.5422932], [-120.6059046, 44.5421435], [-120.6060313, 44.5419931], [-120.6061996, 44.5419142], [-120.6063719, 44.5419023], [-120.6066254, 44.5420323], [-120.6066817, 44.542167], [-120.6068641, 44.5424079], [-120.6070331, 44.5424605], [-120.6071665, 44.5424667], [-120.6077398, 44.5424404], [-120.6082709, 44.5424318], [-120.6091735, 44.5424414], [-120.6096844, 44.5424366], [-120.6101109, 44.5423716], [-120.6105307, 44.5422731], [-120.6108217, 44.5421756], [-120.6110778, 44.5420638], [-120.6112294, 44.5419453], [-120.6114315, 44.5416934], [-120.6116327, 44.5413856], [-120.6118034, 44.5411366], [-120.611912, 44.5410582], [-120.6120569, 44.5409779], [-120.6122737, 44.5408809], [-120.6124538, 44.5408135], [-120.6126992, 44.5406644], [-120.6129017, 44.5404771], [-120.6130613, 44.5402572], [-120.613292, 44.5398825], [-120.6133973, 44.5397902], [-120.6135073, 44.539752], [-120.6136524, 44.5397476], [-120.6138024, 44.5397991], [-120.6141859, 44.5400273], [-120.6149268, 44.5403222], [-120.6150971, 44.5403729], [-120.6152634, 44.5403834], [-120.6154284, 44.5403394], [-120.6158173, 44.5401425], [-120.6162357, 44.5399379], [-120.6164369, 44.5397946], [-120.6168929, 44.5392899], [-120.6170981, 44.5390757], [-120.6171718, 44.5389285], [-120.61721, 44.5386092], [-120.6173234, 44.5383253], [-120.6174811, 44.5380999], [-120.6176828, 44.5377633], [-120.6177438, 44.5376012], [-120.6177318, 44.5374693], [-120.6176907, 44.537326], [-120.6175125, 44.537076], [-120.6174052, 44.5369421], [-120.6173582, 44.5368255], [-120.6174548, 44.5366257], [-120.617599, 44.5365502], [-120.6179094, 44.536488], [-120.6180932, 44.5364183], [-120.6182514, 44.5363227], [-120.6184546, 44.5361071], [-120.6188495, 44.5355981], [-120.6189099, 44.5354723], [-120.6188985, 44.5353543], [-120.6187041, 44.5352037], [-120.6182648, 44.5350496], [-120.6181623, 44.5349819], [-120.6180583, 44.5348581], [-120.6180717, 44.5347023], [-120.6181884, 44.5344691], [-120.6182179, 44.5342549], [-120.618179, 44.5340828], [-120.617905, 44.5335052], [-120.6175795, 44.5330456], [-120.6173247, 44.5326823], [-120.6169301, 44.5323355], [-120.6164677, 44.5319806], [-120.6163249, 44.5318721], [-120.6162565, 44.531689], [-120.6163028, 44.5315829], [-120.6164557, 44.5314634], [-120.616685, 44.5313276], [-120.616791, 44.531233], [-120.6168298, 44.5311269], [-120.6168024, 44.5310126], [-120.6167058, 44.5308826], [-120.6165521, 44.5308151], [-120.6163035, 44.5307889], [-120.615887, 44.5307827], [-120.615541, 44.530754], [-120.6152333, 44.5306971], [-120.6150274, 44.5306441], [-120.6148517, 44.5304825], [-120.6148525, 44.5303754], [-120.6149697, 44.530168], [-120.6150274, 44.529993], [-120.6150147, 44.5298368], [-120.614963, 44.5296832], [-120.6148021, 44.5294131], [-120.6147464, 44.5292468], [-120.6147055, 44.5290016], [-120.6146237, 44.5287425], [-120.6144507, 44.5284939], [-120.6143381, 44.5283161], [-120.6143153, 44.5281765], [-120.6143528, 44.5279958], [-120.6143927, 44.527774], [-120.6143615, 44.5275182], [-120.6143074, 44.5272846], [-120.6142388, 44.5271382], [-120.6141262, 44.5269957], [-120.6138566, 44.5268045], [-120.6136514, 44.5266172], [-120.6135213, 44.5262882], [-120.6134221, 44.5261352], [-120.613294, 44.5260161], [-120.6124444, 44.5254597], [-120.6120939, 44.5252156], [-120.6120028, 44.5250813], [-120.6120782, 44.5248274], [-120.6123264, 44.5246933], [-120.6127502, 44.5245471], [-120.6132874, 44.5243679], [-120.6134717, 44.5242784], [-120.6135863, 44.5241562], [-120.6137185, 44.5237697], [-120.6138352, 44.5232912], [-120.6139486, 44.5229518], [-120.6140699, 44.5227638], [-120.614223, 44.5226253], [-120.6142979, 44.5224865], [-120.6142844, 44.522345], [-120.6141745, 44.5222163], [-120.614009, 44.5220753], [-120.613807, 44.5219721], [-120.6132012, 44.52179], [-120.613068, 44.5217226], [-120.6129581, 44.5216222], [-120.6128924, 44.5215189], [-120.612708, 44.5210269], [-120.6127127, 44.5207233], [-120.6128497, 44.5206229], [-120.6129943, 44.5206086], [-120.6131338, 44.5206353], [-120.6133296, 44.5207386], [-120.6136246, 44.5208897], [-120.6137788, 44.5209452], [-120.6139626, 44.5209528], [-120.6142162, 44.5209178], [-120.6144008, 44.5208628], [-120.6148906, 44.5206516], [-120.6153573, 44.5204632], [-120.6155513, 44.5204401], [-120.6157757, 44.5204699], [-120.6160735, 44.5205722], [-120.6163189, 44.5206861], [-120.616677, 44.5208856], [-120.6168848, 44.5209509], [-120.6171779, 44.5210293], [-120.6173542, 44.5212019], [-120.6173529, 44.5213152], [-120.6173904, 44.5214883], [-120.617495, 44.5216413], [-120.6177753, 44.5219358], [-120.6180712, 44.5222934], [-120.6183761, 44.5226998], [-120.6186216, 44.5229799], [-120.6189166, 44.5232304], [-120.619221, 44.5234303], [-120.6195027, 44.5235775], [-120.6197883, 44.5236397], [-120.6201176, 44.5236684], [-120.6203214, 44.5237018], [-120.6208639, 44.5238022], [-120.6214526, 44.523928], [-120.6219301, 44.5239973], [-120.6221768, 44.5240556], [-120.6223859, 44.5241688], [-120.6225637, 44.5243339], [-120.6227696, 44.524592], [-120.6230083, 44.5248836], [-120.6233141, 44.5252556], [-120.6235179, 44.5255577], [-120.6236655, 44.5258206], [-120.6237727, 44.5259191], [-120.6238881, 44.5259602], [-120.624045, 44.5259727], [-120.6242234, 44.5259306], [-120.6244245, 44.5258388], [-120.6246404, 44.5257212], [-120.6248282, 44.5255529], [-120.6248657, 44.5254239], [-120.6248711, 44.5252298], [-120.6247853, 44.5250127], [-120.62459, 44.5247089], [-120.6245653, 44.5245633], [-120.6245855, 44.5244562], [-120.6247102, 44.5242994], [-120.6249811, 44.5241092], [-120.6251125, 44.5239657], [-120.6251515, 44.5238338], [-120.6250937, 44.5235928], [-120.6248798, 44.5230861], [-120.6248099, 44.522871], [-120.6247839, 44.5226587], [-120.6247842, 44.522428], [-120.6247933, 44.5222227], [-120.6248342, 44.5219506], [-120.6248771, 44.5217332], [-120.6249931, 44.5214969], [-120.6251675, 44.5211737], [-120.6254505, 44.5207731], [-120.6255899, 44.5205933], [-120.6257308, 44.5204489], [-120.6259118, 44.5203313], [-120.6262404, 44.5201281], [-120.6264429, 44.5199909], [-120.6266642, 44.5198379], [-120.6268935, 44.5196734], [-120.6270558, 44.5195482], [-120.6271852, 44.5194282], [-120.6272898, 44.519301], [-120.6274045, 44.5191293], [-120.6275426, 44.5188903], [-120.6277303, 44.518568], [-120.627961, 44.5181588], [-120.6280717, 44.5179073], [-120.6286026, 44.5168963], [-120.628899, 44.516135], [-120.628995, 44.515655], [-120.6292103, 44.5141554], [-120.6294321, 44.5136532], [-120.6296299, 44.5134538], [-120.6300013, 44.5132199], [-120.6305077, 44.5130239], [-120.6311443, 44.5129276], [-120.6328805, 44.5128691], [-120.6332664, 44.5128038], [-120.633604, 44.5125871], [-120.6340814, 44.5121709], [-120.634941, 44.51143], [-120.6355814, 44.51041], [-120.6359672, 44.5100283], [-120.6374478, 44.5090308], [-120.6380218, 44.5088142], [-120.638936, 44.508095], [-120.639607, 44.507912], [-120.6402017, 44.5078545], [-120.6407178, 44.5079027], [-120.6432595, 44.5083361], [-120.6435815, 44.508389], [-120.6437988, 44.5083986], [-120.6439636, 44.5083969], [-120.6441555, 44.508368], [-120.6444363, 44.5082707], [-120.6450825, 44.5079749], [-120.6463461, 44.5074934], [-120.6483621, 44.5068261], [-120.6487239, 44.5067505], [-120.649182, 44.5067367], [-120.6494618, 44.5067814], [-120.649674, 44.5068777], [-120.6500791, 44.5072079], [-120.6503829, 44.507404], [-120.650817, 44.507545], [-120.6513379, 44.5075622], [-120.6521047, 44.5074108], [-120.6528716, 44.5072492], [-120.653431, 44.5072733], [-120.6539808, 44.5073696], [-120.6545934, 44.5074108], [-120.6552927, 44.5073868], [-120.6559631, 44.5073249], [-120.6562573, 44.5072217], [-120.6567637, 44.5067883], [-120.6570627, 44.5066645], [-120.658321, 44.5065501], [-120.6588935, 44.5066007], [-120.6597732, 44.5067711], [-120.6601445, 44.5068261], [-120.6604494, 44.5068719], [-120.6606907, 44.5068616], [-120.6609349, 44.5068145], [-120.6612972, 44.5066507], [-120.6618808, 44.5062104], [-120.6630479, 44.505863], [-120.6635978, 44.505612], [-120.664191, 44.5054125], [-120.6649144, 44.505323], [-120.6653822, 44.5053643], [-120.6656861, 44.5055294], [-120.6660719, 44.5058596], [-120.6663227, 44.5059903], [-120.6672487, 44.5061279], [-120.6682422, 44.5064994], [-120.6687438, 44.5066645], [-120.6692502, 44.5066576], [-120.6702003, 44.5065441], [-120.6707309, 44.5064271], [-120.671933, 44.505453], [-120.6725539, 44.5051166], [-120.6728915, 44.5050719], [-120.6732002, 44.5051166], [-120.673832, 44.5053333], [-120.6743722, 44.5053505], [-120.6756985, 44.5050341], [-120.6765377, 44.5051235], [-120.6772081, 44.5050994], [-120.6780665, 44.5049103], [-120.6788189, 44.5047108], [-120.6791855, 44.5045353], [-120.6796099, 44.5042877], [-120.6810326, 44.5036479], [-120.6820626, 44.5029121], [-120.6828509, 44.5022238], [-120.6833072, 44.5018447], [-120.6836467, 44.5013019], [-120.6838926, 44.500411], [-120.6842978, 44.4997609], [-120.6844955, 44.4994341], [-120.6848186, 44.4986119], [-120.6850791, 44.4982025], [-120.6855985, 44.4976314], [-120.6863282, 44.4970226], [-120.6877657, 44.4962912], [-120.6881609, 44.4960353], [-120.6886722, 44.4955949], [-120.6895562, 44.4948774], [-120.6899309, 44.4945732], [-120.690582, 44.4941603], [-120.6910788, 44.4937372], [-120.6916479, 44.4930869], [-120.6920337, 44.4925606], [-120.6929742, 44.4918243], [-120.6932732, 44.4914768], [-120.6936108, 44.4908163], [-120.6939581, 44.4900731], [-120.6942619, 44.4893265], [-120.694479, 44.4889274], [-120.6949178, 44.4882427], [-120.6952362, 44.4878883], [-120.6957667, 44.4868871], [-120.6959548, 44.4862092], [-120.696105, 44.485874], [-120.6977248, 44.4847297], [-120.6982987, 44.4845026], [-120.6990607, 44.4842996], [-120.6993501, 44.4841069], [-120.6995768, 44.48362859], [-120.6998131, 44.4830092], [-120.700252, 44.4823038], [-120.7006716, 44.4812578], [-120.7009513, 44.4809859], [-120.7016217, 44.4805902], [-120.7026972, 44.479957], [-120.703903, 44.4792103], [-120.7043804, 44.4790004], [-120.7058054, 44.4787252], [-120.7063204, 44.4786237], [-120.7069454, 44.4784515], [-120.7073584, 44.478262], [-120.7078546, 44.4778735], [-120.7081604, 44.4776994], [-120.7085957, 44.4775379], [-120.70888733, 44.47746157], [-120.709134, 44.477397], [-120.7093963, 44.4772557], [-120.7096785, 44.4770831], [-120.7099012, 44.4769778], [-120.7104537, 44.4767922], [-120.7106978, 44.4766755], [-120.7108399, 44.4765511], [-120.7121405, 44.4750807], [-120.712454, 44.4744028], [-120.712999, 44.472066], [-120.7132112, 44.4711161], [-120.713469, 44.470259], [-120.7139593, 44.4682711], [-120.7140157, 44.4678022], [-120.7139969, 44.4674729], [-120.7139862, 44.4672164], [-120.714013, 44.467026], [-120.7141055, 44.4667561], [-120.7142302, 44.46658], [-120.7143603, 44.4664115], [-120.7147573, 44.4659894], [-120.7155284, 44.4652056], [-120.716243, 44.464452], [-120.7165733, 44.4642307], [-120.7174305, 44.4638747], [-120.7176786, 44.463756], [-120.7181258, 44.4634854], [-120.7182996, 44.4633999], [-120.71849, 44.463332], [-120.7188159, 44.463261], [-120.7189795, 44.4632487], [-120.719296, 44.4632535], [-120.719626, 44.463309], [-120.7200806, 44.4634535], [-120.7204467, 44.4635636], [-120.7207095, 44.4636], [-120.7211164, 44.4636192], [-120.7225764, 44.463644], [-120.7228908, 44.4636162], [-120.7231674, 44.463567], [-120.7235147, 44.4633985], [-120.7239036, 44.4631481], [-120.7242845, 44.4628912], [-120.7244723, 44.4626433], [-120.7246171, 44.4622882], [-120.7247928, 44.4616881], [-120.7250704, 44.4610841], [-120.7252997, 44.4607299], [-120.7254674, 44.4604667], [-120.7256158, 44.4601258], [-120.725816, 44.459581], [-120.7259555, 44.4593592], [-120.7261312, 44.4591324], [-120.7268527, 44.4585619], [-120.727188, 44.4583321], [-120.7277124, 44.4580775], [-120.7288228, 44.4576104], [-120.7294115, 44.457373], [-120.7295939, 44.4573203], [-120.7299171, 44.4572495], [-120.7308573, 44.457126], [-120.7321541, 44.4569729], [-120.7326034, 44.4568695], [-120.7329611, 44.4567282], [-120.7333276, 44.4565555], [-120.7338627, 44.456319], [-120.7341644, 44.4561381], [-120.7343763, 44.4560089], [-120.7345802, 44.4558423], [-120.7348645, 44.4554767], [-120.7352856, 44.4549511], [-120.735637, 44.4545347], [-120.7358502, 44.4543528], [-120.7360956, 44.4541958], [-120.736274, 44.4540953], [-120.7366039, 44.4539775], [-120.7370733, 44.4538493], [-120.7373241, 44.4538215], [-120.7379933, 44.4537832], [-120.7384278, 44.4537306], [-120.7389978, 44.453608], [-120.7399379, 44.4533773], [-120.7404408, 44.4532529], [-120.7425691, 44.4527369], [-120.7431632, 44.4525923], [-120.7436031, 44.4524564], [-120.7438324, 44.4523386], [-120.7441937, 44.452115], [-120.744381, 44.4519844], [-120.7445781, 44.4517757], [-120.7449026, 44.4514636], [-120.7452379, 44.4512616], [-120.7457167, 44.450961], [-120.7460815, 44.4507475], [-120.7464691, 44.4505647], [-120.7468472, 44.4503407], [-120.7473086, 44.4500286], [-120.7476372, 44.4497184], [-120.747828, 44.449492], [-120.7482004, 44.4492023], [-120.748765, 44.4488701], [-120.749103, 44.448668], [-120.74995012, 44.44821495], [-120.74741564, 44.56247731]]]}, "properties": {"zone_name": "US-OR-CRO-CRR-1S-Q", "level": 2, "fire_name": "Rowe Creek Complex", "county": "Crook", "addresses": 1, "unmatched_addresses": 1, "unmatched_fraction_pct": 86.8, "geometry_source": "cached", "geometry_cache_age_days": 0, "overlapping_zips": [{"zip": "97754", "fraction_pct": 13.2}]}}, {"type": "Feature", "geometry": {"type": "Polygon", "coordinates": [[[-120.41978287, 44.39544775], [-120.41970562, 44.39541803], [-120.41772366, 44.39110086], [-120.41356116, 44.38869647], [-120.41196554, 44.38681254], [-120.41043929, 44.38420965], [-120.40891304, 44.38054063], [-120.40742147, 44.37932583], [-120.40572179, 44.37858206], [-120.40301616, 44.37654906], [-120.40024116, 44.37590443], [-120.39711929, 44.37530938], [-120.39538491, 44.37491268], [-120.39066741, 44.37233406], [-120.38782304, 44.37168939], [-120.38532554, 44.3710695], [-120.3804346, 44.36908583], [-120.37922054, 44.367846], [-120.37817991, 44.36707729], [-120.37568241, 44.36670533], [-120.3743296, 44.36677972], [-120.3729421, 44.36705249], [-120.37165866, 44.36774681], [-120.37096491, 44.36744925], [-120.3693346, 44.36665573], [-120.36812054, 44.36650695], [-120.36673304, 44.36615978], [-120.36551898, 44.36556464], [-120.36371523, 44.36519267], [-120.36243179, 44.36521747], [-120.36111366, 44.36549025], [-120.36021179, 44.36583742], [-120.35930992, 44.36521747], [-120.35965679, 44.36472151], [-120.36066273, 44.36457272], [-120.36191148, 44.36415114], [-120.36263991, 44.36417594], [-120.36361116, 44.36397756], [-120.36420085, 44.36333279], [-120.36482523, 44.36340719], [-120.36551898, 44.36385356], [-120.36642085, 44.36390316], [-120.3668371, 44.36340719], [-120.3662821, 44.36273762], [-120.36562304, 44.36172085], [-120.36513741, 44.36043126], [-120.36465179, 44.36003446], [-120.36354179, 44.36005926], [-120.36215429, 44.36018326], [-120.35958742, 44.36018326], [-120.35764492, 44.35998486], [-120.35708992, 44.35916644], [-120.35636148, 44.35899284], [-120.35507804, 44.35956325], [-120.35389867, 44.35951365], [-120.35285804, 44.35986086], [-120.35188679, 44.36005926], [-120.35098492, 44.35986086], [-120.35105429, 44.35881924], [-120.35015242, 44.3579016], [-120.34900773, 44.35733117], [-120.34789773, 44.35698395], [-120.34709992, 44.35628951], [-120.34727335, 44.35532223], [-120.34845273, 44.35490059], [-120.34980554, 44.3550246], [-120.35063804, 44.35435494], [-120.34980554, 44.35346204], [-120.34931992, 44.35251952], [-120.35029117, 44.3516762], [-120.34973617, 44.35048561], [-120.34921881, 44.34997472], [-120.38630621, 44.28859586], [-120.387516, 44.2889015], [-120.38785403, 44.28937271], [-120.38778286, 44.28990758], [-120.38872579, 44.29020049], [-120.39052268, 44.29123202], [-120.39279993, 44.29205977], [-120.39406309, 44.29208524], [-120.39536183, 44.29230173], [-120.39642929, 44.2935497], [-120.39603789, 44.29488679], [-120.39507717, 44.2959055], [-120.39491706, 44.29678412], [-120.39406309, 44.29754813], [-120.39365389, 44.298223], [-120.39358273, 44.29908886], [-120.39269318, 44.29975097], [-120.39094966, 44.30093513], [-120.39046931, 44.300846], [-120.38966871, 44.30085873], [-120.38904603, 44.30064227], [-120.3885123, 44.30070594], [-120.38847671, 44.30097332], [-120.38931289, 44.30187734], [-120.39029984, 44.30285264], [-120.38991179, 44.30299149], [-120.38954799, 44.30377255], [-120.38965713, 44.30411968], [-120.38997242, 44.30411968], [-120.39111232, 44.30392876], [-120.392422, 44.30384198], [-120.39390144, 44.30397215], [-120.39408334, 44.30418043], [-120.39411972, 44.30454492], [-120.394338, 44.30464038], [-120.39460478, 44.30464038], [-120.39477455, 44.30449285], [-120.3955264, 44.30344277], [-120.39654679, 44.30295246], [-120.40208836, 44.30111259], [-120.40585892, 44.30160323], [-120.41122911, 44.30143968], [-120.41608513, 44.30098993], [-120.42534013, 44.29980421], [-120.43230995, 44.3019712], [-120.43962255, 44.30344308], [-120.44196486, 44.30597788], [-120.44710653, 44.30777671], [-120.45196256, 44.30977989], [-120.45447626, 44.31223267], [-120.46218876, 44.31521674], [-120.46367413, 44.31713791], [-120.4657308, 44.31860941], [-120.46875867, 44.3190999], [-120.47412886, 44.31938602], [-120.47938479, 44.32069396], [-120.48664026, 44.32314628], [-120.48965197, 44.32445776], [-120.49043916, 44.32602206], [-120.49033778, 44.32856023], [-120.49094603, 44.33106203], [-120.49272008, 44.33508645], [-120.49495032, 44.33900183], [-120.49834636, 44.34233696], [-120.50179309, 44.34505566], [-120.50564532, 44.34831795], [-120.50668269, 44.35060519], [-120.50559978, 44.35110406], [-120.50068501, 44.35168442], [-120.49211797, 44.35411864], [-120.487857, 44.35411864], [-120.48553488, 44.35447328], [-120.48587306, 44.35634319], [-120.48447528, 44.35889005], [-120.47919026, 44.36257732], [-120.47319334, 44.36607481], [-120.47091631, 44.3681861], [-120.45743942, 44.37624356], [-120.44342055, 44.38748005], [-120.41978287, 44.39544775]]]}, "properties": {"zone_name": "US-OR-CRO-CRR-8S-S", "level": 2, "fire_name": "Rowe Creek Complex", "county": "Crook", "addresses": 5, "unmatched_addresses": 0, "unmatched_fraction_pct": 1.5, "geometry_source": "cached", "geometry_cache_age_days": 0, "overlapping_zips": [{"zip": "97754", "fraction_pct": 98.5}]}}, {"type": "Feature", "geometry": {"type": "Polygon", "coordinates": [[[-120.56181413, 44.34188425], [-120.56207344, 44.34176101], [-120.5621389, 44.3417299], [-120.5630287, 44.3412586], [-120.5636658, 44.3408225], [-120.5642745, 44.3403574], [-120.5654068, 44.3394988], [-120.566044, 44.3390509], [-120.5666426, 44.338721], [-120.5674335, 44.3384067], [-120.5686363, 44.3380885], [-120.5690373, 44.338006], [-120.5711024, 44.3375543], [-120.5723602, 44.3372911], [-120.5739241, 44.3369479], [-120.5762253, 44.3364428], [-120.5767464, 44.3363255], [-120.5782399, 44.3359824], [-120.5792189, 44.3357306], [-120.5805169, 44.3353294], [-120.5814024, 44.3350147], [-120.5822934, 44.3346331], [-120.5830524, 44.3342987], [-120.5836959, 44.33398], [-120.5844824, 44.3335591], [-120.5907643, 44.32993], [-120.5917403, 44.3293655], [-120.5925576, 44.3288329], [-120.5930245, 44.3284702], [-120.5934308, 44.3281127], [-120.5938107, 44.3277215], [-120.595203, 44.3260545], [-120.5965317, 44.3243801], [-120.5979406, 44.3226949], [-120.5985203, 44.322149], [-120.5991147, 44.3216607], [-120.600054, 44.3210388], [-120.6012135, 44.3202485], [-120.6022662, 44.3195674], [-120.6034078, 44.3187627], [-120.6037876, 44.318429], [-120.6042126, 44.3180285], [-120.6045628, 44.3176239], [-120.6048779, 44.3171883], [-120.605059, 44.3168793], [-120.605409, 44.3161933], [-120.606207, 44.3141906], [-120.6064618, 44.313659], [-120.6066919, 44.3132645], [-120.6071907, 44.3126078], [-120.6077432, 44.312065], [-120.6083171, 44.3116156], [-120.6089498, 44.3112329], [-120.609938, 44.3107453], [-120.6148211, 44.3086171], [-120.6157795, 44.3081832], [-120.6260388, 44.3037752], [-120.6277018, 44.3030562], [-120.6285926, 44.302714], [-120.6293769, 44.3024767], [-120.6301501, 44.3023368], [-120.6310703, 44.3023036], [-120.6318801, 44.3023511], [-120.6322462, 44.3024026], [-120.6327621, 44.3025058], [-120.6334752, 44.3027175], [-120.6340916, 44.3029399], [-120.6345909, 44.3031913], [-120.6362773, 44.3042416], [-120.637147, 44.3048281], [-120.63758645, 44.30511331], [-120.63143261, 44.34123442], [-120.62574947, 44.34105885], [-120.62536155, 44.34134856], [-120.56181413, 44.34188425]]]}, "properties": {"zone_name": "US-OR-CRO-CRR-4SK-B", "level": 2, "fire_name": "Rowe Creek Complex", "county": "Crook", "addresses": 1, "unmatched_addresses": 0, "unmatched_fraction_pct": 0, "geometry_source": "cached", "geometry_cache_age_days": 0, "overlapping_zips": [{"zip": "97754", "fraction_pct": 100.0}]}}, {"type": "Feature", "geometry": {"type": "Polygon", "coordinates": [[[-120.76652872, 44.32534487], [-120.76633702, 44.33053161], [-120.76648961, 44.33053337], [-120.76642491, 44.3347667], [-120.76586271, 44.33622896], [-120.76504497, 44.33805672], [-120.76376724, 44.33853193], [-120.76305171, 44.33981132], [-120.76110956, 44.34189484], [-120.75957629, 44.34218726], [-120.75875854, 44.34269899], [-120.75797732, 44.34311802], [-120.75800664, 44.34313375], [-120.71368977, 44.34276371], [-120.69463859, 44.32604603], [-120.72913262, 44.32504234], [-120.76652872, 44.32534487]]]}, "properties": {"zone_name": "US-OR-CRO-CRR-4S-K", "level": 2, "fire_name": "Rowe Creek Complex", "county": "Crook", "addresses": 14, "unmatched_addresses": 0, "unmatched_fraction_pct": 0, "geometry_source": "cached", "geometry_cache_age_days": 0, "overlapping_zips": [{"zip": "97754", "fraction_pct": 100.0}]}}, {"type": "Feature", "geometry": {"type": "Polygon", "coordinates": [[[-120.63758645, 44.30511331], [-120.6379208, 44.3053303], [-120.6389147, 44.3059642], [-120.6402651, 44.3068287], [-120.6407506, 44.3071409], [-120.6417634, 44.3077978], [-120.6434969, 44.3089148], [-120.6439767, 44.3092351], [-120.6442517, 44.3094359], [-120.6445704, 44.3096856], [-120.6449592, 44.3100222], [-120.645824, 44.3108501], [-120.6463228, 44.3113346], [-120.646852, 44.3118041], [-120.647383, 44.3122167], [-120.647916, 44.3125763], [-120.648337, 44.312826], [-120.6489363, 44.3131517], [-120.6495603, 44.3134666], [-120.650281, 44.3138248], [-120.6507267, 44.3140433], [-120.6517471, 44.3145427], [-120.6526252, 44.3149756], [-120.6531127, 44.3152158], [-120.6556249, 44.3164432], [-120.6560913, 44.3166546], [-120.6568323, 44.3170144], [-120.6576829, 44.3173644], [-120.6579947, 44.3174877], [-120.6584355, 44.3176322], [-120.6587807, 44.3177305], [-120.6592889, 44.3178686], [-120.6595065, 44.3179228], [-120.6599316, 44.3180106], [-120.660371, 44.318078], [-120.6608869, 44.3181512], [-120.6611364, 44.3181679], [-120.6624291, 44.31824], [-120.6632319, 44.3182297], [-120.6641192, 44.3181791], [-120.6649821, 44.3180724], [-120.6653464, 44.3180121], [-120.6657034, 44.3179454], [-120.6660748, 44.3178666], [-120.66667592, 44.31769373], [-120.66747543, 44.3194956], [-120.66727609, 44.32067216], [-120.66702692, 44.32177739], [-120.66727609, 44.32262444], [-120.6684721, 44.32622516], [-120.6683226, 44.32864929], [-120.6683226, 44.33175059], [-120.66827276, 44.33328336], [-120.66897043, 44.33527946], [-120.66897043, 44.33789817], [-120.66887077, 44.34082079], [-120.66946577, 44.34240944], [-120.63143261, 44.34123442], [-120.63758645, 44.30511331]]]}, "properties": {"zone_name": "US-OR-CRO-CRR-4SK-C", "level": 2, "fire_name": "Rowe Creek Complex", "county": "Crook", "addresses": 34, "unmatched_addresses": 0, "unmatched_fraction_pct": 0, "geometry_source": "cached", "geometry_cache_age_days": 0, "overlapping_zips": [{"zip": "97754", "fraction_pct": 100.0}]}}, {"type": "Feature", "geometry": {"type": "Polygon", "coordinates": [[[-120.69458488, 44.32604759], [-120.66843612, 44.32680846], [-120.6684721, 44.32622516], [-120.66727609, 44.32262444], [-120.66702692, 44.32177739], [-120.66727609, 44.32067216], [-120.66747543, 44.3194956], [-120.66667592, 44.31769373], [-120.6667873, 44.3176617], [-120.6672574, 44.3175056], [-120.6678632, 44.3172986], [-120.6692252, 44.3168198], [-120.6725725, 44.315669], [-120.6734854, 44.3153595], [-120.6741806, 44.3151218], [-120.6759369, 44.3145308], [-120.6768368, 44.3142651], [-120.6778122, 44.3140365], [-120.6782484, 44.3139416], [-120.6787817, 44.3138399], [-120.6803081, 44.3136308], [-120.6810478, 44.3135358], [-120.6818459, 44.3133997], [-120.6822372, 44.3133045], [-120.6825803, 44.3132047], [-120.6829292, 44.3130772], [-120.6832952, 44.3129286], [-120.6835969, 44.3127989], [-120.6838946, 44.3126578], [-120.6843842, 44.3124182], [-120.6850113, 44.3121213], [-120.6854788, 44.3119072], [-120.6858394, 44.3117664], [-120.6862077, 44.3116398], [-120.6866565, 44.3115178], [-120.6870089, 44.3114418], [-120.6874756, 44.3113594], [-120.687989, 44.3113067], [-120.6887006, 44.3112355], [-120.6899534, 44.3111368], [-120.6902967, 44.3111058], [-120.69032737, 44.31110322], [-120.69051675, 44.31234742], [-120.69105223, 44.31366575], [-120.69125191, 44.31412683], [-120.69124283, 44.31558799], [-120.69101593, 44.31652311], [-120.69092517, 44.31682182], [-120.69107039, 44.31749717], [-120.69126098, 44.31782186], [-120.69135174, 44.31895175], [-120.69195076, 44.32038681], [-120.69249533, 44.3223348], [-120.69319418, 44.32312696], [-120.69377505, 44.32323085], [-120.69422885, 44.32401002], [-120.69458488, 44.32604759]]]}, "properties": {"zone_name": "US-OR-CRO-CRR-4S-L", "level": 2, "fire_name": "Rowe Creek Complex", "county": "Crook", "addresses": 18, "unmatched_addresses": 0, "unmatched_fraction_pct": 0, "geometry_source": "cached", "geometry_cache_age_days": 0, "overlapping_zips": [{"zip": "97754", "fraction_pct": 100.0}]}}, {"type": "Feature", "geometry": {"type": "Polygon", "coordinates": [[[-120.36623974, 44.28022982], [-120.36726737, 44.28026326], [-120.36762231, 44.2788475], [-120.36909274, 44.27804885], [-120.36954908, 44.27645152], [-120.37051247, 44.27608848], [-120.37137445, 44.27525349], [-120.37223642, 44.27514458], [-120.37365615, 44.27663304], [-120.37319981, 44.27775843], [-120.37436602, 44.27877489], [-120.37538011, 44.27910161], [-120.37624209, 44.27815776], [-120.37786463, 44.27761322], [-120.37872661, 44.27688716], [-120.37958859, 44.27463632], [-120.38171818, 44.27300259], [-120.3852168, 44.27046114], [-120.38602807, 44.26962607], [-120.38628159, 44.26722972], [-120.38785343, 44.26501482], [-120.38912105, 44.2642886], [-120.39059148, 44.2642886], [-120.39292389, 44.26334451], [-120.3952563, 44.26352607], [-120.3974873, 44.26370763], [-120.39845069, 44.26294508], [-120.39997183, 44.26254565], [-120.40134085, 44.26185572], [-120.40326763, 44.26210991], [-120.40453524, 44.26261828], [-120.40671554, 44.2624004], [-120.40904795, 44.26214622], [-120.41117754, 44.26091159], [-120.41330713, 44.2598585], [-120.41391559, 44.26054846], [-120.41350995, 44.26149259], [-120.41300291, 44.26261828], [-120.41345925, 44.26341714], [-120.41320572, 44.26486958], [-120.4129015, 44.26603151], [-120.41442263, 44.26519637], [-120.4173635, 44.2626909], [-120.41908746, 44.2629814], [-120.41989873, 44.26345345], [-120.42076071, 44.26309033], [-120.42202832, 44.26338082], [-120.42212973, 44.2646154], [-120.42253537, 44.26548685], [-120.42248466, 44.26632198], [-120.42339734, 44.26690294], [-120.42354946, 44.26799221], [-120.42451285, 44.26813744], [-120.42537482, 44.26835529], [-120.4251213, 44.26966238], [-120.42390439, 44.27133251], [-120.42319453, 44.27187711], [-120.42390439, 44.27430958], [-120.42339734, 44.27554393], [-120.42375228, 44.27663304], [-120.42567905, 44.27768582], [-120.42720019, 44.27692346], [-120.4284171, 44.27677825], [-120.42973542, 44.27561653], [-120.42932978, 44.27427327], [-120.4306481, 44.27282106], [-120.43236614, 44.27278323], [-120.43600341, 44.27076849], [-120.43813088, 44.27116162], [-120.43943481, 44.27194786], [-120.44135639, 44.27234098], [-120.44327797, 44.27234098], [-120.44567994, 44.27243926], [-120.45027801, 44.27361859], [-120.45384666, 44.27450308], [-120.45569961, 44.27469963], [-120.45659177, 44.27376601], [-120.45858198, 44.27381515], [-120.4583761, 44.27528928], [-120.45926826, 44.27637029], [-120.45933689, 44.27715646], [-120.46016042, 44.27809003], [-120.46311142, 44.27858137], [-120.46558202, 44.27858137], [-120.46709184, 44.27774608], [-120.46963107, 44.27813916], [-120.47223893, 44.27990799], [-120.47402325, 44.28059585], [-120.47621934, 44.28039932], [-120.47800367, 44.27887618], [-120.47793504, 44.27794262], [-120.47992525, 44.2783357], [-120.48507234, 44.27946579], [-120.48850373, 44.27976059], [-120.48932727, 44.27912185], [-120.49200375, 44.27804089], [-120.49516063, 44.27784435], [-120.49694496, 44.27764781], [-120.50010184, 44.27656683], [-120.50218387, 44.2760407], [-120.50171611, 44.2783013], [-120.50043127, 44.28181129], [-120.49851563, 44.28443915], [-120.49820074, 44.28678995], [-120.49748099, 44.28923727], [-120.4971661, 44.29134638], [-120.4960415, 44.29323003], [-120.49471446, 44.29474335], [-120.49415216, 44.29638541], [-120.494602, 44.29817231], [-120.49487191, 44.29931526], [-120.4943096, 44.30219666], [-120.49325247, 44.30475601], [-120.49273515, 44.30567348], [-120.49224033, 44.30762105], [-120.4917455, 44.30905352], [-120.49028351, 44.31056643], [-120.48927137, 44.31220805], [-120.48807928, 44.31449337], [-120.48702215, 44.31661767], [-120.48679723, 44.31798555], [-120.48702215, 44.3193534], [-120.48794433, 44.32099478], [-120.48882152, 44.32212119], [-120.48981118, 44.32437394], [-120.48987079, 44.32455305], [-120.48664026, 44.32314628], [-120.47938479, 44.32069396], [-120.47412886, 44.31938602], [-120.46875867, 44.3190999], [-120.4657308, 44.31860941], [-120.46367413, 44.31713791], [-120.46218876, 44.31521674], [-120.45447626, 44.31223267], [-120.45196256, 44.30977989], [-120.44710653, 44.30777671], [-120.44196486, 44.30597788], [-120.43962255, 44.30344308], [-120.43230995, 44.3019712], [-120.42534013, 44.29980421], [-120.41608513, 44.30098993], [-120.41122911, 44.30143968], [-120.40585892, 44.30160323], [-120.40208836, 44.30111259], [-120.39654679, 44.30295246], [-120.3955264, 44.30344277], [-120.39477455, 44.30449285], [-120.39460478, 44.30464038], [-120.394338, 44.30464038], [-120.39411972, 44.30454492], [-120.39408334, 44.30418043], [-120.39390144, 44.30397215], [-120.392422, 44.30384198], [-120.39111232, 44.30392876], [-120.38997242, 44.30411968], [-120.38965713, 44.30411968], [-120.38954799, 44.30377255], [-120.38991179, 44.30299149], [-120.39029984, 44.30285264], [-120.38931289, 44.30187734], [-120.38847671, 44.30097332], [-120.3885123, 44.30070594], [-120.38904603, 44.30064227], [-120.38966871, 44.30085873], [-120.39046931, 44.300846], [-120.39094966, 44.30093513], [-120.39269318, 44.29975097], [-120.39358273, 44.29908886], [-120.39365389, 44.298223], [-120.39406309, 44.29754813], [-120.39491706, 44.29678412], [-120.39507717, 44.2959055], [-120.39603789, 44.29488679], [-120.39642929, 44.2935497], [-120.39536183, 44.29230173], [-120.39406309, 44.29208524], [-120.39279993, 44.29205977], [-120.39052268, 44.29123202], [-120.38872579, 44.29020049], [-120.38778286, 44.28990758], [-120.38785403, 44.28937271], [-120.387516, 44.2889015], [-120.38630621, 44.28859586], [-120.38619878, 44.28877365], [-120.38564114, 44.2887487], [-120.38398465, 44.28911925], [-120.38222463, 44.28863754], [-120.38222463, 44.28815582], [-120.38261287, 44.28717384], [-120.38139639, 44.28491337], [-120.38030932, 44.28337546], [-120.37924813, 44.28339399], [-120.37821283, 44.28296782], [-120.37471867, 44.28319017], [-120.37373513, 44.28315311], [-120.37259629, 44.28428339], [-120.37135392, 44.28319017], [-120.37024097, 44.28241193], [-120.36848095, 44.28415369], [-120.36791153, 44.28393134], [-120.36778212, 44.28220811], [-120.36628093, 44.28104073], [-120.36623974, 44.28022982]]]}, "properties": {"zone_name": "US-OR-CRO-CRR-8S-M", "level": 2, "fire_name": "Rowe Creek Complex", "county": "Crook", "addresses": 1, "unmatched_addresses": 1, "unmatched_fraction_pct": 98.3, "geometry_source": "cached", "geometry_cache_age_days": 0, "overlapping_zips": [{"zip": "97754", "fraction_pct": 1.7}]}}, {"type": "Feature", "geometry": {"type": "Polygon", "coordinates": [[[-120.69236869, 44.39532047], [-120.65895796, 44.38967105], [-120.65904485, 44.38945225], [-120.65880622, 44.38948678], [-120.659363, 44.38684466], [-120.66085801, 44.38452979], [-120.6642467, 44.38032717], [-120.6646952, 44.37683663], [-120.66479486, 44.3751269], [-120.66581147, 44.37266551], [-120.66640947, 44.37148999], [-120.66675831, 44.36892515], [-120.66805398, 44.36760706], [-120.66880149, 44.36611081], [-120.66939949, 44.36368824], [-120.67069516, 44.36140808], [-120.67125757, 44.35953756], [-120.67160641, 44.35700782], [-120.67195524, 44.35426418], [-120.67150674, 44.35294576], [-120.6711579, 44.35002375], [-120.67036577, 44.34481241], [-120.66946014, 44.34239441], [-120.71439227, 44.34276958], [-120.69236869, 44.39532047]]]}, "properties": {"zone_name": "US-OR-CRO-CRR-4SC-A", "level": 2, "fire_name": "Rowe Creek Complex", "county": "Crook", "addresses": 17, "unmatched_addresses": 0, "unmatched_fraction_pct": 0, "geometry_source": "cached", "geometry_cache_age_days": 0, "overlapping_zips": [{"zip": "97754", "fraction_pct": 100.0}]}}, {"type": "Feature", "geometry": {"type": "Polygon", "coordinates": [[[-120.75800664, 44.34313375], [-120.76045788, 44.34444852], [-120.76168525, 44.34608951], [-120.76243234, 44.34849366], [-120.76262312, 44.34849399], [-120.7635308, 44.34991016], [-120.76348333, 44.35082679], [-120.76429042, 44.35211683], [-120.7645278, 44.35395001], [-120.76794609, 44.35425553], [-120.77039111, 44.35520603], [-120.77155427, 44.35646204], [-120.7720053, 44.36345442], [-120.77342958, 44.36515148], [-120.77285987, 44.36562664], [-120.77236137, 44.36701818], [-120.77303028, 44.36769561], [-120.72759145, 44.40127629], [-120.69236869, 44.39532047], [-120.71439227, 44.34276958], [-120.75800664, 44.34313375]]]}, "properties": {"zone_name": "US-OR-CRO-CRR-4SC-B", "level": 2, "fire_name": "Rowe Creek Complex", "county": "Crook", "addresses": 9, "unmatched_addresses": 0, "unmatched_fraction_pct": 0, "geometry_source": "cached", "geometry_cache_age_days": 0, "overlapping_zips": [{"zip": "97754", "fraction_pct": 100.0}]}}, {"type": "Feature", "geometry": {"type": "Polygon", "coordinates": [[[-120.46576043, 44.4501618], [-120.4648499, 44.4508118], [-120.4640693, 44.4512311], [-120.4634819, 44.4515068], [-120.462688, 44.4518227], [-120.4611725, 44.452311], [-120.4595418, 44.4528088], [-120.456425, 44.4537393], [-120.4540204, 44.4544685], [-120.4505242, 44.4555256], [-120.4487459, 44.4560617], [-120.4473317, 44.4564914], [-120.44654915, 44.45672823], [-120.4460503, 44.4568792], [-120.445267, 44.4571644], [-120.4443766, 44.4575492], [-120.4436068, 44.4579245], [-120.443221, 44.458148], [-120.4426304, 44.4585562], [-120.4419089, 44.4591133], [-120.4413108, 44.4596934], [-120.4405008, 44.4606295], [-120.4394698, 44.4618368], [-120.4384114, 44.4628784], [-120.4376751, 44.4634414], [-120.4372938, 44.4637042], [-120.4367876, 44.4640138], [-120.4360604, 44.4643659], [-120.4354794, 44.4646472], [-120.4349588, 44.4648436], [-120.433768, 44.4652927], [-120.427931, 44.467354], [-120.42707, 44.467655], [-120.425738, 44.468249], [-120.4252767, 44.4684529], [-120.4244343, 44.4690066], [-120.4229764, 44.4701753], [-120.4224594, 44.4705859], [-120.4219831, 44.4709197], [-120.4216433, 44.4711395], [-120.4212587, 44.4713477], [-120.4208393, 44.4715436], [-120.4205155, 44.4716871], [-120.420138, 44.4718306], [-120.4197291, 44.471951], [-120.4186304, 44.4722473], [-120.41813841, 44.47237195], [-120.4160573, 44.4728992], [-120.4136868, 44.4734998], [-120.412865, 44.473777], [-120.4124086, 44.4739536], [-120.411684, 44.474234], [-120.4104985, 44.4749774], [-120.4096348, 44.4757984], [-120.4090998, 44.476327], [-120.4066242, 44.4794427], [-120.4061985, 44.479846], [-120.4057916, 44.4801765], [-120.4053232, 44.4805198], [-120.4044636, 44.4811128], [-120.4016349, 44.4830396], [-120.3985852, 44.4851149], [-120.3981721, 44.4853972], [-120.3972723, 44.4860554], [-120.397107, 44.4861927], [-120.3964797, 44.4867715], [-120.3963587, 44.4868831], [-120.3956663, 44.4876374], [-120.3953236, 44.4880799], [-120.3949092, 44.4886856], [-120.3943835, 44.4896423], [-120.3937988, 44.490841], [-120.393379, 44.4916896], [-120.392337, 44.4938851], [-120.3919374, 44.4946792], [-120.3913607, 44.4958003], [-120.3908162, 44.4969138], [-120.3904729, 44.4975758], [-120.3901296, 44.4980598], [-120.3896977, 44.4986146], [-120.3892256, 44.4991311], [-120.3883834, 44.4999327], [-120.3878387, 44.5003452], [-120.387254, 44.500747], [-120.38707904, 44.50080295], [-120.38708907, 44.49996107], [-120.38708505, 44.49897797], [-120.38708526, 44.49895832], [-120.38719202, 44.48874696], [-120.38719427, 44.48853485], [-120.38719804, 44.48817802], [-120.38726153, 44.48216898], [-120.38732506, 44.47615596], [-120.38622496, 44.47615596], [-120.38616596, 44.47052292], [-120.38616217, 44.47018789], [-120.38616095, 44.47008], [-120.38613014, 44.46712045], [-120.38608363, 44.46265188], [-120.38602406, 44.45692893], [-120.38595473, 44.45027644], [-120.46576043, 44.4501618]]]}, "properties": {"zone_name": "US-OR-CRO-CRR-8S-O", "level": 2, "fire_name": "Rowe Creek Complex", "county": "Crook", "addresses": 25, "unmatched_addresses": 4, "unmatched_fraction_pct": 17.2, "geometry_source": "cached", "geometry_cache_age_days": 0, "overlapping_zips": [{"zip": "97754", "fraction_pct": 82.8}]}}, {"type": "Feature", "geometry": {"type": "Polygon", "coordinates": [[[-120.6280565, 44.51794183], [-120.627961, 44.5181588], [-120.6277303, 44.518568], [-120.6275426, 44.5188903], [-120.6274045, 44.5191293], [-120.6272898, 44.519301], [-120.6271852, 44.5194282], [-120.6270558, 44.5195482], [-120.6268935, 44.5196734], [-120.6266642, 44.5198379], [-120.6264429, 44.5199909], [-120.6262404, 44.5201281], [-120.6259118, 44.5203313], [-120.6257308, 44.5204489], [-120.6255899, 44.5205933], [-120.6254505, 44.5207731], [-120.6251675, 44.5211737], [-120.6249931, 44.5214969], [-120.6248771, 44.5217332], [-120.6248342, 44.5219506], [-120.6247933, 44.5222227], [-120.6247842, 44.522428], [-120.6247839, 44.5226587], [-120.6248099, 44.522871], [-120.6248798, 44.5230861], [-120.6250937, 44.5235928], [-120.6251515, 44.5238338], [-120.6251125, 44.5239657], [-120.6249811, 44.5241092], [-120.6247102, 44.5242994], [-120.6245855, 44.5244562], [-120.6245653, 44.5245633], [-120.62459, 44.5247089], [-120.6247853, 44.5250127], [-120.6248711, 44.5252298], [-120.6248657, 44.5254239], [-120.6248282, 44.5255529], [-120.6246404, 44.5257212], [-120.6244245, 44.5258388], [-120.6242234, 44.5259306], [-120.624045, 44.5259727], [-120.6238881, 44.5259602], [-120.6237727, 44.5259191], [-120.6236655, 44.5258206], [-120.6235179, 44.5255577], [-120.6233141, 44.5252556], [-120.6230083, 44.5248836], [-120.6227696, 44.524592], [-120.6225637, 44.5243339], [-120.6223859, 44.5241688], [-120.6221768, 44.5240556], [-120.6219301, 44.5239973], [-120.6214526, 44.523928], [-120.6208639, 44.5238022], [-120.6203214, 44.5237018], [-120.6201176, 44.5236684], [-120.6197883, 44.5236397], [-120.6195027, 44.5235775], [-120.619221, 44.5234303], [-120.6189166, 44.5232304], [-120.6186216, 44.5229799], [-120.6183761, 44.5226998], [-120.6180712, 44.5222934], [-120.6177753, 44.5219358], [-120.617495, 44.5216413], [-120.6173904, 44.5214883], [-120.6173529, 44.5213152], [-120.6173542, 44.5212019], [-120.6171779, 44.5210293], [-120.6168848, 44.5209509], [-120.616677, 44.5208856], [-120.6163189, 44.5206861], [-120.6160735, 44.5205722], [-120.6157757, 44.5204699], [-120.6155513, 44.5204401], [-120.6153573, 44.5204632], [-120.6148906, 44.5206516], [-120.6144008, 44.5208628], [-120.6142162, 44.5209178], [-120.6139626, 44.5209528], [-120.6137788, 44.5209452], [-120.6136246, 44.5208897], [-120.6133296, 44.5207386], [-120.6131338, 44.5206353], [-120.6129943, 44.5206086], [-120.6128497, 44.5206229], [-120.6127127, 44.5207233], [-120.612708, 44.5210269], [-120.6128924, 44.5215189], [-120.6129581, 44.5216222], [-120.613068, 44.5217226], [-120.6132012, 44.52179], [-120.613807, 44.5219721], [-120.614009, 44.5220753], [-120.6141745, 44.5222163], [-120.6142844, 44.522345], [-120.6142979, 44.5224865], [-120.614223, 44.5226253], [-120.6140699, 44.5227638], [-120.6139486, 44.5229518], [-120.6138352, 44.5232912], [-120.6137185, 44.5237697], [-120.6135863, 44.5241562], [-120.6134717, 44.5242784], [-120.6132874, 44.5243679], [-120.6127502, 44.5245471], [-120.6123264, 44.5246933], [-120.6120782, 44.5248274], [-120.6120028, 44.5250813], [-120.6120939, 44.5252156], [-120.6124444, 44.5254597], [-120.613294, 44.5260161], [-120.6134221, 44.5261352], [-120.6135213, 44.5262882], [-120.6136514, 44.5266172], [-120.6138566, 44.5268045], [-120.6141262, 44.5269957], [-120.6142388, 44.5271382], [-120.6143074, 44.5272846], [-120.6143615, 44.5275182], [-120.6143927, 44.527774], [-120.6143528, 44.5279958], [-120.6143153, 44.5281765], [-120.6143381, 44.5283161], [-120.6144507, 44.5284939], [-120.6146237, 44.5287425], [-120.6147055, 44.5290016], [-120.6147464, 44.5292468], [-120.6148021, 44.5294131], [-120.614963, 44.5296832], [-120.6150147, 44.5298368], [-120.6150274, 44.529993], [-120.6149697, 44.530168], [-120.6148525, 44.5303754], [-120.6148517, 44.5304825], [-120.6150274, 44.5306441], [-120.6152333, 44.5306971], [-120.615541, 44.530754], [-120.615887, 44.5307827], [-120.6163035, 44.5307889], [-120.6165521, 44.5308151], [-120.6167058, 44.5308826], [-120.6168024, 44.5310126], [-120.6168298, 44.5311269], [-120.616791, 44.531233], [-120.616685, 44.5313276], [-120.6164557, 44.5314634], [-120.6163028, 44.5315829], [-120.6162565, 44.531689], [-120.6163249, 44.5318721], [-120.6164677, 44.5319806], [-120.6169301, 44.5323355], [-120.6173247, 44.5326823], [-120.6175795, 44.5330456], [-120.617905, 44.5335052], [-120.618179, 44.5340828], [-120.6182179, 44.5342549], [-120.6181884, 44.5344691], [-120.6180717, 44.5347023], [-120.6180583, 44.5348581], [-120.6181623, 44.5349819], [-120.6182648, 44.5350496], [-120.6187041, 44.5352037], [-120.6188985, 44.5353543], [-120.6189099, 44.5354723], [-120.6188495, 44.5355981], [-120.6184546, 44.5361071], [-120.6182514, 44.5363227], [-120.6180932, 44.5364183], [-120.6179094, 44.536488], [-120.617599, 44.5365502], [-120.6174548, 44.5366257], [-120.6173582, 44.5368255], [-120.6174052, 44.5369421], [-120.6175125, 44.537076], [-120.6176907, 44.537326], [-120.6177318, 44.5374693], [-120.6177438, 44.5376012], [-120.6176828, 44.5377633], [-120.6174811, 44.5380999], [-120.6173234, 44.5383253], [-120.61721, 44.5386092], [-120.6171718, 44.5389285], [-120.6170981, 44.5390757], [-120.6168929, 44.5392899], [-120.6164369, 44.5397946], [-120.6162357, 44.5399379], [-120.6158173, 44.5401425], [-120.6154284, 44.5403394], [-120.6152634, 44.5403834], [-120.6150971, 44.5403729], [-120.6149268, 44.5403222], [-120.6141859, 44.5400273], [-120.6138024, 44.5397991], [-120.6136524, 44.5397476], [-120.6135073, 44.539752], [-120.6133973, 44.5397902], [-120.613292, 44.5398825], [-120.6130613, 44.5402572], [-120.6129017, 44.5404771], [-120.6126992, 44.5406644], [-120.6124538, 44.5408135], [-120.6122737, 44.5408809], [-120.6120569, 44.5409779], [-120.611912, 44.5410582], [-120.6118034, 44.5411366], [-120.6116327, 44.5413856], [-120.6114315, 44.5416934], [-120.6112294, 44.5419453], [-120.6110778, 44.5420638], [-120.6108217, 44.5421756], [-120.6105307, 44.5422731], [-120.6101109, 44.5423716], [-120.6096844, 44.5424366], [-120.6091735, 44.5424414], [-120.6082709, 44.5424318], [-120.6077398, 44.5424404], [-120.6071665, 44.5424667], [-120.6070331, 44.5424605], [-120.6068641, 44.5424079], [-120.6066817, 44.542167], [-120.6066254, 44.5420323], [-120.6063719, 44.5419023], [-120.6061996, 44.5419142], [-120.6060313, 44.5419931], [-120.6059046, 44.5421435], [-120.6058408, 44.5422932], [-120.605806, 44.5424739], [-120.6057885, 44.5427778], [-120.6057322, 44.5429709], [-120.6055941, 44.5432567], [-120.6053851, 44.543661], [-120.6051991, 44.5439004], [-120.6049398, 44.5440998], [-120.604778, 44.5441604], [-120.6046171, 44.5441814], [-120.6044696, 44.5441566], [-120.6041879, 44.5440667], [-120.6040833, 44.5440686], [-120.6038982, 44.5441279], [-120.6038017, 44.5444013], [-120.6038285, 44.5446765], [-120.6038319, 44.5450039], [-120.6037889, 44.5451769], [-120.6036615, 44.5453843], [-120.6035227, 44.5455578], [-120.603266, 44.545816], [-120.6030165, 44.5459817], [-120.6026557, 44.54617], [-120.6021756, 44.5463698], [-120.6018269, 44.5464806], [-120.6016324, 44.5465141], [-120.6014286, 44.546517], [-120.601157, 44.5464887], [-120.6009376, 44.5464896], [-120.6006628, 44.5465561], [-120.6000486, 44.5468821], [-120.5998944, 44.5469423], [-120.5997039, 44.5469671], [-120.5985962, 44.5469862], [-120.598338, 44.5469532], [-120.5980725, 44.5468596], [-120.5977477, 44.5466936], [-120.5975092, 44.5465384], [-120.5973342, 44.5463191], [-120.5971813, 44.54604], [-120.5970311, 44.545738], [-120.596889, 44.5455707], [-120.5967464, 44.5454755], [-120.596606, 44.5453987], [-120.5965014, 44.5453098], [-120.5963941, 44.5451416], [-120.5963619, 44.5448739], [-120.5963793, 44.5445002], [-120.5963297, 44.5440281], [-120.5962244, 44.5436232], [-120.5960763, 44.5431783], [-120.5958577, 44.542775], [-120.5956404, 44.542407], [-120.5954942, 44.5422722], [-120.5952998, 44.5421976], [-120.5951777, 44.5422005], [-120.5950369, 44.5422492], [-120.5948599, 44.5424729], [-120.5948438, 44.5426794], [-120.5948719, 44.5430024], [-120.5948002, 44.5431931], [-120.5947117, 44.5433919], [-120.594508, 44.544059], [-120.5943787, 44.5445226], [-120.5943251, 44.5446412], [-120.5941695, 44.5447673], [-120.5939686, 44.5448593], [-120.5938369, 44.5449795], [-120.5938074, 44.5451745], [-120.5938503, 44.5453446], [-120.5938503, 44.5455014], [-120.5938289, 44.5456562], [-120.593601, 44.5462519], [-120.5934591, 44.5465021], [-120.593304, 44.5467406], [-120.5927054, 44.547326], [-120.5922917, 44.547791], [-120.5919517, 44.5482015], [-120.5918471, 44.5483028], [-120.5916993, 44.5483765], [-120.5915105, 44.5484505], [-120.5912181, 44.5485241], [-120.5910612, 44.5486603], [-120.5909693, 44.5488844], [-120.5908205, 44.5491013], [-120.5903873, 44.5495257], [-120.5901079, 44.549854], [-120.5899581, 44.5499644], [-120.5897831, 44.5500059], [-120.5896148, 44.5500031], [-120.5894653, 44.5499734], [-120.5893305, 44.5499299], [-120.5891266, 44.5498067], [-120.589014, 44.5496815], [-120.5888383, 44.5494741], [-120.5887324, 44.5493713], [-120.5886003, 44.5493164], [-120.5884286, 44.5493111], [-120.5882657, 44.5493747], [-120.5881664, 44.5494798], [-120.5880973, 44.5496356], [-120.5880685, 44.5498067], [-120.5881342, 44.5499242], [-120.5881718, 44.5500279], [-120.5882026, 44.5501636], [-120.5882657, 44.5502941], [-120.5884185, 44.5504824], [-120.5887565, 44.5508149], [-120.5890945, 44.5511341], [-120.5892701, 44.5513014], [-120.5894492, 44.5514686], [-120.5896812, 44.5516928], [-120.5899812, 44.5519642], [-120.5902183, 44.5521835], [-120.5905422, 44.5525017], [-120.5911403, 44.5530575], [-120.5917807, 44.5536505], [-120.5922474, 44.554069], [-120.592647, 44.5544437], [-120.5928288, 44.554662], [-120.5929625, 44.5549273], [-120.5930983, 44.5551886], [-120.593335, 44.5557041], [-120.5935644, 44.5561695], [-120.5936421, 44.5563951], [-120.5936663, 44.5565575], [-120.593683, 44.5568858], [-120.5937189, 44.5572743], [-120.593732, 44.5575217], [-120.593787, 44.5577625], [-120.5938675, 44.557989], [-120.5940217, 44.5583464], [-120.5941256, 44.5586412], [-120.5942926, 44.5590296], [-120.5945233, 44.5595944], [-120.5946104, 44.5598199], [-120.5946346, 44.560032], [-120.5946171, 44.5601945], [-120.5946044, 44.5603497], [-120.5946252, 44.5605194], [-120.5947291, 44.5606522], [-120.5949162, 44.5608414], [-120.5953534, 44.5612093], [-120.5956592, 44.5614864], [-120.59591, 44.5617424], [-120.5960796, 44.5619302], [-120.5962144, 44.562139], [-120.5964048, 44.5624734], [-120.5964994, 44.562589], [-120.5966657, 44.5627195], [-120.5968977, 44.5628337], [-120.59714992, 44.56296904], [-120.58558951, 44.56295858], [-120.57940406, 44.56295299], [-120.57721205, 44.56295299], [-120.57614905, 44.56295299], [-120.57584603, 44.56295299], [-120.57103397, 44.56295299], [-120.56577379, 44.56294549], [-120.56536431, 44.5629449], [-120.55416508, 44.56292892], [-120.53729602, 44.56290603], [-120.52943221, 44.56289765], [-120.52890809, 44.56289709], [-120.51845808, 44.56288597], [-120.51640288, 44.56287798], [-120.51561908, 44.56287494], [-120.51120669, 44.56286857], [-120.51056718, 44.56286765], [-120.50113207, 44.56285405], [-120.49999771, 44.5628623], [-120.49997522, 44.56286247], [-120.49947908, 44.56286608], [-120.48942196, 44.56294035], [-120.48067206, 44.56300497], [-120.47947686, 44.56301369], [-120.47929802, 44.563015], [-120.47616702, 44.56303806], [-120.46718989, 44.56310367], [-120.46665592, 44.56310757], [-120.46564703, 44.56311495], [-120.46464905, 44.56312297], [-120.46348064, 44.56313145], [-120.45981108, 44.56315807], [-120.45702907, 44.56317796], [-120.44898105, 44.56323696], [-120.44738705, 44.5632487], [-120.44733613, 44.56324907], [-120.44652997, 44.56325501], [-120.444295, 44.56328108], [-120.443805, 44.56328653], [-120.44349792, 44.56328994], [-120.442106, 44.56330599], [-120.44105346, 44.56331795], [-120.44087924, 44.56331993], [-120.43391708, 44.56339908], [-120.42808878, 44.56346595], [-120.42730152, 44.56347499], [-120.42312298, 44.56352293], [-120.42048585, 44.56355351], [-120.41871205, 44.56357408], [-120.41291504, 44.56363993], [-120.41260964, 44.56364347], [-120.41257719, 44.56364385], [-120.41222392, 44.56364795], [-120.41093445, 44.56366286], [-120.40988199, 44.56367503], [-120.40368171, 44.56374574], [-120.40296952, 44.56375386], [-120.39770399, 44.56381392], [-120.39300508, 44.56386835], [-120.385527, 44.56395498], [-120.38597108, 44.55108503], [-120.38598301, 44.55073801], [-120.38602707, 44.54945594], [-120.38626992, 44.54436007], [-120.38627039, 44.54434955], [-120.38627293, 44.54429205], [-120.386652, 44.53633094], [-120.38672705, 44.534756], [-120.38676135, 44.5313425], [-120.38680493, 44.52700699], [-120.38682198, 44.52526107], [-120.38684705, 44.52282102], [-120.38686293, 44.52115399], [-120.38690285, 44.51716562], [-120.386946, 44.51285593], [-120.38699556, 44.50792895], [-120.38703892, 44.50361905], [-120.38704895, 44.50261506], [-120.38705112, 44.50239788], [-120.38705397, 44.50211297], [-120.38707904, 44.50080295], [-120.387254, 44.500747], [-120.3878387, 44.5003452], [-120.3883834, 44.4999327], [-120.3892256, 44.4991311], [-120.3896977, 44.4986146], [-120.3901296, 44.4980598], [-120.3904729, 44.4975758], [-120.3908162, 44.4969138], [-120.3913607, 44.4958003], [-120.3919374, 44.4946792], [-120.39231147, 44.49393583], [-120.39316203, 44.49422474], [-120.3937579, 44.49499513], [-120.39422342, 44.49620383], [-120.39448411, 44.4971867], [-120.39519171, 44.49823597], [-120.39604827, 44.49911256], [-120.39728612, 44.49993538], [-120.39832888, 44.50097132], [-120.3991482, 44.50214004], [-120.39918544, 44.50236582], [-120.4007496, 44.50308298], [-120.40171788, 44.50346811], [-120.40251858, 44.50376028], [-120.40283513, 44.50358764], [-120.40279789, 44.50314938], [-120.40268617, 44.50280408], [-120.40277927, 44.50228613], [-120.40255582, 44.50097132], [-120.40296548, 44.50062601], [-120.40324479, 44.50042679], [-120.40322617, 44.4999221], [-120.40313307, 44.49901896], [-120.40335652, 44.4987002], [-120.40406411, 44.49828847], [-120.40510688, 44.49794314], [-120.40652206, 44.49762438], [-120.40972485, 44.49618992], [-120.4103952, 44.49616335], [-120.41087934, 44.49636259], [-120.4116428, 44.49661495], [-120.41222005, 44.496429], [-120.41296488, 44.49609694], [-120.41365385, 44.49581802], [-120.41447317, 44.49577817], [-120.41486421, 44.49588443], [-120.41544146, 44.49618992], [-120.41581387, 44.49618992], [-120.41598146, 44.49592427], [-120.41618629, 44.49563206], [-120.41655871, 44.4956055], [-120.41696837, 44.49573832], [-120.41765734, 44.49745171], [-120.41748975, 44.49783689], [-120.41760148, 44.49814237], [-120.41782493, 44.498408], [-120.41767596, 44.49871348], [-120.41741527, 44.49916506], [-120.41750837, 44.49941741], [-120.41842079, 44.4997096], [-120.4190539, 44.49998851], [-120.4195008, 44.50032054], [-120.4203946, 44.50029398], [-120.42151186, 44.50028069], [-120.42259187, 44.50062601], [-120.42263492, 44.50177232], [-120.42293285, 44.50197154], [-120.42362183, 44.50194498], [-120.42436666, 44.50193169], [-120.4252046, 44.50205122], [-120.42702944, 44.50194498], [-120.42810945, 44.50219731], [-120.42984119, 44.50222387], [-120.43147983, 44.50240981], [-120.43367709, 44.50242309], [-120.43445917, 44.50242309], [-120.43490607, 44.50247621], [-120.43535297, 44.50235668], [-120.43576263, 44.50195826], [-120.43648884, 44.50142702], [-120.43728954, 44.50080281], [-120.4378854, 44.50037781], [-120.43792265, 44.50011218], [-120.43792265, 44.4996739], [-120.43812748, 44.49944811], [-120.43853714, 44.49944811], [-120.438593, 44.49900982], [-120.43920749, 44.49870435], [-120.44004542, 44.49855825], [-120.44317373, 44.49857153], [-120.44512892, 44.49870435], [-120.44542685, 44.49843871], [-120.44613445, 44.49748242], [-120.4468048, 44.49696443], [-120.44760549, 44.49681833], [-120.44857378, 44.49652612], [-120.44879723, 44.4957159], [-120.44898344, 44.49502522], [-120.44943034, 44.49479942], [-120.45010069, 44.49464003], [-120.45095725, 44.49495881], [-120.45194415, 44.49562293], [-120.45263313, 44.4960214], [-120.45367589, 44.49764181], [-120.4538621, 44.49802698], [-120.4538621, 44.49837231], [-120.45432762, 44.49878404], [-120.45442073, 44.49918248], [-120.45429038, 44.49934186], [-120.45455108, 44.49966062], [-120.45538901, 44.49963405], [-120.45624557, 44.49950124], [-120.45726972, 44.49915592], [-120.45840559, 44.49875747], [-120.4590387, 44.49809339], [-120.45976492, 44.4974293], [-120.46026768, 44.49711053], [-120.46125458, 44.49692458], [-120.46298632, 44.49689802], [-120.46428979, 44.49740273], [-120.4654629, 44.49782775], [-120.46605877, 44.49774806], [-120.46741809, 44.49725663], [-120.46820017, 44.49719022], [-120.46926155, 44.49729648], [-120.47099329, 44.49800042], [-120.47166365, 44.49804026], [-120.47263193, 44.49825277], [-120.47503402, 44.49782775], [-120.47631886, 44.49802698], [-120.47721266, 44.49802698], [-120.47773405, 44.49813323], [-120.47825543, 44.49808011], [-120.47920509, 44.49798713], [-120.48111674, 44.49792221], [-120.48344333, 44.49950544], [-120.48343466, 44.49955452], [-120.48477973, 44.5007863], [-120.48572627, 44.50147325], [-120.48760273, 44.50262209], [-120.49024306, 44.50418543], [-120.49145529, 44.50495524], [-120.49162135, 44.50584347], [-120.49245164, 44.50638824], [-120.49379672, 44.50733566], [-120.49495913, 44.50865018], [-120.49960877, 44.5101423], [-120.50033943, 44.51079361], [-120.50359418, 44.51206069], [-120.51996757, 44.51468948], [-120.5220267, 44.51455923], [-120.52305626, 44.51457107], [-120.52391977, 44.51517497], [-120.52538108, 44.5153289], [-120.52641065, 44.51534074], [-120.52783875, 44.51575518], [-120.52845317, 44.51570781], [-120.53009715, 44.5153289], [-120.53848311, 44.51435793], [-120.5426844, 44.51381323], [-120.54384681, 44.51365929], [-120.54836361, 44.51384875], [-120.5517512, 44.51247514], [-120.55284719, 44.51233304], [-120.55327894, 44.51198964], [-120.55331216, 44.51151597], [-120.55309628, 44.51101861], [-120.55324573, 44.51075809], [-120.55395979, 44.51041467], [-120.55500595, 44.51069888], [-120.55545431, 44.5105923], [-120.55586946, 44.51005941], [-120.55606873, 44.50976335], [-120.55650048, 44.50945546], [-120.55691563, 44.50920677], [-120.55734738, 44.50889887], [-120.55827731, 44.50888703], [-120.55884191, 44.50888703], [-120.5593733, 44.50841333], [-120.55968881, 44.5079041], [-120.55997111, 44.50724092], [-120.56002093, 44.50676721], [-120.56151546, 44.50558292], [-120.5644713, 44.5032498], [-120.56498608, 44.50293002], [-120.56556729, 44.50274053], [-120.567012, 44.5018641], [-120.56845671, 44.50130744], [-120.56950288, 44.50130744], [-120.57059887, 44.50126006], [-120.57199376, 44.50115347], [-120.57305654, 44.50107056], [-120.57398646, 44.50075077], [-120.5760788, 44.50005197], [-120.57734085, 44.49973218], [-120.57807151, 44.49975587], [-120.57895162, 44.50000459], [-120.58013064, 44.50041914], [-120.58104396, 44.5004902], [-120.58243885, 44.50027701], [-120.58390017, 44.49977956], [-120.58502937, 44.49909259], [-120.58683941, 44.4986425], [-120.58848339, 44.49826348], [-120.58969562, 44.49845299], [-120.59089124, 44.49861881], [-120.59241898, 44.49871357], [-120.59338212, 44.49883201], [-120.59414599, 44.49895046], [-120.59505931, 44.4986425], [-120.59549107, 44.49786077], [-120.595873, 44.49693688], [-120.59652063, 44.49593007], [-120.59731771, 44.49566948], [-120.59794873, 44.49547996], [-120.59854655, 44.49527859], [-120.59921078, 44.49481663], [-120.59995804, 44.49454419], [-120.60053925, 44.49443758], [-120.60143597, 44.49457972], [-120.60215002, 44.49472187], [-120.60278104, 44.49474556], [-120.6049232, 44.4948877], [-120.60608561, 44.49527859], [-120.60728123, 44.49571686], [-120.60792886, 44.49588269], [-120.60842704, 44.49594191], [-120.60904146, 44.49600114], [-120.60965587, 44.49619066], [-120.61033671, 44.4966763], [-120.61247887, 44.4989623], [-120.61259511, 44.49949529], [-120.61237924, 44.49995722], [-120.61176482, 44.50077446], [-120.6119973, 44.50134297], [-120.61281099, 44.50157984], [-120.6145546, 44.50171013], [-120.61578344, 44.50172197], [-120.61669676, 44.50163906], [-120.61744403, 44.50154431], [-120.61888118, 44.50204434], [-120.61973424, 44.50258256], [-120.62035763, 44.50298037], [-120.62116148, 44.50319097], [-120.62167003, 44.50328457], [-120.62209656, 44.50357708], [-120.62280198, 44.50471198], [-120.62316289, 44.50519168], [-120.62378628, 44.50572987], [-120.62457372, 44.50627975], [-120.62478698, 44.50656054], [-120.62467215, 44.50680623], [-120.62427843, 44.50711042], [-120.62406516, 44.50759009], [-120.62373706, 44.50812826], [-120.62347458, 44.50843244], [-120.62298243, 44.50866642], [-120.62237545, 44.50880681], [-120.62185049, 44.5089706], [-120.62162082, 44.50930987], [-120.62098102, 44.50969594], [-120.62062011, 44.50991822], [-120.62014437, 44.51152094], [-120.62029201, 44.51189529], [-120.62066933, 44.51237493], [-120.62070214, 44.51332249], [-120.620899, 44.51368513], [-120.62129272, 44.51398928], [-120.62191611, 44.51411796], [-120.62271995, 44.51396589], [-120.6232121, 44.51395419], [-120.6235238, 44.51414136], [-120.62342537, 44.51452739], [-120.62308086, 44.51496022], [-120.62317929, 44.51540473], [-120.62401595, 44.51583755], [-120.62527913, 44.51650431], [-120.62631265, 44.5170307], [-120.6280565, 44.51794183]]]}, "properties": {"zone_name": "US-OR-CRO-CRR-4S-E", "level": 2, "fire_name": "Rowe Creek Complex", "county": "Crook", "addresses": 2, "unmatched_addresses": 2, "unmatched_fraction_pct": 99.9, "geometry_source": "cached", "geometry_cache_age_days": 0, "overlapping_zips": [{"zip": "97754", "fraction_pct": 0.1}]}}, {"type": "Feature", "geometry": {"type": "Polygon", "coordinates": [[[-120.7113983, 44.302675], [-120.712073, 44.3026244], [-120.712557, 44.3026149], [-120.713616, 44.3026053], [-120.7146529, 44.3025745], [-120.71509, 44.3025402], [-120.7158013, 44.3024547], [-120.7162539, 44.3023807], [-120.716545, 44.3023222], [-120.7169485, 44.3022236], [-120.717346, 44.3021134], [-120.7179238, 44.3019237], [-120.7185699, 44.3016769], [-120.7191864, 44.3014016], [-120.7209539, 44.3005924], [-120.7211566, 44.3004995], [-120.7218066, 44.3002049], [-120.7223889, 44.2999707], [-120.7227246, 44.2998582], [-120.7230531, 44.2997713], [-120.7234283, 44.2996981], [-120.723738, 44.2996588], [-120.7240565, 44.2996367], [-120.7243533, 44.2996425], [-120.724715, 44.2996693], [-120.725024, 44.2997164], [-120.7254763, 44.2998123], [-120.7261567, 44.3000073], [-120.7272623, 44.3003711], [-120.7291824, 44.3010153], [-120.730229, 44.3013696], [-120.7310708, 44.3016609], [-120.7317144, 44.3019328], [-120.7321503, 44.3021348], [-120.7326852, 44.3023852], [-120.733255, 44.3026088], [-120.733829, 44.3027783], [-120.7341896, 44.3028552], [-120.7345583, 44.3029168], [-120.7353133, 44.3029881], [-120.7364264, 44.3030306], [-120.7369075, 44.3030408], [-120.73820917, 44.303055], [-120.73937622, 44.32512521], [-120.72913262, 44.32504234], [-120.69458488, 44.32604759], [-120.69422885, 44.32401002], [-120.69377505, 44.32323085], [-120.69319418, 44.32312696], [-120.69249533, 44.3223348], [-120.69195076, 44.32038681], [-120.69135174, 44.31895175], [-120.69126098, 44.31782186], [-120.69107039, 44.31749717], [-120.69092517, 44.31682182], [-120.69101593, 44.31652311], [-120.69124283, 44.31558799], [-120.69125191, 44.31412683], [-120.69105223, 44.31366575], [-120.69051675, 44.31234742], [-120.69032737, 44.31110322], [-120.6908365, 44.3110604], [-120.6917056, 44.3109634], [-120.6920645, 44.3108828], [-120.6923303, 44.3108216], [-120.6925918, 44.3107544], [-120.6928533, 44.3106724], [-120.6932122, 44.3105365], [-120.6938722, 44.3102311], [-120.6940726, 44.3101095], [-120.6945692, 44.309815], [-120.6953915, 44.3092293], [-120.6960898, 44.3087397], [-120.6967759, 44.3082825], [-120.6970931, 44.3081113], [-120.6975824, 44.3078847], [-120.6979845, 44.3077177], [-120.6983487, 44.3075689], [-120.6990713, 44.3073608], [-120.6994146, 44.3072739], [-120.6997367, 44.3071976], [-120.7000988, 44.3071136], [-120.7007229, 44.3069755], [-120.7015115, 44.3068061], [-120.7026076, 44.3065791], [-120.7031979, 44.3064635], [-120.7036365, 44.3063653], [-120.7039308, 44.3062998], [-120.705214, 44.30599], [-120.7057052, 44.3058217], [-120.7059672, 44.3057095], [-120.7062221, 44.3055855], [-120.7067493, 44.3052827], [-120.7070942, 44.3050416], [-120.7072914, 44.3048886], [-120.7074845, 44.3047389], [-120.7087541, 44.3036628], [-120.7091811, 44.3033853], [-120.7096609, 44.3031368], [-120.7100178, 44.3029885], [-120.7104293, 44.3028572], [-120.710933, 44.302744], [-120.71111887, 44.30271644], [-120.7113983, 44.302675]]]}, "properties": {"zone_name": "US-OR-CRO-CRR-4S-D", "level": 2, "fire_name": "Rowe Creek Complex", "county": "Crook", "addresses": 62, "unmatched_addresses": 0, "unmatched_fraction_pct": 0, "geometry_source": "cached", "geometry_cache_age_days": 0, "overlapping_zips": [{"zip": "97754", "fraction_pct": 100.0}]}}, {"type": "Feature", "geometry": {"type": "Polygon", "coordinates": [[[-120.46363605, 44.4971496], [-120.46298632, 44.49689802], [-120.46125458, 44.49692458], [-120.46026768, 44.49711053], [-120.45976492, 44.4974293], [-120.4590387, 44.49809339], [-120.45840559, 44.49875747], [-120.45726972, 44.49915592], [-120.45624557, 44.49950124], [-120.45538901, 44.49963405], [-120.45455108, 44.49966062], [-120.45429038, 44.49934186], [-120.45442073, 44.49918248], [-120.45432762, 44.49878404], [-120.4538621, 44.49837231], [-120.4538621, 44.49802698], [-120.45367589, 44.49764181], [-120.45263313, 44.4960214], [-120.45194415, 44.49562293], [-120.45095725, 44.49495881], [-120.45010069, 44.49464003], [-120.44943034, 44.49479942], [-120.44898344, 44.49502522], [-120.44879723, 44.4957159], [-120.44857378, 44.49652612], [-120.44760549, 44.49681833], [-120.4468048, 44.49696443], [-120.44613445, 44.49748242], [-120.44542685, 44.49843871], [-120.44512892, 44.49870435], [-120.44317373, 44.49857153], [-120.44004542, 44.49855825], [-120.43920749, 44.49870435], [-120.438593, 44.49900982], [-120.43853714, 44.49944811], [-120.43812748, 44.49944811], [-120.43792265, 44.4996739], [-120.43792265, 44.50011218], [-120.4378854, 44.50037781], [-120.43728954, 44.50080281], [-120.43648884, 44.50142702], [-120.43576263, 44.50195826], [-120.43535297, 44.50235668], [-120.43490607, 44.50247621], [-120.43445917, 44.50242309], [-120.43367709, 44.50242309], [-120.43147983, 44.50240981], [-120.42984119, 44.50222387], [-120.42810945, 44.50219731], [-120.42702944, 44.50194498], [-120.4252046, 44.50205122], [-120.42436666, 44.50193169], [-120.42362183, 44.50194498], [-120.42293285, 44.50197154], [-120.42263492, 44.50177232], [-120.42259187, 44.50062601], [-120.42151186, 44.50028069], [-120.4203946, 44.50029398], [-120.4195008, 44.50032054], [-120.4190539, 44.49998851], [-120.41842079, 44.4997096], [-120.41750837, 44.49941741], [-120.41741527, 44.49916506], [-120.41767596, 44.49871348], [-120.41782493, 44.498408], [-120.41760148, 44.49814237], [-120.41748975, 44.49783689], [-120.41765734, 44.49745171], [-120.41696837, 44.49573832], [-120.41655871, 44.4956055], [-120.41618629, 44.49563206], [-120.41598146, 44.49592427], [-120.41581387, 44.49618992], [-120.41544146, 44.49618992], [-120.41486421, 44.49588443], [-120.41447317, 44.49577817], [-120.41365385, 44.49581802], [-120.41296488, 44.49609694], [-120.41222005, 44.496429], [-120.4116428, 44.49661495], [-120.41087934, 44.49636259], [-120.4103952, 44.49616335], [-120.40972485, 44.49618992], [-120.40652206, 44.49762438], [-120.40510688, 44.49794314], [-120.40406411, 44.49828847], [-120.40335652, 44.4987002], [-120.40313307, 44.49901896], [-120.40322617, 44.4999221], [-120.40324479, 44.50042679], [-120.40296548, 44.50062601], [-120.40255582, 44.50097132], [-120.40277927, 44.50228613], [-120.40268617, 44.50280408], [-120.40279789, 44.50314938], [-120.40283513, 44.50358764], [-120.40251858, 44.50376028], [-120.40171788, 44.50346811], [-120.4007496, 44.50308298], [-120.39918544, 44.50236582], [-120.3991482, 44.50214004], [-120.39832888, 44.50097132], [-120.39728612, 44.49993538], [-120.39604827, 44.49911256], [-120.39519171, 44.49823597], [-120.39448411, 44.4971867], [-120.39422342, 44.49620383], [-120.3937579, 44.49499513], [-120.39316203, 44.49422474], [-120.39231147, 44.49393583], [-120.39233608, 44.49388693], [-120.392337, 44.4938851], [-120.393379, 44.4916896], [-120.3937988, 44.490841], [-120.3943835, 44.4896423], [-120.3949092, 44.4886856], [-120.3953236, 44.4880799], [-120.3956663, 44.4876374], [-120.3963587, 44.4868831], [-120.3964797, 44.4867715], [-120.397107, 44.4861927], [-120.3972723, 44.4860554], [-120.3981721, 44.4853972], [-120.3985852, 44.4851149], [-120.4016349, 44.4830396], [-120.4044636, 44.4811128], [-120.4053232, 44.4805198], [-120.4057916, 44.4801765], [-120.4061985, 44.479846], [-120.4066242, 44.4794427], [-120.4090998, 44.476327], [-120.4096348, 44.4757984], [-120.4104985, 44.4749774], [-120.411684, 44.474234], [-120.4124086, 44.4739536], [-120.412865, 44.473777], [-120.4136868, 44.4734998], [-120.4160573, 44.4728992], [-120.4186304, 44.4722473], [-120.41888313, 44.47217914], [-120.4197291, 44.471951], [-120.420138, 44.4718306], [-120.4205155, 44.4716871], [-120.4208393, 44.4715436], [-120.4212587, 44.4713477], [-120.4216433, 44.4711395], [-120.4219831, 44.4709197], [-120.4224594, 44.4705859], [-120.4229764, 44.4701753], [-120.4244343, 44.4690066], [-120.4252767, 44.4684529], [-120.425738, 44.468249], [-120.42707, 44.467655], [-120.427931, 44.467354], [-120.433768, 44.4652927], [-120.43380106, 44.46528023], [-120.48919433, 44.48273861], [-120.48901252, 44.48287775], [-120.48750108, 44.48279933], [-120.48620948, 44.48358358], [-120.4850278, 44.48525009], [-120.48379116, 44.48617155], [-120.48227971, 44.48648524], [-120.48104308, 44.48668129], [-120.4792843, 44.48838692], [-120.4779927, 44.4896612], [-120.47667362, 44.49028853], [-120.47427424, 44.49021619], [-120.47302812, 44.49169775], [-120.47147498, 44.49303756], [-120.46925363, 44.49414546], [-120.46714064, 44.49587168], [-120.46363605, 44.4971496]]]}, "properties": {"zone_name": "US-OR-CRO-CRR-4S-F", "level": 2, "fire_name": "Rowe Creek Complex", "county": "Crook", "addresses": 5, "unmatched_addresses": 0, "unmatched_fraction_pct": 0.1, "geometry_source": "cached", "geometry_cache_age_days": 0, "overlapping_zips": [{"zip": "97754", "fraction_pct": 99.9}]}}, {"type": "Feature", "geometry": {"type": "Polygon", "coordinates": [[[-120.41970562, 44.39541803], [-120.41962127, 44.39538558], [-120.41766864, 44.39600567], [-120.41604145, 44.39697454], [-120.41257011, 44.39798216], [-120.40817669, 44.39949355], [-120.40725461, 44.39984233], [-120.40551894, 44.40104366], [-120.40389175, 44.40162494], [-120.40291544, 44.40185745], [-120.39949834, 44.40453124], [-120.39711179, 44.40611996], [-120.3949422, 44.40681743], [-120.39369469, 44.40782488], [-120.39168782, 44.40790238], [-120.38517905, 44.41096335], [-120.38398578, 44.41104084], [-120.38322642, 44.41169951], [-120.3830637, 44.41259064], [-120.38214163, 44.41355925], [-120.37812789, 44.41425663], [-120.37660918, 44.41518646], [-120.37405991, 44.41785965], [-120.37259544, 44.41979667], [-120.37085977, 44.42146245], [-120.36874442, 44.42305071], [-120.36809354, 44.42394167], [-120.36706299, 44.42463893], [-120.365707, 44.42611089], [-120.36332045, 44.42638204], [-120.36207293, 44.42738915], [-120.36028302, 44.42785396], [-120.35952367, 44.43002305], [-120.35767952, 44.43211459], [-120.35426242, 44.43389621], [-120.35312411, 44.43747247], [-120.35297005, 44.43747208], [-120.35268892, 44.43747107], [-120.35073856, 44.4374652], [-120.34969097, 44.43746205], [-120.34683893, 44.43745503], [-120.33738193, 44.43742895], [-120.33711602, 44.43742829], [-120.33239103, 44.43741508], [-120.33186602, 44.43741371], [-120.32356097, 44.43739202], [-120.31949401, 44.43737998], [-120.31771399, 44.43737597], [-120.3174296, 44.43737526], [-120.31690604, 44.43737397], [-120.30242004, 44.43735692], [-120.29975618, 44.43737166], [-120.29879498, 44.43737697], [-120.29821702, 44.43737998], [-120.29559897, 44.43739502], [-120.29414595, 44.4374102], [-120.29403465, 44.43741137], [-120.29456066, 44.43140178], [-120.29377851, 44.42849734], [-120.29487353, 44.42626307], [-120.29393494, 44.42257632], [-120.29534282, 44.41866589], [-120.29393494, 44.41039725], [-120.2883034, 44.40536845], [-120.28622983, 44.40201573], [-120.28622983, 44.40109864], [-120.28674095, 44.40014918], [-120.28750764, 44.40031351], [-120.28812099, 44.40003962], [-120.28814654, 44.39846931], [-120.28781431, 44.39772066], [-120.28668984, 44.3968807], [-120.28576982, 44.395219], [-120.28594871, 44.39456161], [-120.28755875, 44.39193199], [-120.28781431, 44.39098237], [-120.2871243, 44.38999622], [-120.28663873, 44.38632538], [-120.28689429, 44.38592358], [-120.28932213, 44.38407893], [-120.29062549, 44.38093741], [-120.2910855, 44.3797319], [-120.29167329, 44.37838024], [-120.29113661, 44.37651708], [-120.29070216, 44.37554895], [-120.28998659, 44.37476347], [-120.28985881, 44.37401452], [-120.29006326, 44.37339343], [-120.28983325, 44.37286367], [-120.28955213, 44.3722791], [-120.28929657, 44.37143878], [-120.28904101, 44.37087246], [-120.2881721, 44.37015999], [-120.28789098, 44.36964847], [-120.28778876, 44.36891772], [-120.28796765, 44.36818696], [-120.28873434, 44.36692638], [-120.28814654, 44.36579366], [-120.28845322, 44.36517248], [-120.28916879, 44.36464265], [-120.2908555, 44.36385703], [-120.29259332, 44.36310793], [-120.29494448, 44.36259635], [-120.29591562, 44.36197514], [-120.29652897, 44.36069615], [-120.298139, 44.35912479], [-120.29898236, 44.35866799], [-120.30189576, 44.35771783], [-120.30230466, 44.35713311], [-120.30235577, 44.35574438], [-120.30273911, 44.35541547], [-120.30394025, 44.35472108], [-120.30401184, 44.35430136], [-120.30767547, 44.35498985], [-120.3094584, 44.35459959], [-120.31007696, 44.35374102], [-120.31011335, 44.35251818], [-120.30978587, 44.35147745], [-120.31022251, 44.35100912], [-120.31138686, 44.35103514], [-120.31200543, 44.35191977], [-120.31280593, 44.35270031], [-120.31349727, 44.35251818], [-120.31407944, 44.3516856], [-120.31506187, 44.35137338], [-120.31669925, 44.35137338], [-120.31826386, 44.35147745], [-120.31902797, 44.3513994], [-120.32015594, 44.35095708], [-120.32139307, 44.35113921], [-120.32383095, 44.35077495], [-120.32434036, 44.35012448], [-120.32532278, 44.34903166], [-120.32663269, 44.34905768], [-120.32783343, 44.34877147], [-120.32921611, 44.34856331], [-120.33074433, 44.34853729], [-120.33204357, 44.34973538], [-120.33263934, 44.35002323], [-120.3332512, 44.34994263], [-120.33383086, 44.34962024], [-120.33450713, 44.34960872], [-120.3351512, 44.34982749], [-120.33577916, 44.349839], [-120.33648764, 44.34973538], [-120.33740543, 44.35019594], [-120.33856475, 44.35086375], [-120.33943424, 44.35146246], [-120.3399495, 44.35225691], [-120.34040034, 44.35283258], [-120.34106051, 44.35282107], [-120.34146305, 44.35261383], [-120.34180119, 44.35206118], [-120.34277683, 44.3518532], [-120.34311497, 44.35181866], [-120.34353361, 44.35149627], [-120.34412937, 44.35133508], [-120.34467683, 44.35131205], [-120.34524039, 44.35158838], [-120.34564293, 44.35172655], [-120.34665734, 44.35172655], [-120.34741412, 44.35153081], [-120.34802598, 44.35111632], [-120.34805818, 44.3507709], [-120.34814054, 44.34996471], [-120.34900773, 44.34976628], [-120.34973617, 44.35048561], [-120.35029117, 44.3516762], [-120.34931992, 44.35251952], [-120.34980554, 44.35346204], [-120.35063804, 44.35435494], [-120.34980554, 44.3550246], [-120.34845273, 44.35490059], [-120.34727335, 44.35532223], [-120.34709992, 44.35628951], [-120.34789773, 44.35698395], [-120.34900773, 44.35733117], [-120.35015242, 44.3579016], [-120.35105429, 44.35881924], [-120.35098492, 44.35986086], [-120.35188679, 44.36005926], [-120.35285804, 44.35986086], [-120.35389867, 44.35951365], [-120.35507804, 44.35956325], [-120.35636148, 44.35899284], [-120.35708992, 44.35916644], [-120.35764492, 44.35998486], [-120.35958742, 44.36018326], [-120.36215429, 44.36018326], [-120.36354179, 44.36005926], [-120.36465179, 44.36003446], [-120.36513741, 44.36043126], [-120.36562304, 44.36172085], [-120.3662821, 44.36273762], [-120.3668371, 44.36340719], [-120.36642085, 44.36390316], [-120.36551898, 44.36385356], [-120.36482523, 44.36340719], [-120.36420085, 44.36333279], [-120.36361116, 44.36397756], [-120.36263991, 44.36417594], [-120.36191148, 44.36415114], [-120.36066273, 44.36457272], [-120.35965679, 44.36472151], [-120.35930992, 44.36521747], [-120.36021179, 44.36583742], [-120.36111366, 44.36549025], [-120.36243179, 44.36521747], [-120.36371523, 44.36519267], [-120.36551898, 44.36556464], [-120.36673304, 44.36615978], [-120.36812054, 44.36650695], [-120.3693346, 44.36665573], [-120.37096491, 44.36744925], [-120.37165866, 44.36774681], [-120.3729421, 44.36705249], [-120.3743296, 44.36677972], [-120.37568241, 44.36670533], [-120.37817991, 44.36707729], [-120.37922054, 44.367846], [-120.3804346, 44.36908583], [-120.38532554, 44.3710695], [-120.38782304, 44.37168939], [-120.39066741, 44.37233406], [-120.39538491, 44.37491268], [-120.39711929, 44.37530938], [-120.40024116, 44.37590443], [-120.40301616, 44.37654906], [-120.40572179, 44.37858206], [-120.40742147, 44.37932583], [-120.40891304, 44.38054063], [-120.41043929, 44.38420965], [-120.41196554, 44.38681254], [-120.41356116, 44.38869647], [-120.41772366, 44.39110086], [-120.41970562, 44.39541803]]]}, "properties": {"zone_name": "US-OR-CRO-CRR-8S-I", "level": 2, "fire_name": "Rowe Creek Complex", "county": "Crook", "addresses": 2, "unmatched_addresses": 2, "unmatched_fraction_pct": 99.7, "geometry_source": "cached", "geometry_cache_age_days": 0, "overlapping_zips": [{"zip": "97754", "fraction_pct": 0.3}]}}, {"type": "Feature", "geometry": {"type": "Polygon", "coordinates": [[[-120.81782179, 44.40120439], [-120.8176442, 44.401289], [-120.8173893, 44.4014615], [-120.8171895, 44.4016521], [-120.8169602, 44.4019108], [-120.8167402, 44.4022165], [-120.8166584, 44.402365], [-120.8165874, 44.4025758], [-120.8165538, 44.4027406], [-120.8165471, 44.4028997], [-120.8165471, 44.4039823], [-120.8165418, 44.4052288], [-120.8165364, 44.4054942], [-120.8164935, 44.4057673], [-120.8164331, 44.4059828], [-120.8163393, 44.4062358], [-120.816118, 44.4067225], [-120.8158913, 44.4072331], [-120.8155507, 44.4079727], [-120.8152771, 44.4085773], [-120.8151282, 44.4088168], [-120.8149539, 44.4090783], [-120.8148325, 44.4092271], [-120.8146079, 44.4094922], [-120.8143531, 44.4097815], [-120.8140621, 44.4100804], [-120.813826, 44.4103113], [-120.8136758, 44.4104406], [-120.8135001, 44.4105671], [-120.8133164, 44.4107079], [-120.8129187, 44.4110065], [-120.8127196, 44.4112291], [-120.8122918, 44.4117962], [-120.8121054, 44.4120443], [-120.8118841, 44.4123097], [-120.811184, 44.4131843], [-120.8108515, 44.4135982], [-120.810319, 44.4142572], [-120.8099784, 44.4146615], [-120.8098537, 44.4148195], [-120.8096203, 44.4150782], [-120.80955022, 44.4151347], [-120.8004962, 44.41360375], [-120.72759145, 44.40127629], [-120.74553013, 44.38801906], [-120.81099117, 44.40106086], [-120.81782179, 44.40120439]]]}, "properties": {"zone_name": "US-OR-CRO-CRR-4SB-C", "level": 2, "fire_name": "Rowe Creek Complex", "county": "Crook", "addresses": 6, "unmatched_addresses": 0, "unmatched_fraction_pct": 0, "geometry_source": "cached", "geometry_cache_age_days": 0, "overlapping_zips": [{"zip": "97754", "fraction_pct": 100.0}]}}, {"type": "Feature", "geometry": {"type": "Polygon", "coordinates": [[[-120.62704344, 44.46729406], [-120.62686567, 44.46720433], [-120.62610171, 44.46691987], [-120.62517166, 44.46703839], [-120.62473985, 44.46665912], [-120.6250388, 44.46552128], [-120.6254706, 44.46514199], [-120.62497236, 44.4647627], [-120.62457377, 44.46405153], [-120.62377659, 44.46490493], [-120.62284654, 44.46526052], [-120.62168399, 44.46545016], [-120.62085359, 44.46535534], [-120.62058786, 44.46499976], [-120.62052143, 44.46454935], [-120.61925922, 44.46417006], [-120.61856169, 44.46417006], [-120.61803023, 44.46459676], [-120.61706697, 44.46445453], [-120.61670159, 44.46374335], [-120.6173327, 44.46305587], [-120.61759842, 44.46229727], [-120.61719983, 44.46189425], [-120.61680124, 44.46274769], [-120.61607049, 44.46312699], [-120.61590441, 44.46379076], [-120.61514044, 44.46409894], [-120.61474185, 44.46502346], [-120.61527331, 44.46573462], [-120.6165023, 44.46644577], [-120.61583798, 44.46654059], [-120.61497436, 44.46623243], [-120.61394467, 44.46601908], [-120.61347965, 44.46526052], [-120.61215101, 44.46483382], [-120.6108888, 44.46440712], [-120.60869655, 44.4639567], [-120.60716862, 44.46345888], [-120.60520888, 44.46272398], [-120.60384702, 44.46184684], [-120.60258482, 44.46123046], [-120.60221944, 44.46094597], [-120.6008908, 44.46047183], [-120.59976146, 44.45947611], [-120.59906393, 44.45938128], [-120.59766886, 44.45912049], [-120.59673881, 44.45909679], [-120.59647308, 44.45874117], [-120.59670559, 44.45748463], [-120.59637343, 44.45682078], [-120.59534374, 44.45618064], [-120.59511123, 44.45537453], [-120.59550982, 44.45461582], [-120.59521088, 44.45364371], [-120.59494515, 44.45295612], [-120.59438048, 44.45217367], [-120.59364973, 44.45184172], [-120.59155712, 44.45041905], [-120.58936487, 44.44956543], [-120.58763764, 44.44823756], [-120.58594363, 44.44695708], [-120.58491393, 44.44622198], [-120.58405032, 44.44477546], [-120.58378459, 44.44389804], [-120.58375138, 44.4429969], [-120.5831867, 44.44214318], [-120.58265525, 44.44102857], [-120.58218365, 44.43985894], [-120.58222104, 44.43985465], [-120.5841447, 44.4384223], [-120.58576607, 44.43704878], [-120.58738744, 44.43506694], [-120.58799202, 44.43371297], [-120.58920873, 44.43272103], [-120.59322093, 44.43140625], [-120.59638123, 44.43032694], [-120.59893694, 44.42922797], [-120.60003618, 44.42836449], [-120.6018774, 44.42695149], [-120.60325144, 44.42638235], [-120.6044635, 44.42511802], [-120.60707418, 44.42466662], [-120.60817341, 44.42386195], [-120.60877799, 44.42231145], [-120.6103444, 44.42186003], [-120.61218562, 44.42087867], [-120.61270775, 44.42062352], [-120.61331233, 44.42032911], [-120.61386195, 44.42040762], [-120.61391691, 44.42085905], [-120.61496402, 44.42038697], [-120.61611822, 44.41932708], [-120.61861898, 44.41744278], [-120.61969073, 44.41705021], [-120.62103729, 44.41683429], [-120.62315332, 44.41697169], [-120.62480217, 44.41712872], [-120.62592888, 44.41703058], [-120.62656094, 44.41653986], [-120.62755025, 44.41532287], [-120.62878689, 44.41422362], [-120.63018841, 44.41251583], [-120.63323879, 44.41149505], [-120.63714107, 44.41106318], [-120.63843267, 44.41025832], [-120.63914717, 44.40933566], [-120.63964182, 44.40766699], [-120.64076854, 44.40654797], [-120.64272737, 44.4054805], [-120.64437622, 44.40479336], [-120.64602507, 44.40343868], [-120.6474266, 44.40294785], [-120.64915789, 44.40188764], [-120.65099911, 44.40067034], [-120.6513014, 44.39988497], [-120.65220826, 44.39904069], [-120.65363727, 44.39803932], [-120.65502774, 44.39680684], [-120.65620942, 44.39572689], [-120.6569514, 44.39447018], [-120.65805063, 44.39274218], [-120.65857277, 44.39064101], [-120.65895796, 44.38967105], [-120.72937019, 44.40157705], [-120.62704344, 44.46729406]]]}, "properties": {"zone_name": "US-OR-CRO-CRR-4SB-G", "level": 2, "fire_name": "Rowe Creek Complex", "county": "Crook", "addresses": 3, "unmatched_addresses": 0, "unmatched_fraction_pct": 0.1, "geometry_source": "cached", "geometry_cache_age_days": 0, "overlapping_zips": [{"zip": "97754", "fraction_pct": 99.9}]}}, {"type": "Feature", "geometry": {"type": "Polygon", "coordinates": [[[-120.8094433, 44.4152209], [-120.8090584, 44.4154623], [-120.8089122, 44.4155418], [-120.8087043, 44.4156683], [-120.8085689, 44.4157679], [-120.808353, 44.415971], [-120.80804, 44.4163363], [-120.8077723, 44.4166473], [-120.807268, 44.4172182], [-120.8070467, 44.41745], [-120.806812, 44.4176674], [-120.8065197, 44.4178523], [-120.8057874, 44.4182412], [-120.8053999, 44.4184395], [-120.8045979, 44.4188514], [-120.803981, 44.4191397], [-120.8036108, 44.4193274], [-120.8032621, 44.4195343], [-120.8028424, 44.4198217], [-120.8025544, 44.4200427], [-120.8022898, 44.4202613], [-120.8021101, 44.4204424], [-120.8018517, 44.4207307], [-120.8016609, 44.4209807], [-120.8014731, 44.4212383], [-120.8012746, 44.4215966], [-120.8010279, 44.4222364], [-120.8007932, 44.4228197], [-120.8005933, 44.4233513], [-120.8004794, 44.4235792], [-120.8003133, 44.4238017], [-120.8001414, 44.424017], [-120.799896, 44.4242669], [-120.7995754, 44.4245319], [-120.7987555, 44.4251829], [-120.7978615, 44.4258597], [-120.7974941, 44.4261537], [-120.7970475, 44.4264736], [-120.7966518, 44.4267255], [-120.796169, 44.4269745], [-120.7949258, 44.427621], [-120.7944122, 44.4279093], [-120.7942177, 44.4280472], [-120.7934479, 44.4286946], [-120.7929316, 44.4291237], [-120.792359, 44.4296217], [-120.7918789, 44.4300239], [-120.7915162, 44.4303182], [-120.7913464, 44.4304185], [-120.7911359, 44.4305334], [-120.7906169, 44.4307517], [-120.7898779, 44.431041], [-120.7894059, 44.4312315], [-120.7890894, 44.4313857], [-120.7886763, 44.4316251], [-120.7880124, 44.4320149], [-120.7874277, 44.4323463], [-120.7872453, 44.4324487], [-120.7869597, 44.4325933], [-120.7866646, 44.4327159], [-120.7863605, 44.4328185], [-120.7856601, 44.4330233], [-120.78453361, 44.433347], [-120.7835801, 44.4336477], [-120.782724, 44.433924], [-120.782425, 44.4340204], [-120.7821397, 44.4340987], [-120.7800074, 44.4345814], [-120.7794844, 44.4346867], [-120.7791397, 44.4347231], [-120.7789429, 44.434723], [-120.7786019, 44.4347356], [-120.7779139, 44.4347739], [-120.7777423, 44.4347959], [-120.7775532, 44.4348294], [-120.777175, 44.4349357], [-120.7765031, 44.4351598], [-120.7761517, 44.4352632], [-120.7757132, 44.4353637], [-120.7753176, 44.4354633], [-120.7747637, 44.435652], [-120.7742044, 44.435878], [-120.7730846, 44.4363309], [-120.7724623, 44.436599], [-120.7722572, 44.4366938], [-120.7719688, 44.4368978], [-120.771541, 44.4372406], [-120.7709992, 44.437638], [-120.7706317, 44.4378812], [-120.7703675, 44.4380153], [-120.7701167, 44.4381168], [-120.7697842, 44.4382384], [-120.768266, 44.4387306], [-120.7671073, 44.4390983], [-120.7666875, 44.4392486], [-120.7662356, 44.4394286], [-120.764995, 44.4399298], [-120.7643825, 44.4402053], [-120.7641569, 44.4403392], [-120.7639302, 44.4404838], [-120.7637519, 44.4405949], [-120.7635762, 44.4406839], [-120.7633723, 44.44075], [-120.7631832, 44.4407998], [-120.7628144, 44.4408726], [-120.7624872, 44.4409386], [-120.7622512, 44.4409942], [-120.7619897, 44.4410727], [-120.7617416, 44.4411627], [-120.7615592, 44.4412498], [-120.7613446, 44.4413781], [-120.7609785, 44.441629], [-120.7606097, 44.4418981], [-120.7601376, 44.4422811], [-120.7599244, 44.4425042], [-120.7595743, 44.4428862], [-120.7593289, 44.4431227], [-120.7591411, 44.4432845], [-120.7589453, 44.4434214], [-120.758708, 44.4435526], [-120.7583231, 44.4437594], [-120.75738701, 44.4442448], [-120.7563275, 44.4447896], [-120.7556637, 44.4451085], [-120.7553659, 44.4452712], [-120.7551688, 44.4454062], [-120.7549046, 44.4455901], [-120.7545814, 44.4458821], [-120.754395, 44.4460199], [-120.7542112, 44.4461569], [-120.7538344, 44.4463541], [-120.7532591, 44.4466729], [-120.7525738, 44.4470319], [-120.7515626, 44.4475231], [-120.7511039, 44.4476983], [-120.7506949, 44.4478342], [-120.7504186, 44.4479644], [-120.74997722, 44.44820046], [-120.75089301, 44.40521635], [-120.80176275, 44.41381791], [-120.80955022, 44.4151347], [-120.8094433, 44.4152209]]]}, "properties": {"zone_name": "US-OR-CRO-CRR-4SB-I", "level": 2, "fire_name": "Rowe Creek Complex", "county": "Crook", "addresses": 15, "unmatched_addresses": 0, "unmatched_fraction_pct": 0, "geometry_source": "cached", "geometry_cache_age_days": 0, "overlapping_zips": [{"zip": "97754", "fraction_pct": 100.0}]}}, {"type": "Feature", "geometry": {"type": "Polygon", "coordinates": [[[-120.43380106, 44.46528023], [-120.4349588, 44.4648436], [-120.4354794, 44.4646472], [-120.4360604, 44.4643659], [-120.4367876, 44.4640138], [-120.4372938, 44.4637042], [-120.4376751, 44.4634414], [-120.4384114, 44.4628784], [-120.4394698, 44.4618368], [-120.4405008, 44.4606295], [-120.4413108, 44.4596934], [-120.4419089, 44.4591133], [-120.4426304, 44.4585562], [-120.443221, 44.458148], [-120.4436068, 44.4579245], [-120.4443766, 44.4575492], [-120.445267, 44.4571644], [-120.4460503, 44.4568792], [-120.44683174, 44.45664271], [-120.4473317, 44.4564914], [-120.4487459, 44.4560617], [-120.4505242, 44.4555256], [-120.4540204, 44.4544685], [-120.456425, 44.4537393], [-120.4595418, 44.4528088], [-120.4611725, 44.452311], [-120.462688, 44.4518227], [-120.4634819, 44.4515068], [-120.4640693, 44.4512311], [-120.4648499, 44.4508118], [-120.4658208, 44.4501187], [-120.4663211, 44.44969208], [-120.51427971, 44.47196381], [-120.5130033, 44.47225007], [-120.51209643, 44.47317174], [-120.51061247, 44.47319135], [-120.50846896, 44.47387769], [-120.50767202, 44.47430909], [-120.50387966, 44.47570134], [-120.50187356, 44.4767406], [-120.50019723, 44.47679943], [-120.49882318, 44.47679943], [-120.49755907, 44.4769759], [-120.49574533, 44.47683865], [-120.49453617, 44.4771916], [-120.49250259, 44.47830927], [-120.49217282, 44.47997592], [-120.49140336, 44.48089747], [-120.49052397, 44.48172096], [-120.48919433, 44.48273861], [-120.43380106, 44.46528023]]]}, "properties": {"zone_name": "US-OR-CRO-CRR-4S-I", "level": 2, "fire_name": "Rowe Creek Complex", "county": "Crook", "addresses": 2, "unmatched_addresses": 0, "unmatched_fraction_pct": 0, "geometry_source": "cached", "geometry_cache_age_days": 0, "overlapping_zips": [{"zip": "97754", "fraction_pct": 99.9}]}}, {"type": "Feature", "geometry": {"type": "Polygon", "coordinates": [[[-120.67036577, 44.34481241], [-120.6711579, 44.35002375], [-120.67150674, 44.35294576], [-120.67195524, 44.35426418], [-120.67160641, 44.35700782], [-120.67125757, 44.35953756], [-120.67069516, 44.36140808], [-120.66939949, 44.36368824], [-120.66880149, 44.36611081], [-120.66805398, 44.36760706], [-120.66675831, 44.36892515], [-120.66640947, 44.37148999], [-120.66581147, 44.37266551], [-120.66479486, 44.3751269], [-120.6646952, 44.37683663], [-120.6642467, 44.38032717], [-120.66085801, 44.38452979], [-120.659363, 44.38684466], [-120.65880622, 44.38948678], [-120.65904485, 44.38945225], [-120.65857277, 44.39064101], [-120.65805063, 44.39274218], [-120.6569514, 44.39447018], [-120.65620942, 44.39572689], [-120.65502774, 44.39680684], [-120.65363727, 44.39803932], [-120.65220826, 44.39904069], [-120.6513014, 44.39988497], [-120.65099911, 44.40067034], [-120.64915789, 44.40188764], [-120.6474266, 44.40294785], [-120.64602507, 44.40343868], [-120.64437622, 44.40479336], [-120.64272737, 44.4054805], [-120.64076854, 44.40654797], [-120.63964182, 44.40766699], [-120.63914717, 44.40933566], [-120.63843267, 44.41025832], [-120.63714107, 44.41106318], [-120.63323879, 44.41149505], [-120.63018841, 44.41251583], [-120.62878689, 44.41422362], [-120.62755025, 44.41532287], [-120.62656094, 44.41653986], [-120.62592888, 44.41703058], [-120.62480217, 44.41712872], [-120.62315332, 44.41697169], [-120.62103729, 44.41683429], [-120.61969073, 44.41705021], [-120.61861898, 44.41744278], [-120.61611822, 44.41932708], [-120.61496402, 44.42038697], [-120.61391691, 44.42085905], [-120.61386195, 44.42040762], [-120.61331233, 44.42032911], [-120.61270775, 44.42062352], [-120.61218562, 44.42087867], [-120.6103444, 44.42186003], [-120.60877799, 44.42231145], [-120.60817341, 44.42386195], [-120.60707418, 44.42466662], [-120.6044635, 44.42511802], [-120.60325144, 44.42638235], [-120.6018774, 44.42695149], [-120.60003618, 44.42836449], [-120.59893694, 44.42922797], [-120.59638123, 44.43032694], [-120.59322093, 44.43140625], [-120.58920873, 44.43272103], [-120.58799202, 44.43371297], [-120.58738744, 44.43506694], [-120.58576607, 44.43704878], [-120.5841447, 44.4384223], [-120.58222104, 44.43985465], [-120.57914319, 44.44020782], [-120.57727449, 44.44038441], [-120.57598289, 44.44134582], [-120.57383938, 44.44252303], [-120.57235542, 44.44262113], [-120.56916764, 44.44271923], [-120.56661192, 44.44344517], [-120.5659249, 44.44424957], [-120.56424857, 44.44411223], [-120.56287452, 44.44501472], [-120.56059361, 44.44552482], [-120.55883484, 44.44630958], [-120.55666385, 44.44605453], [-120.55504248, 44.4468589], [-120.55438294, 44.44748669], [-120.55295394, 44.44764364], [-120.55146997, 44.44946811], [-120.5504257, 44.4503509], [-120.5498486, 44.45111598], [-120.54817227, 44.45166525], [-120.54693563, 44.45237146], [-120.54668831, 44.45327382], [-120.54520434, 44.4543331], [-120.54470968, 44.4548235], [-120.54434659, 44.45581454], [-120.5434672, 44.45606954], [-120.5426153, 44.45773683], [-120.54102141, 44.45859988], [-120.54052675, 44.45922755], [-120.53912523, 44.4601298], [-120.53736645, 44.46181659], [-120.53527791, 44.46454281], [-120.53379394, 44.46646482], [-120.53159548, 44.46685706], [-120.5318428, 44.46811221], [-120.53159548, 44.46936732], [-120.53030388, 44.46964188], [-120.52951929, 44.47005371], [-120.52894219, 44.47089696], [-120.5283651, 44.47156372], [-120.5273483, 44.4711519], [-120.52685365, 44.47044592], [-120.52542464, 44.47015176], [-120.52438037, 44.47054397], [-120.52259412, 44.47085774], [-120.52243816, 44.47086876], [-120.51981855, 44.47105385], [-120.51685062, 44.47138722], [-120.51427971, 44.47196381], [-120.49095226, 44.46113066], [-120.49531141, 44.45772192], [-120.49526858, 44.45770116], [-120.49891417, 44.45509902], [-120.50871785, 44.44841008], [-120.52009228, 44.44083092], [-120.5310334, 44.43375358], [-120.53314579, 44.42938299], [-120.54385836, 44.42325562], [-120.55076384, 44.42066255], [-120.5547861, 44.41883207], [-120.55521324, 44.41583201], [-120.55912872, 44.41163674], [-120.56788515, 44.40995855], [-120.57119551, 44.40838202], [-120.57859932, 44.40380477], [-120.58845921, 44.3989474], [-120.59603262, 44.38644882], [-120.60494077, 44.37706076], [-120.60720555, 44.36853467], [-120.60895173, 44.36733886], [-120.61174087, 44.36573605], [-120.6154317, 44.36363413], [-120.62074899, 44.36175575], [-120.62268823, 44.35743972], [-120.62140151, 44.34611339], [-120.62291147, 44.34409683], [-120.62369374, 44.34259412], [-120.62574947, 44.34105885], [-120.66946577, 44.34240944], [-120.67036577, 44.34481241]]]}, "properties": {"zone_name": "US-OR-CRO-CRR-4SC", "level": 3, "fire_name": "Rowe Creek Complex", "county": "Crook", "addresses": 16, "unmatched_addresses": 0, "unmatched_fraction_pct": 0.1, "geometry_source": "cached", "geometry_cache_age_days": 0, "overlapping_zips": [{"zip": "97754", "fraction_pct": 99.9}]}}, {"type": "Feature", "geometry": {"type": "Polygon", "coordinates": [[[-120.4664136, 44.4496132], [-120.4670627, 44.4489526], [-120.4676072, 44.4482479], [-120.4681222, 44.4473403], [-120.4683823, 44.4467142], [-120.4685325, 44.4461972], [-120.468613, 44.4458238], [-120.46876896, 44.44485826], [-120.4687723, 44.4448376], [-120.4690046, 44.4434014], [-120.4691521, 44.4429418], [-120.4694284, 44.442285], [-120.4696483, 44.4418848], [-120.4700453, 44.4413332], [-120.4704154, 44.4408928], [-120.4708124, 44.4405136], [-120.4715607, 44.4398702], [-120.4745997, 44.4371909], [-120.4773007, 44.434841], [-120.4777701, 44.4343641], [-120.4780731, 44.4340002], [-120.478277, 44.4336612], [-120.4784272, 44.4333394], [-120.4785533, 44.4330464], [-120.4786257, 44.4327112], [-120.4787598, 44.431608], [-120.4788483, 44.4310679], [-120.47887662, 44.43098222], [-120.4790522, 44.4304511], [-120.4793713, 44.4298555], [-120.4796422, 44.4294341], [-120.4800714, 44.4289686], [-120.4804469, 44.4286009], [-120.4808466, 44.4282695], [-120.4812864, 44.4279726], [-120.4817344, 44.4277198], [-120.4822118, 44.4274631], [-120.4834858, 44.4268157], [-120.4883447, 44.4243619], [-120.4901433, 44.4234613], [-120.4919201, 44.4225152], [-120.4925235, 44.4221379], [-120.4933684, 44.421475], [-120.4937949, 44.42109], [-120.4946103, 44.4201839], [-120.4956242, 44.4189501], [-120.4990205, 44.4148354], [-120.49949894, 44.4142733], [-120.5001053, 44.4135609], [-120.500861, 44.412729], [-120.501126, 44.412361], [-120.503205, 44.409926], [-120.504386, 44.408304], [-120.5045253, 44.4076241], [-120.5042796, 44.4070293], [-120.5036595, 44.4061831], [-120.5030093, 44.405409], [-120.5026778, 44.4047468], [-120.5028473, 44.4040546], [-120.5035715, 44.4034223], [-120.5045843, 44.4031325], [-120.5056454, 44.4031034], [-120.5071807, 44.4028244], [-120.5081538, 44.402225], [-120.5095196, 44.4012155], [-120.5113145, 44.4000319], [-120.5124164, 44.3993252], [-120.5136684, 44.3983524], [-120.5144613, 44.3974118], [-120.5149484, 44.3965088], [-120.5152702, 44.3954332], [-120.5154633, 44.394603], [-120.5156886, 44.3938908], [-120.516415, 44.3926519], [-120.5169643, 44.39209], [-120.5174374, 44.3913226], [-120.5176638, 44.3903757], [-120.5174404, 44.3897325], [-120.5169, 44.388996], [-120.5162573, 44.3881784], [-120.5158861, 44.387848], [-120.5155374, 44.3874201], [-120.5152488, 44.3867707], [-120.5154129, 44.3859043], [-120.5157208, 44.3851591], [-120.5166467, 44.3843141], [-120.518167, 44.3834392], [-120.5191649, 44.3829698], [-120.5197078, 44.3827063], [-120.5202853, 44.3824028], [-120.5205571, 44.3822166], [-120.5208516, 44.3819981], [-120.5211404, 44.3817107], [-120.5219178, 44.3807739], [-120.5223238, 44.3804198], [-120.5224597, 44.3803307], [-120.5231335, 44.3799179], [-120.5238923, 44.3795051], [-120.5242377, 44.3792623], [-120.5244359, 44.3790802], [-120.5247134, 44.378809], [-120.5249172, 44.3785298], [-120.5250191, 44.3783234], [-120.5251664, 44.3779308], [-120.5252513, 44.3774006], [-120.5253136, 44.3765062], [-120.525482, 44.37588], [-120.5256647, 44.3755429], [-120.5258855, 44.3752191], [-120.5262252, 44.374867], [-120.5267009, 44.3744623], [-120.5272954, 44.3740211], [-120.5284613, 44.3732994], [-120.5303984, 44.3720095], [-120.5314122, 44.3713627], [-120.5317336, 44.3711576], [-120.532574, 44.3706259], [-120.5330964, 44.3703499], [-120.5340787, 44.3700211], [-120.5349467, 44.3698889], [-120.5354758, 44.3698292], [-120.5371581, 44.369563], [-120.5383533, 44.3691596], [-120.540086, 44.3681595], [-120.5409121, 44.3673918], [-120.5414507, 44.3664246], [-120.541479, 44.365647], [-120.54132, 44.365259], [-120.5408617, 44.3644066], [-120.5404004, 44.3637293], [-120.5396676, 44.3618141], [-120.5396891, 44.3610347], [-120.5397534, 44.3598849], [-120.539983, 44.3586077], [-120.540495, 44.357327], [-120.5409958, 44.3560947], [-120.5414991, 44.3554461], [-120.5436019, 44.3534688], [-120.5475657, 44.3495796], [-120.5492528, 44.3480793], [-120.5503373, 44.3470857], [-120.5512421, 44.3463072], [-120.5522387, 44.3456349], [-120.5537019, 44.3448008], [-120.5549672, 44.344169], [-120.5564304, 44.3436028], [-120.5596014, 44.3427041], [-120.5605351, 44.3424134], [-120.5612876, 44.3421345], [-120.56181413, 44.34188425], [-120.62536155, 44.34134856], [-120.62369374, 44.34259412], [-120.62291147, 44.34409683], [-120.62140151, 44.34611339], [-120.62268823, 44.35743972], [-120.62074899, 44.36175575], [-120.6154317, 44.36363413], [-120.61174087, 44.36573605], [-120.60895173, 44.36733886], [-120.60720555, 44.36853467], [-120.60494077, 44.37706076], [-120.59603262, 44.38644882], [-120.58845921, 44.3989474], [-120.57859932, 44.40380477], [-120.57119551, 44.40838202], [-120.56788515, 44.40995855], [-120.55912872, 44.41163674], [-120.55521324, 44.41583201], [-120.5547861, 44.41883207], [-120.55076384, 44.42066255], [-120.54385836, 44.42325562], [-120.53314579, 44.42938299], [-120.5310334, 44.43375358], [-120.52009228, 44.44083092], [-120.50871785, 44.44841008], [-120.49891417, 44.45509902], [-120.49526858, 44.45770116], [-120.49531141, 44.45772192], [-120.49095226, 44.46113066], [-120.4663211, 44.44969208], [-120.4664136, 44.4496132]]]}, "properties": {"zone_name": "US-OR-CRO-CRR-4SK-A", "level": 3, "fire_name": "Rowe Creek Complex", "county": "Crook", "addresses": 2, "unmatched_addresses": 0, "unmatched_fraction_pct": 0, "geometry_source": "cached", "geometry_cache_age_days": 0, "overlapping_zips": [{"zip": "97754", "fraction_pct": 100.0}]}}, {"type": "Feature", "geometry": {"type": "Polygon", "coordinates": [[[-120.5612876, 44.3421345], [-120.5605351, 44.3424134], [-120.5596014, 44.3427041], [-120.5564304, 44.3436028], [-120.5549672, 44.344169], [-120.5537019, 44.3448008], [-120.5522387, 44.3456349], [-120.5512421, 44.3463072], [-120.5503373, 44.3470857], [-120.5492528, 44.3480793], [-120.54819016, 44.34902428], [-120.5475657, 44.3495796], [-120.5436019, 44.3534688], [-120.5414991, 44.3554461], [-120.5409958, 44.3560947], [-120.540495, 44.357327], [-120.539983, 44.3586077], [-120.5397534, 44.3598849], [-120.5396891, 44.3610347], [-120.5396676, 44.3618141], [-120.5404004, 44.3637293], [-120.5408617, 44.3644066], [-120.54132, 44.365259], [-120.541479, 44.365647], [-120.5414507, 44.3664246], [-120.5409121, 44.3673918], [-120.540086, 44.3681595], [-120.5383533, 44.3691596], [-120.5371581, 44.369563], [-120.5354758, 44.3698292], [-120.5349467, 44.3698889], [-120.5340787, 44.3700211], [-120.5330964, 44.3703499], [-120.532574, 44.3706259], [-120.5317336, 44.3711576], [-120.5314122, 44.3713627], [-120.5303984, 44.3720095], [-120.5284613, 44.3732994], [-120.5272954, 44.3740211], [-120.5267009, 44.3744623], [-120.5262252, 44.374867], [-120.5258855, 44.3752191], [-120.5256647, 44.3755429], [-120.525482, 44.37588], [-120.5253136, 44.3765062], [-120.5252513, 44.3774006], [-120.5251664, 44.3779308], [-120.5250191, 44.3783234], [-120.5249172, 44.3785298], [-120.5247134, 44.378809], [-120.5244359, 44.3790802], [-120.5242377, 44.3792623], [-120.5238923, 44.3795051], [-120.5231335, 44.3799179], [-120.5224597, 44.3803307], [-120.5223238, 44.3804198], [-120.5219178, 44.3807739], [-120.5211404, 44.3817107], [-120.5208516, 44.3819981], [-120.5205571, 44.3822166], [-120.5202853, 44.3824028], [-120.5197078, 44.3827063], [-120.5191649, 44.3829698], [-120.518167, 44.3834392], [-120.5166467, 44.3843141], [-120.5157208, 44.3851591], [-120.5154129, 44.3859043], [-120.5152488, 44.3867707], [-120.5155374, 44.3874201], [-120.5158861, 44.387848], [-120.5162573, 44.3881784], [-120.5169, 44.388996], [-120.5174404, 44.3897325], [-120.5176638, 44.3903757], [-120.5174374, 44.3913226], [-120.5169643, 44.39209], [-120.516415, 44.3926519], [-120.5156886, 44.3938908], [-120.5154633, 44.394603], [-120.5152702, 44.3954332], [-120.5149484, 44.3965088], [-120.5144613, 44.3974118], [-120.5136684, 44.3983524], [-120.5124164, 44.3993252], [-120.5113145, 44.4000319], [-120.5095196, 44.4012155], [-120.5081538, 44.402225], [-120.5071807, 44.4028244], [-120.5056454, 44.4031034], [-120.5045843, 44.4031325], [-120.5035715, 44.4034223], [-120.5028473, 44.4040546], [-120.5026778, 44.4047468], [-120.5030093, 44.405409], [-120.5036595, 44.4061831], [-120.5042796, 44.4070293], [-120.5045253, 44.4076241], [-120.504386, 44.408304], [-120.503205, 44.409926], [-120.501126, 44.412361], [-120.500861, 44.412729], [-120.5001053, 44.4135609], [-120.4990205, 44.4148354], [-120.49899738, 44.41486341], [-120.49477898, 44.41300913], [-120.49116974, 44.41324351], [-120.48903701, 44.41101691], [-120.48395127, 44.41025516], [-120.47919364, 44.41078252], [-120.47328762, 44.4111341], [-120.46442858, 44.41511847], [-120.45712808, 44.41904398], [-120.45343681, 44.42144603], [-120.44720268, 44.42097735], [-120.43949203, 44.42097735], [-120.4332579, 44.41980562], [-120.42505509, 44.4162317], [-120.41234073, 44.4155872], [-120.37806416, 44.41429565], [-120.37812789, 44.41425663], [-120.38214163, 44.41355925], [-120.3830637, 44.41259064], [-120.38322642, 44.41169951], [-120.38398578, 44.41104084], [-120.38517905, 44.41096335], [-120.39168782, 44.40790238], [-120.39369469, 44.40782488], [-120.3949422, 44.40681743], [-120.39711179, 44.40611996], [-120.39949834, 44.40453124], [-120.40291544, 44.40185745], [-120.40389175, 44.40162494], [-120.40551894, 44.40104366], [-120.40725461, 44.39984233], [-120.40817669, 44.39949355], [-120.41257011, 44.39798216], [-120.41604145, 44.39697454], [-120.41766864, 44.39600567], [-120.41962127, 44.39538558], [-120.41978287, 44.39544775], [-120.44342055, 44.38748005], [-120.45743942, 44.37624356], [-120.47091631, 44.3681861], [-120.47319334, 44.36607481], [-120.47919026, 44.36257732], [-120.48447528, 44.35889005], [-120.48587306, 44.35634319], [-120.48553488, 44.35447328], [-120.487857, 44.35411864], [-120.49211797, 44.35411864], [-120.50068501, 44.35168442], [-120.50559978, 44.35110406], [-120.51028911, 44.3489438], [-120.51563223, 44.34713814], [-120.52104299, 44.34552589], [-120.52600285, 44.34478425], [-120.53497569, 44.34420382], [-120.54090498, 44.34417157], [-120.54390565, 44.34354277], [-120.54622777, 44.34254313], [-120.55035348, 44.34147897], [-120.55411846, 44.34018905], [-120.56067901, 44.33839925], [-120.56320785, 44.34113597], [-120.5630287, 44.3412586], [-120.56270862, 44.34142813], [-120.56221877, 44.3416876], [-120.5621389, 44.3417299], [-120.56195399, 44.34181778], [-120.5612876, 44.3421345]]]}, "properties": {"zone_name": "US-OR-CRO-CRR-8SB", "level": 3, "fire_name": "Rowe Creek Complex", "county": "Crook", "addresses": 24, "unmatched_addresses": 2, "unmatched_fraction_pct": 6.4, "geometry_source": "cached", "geometry_cache_age_days": 0, "overlapping_zips": [{"zip": "97754", "fraction_pct": 93.6}]}}, {"type": "Feature", "geometry": {"type": "Polygon", "coordinates": [[[-121.46567614, 42.48148647], [-121.46852, 42.480034], [-121.470065, 42.479233], [-121.470188, 42.479027], [-121.470466, 42.478959], [-121.47269, 42.477929], [-121.472845, 42.477677], [-121.473123, 42.477654], [-121.475537, 42.476433], [-121.478373, 42.475], [-121.480319, 42.474039], [-121.480844, 42.473672], [-121.481215, 42.473604], [-121.48199836, 42.47321167], [-121.48225305, 42.47308411], [-121.48244598, 42.47298749], [-121.48257223, 42.47301699], [-121.486182, 42.471183], [-121.488823, 42.469836], [-121.48907768, 42.46964032], [-121.490289, 42.468188], [-121.49081563, 42.46762261], [-121.491937, 42.466636], [-121.49293522, 42.46550048], [-121.49331757, 42.46518209], [-121.4934518, 42.4651295], [-121.4940295, 42.464964], [-121.4946127, 42.4648131], [-121.4951303, 42.4647145], [-121.4957306, 42.4646177], [-121.4963041, 42.4644689], [-121.4974602, 42.4640873], [-121.4978181, 42.4639939], [-121.4981996, 42.4639114], [-121.4985621, 42.4638557], [-121.5003016, 42.4637501], [-121.5005691, 42.4637492], [-121.5007874, 42.463772], [-121.5010418, 42.4638139], [-121.5017118, 42.4639951], [-121.5023339, 42.4641903], [-121.5026568, 42.4643236], [-121.5032791, 42.4646372], [-121.503652, 42.4648058], [-121.504043, 42.4649555], [-121.5048274, 42.4652659], [-121.5051883, 42.4654003], [-121.5054131, 42.4654451], [-121.5056295, 42.4654354], [-121.5058412, 42.4653825], [-121.5060268, 42.4652824], [-121.5061609, 42.4651531], [-121.5062416, 42.4649864], [-121.5062787, 42.4648169], [-121.5062831, 42.4644153], [-121.5063159, 42.4642943], [-121.506388, 42.4642266], [-121.5065765, 42.464166], [-121.5068429, 42.4645221], [-121.5071148, 42.464832], [-121.5074658, 42.4651858], [-121.5083981, 42.4659941], [-121.5088267, 42.4664236], [-121.5091124, 42.4667937], [-121.5093551, 42.4671755], [-121.509578, 42.4676727], [-121.5097579, 42.4681782], [-121.5100884, 42.4691802], [-121.5107469, 42.4711879], [-121.51104154, 42.47207905], [-121.51117269, 42.47247573], [-121.51086389, 42.47251865], [-121.51074242, 42.47219474], [-121.50814497, 42.47214649], [-121.50665004, 42.47319403], [-121.50648185, 42.47377981], [-121.50612681, 42.47400723], [-121.50611746, 42.47564049], [-121.49652184, 42.47561293], [-121.49637924, 42.47928609], [-121.49260453, 42.47926541], [-121.48985759, 42.48099501], [-121.48740029, 42.48250406], [-121.48652201, 42.48277969], [-121.48500546, 42.48325556], [-121.48414971, 42.48320696], [-121.48375104, 42.48321655], [-121.48330903, 42.48333799], [-121.48243801, 42.48365756], [-121.48164289, 42.48394433], [-121.48135256, 42.48395711], [-121.48076506, 42.4839516], [-121.48079211, 42.48392344], [-121.48111481, 42.48364884], [-121.4813829, 42.48338157], [-121.48166092, 42.48299713], [-121.48175054, 42.4827578], [-121.48173068, 42.48225986], [-121.48025122, 42.48227085], [-121.4795661, 42.48240632], [-121.47855332, 42.48256375], [-121.47812636, 42.48255643], [-121.47670152, 42.48273217], [-121.47634031, 42.4827578], [-121.47569861, 42.4829626], [-121.4732885, 42.48398041], [-121.47268808, 42.48421841], [-121.47231282, 42.48423225], [-121.4719338, 42.48420181], [-121.47078174, 42.48476636], [-121.46947958, 42.48529493], [-121.46896172, 42.48532261], [-121.46838756, 42.48501543], [-121.46821431, 42.48515201], [-121.46765893, 42.48544259], [-121.46675829, 42.48585769], [-121.46649936, 42.48614549], [-121.46613161, 42.48618424], [-121.46565659, 42.48605752], [-121.46575737, 42.48548422], [-121.46572857, 42.48267075], [-121.46567614, 42.48148647]]]}, "properties": {"zone_name": "US-OR-KLA-KLA-1401", "level": 1, "fire_name": "Wrights Spring", "county": "Klamath", "addresses": 10, "unmatched_addresses": 0, "unmatched_fraction_pct": 0, "geometry_source": "cached", "geometry_cache_age_days": 0, "overlapping_zips": [{"zip": "97624", "fraction_pct": 100.0}]}}, {"type": "Feature", "geometry": {"type": "Polygon", "coordinates": [[[-121.52521126, 42.53952302], [-121.525213, 42.53948985], [-121.52455515, 42.53944946], [-121.52311063, 42.53914742], [-121.52209556, 42.53829881], [-121.52209556, 42.53799676], [-121.52209556, 42.53740704], [-121.52211508, 42.53388299], [-121.52195891, 42.53294801], [-121.52149042, 42.53240139], [-121.51780103, 42.53020051], [-121.51780103, 42.52766867], [-121.52330583, 42.52766867], [-121.52337881, 42.52208894], [-121.52338735, 42.52208911], [-121.52339, 42.521967], [-121.52343706, 42.51907958], [-121.523437, 42.519072], [-121.52342612, 42.51779597], [-121.523426, 42.517793], [-121.523403, 42.51621875], [-121.523403, 42.516218], [-121.523375, 42.514923], [-121.52337498, 42.51492137], [-121.52338189, 42.51331791], [-121.523382, 42.513314], [-121.523384, 42.512046], [-121.523404, 42.51047368], [-121.523404, 42.510473], [-121.52344349, 42.5091649], [-121.523443, 42.509158], [-121.52343147, 42.507594], [-121.523432, 42.507576], [-121.52346457, 42.50627037], [-121.523465, 42.506253], [-121.5234739, 42.50475092], [-121.523474, 42.504734], [-121.523454, 42.502362], [-121.52345, 42.501161], [-121.52097111, 42.50120103], [-121.52053839, 42.50111184], [-121.520524, 42.501109], [-121.52051256, 42.49898264], [-121.520457, 42.498959], [-121.515642, 42.498965], [-121.51569, 42.497041], [-121.51572, 42.495403], [-121.515734, 42.491267], [-121.51572263, 42.48291691], [-121.515695, 42.48289404], [-121.51573712, 42.48289414], [-121.5156796, 42.4800489], [-121.5157491, 42.4799095], [-121.522143, 42.4832753], [-121.5236522, 42.4840761], [-121.52562347, 42.48510982], [-121.5305241, 42.4876796], [-121.53526904, 42.4901782], [-121.5372481, 42.4912203], [-121.5403497, 42.4928471], [-121.5422408, 42.4938497], [-121.54521589, 42.49542687], [-121.5459304, 42.4958057], [-121.5467396, 42.4963135], [-121.5475769, 42.4968893], [-121.5485335, 42.4976461], [-121.54991601, 42.498822], [-121.55040113, 42.49923462], [-121.55068839, 42.49947895], [-121.5513692, 42.500058], [-121.5529229, 42.5013816], [-121.55482045, 42.50300156], [-121.55508242, 42.5032252], [-121.56458844, 42.51130853], [-121.56458844, 42.51738482], [-121.56395605, 42.51772146], [-121.55492696, 42.51766967], [-121.55373245, 42.51932694], [-121.54189275, 42.51924925], [-121.54003072, 42.51798041], [-121.53971452, 42.51821346], [-121.54013611, 42.5194823], [-121.5427008, 42.5245833], [-121.54122523, 42.52781976], [-121.54326292, 42.53069359], [-121.54484389, 42.53405917], [-121.54482308, 42.53548771], [-121.54403584, 42.53688094], [-121.54178173, 42.53854477], [-121.53866054, 42.5394955], [-121.53690277, 42.54013487], [-121.53729037, 42.54053094], [-121.53741769, 42.54059588], [-121.537013, 42.54059], [-121.53369447, 42.54059714], [-121.533581, 42.540617], [-121.53349885, 42.54065064], [-121.53343192, 42.54060433], [-121.53097558, 42.54045186], [-121.53035127, 42.54068869], [-121.52911539, 42.54069857], [-121.52646668, 42.53984277], [-121.52595, 42.539762], [-121.52590828, 42.53975038], [-121.52521126, 42.53952302]]]}, "properties": {"zone_name": "US-OR-KLA-KLA-1176", "level": 1, "fire_name": "Wrights Spring", "county": "Klamath", "addresses": 56, "unmatched_addresses": 0, "unmatched_fraction_pct": 0, "geometry_source": "cached", "geometry_cache_age_days": 0, "overlapping_zips": [{"zip": "97624", "fraction_pct": 100.0}]}}, {"type": "Feature", "geometry": {"type": "Polygon", "coordinates": [[[-121.51117269, 42.47247573], [-121.5120747, 42.4752039], [-121.512615, 42.4768656], [-121.5128131, 42.4773746], [-121.5130685, 42.4778508], [-121.5133843, 42.4782805], [-121.5137885, 42.4786968], [-121.5143485, 42.4791256], [-121.5149858, 42.4795058], [-121.5157491, 42.4799095], [-121.5156796, 42.4800489], [-121.51573712, 42.48289414], [-121.515695, 42.48289404], [-121.51572263, 42.48291691], [-121.51573393, 42.49121486], [-121.51108795, 42.49120919], [-121.50796842, 42.49130152], [-121.50583122, 42.49198211], [-121.50056661, 42.49267365], [-121.49874606, 42.49249932], [-121.49785549, 42.49278988], [-121.49603495, 42.49391144], [-121.49459269, 42.49513178], [-121.49306375, 42.4961487], [-121.49145599, 42.49716561], [-121.49116298, 42.49771325], [-121.48891685, 42.50075804], [-121.48883566, 42.50092098], [-121.488831, 42.500921], [-121.48881864, 42.50092135], [-121.48706747, 42.50106495], [-121.487015, 42.501079], [-121.48370844, 42.50155142], [-121.48235904, 42.50124704], [-121.48213187, 42.501271], [-121.48204796, 42.50132748], [-121.48183785, 42.5012965], [-121.48135947, 42.50110252], [-121.48116812, 42.50083801], [-121.48099272, 42.50043829], [-121.4807934, 42.50020316], [-121.48057813, 42.50002681], [-121.47926556, 42.49919908], [-121.47711224, 42.49750968], [-121.47678096, 42.49737737], [-121.47657391, 42.49725524], [-121.47642208, 42.4961968], [-121.47627024, 42.49587112], [-121.47564909, 42.49467016], [-121.47485904, 42.49332541], [-121.47459323, 42.49277009], [-121.47446771, 42.4924162], [-121.47442341, 42.49208953], [-121.47449742, 42.49169777], [-121.47578665, 42.49073066], [-121.4768091, 42.48986123], [-121.47685717, 42.48638027], [-121.47686739, 42.48415691], [-121.47704939, 42.48392043], [-121.4774264, 42.48372229], [-121.47787274, 42.48362003], [-121.47842309, 42.48354013], [-121.47865709, 42.48354972], [-121.47922477, 42.48372229], [-121.47957578, 42.48384373], [-121.48013045, 42.48394919], [-121.48067221, 42.48395072], [-121.48135256, 42.48395711], [-121.48164289, 42.48394433], [-121.48243801, 42.48365756], [-121.48330903, 42.48333799], [-121.48375104, 42.48321655], [-121.48414971, 42.48320696], [-121.48500546, 42.48325556], [-121.48652201, 42.48277969], [-121.48740029, 42.48250406], [-121.48985759, 42.48099501], [-121.49260453, 42.47926541], [-121.49637924, 42.47928609], [-121.49652184, 42.47561293], [-121.50611746, 42.47564049], [-121.50612681, 42.47400723], [-121.50648185, 42.47377981], [-121.50665004, 42.47319403], [-121.50814497, 42.47214649], [-121.51074242, 42.47219474], [-121.51086389, 42.47251865], [-121.51117269, 42.47247573]]]}, "properties": {"zone_name": "US-OR-KLA-KLA-1391", "level": 1, "fire_name": "Wrights Spring", "county": "Klamath", "addresses": 8, "unmatched_addresses": 0, "unmatched_fraction_pct": 0, "geometry_source": "cached", "geometry_cache_age_days": 0, "overlapping_zips": [{"zip": "97624", "fraction_pct": 100.0}]}}, {"type": "Feature", "geometry": {"type": "Polygon", "coordinates": [[[-121.5747347, 42.5198838], [-121.5796777, 42.5235579], [-121.587459, 42.5293407], [-121.5913875, 42.5322642], [-121.59423447, 42.53441423], [-121.59621, 42.5359061], [-121.5970639, 42.5368119], [-121.5994751, 42.5395557], [-121.6002191, 42.5403748], [-121.6006749, 42.5408714], [-121.6011845, 42.5413521], [-121.6017593, 42.5417998], [-121.6024043, 42.5422387], [-121.60274248, 42.54243372], [-121.6031574, 42.542673], [-121.604011, 42.543092], [-121.6065477, 42.54430384], [-121.6069401, 42.5444913], [-121.6075658, 42.5448053], [-121.6080529, 42.5450858], [-121.6084581, 42.5453843], [-121.6089792, 42.5458072], [-121.61114973, 42.54775042], [-121.6158058, 42.5519187], [-121.6171018, 42.5530968], [-121.6180453, 42.5539432], [-121.6184289, 42.5542522], [-121.61851848, 42.55431808], [-121.61856809, 42.55457387], [-121.61920267, 42.55553548], [-121.619105, 42.555574], [-121.6147061, 42.5560338], [-121.612648, 42.556187], [-121.60958235, 42.55608809], [-121.609407, 42.556086], [-121.607852, 42.556293], [-121.60625395, 42.55699287], [-121.603602, 42.558321], [-121.60222318, 42.55869232], [-121.600699, 42.55881], [-121.59906352, 42.55893772], [-121.596844, 42.559042], [-121.59403841, 42.55872856], [-121.592825, 42.558517], [-121.591645, 42.557903], [-121.58997735, 42.55667705], [-121.588694, 42.55575], [-121.588365, 42.555511], [-121.58490964, 42.55276025], [-121.583903, 42.551993], [-121.58376035, 42.55188729], [-121.58303953, 42.5513479], [-121.581601, 42.550292], [-121.580693, 42.54999738], [-121.58067972, 42.54998219], [-121.580673, 42.549985], [-121.58050006, 42.54995185], [-121.58028394, 42.54991041], [-121.579901, 42.549837], [-121.57984749, 42.5498268], [-121.57945, 42.549751], [-121.57779731, 42.54935082], [-121.57734399, 42.54926697], [-121.57711929, 42.54922541], [-121.576517, 42.549114], [-121.57573712, 42.5489673], [-121.57496888, 42.54882279], [-121.574348, 42.548706], [-121.5743056, 42.54869685], [-121.574209, 42.548676], [-121.573329, 42.54849], [-121.571738, 42.548166], [-121.570636, 42.547934], [-121.57052561, 42.54791214], [-121.57047644, 42.54790241], [-121.569838, 42.547776], [-121.569385, 42.547673], [-121.56824, 42.547404], [-121.56786088, 42.54731538], [-121.56778617, 42.54729792], [-121.567594, 42.547253], [-121.56748802, 42.5472265], [-121.56709, 42.547127], [-121.566399, 42.54694], [-121.566312, 42.546917], [-121.56605115, 42.54685575], [-121.56595, 42.546832], [-121.56583755, 42.54680735], [-121.565585, 42.546752], [-121.56493355, 42.54655622], [-121.564355, 42.54652], [-121.564022, 42.546468], [-121.563782, 42.546435], [-121.563155, 42.546416], [-121.56265, 42.54641], [-121.56229979, 42.54643905], [-121.562228, 42.546445], [-121.561785, 42.546482], [-121.561521, 42.546516], [-121.561098, 42.546553], [-121.560667, 42.54658], [-121.560216, 42.546581], [-121.559956, 42.546565], [-121.559673, 42.546522], [-121.559481, 42.546484], [-121.559047, 42.546334], [-121.558907, 42.546273], [-121.558642, 42.546125], [-121.55851541, 42.54604952], [-121.55779, 42.545617], [-121.55754128, 42.54546914], [-121.55740461, 42.54538789], [-121.557282, 42.545315], [-121.556462, 42.544809], [-121.55643133, 42.54480855], [-121.55545395, 42.54423248], [-121.55331086, 42.54296415], [-121.55116777, 42.54216171], [-121.54519522, 42.54146281], [-121.53774709, 42.54076391], [-121.53729037, 42.54053094], [-121.53690277, 42.54013487], [-121.53866054, 42.5394955], [-121.54178173, 42.53854477], [-121.54403584, 42.53688094], [-121.54482308, 42.53548771], [-121.54484389, 42.53405917], [-121.54326292, 42.53069359], [-121.54122523, 42.52781976], [-121.5427008, 42.5245833], [-121.54013611, 42.5194823], [-121.53971452, 42.51821346], [-121.54003072, 42.51798041], [-121.54189275, 42.51924925], [-121.55373245, 42.51932694], [-121.55492696, 42.51766967], [-121.56395605, 42.51772146], [-121.56458844, 42.51738482], [-121.56458844, 42.51130853], [-121.5646291, 42.5113431], [-121.56483292, 42.51151661], [-121.56715522, 42.51349357], [-121.5699511, 42.5158736], [-121.5739099, 42.5192375], [-121.57429412, 42.51953857], [-121.57440819, 42.51962795], [-121.57448272, 42.51968647], [-121.5747347, 42.5198838]]]}, "properties": {"zone_name": "US-OR-KLA-KLA-1171", "level": 1, "fire_name": "Wrights Spring", "county": "Klamath", "addresses": 19, "unmatched_addresses": 0, "unmatched_fraction_pct": 0, "geometry_source": "cached", "geometry_cache_age_days": 0, "overlapping_zips": [{"zip": "97624", "fraction_pct": 100.0}]}}, {"type": "Feature", "geometry": {"type": "Polygon", "coordinates": [[[-121.694146, 42.556947], [-121.6939336, 42.5567749], [-121.692872, 42.55567], [-121.692193, 42.555345], [-121.691232, 42.5552], [-121.688334, 42.555519], [-121.686598, 42.555508], [-121.686039, 42.555615], [-121.684647, 42.55627], [-121.683799, 42.556374], [-121.682855, 42.556293], [-121.68131, 42.556043], [-121.679486, 42.556008], [-121.676595, 42.55578], [-121.675628, 42.555574], [-121.673249, 42.554849], [-121.671063, 42.554815], [-121.669464, 42.554498], [-121.668017, 42.55355], [-121.666451, 42.552132], [-121.665671, 42.551222], [-121.663533, 42.548145], [-121.662701, 42.546611], [-121.662258, 42.54606], [-121.661174, 42.545307], [-121.659907, 42.544066], [-121.659744, 42.543299], [-121.659974, 42.542838], [-121.663687, 42.538819], [-121.664982, 42.537792], [-121.666697, 42.535612], [-121.669083, 42.534898], [-121.670446, 42.534258], [-121.672275, 42.533852], [-121.673361, 42.533102], [-121.674655, 42.53194], [-121.675974, 42.531348], [-121.67807, 42.5297], [-121.678544, 42.528914], [-121.679891, 42.524358], [-121.679425, 42.520859], [-121.679713, 42.517977], [-121.680301, 42.516843], [-121.680369, 42.516327], [-121.680468, 42.515583], [-121.68108, 42.514786], [-121.68114, 42.513747], [-121.680462, 42.511023], [-121.679285, 42.507882], [-121.678896, 42.503573], [-121.678564, 42.503076], [-121.676495, 42.501233], [-121.676224, 42.5005], [-121.676138, 42.5], [-121.676114, 42.499268], [-121.677438, 42.497459], [-121.677987, 42.496526], [-121.67761, 42.494076], [-121.677771, 42.49247], [-121.67807, 42.490376], [-121.677954, 42.489531], [-121.6776633, 42.4890399], [-121.673966, 42.4833], [-121.670561, 42.478164], [-121.670361, 42.47748], [-121.670102, 42.475115], [-121.669783, 42.474297], [-121.668967, 42.472472], [-121.669316, 42.46873], [-121.67074, 42.468069], [-121.67147, 42.466937], [-121.672529, 42.465344], [-121.674587, 42.463676], [-121.677428, 42.46218], [-121.678311, 42.461455], [-121.679774, 42.460674], [-121.680091, 42.460318], [-121.680693, 42.459091], [-121.681261, 42.458549], [-121.682084, 42.458261], [-121.6856717, 42.4573913], [-121.687914, 42.455977], [-121.690491, 42.452684], [-121.692719, 42.45171], [-121.694152, 42.450843], [-121.695246, 42.449951], [-121.699346, 42.446117], [-121.699807, 42.44542], [-121.699907, 42.444877], [-121.699787, 42.444083], [-121.698227, 42.441416], [-121.6980127, 42.4409507], [-121.6969072, 42.4386356], [-121.696274, 42.437498], [-121.694748, 42.435924], [-121.693862, 42.433308], [-121.693077, 42.43224], [-121.691896, 42.431797], [-121.690792, 42.430985], [-121.686752, 42.426919], [-121.686219, 42.425219], [-121.683925, 42.423908], [-121.682327, 42.422505], [-121.682028, 42.421883], [-121.68202, 42.420842], [-121.682254, 42.420431], [-121.682991, 42.420135], [-121.682721, 42.419617], [-121.681999, 42.416157], [-121.681952, 42.413549], [-121.683189, 42.411064], [-121.68411, 42.409763], [-121.687835, 42.407981], [-121.688414, 42.407358], [-121.689308, 42.40598], [-121.689568, 42.405339], [-121.690255, 42.401501], [-121.69003544, 42.40011004], [-121.689622, 42.399094], [-121.691185, 42.399927], [-121.692276, 42.400742], [-121.692632, 42.401365], [-121.692514, 42.401974], [-121.692657, 42.402528], [-121.693287, 42.403509], [-121.693542, 42.404575], [-121.694611, 42.405496], [-121.696321, 42.406386], [-121.696485, 42.407129], [-121.696557, 42.407575], [-121.696833, 42.408051], [-121.6969809, 42.4095283], [-121.697194, 42.410001], [-121.697847, 42.410545], [-121.699838, 42.41053], [-121.700983, 42.411503], [-121.7012366, 42.4118995], [-121.70145, 42.412388], [-121.701184, 42.41383], [-121.701268, 42.414492], [-121.702273, 42.415345], [-121.7031205, 42.4166613], [-121.703725, 42.417781], [-121.705242, 42.419247], [-121.7059123, 42.4215397], [-121.707532, 42.423397], [-121.708222, 42.423887], [-121.708979, 42.424165], [-121.709109, 42.424579], [-121.711526, 42.425031], [-121.714875, 42.425162], [-121.715993, 42.425365], [-121.7189389, 42.4253034], [-121.7201379, 42.4254994], [-121.7227101, 42.4260241], [-121.7244294, 42.4271704], [-121.7258939, 42.4282237], [-121.7270097, 42.4289542], [-121.7282971, 42.429465], [-121.732291, 42.4302806], [-121.7329508, 42.4305974], [-121.7335185, 42.4311992], [-121.734011, 42.433075], [-121.734689, 42.434372], [-121.735264, 42.434757], [-121.735984, 42.43557], [-121.7369273, 42.4363369], [-121.737429, 42.436607], [-121.73952, 42.436564], [-121.740493, 42.436928], [-121.740908, 42.436942], [-121.741977, 42.435193], [-121.742671, 42.434488], [-121.743251, 42.434172], [-121.744101, 42.433974], [-121.7449395, 42.4334164], [-121.745888, 42.432536], [-121.746014, 42.431405], [-121.746257, 42.430917], [-121.746723, 42.430625], [-121.747388, 42.430411], [-121.74839, 42.430332], [-121.748873, 42.430507], [-121.750123, 42.431871], [-121.750345, 42.43227], [-121.750356, 42.432636], [-121.749748, 42.434935], [-121.749703, 42.435596], [-121.749911, 42.436294], [-121.75001, 42.437504], [-121.750447, 42.438515], [-121.751363, 42.439305], [-121.752804, 42.439807], [-121.755373, 42.439866], [-121.756269, 42.439622], [-121.756605, 42.439453], [-121.757261, 42.438704], [-121.758362, 42.438312], [-121.75894, 42.437874], [-121.759942, 42.436112], [-121.761547, 42.434847], [-121.762263, 42.433592], [-121.766627, 42.432203], [-121.767055, 42.431889], [-121.767945, 42.43064], [-121.768383, 42.429981], [-121.768856, 42.429757], [-121.771394, 42.429699], [-121.768178, 42.431483], [-121.767744, 42.431904], [-121.767366, 42.43314], [-121.766942, 42.433663], [-121.765908, 42.433985], [-121.765477, 42.434341], [-121.765088, 42.435642], [-121.764468, 42.435962], [-121.76225, 42.436484], [-121.761141, 42.437225], [-121.76102, 42.438408], [-121.760473, 42.439481], [-121.760239, 42.441441], [-121.759978, 42.441882], [-121.75919, 42.442592], [-121.7578608, 42.4451807], [-121.758111, 42.446598], [-121.758623, 42.448274], [-121.75801, 42.450178], [-121.758263, 42.451524], [-121.758669, 42.45258], [-121.758566, 42.452914], [-121.757699, 42.453761], [-121.75749, 42.453583], [-121.756253, 42.453756], [-121.753604, 42.453703], [-121.752488, 42.453531], [-121.750353, 42.45288], [-121.749957, 42.4529], [-121.74902, 42.453302], [-121.74814, 42.453781], [-121.744956, 42.454912], [-121.744319, 42.455157], [-121.743956, 42.455507], [-121.743672, 42.456452], [-121.743661, 42.457343], [-121.743247, 42.457835], [-121.739728, 42.458046], [-121.738828, 42.458401], [-121.739471, 42.459003], [-121.73992, 42.460089], [-121.74066, 42.461088], [-121.741774, 42.462488], [-121.742025, 42.464542], [-121.742305, 42.466493], [-121.742699, 42.467988], [-121.743944, 42.470962], [-121.744209, 42.472224], [-121.744097, 42.473231], [-121.7432, 42.475283], [-121.742997, 42.477349], [-121.741886, 42.479861], [-121.741616, 42.481035], [-121.741214, 42.482518], [-121.740491, 42.48325], [-121.734113, 42.485724], [-121.733373, 42.485752], [-121.73154, 42.485454], [-121.732669, 42.486821], [-121.733005, 42.487484], [-121.733939, 42.4909], [-121.732903, 42.491325], [-121.731747, 42.493087], [-121.731128, 42.493699], [-121.728444, 42.494617], [-121.727544, 42.495036], [-121.726014, 42.496079], [-121.725459, 42.496972], [-121.7250397, 42.4988069], [-121.724961, 42.500345], [-121.725289, 42.501512], [-121.725923, 42.502414], [-121.725855, 42.502672], [-121.724429, 42.504062], [-121.722947, 42.50609], [-121.721413, 42.506871], [-121.7208331, 42.5074111], [-121.72068185, 42.5076288], [-121.720451, 42.508125], [-121.720467, 42.508735], [-121.72109, 42.511469], [-121.721914, 42.512547], [-121.721947, 42.513391], [-121.721606, 42.513817], [-121.720197, 42.514878], [-121.719862, 42.515442], [-121.719046, 42.517228], [-121.7190346, 42.5183751], [-121.719086, 42.518971], [-121.719921, 42.520025], [-121.721355, 42.520973], [-121.723275, 42.521526], [-121.723917, 42.521861], [-121.726185, 42.523721], [-121.726862, 42.524484], [-121.7269035, 42.5247226], [-121.726874, 42.525166], [-121.72621, 42.526226], [-121.726023, 42.526892], [-121.725501, 42.526385], [-121.72448, 42.526143], [-121.720956, 42.526461], [-121.720329, 42.526672], [-121.719951, 42.527106], [-121.718067, 42.53101], [-121.716343, 42.535303], [-121.716099, 42.536043], [-121.715947, 42.537433], [-121.715051, 42.538917], [-121.714037, 42.540168], [-121.713631, 42.541011], [-121.71271, 42.541936], [-121.712986, 42.546409], [-121.712159, 42.547153], [-121.710839, 42.547427], [-121.709127, 42.548331], [-121.708601, 42.548108], [-121.707314, 42.547884], [-121.706502, 42.547926], [-121.705497, 42.548326], [-121.704703, 42.549001], [-121.703758, 42.549275], [-121.702895, 42.550187], [-121.702155, 42.554208], [-121.700438, 42.555064], [-121.698241, 42.554636], [-121.695995, 42.555126], [-121.695207, 42.556589], [-121.694781, 42.556617], [-121.694146, 42.556947]]]}, "properties": {"zone_name": "US-OR-KLA-KLA-1361", "level": 1, "fire_name": "Wrights Spring", "county": "Klamath", "addresses": 2, "unmatched_addresses": 0, "unmatched_fraction_pct": 16.7, "geometry_source": "cached", "geometry_cache_age_days": 0, "overlapping_zips": [{"zip": "97624", "fraction_pct": 83.3}, {"zip": "97625", "fraction_pct": 0.0}]}}, {"type": "Feature", "geometry": {"type": "Polygon", "coordinates": [[[-121.7686556, 42.5985672], [-121.7648248, 42.5973992], [-121.7640769, 42.5971286], [-121.7635048, 42.5969015], [-121.7628408, 42.5965916], [-121.7619678, 42.5961], [-121.7615565, 42.5958419], [-121.7611628, 42.5955666], [-121.7605917, 42.5951216], [-121.76012518, 42.59471368], [-121.7600686, 42.5946642], [-121.7598311, 42.594431], [-121.7595939, 42.5941865], [-121.7591589, 42.5936838], [-121.7587461, 42.5931738], [-121.7583152, 42.5926649], [-121.7574729, 42.5916353], [-121.7566137, 42.5905918], [-121.75624045, 42.59013912], [-121.7560372, 42.58989262], [-121.7553022, 42.5890022], [-121.7549395, 42.5885556], [-121.7545585, 42.5881147], [-121.7543325, 42.5878814], [-121.7540838, 42.5876442], [-121.7538366, 42.5874285], [-121.7535615, 42.5872073], [-121.7531525, 42.5869014], [-121.7527125, 42.5866077], [-121.7522968, 42.5863579], [-121.7518543, 42.5861218], [-121.75156107, 42.58597912], [-121.7514147, 42.5859079], [-121.7509431, 42.5857061], [-121.7504575, 42.5855214], [-121.75037927, 42.58549262], [-121.7473013, 42.5844304], [-121.74537484, 42.58376339], [-121.74404986, 42.58330462], [-121.741875, 42.58255331], [-121.74184144, 42.58254171], [-121.7395749, 42.5817579], [-121.73544579, 42.58033885], [-121.7353985, 42.5803226], [-121.7295387, 42.5782852], [-121.7247315, 42.5766178], [-121.716876, 42.5738797], [-121.7162169, 42.5736444], [-121.71617949, 42.57363143], [-121.71648001, 42.5730603], [-121.71706435, 42.57215768], [-121.71876036, 42.57045736], [-121.71899314, 42.57006502], [-121.72027584, 42.56703159], [-121.72056088, 42.56627583], [-121.72056088, 42.56576149], [-121.72050387, 42.56513168], [-121.72023308, 42.56406099], [-121.72024733, 42.56346266], [-121.72160453, 42.56163776], [-121.72222233, 42.56081517], [-121.72271621, 42.5601576], [-121.72475427, 42.55579039], [-121.72479703, 42.55452007], [-121.72535286, 42.55309224], [-121.72650729, 42.55004748], [-121.7288304, 42.54668758], [-121.72920096, 42.54383152], [-121.72941474, 42.54261345], [-121.73112501, 42.53817152], [-121.73166659, 42.53718438], [-121.73209416, 42.5367223], [-121.73253597, 42.53596618], [-121.73272299, 42.53537303], [-121.7324807, 42.53382923], [-121.73240944, 42.53299956], [-121.73289401, 42.53223289], [-121.73327882, 42.53168676], [-121.7337919, 42.53089907], [-121.73451876, 42.5302269], [-121.73677061, 42.52884052], [-121.73835261, 42.52800027], [-121.73880868, 42.52754864], [-121.73933601, 42.52704448], [-121.73957888, 42.52667622], [-121.73974991, 42.52620357], [-121.73923683, 42.52482761], [-121.7429424, 42.51929194], [-121.74314193, 42.519439], [-121.74314193, 42.51975414], [-121.74299941, 42.52020583], [-121.74426785, 42.52151887], [-121.7442536, 42.52227517], [-121.74429636, 42.52270583], [-121.74456715, 42.52332557], [-121.74492346, 42.52371421], [-121.7455648, 42.52411336], [-121.746117, 42.52414466], [-121.7464912, 42.52416587], [-121.74720381, 42.52407134], [-121.74741759, 42.52335708], [-121.7474461, 42.5226113], [-121.74736058, 42.52204408], [-121.74765988, 42.52157139], [-121.74902809, 42.52082559], [-121.74988322, 42.52011129], [-121.75146955, 42.5189655], [-121.75349336, 42.51818815], [-121.75523213, 42.51724271], [-121.75591624, 42.51633928], [-121.75675712, 42.51554089], [-121.75970732, 42.51445884], [-121.76126081, 42.51431177], [-121.76232973, 42.51384953], [-121.76426803, 42.51376548], [-121.76552222, 42.5141752], [-121.76653413, 42.51494209], [-121.76737501, 42.51551988], [-121.76811901, 42.51554685], [-121.76814754, 42.51560983], [-121.76828699, 42.51576641], [-121.768329, 42.516097], [-121.77004704, 42.5184778], [-121.770312, 42.519], [-121.770341, 42.519041], [-121.770491, 42.519093], [-121.77131147, 42.52152526], [-121.771269, 42.521771], [-121.771313, 42.521879], [-121.771562, 42.522264], [-121.771689, 42.52244], [-121.771827, 42.522612], [-121.772097, 42.522822], [-121.77228581, 42.52320385], [-121.772429, 42.523285], [-121.77251167, 42.52366065], [-121.7729, 42.524446], [-121.77342529, 42.52518493], [-121.77351, 42.525495], [-121.77371, 42.525887], [-121.77384969, 42.52620302], [-121.773918, 42.526825], [-121.77400733, 42.52695157], [-121.77398, 42.527072], [-121.774037, 42.527156], [-121.77425326, 42.5273], [-121.77483129, 42.52811897], [-121.77485, 42.528338], [-121.774921, 42.528535], [-121.77499, 42.528763], [-121.775038, 42.528874], [-121.77512, 42.528994], [-121.775364, 42.529295], [-121.77550818, 42.52936837], [-121.77555707, 42.52946558], [-121.77551, 42.529588], [-121.775532, 42.52969], [-121.775539, 42.529789], [-121.775527, 42.529945], [-121.775524, 42.529988], [-121.775501, 42.530128], [-121.77547, 42.530267], [-121.775316, 42.530789], [-121.775269, 42.530968], [-121.775226, 42.531184], [-121.775277, 42.531355], [-121.77528283, 42.53139507], [-121.775187, 42.531511], [-121.775195, 42.531789], [-121.775228, 42.532154], [-121.775252, 42.532305], [-121.775304, 42.532473], [-121.775368, 42.532574], [-121.775445, 42.53267], [-121.775569, 42.532803], [-121.775709, 42.532864], [-121.77589264, 42.53302362], [-121.776234, 42.533442], [-121.7763549, 42.53358395], [-121.776481, 42.533836], [-121.776691, 42.534157], [-121.776751, 42.534268], [-121.776883, 42.53458], [-121.778027, 42.536044], [-121.77805871, 42.5361665], [-121.777992, 42.536296], [-121.777965, 42.536483], [-121.777894, 42.536759], [-121.77776, 42.537162], [-121.77774, 42.537274], [-121.777759, 42.537448], [-121.77778, 42.537535], [-121.777831, 42.537675], [-121.778073, 42.538163], [-121.778211, 42.538377], [-121.77824195, 42.53844631], [-121.778177, 42.538611], [-121.77816, 42.538826], [-121.778155, 42.538905], [-121.778145, 42.539237], [-121.778144, 42.539569], [-121.77828156, 42.54048351], [-121.77827817, 42.54078353], [-121.778171, 42.540951], [-121.778105, 42.541247], [-121.778072, 42.541342], [-121.777996, 42.541516], [-121.777796, 42.541928], [-121.777759, 42.542044], [-121.777736, 42.542161], [-121.777807, 42.542265], [-121.777806, 42.542723], [-121.777961, 42.542975], [-121.77793239, 42.5438334], [-121.778069, 42.543936], [-121.77818, 42.544103], [-121.778239, 42.544167], [-121.778319, 42.544231], [-121.778411, 42.544287], [-121.778509, 42.544334], [-121.77863, 42.544376], [-121.778759, 42.544406], [-121.778892, 42.544423], [-121.779043, 42.544428], [-121.779194, 42.544417], [-121.779295, 42.544396], [-121.779393, 42.544367], [-121.779653, 42.544272], [-121.779967, 42.544128], [-121.780844, 42.543742], [-121.781188, 42.543581], [-121.78150975, 42.54350126], [-121.781765, 42.543319], [-121.78199, 42.543333], [-121.782184, 42.543315], [-121.782356, 42.543313], [-121.782529, 42.543322], [-121.782701, 42.543341], [-121.78287, 42.543368], [-121.783085, 42.543416], [-121.783295, 42.543478], [-121.783478, 42.54354], [-121.783654, 42.543611], [-121.78382, 42.543693], [-121.783945, 42.543769], [-121.784063, 42.543852], [-121.784293, 42.544043], [-121.784403, 42.544152], [-121.784516, 42.544291], [-121.784611, 42.544437], [-121.784674, 42.544564], [-121.784723, 42.544696], [-121.784817, 42.545016], [-121.78485, 42.545206], [-121.784927, 42.54578], [-121.78512779, 42.54666695], [-121.78547153, 42.54838033], [-121.785876, 42.549564], [-121.786587, 42.550639], [-121.786556, 42.550799], [-121.78667546, 42.55098948], [-121.786757, 42.551379], [-121.787069, 42.552441], [-121.787134, 42.552621], [-121.787219, 42.552807], [-121.78737347, 42.55297973], [-121.78739, 42.553041], [-121.78774637, 42.55366572], [-121.788174, 42.554026], [-121.78849042, 42.55440671], [-121.788635, 42.554576], [-121.78911, 42.555131], [-121.789269, 42.555316], [-121.789514, 42.555723], [-121.789653, 42.55597], [-121.789716, 42.556095], [-121.789841, 42.556377], [-121.789901, 42.556534], [-121.78995, 42.556692], [-121.789997, 42.556909], [-121.790022, 42.557128], [-121.790021, 42.557313], [-121.789962, 42.557991], [-121.789928, 42.558182], [-121.789678, 42.559172], [-121.789641, 42.559384], [-121.789613, 42.559597], [-121.78965946, 42.55984455], [-121.789615, 42.560018], [-121.789553, 42.561756], [-121.78965369, 42.5626539], [-121.789826, 42.563108], [-121.790143, 42.564315], [-121.790353, 42.56503], [-121.790388, 42.565166], [-121.790455, 42.565544], [-121.790476, 42.565712], [-121.790486, 42.56588], [-121.790434, 42.566517], [-121.790271, 42.569], [-121.79013955, 42.56964609], [-121.790137, 42.569761], [-121.790129, 42.570523], [-121.790032, 42.572101], [-121.790006, 42.572312], [-121.789979, 42.572443], [-121.789935, 42.572585], [-121.789878, 42.572725], [-121.78972476, 42.57286802], [-121.789703, 42.573032], [-121.78913106, 42.57385662], [-121.78907558, 42.57393661], [-121.78860281, 42.57461823], [-121.78761, 42.575876], [-121.787425, 42.576155], [-121.787181, 42.576472], [-121.787126, 42.576561], [-121.787103, 42.57663], [-121.78714394, 42.57672154], [-121.787102, 42.576782], [-121.78707, 42.577926], [-121.786867, 42.578033], [-121.78672, 42.578194], [-121.785861, 42.579084], [-121.785716, 42.579259], [-121.785651, 42.579364], [-121.785614, 42.579476], [-121.785595, 42.579591], [-121.785591, 42.57971], [-121.785602, 42.579828], [-121.785677, 42.579984], [-121.785893, 42.580739], [-121.78599294, 42.58125656], [-121.7860256, 42.5834749], [-121.78598611, 42.58347631], [-121.785891, 42.58588], [-121.785601, 42.586516], [-121.785379, 42.586791], [-121.784714, 42.587357], [-121.7836414, 42.58795084], [-121.782715, 42.588392], [-121.781825, 42.589121], [-121.780743, 42.590112], [-121.78043841, 42.59063296], [-121.780281, 42.591634], [-121.78110122, 42.59395161], [-121.7811403, 42.5940701], [-121.78218126, 42.59675617], [-121.782281, 42.597095], [-121.78197485, 42.59726421], [-121.780266, 42.596821], [-121.77946832, 42.59647365], [-121.778319, 42.596716], [-121.77775006, 42.5966068], [-121.77625722, 42.59626717], [-121.776168, 42.596293], [-121.775145, 42.597389], [-121.7750251, 42.5981073], [-121.774972, 42.598586], [-121.7741167, 42.60023141], [-121.7741073, 42.6002286], [-121.7735993, 42.6000772], [-121.7717098, 42.5995045], [-121.7686556, 42.5985672]]]}, "properties": {"zone_name": "US-OR-KLA-KLA-1031", "level": 1, "fire_name": "Wrights Spring", "county": "Klamath", "addresses": 20, "unmatched_addresses": 6, "unmatched_fraction_pct": 30.0, "geometry_source": "cached", "geometry_cache_age_days": 0, "overlapping_zips": [{"zip": "97624", "fraction_pct": 70.0}]}}, {"type": "Feature", "geometry": {"type": "Polygon", "coordinates": [[[-121.59191, 42.418026], [-121.595708, 42.418783], [-121.600006, 42.420473], [-121.603891, 42.42112], [-121.607277, 42.422026], [-121.608434, 42.422081], [-121.609544, 42.421769], [-121.6136219, 42.4193587], [-121.616583, 42.418486], [-121.617301, 42.418406], [-121.6186412, 42.4185148], [-121.622044, 42.41888], [-121.626937, 42.419752], [-121.62998, 42.419901], [-121.632383, 42.42022], [-121.633994, 42.4201717], [-121.636741, 42.420036], [-121.637734, 42.419744], [-121.638435, 42.419192], [-121.638867, 42.418066], [-121.639247, 42.417822], [-121.639809, 42.417838], [-121.640487, 42.418641], [-121.641212, 42.418825], [-121.642392, 42.419077], [-121.646414, 42.421726], [-121.649244, 42.422892], [-121.652089, 42.424516], [-121.654189, 42.425237], [-121.663071, 42.426926], [-121.66551, 42.428791], [-121.665473, 42.429285], [-121.665026, 42.429765], [-121.664947, 42.43011], [-121.6660148, 42.4315486], [-121.666086, 42.431697], [-121.666704, 42.432712], [-121.667899, 42.433496], [-121.668816, 42.434634], [-121.670498, 42.435849], [-121.670896, 42.436372], [-121.67106311, 42.43704536], [-121.671359, 42.438328], [-121.671329, 42.438809], [-121.670593, 42.440299], [-121.670418, 42.441434], [-121.669187, 42.443005], [-121.668097, 42.445305], [-121.668356, 42.446044], [-121.670388, 42.447066], [-121.671143, 42.448153], [-121.671241, 42.448611], [-121.670725, 42.451634], [-121.669983, 42.456139], [-121.669117, 42.457629], [-121.6686052, 42.4582724], [-121.66791, 42.459669], [-121.666943, 42.463758], [-121.667479, 42.465008], [-121.669124, 42.467982], [-121.669316, 42.46873], [-121.668967, 42.472472], [-121.669783, 42.474297], [-121.670102, 42.475115], [-121.670361, 42.47748], [-121.670561, 42.478164], [-121.673966, 42.4833], [-121.6776633, 42.4890399], [-121.677954, 42.489531], [-121.67807, 42.490376], [-121.677771, 42.49247], [-121.67761, 42.494076], [-121.677987, 42.496526], [-121.677438, 42.497459], [-121.676114, 42.499268], [-121.676138, 42.5], [-121.676224, 42.5005], [-121.676495, 42.501233], [-121.678564, 42.503076], [-121.678896, 42.503573], [-121.679285, 42.507882], [-121.680462, 42.511023], [-121.68114, 42.513747], [-121.68108, 42.514786], [-121.680468, 42.515583], [-121.680369, 42.516327], [-121.680301, 42.516843], [-121.679713, 42.517977], [-121.679425, 42.520859], [-121.679891, 42.524358], [-121.678544, 42.528914], [-121.67807, 42.5297], [-121.675974, 42.531348], [-121.674655, 42.53194], [-121.673361, 42.533102], [-121.672275, 42.533852], [-121.670446, 42.534258], [-121.669083, 42.534898], [-121.666697, 42.535612], [-121.664982, 42.537792], [-121.663687, 42.538819], [-121.659974, 42.542838], [-121.659744, 42.543299], [-121.658979, 42.543015], [-121.657632, 42.542086], [-121.655883, 42.541144], [-121.6545, 42.539972], [-121.653474, 42.53928], [-121.650999, 42.538143], [-121.647739, 42.537503], [-121.646452, 42.536681], [-121.645679, 42.536385], [-121.644447, 42.536212], [-121.642646, 42.5365017], [-121.641842, 42.536353], [-121.63917007, 42.53501993], [-121.636922, 42.534716], [-121.636582, 42.534493], [-121.636079, 42.533581], [-121.636348, 42.532213], [-121.636294, 42.531431], [-121.6349891, 42.5280069], [-121.634672, 42.527362], [-121.632893, 42.525743], [-121.63174, 42.524205], [-121.6301718, 42.5225122], [-121.628921, 42.521945], [-121.628425, 42.521229], [-121.627763, 42.520812], [-121.625398, 42.519202], [-121.624056, 42.518625], [-121.62303, 42.518462], [-121.622542, 42.518006], [-121.621555, 42.51764], [-121.621274, 42.51721], [-121.620694, 42.516901], [-121.6202028, 42.5164332], [-121.619108, 42.515447], [-121.618131, 42.514811], [-121.617829, 42.513676], [-121.61814, 42.513035], [-121.619108, 42.511935], [-121.619701, 42.509978], [-121.619297, 42.508376], [-121.618178, 42.506441], [-121.617031, 42.50549], [-121.616086, 42.504402], [-121.614103, 42.503846], [-121.612248, 42.503352], [-121.609302, 42.502314], [-121.608583, 42.502201], [-121.607951, 42.501665], [-121.608, 42.500793], [-121.607735, 42.500364], [-121.608722, 42.500374], [-121.610287, 42.499823], [-121.612011, 42.499042], [-121.613792, 42.498006], [-121.613907, 42.498162], [-121.613624, 42.498543], [-121.613711, 42.498687], [-121.614697, 42.498252], [-121.615143, 42.497836], [-121.615831, 42.497675], [-121.616234, 42.49728], [-121.616119, 42.496888], [-121.616511, 42.496846], [-121.6178183, 42.4957755], [-121.618422, 42.495069], [-121.618465, 42.494726], [-121.618189, 42.493682], [-121.61856325, 42.4925822], [-121.619198, 42.491288], [-121.620276, 42.490493], [-121.621954, 42.489088], [-121.622517, 42.488959], [-121.622772, 42.488759], [-121.622599, 42.486337], [-121.622869, 42.485827], [-121.621175, 42.485897], [-121.62049806, 42.48546229], [-121.619692, 42.485653], [-121.6190554, 42.4865637], [-121.618312, 42.487097], [-121.615924, 42.487847], [-121.615473, 42.487781], [-121.615018, 42.487498], [-121.61153, 42.487466], [-121.610491, 42.48727], [-121.609655, 42.486776], [-121.606625, 42.485565], [-121.60421, 42.483518], [-121.602649, 42.482616], [-121.601838, 42.481572], [-121.600019, 42.479808], [-121.597029, 42.477518], [-121.59654, 42.474955], [-121.596612, 42.473303], [-121.5961988, 42.4728042], [-121.595918, 42.472593], [-121.594735, 42.471543], [-121.594114, 42.470189], [-121.593292, 42.468956], [-121.592326, 42.465651], [-121.5919649, 42.4650751], [-121.591302, 42.464259], [-121.59130375, 42.46354265], [-121.591775, 42.462309], [-121.592562, 42.460964], [-121.592753, 42.459624], [-121.592657, 42.459166], [-121.592534, 42.458543], [-121.592615, 42.457953], [-121.593002, 42.457442], [-121.595139, 42.456019], [-121.595589, 42.455524], [-121.597418, 42.451673], [-121.598431, 42.450099], [-121.598083, 42.449324], [-121.597501, 42.448872], [-121.593863, 42.448484], [-121.591392, 42.447643], [-121.590717, 42.447091], [-121.590054, 42.445612], [-121.590114, 42.444915], [-121.592045, 42.443115], [-121.59229, 42.44211], [-121.592617, 42.441038], [-121.59301427, 42.44038567], [-121.593757, 42.439123], [-121.593891, 42.438412], [-121.59251, 42.428417], [-121.59236, 42.426484], [-121.592289, 42.424966], [-121.5921412, 42.4206839], [-121.592092, 42.419019], [-121.59191, 42.418026]]]}, "properties": {"zone_name": "US-OR-KLA-KLA-1371", "level": 1, "fire_name": "Wrights Spring", "county": "Klamath", "addresses": 5, "unmatched_addresses": 3, "unmatched_fraction_pct": 54.2, "geometry_source": "cached", "geometry_cache_age_days": 0, "overlapping_zips": [{"zip": "97639", "fraction_pct": 44.8}, {"zip": "97624", "fraction_pct": 1.0}]}}, {"type": "Feature", "geometry": {"type": "Polygon", "coordinates": [[[-121.4151241, 42.3064646], [-121.4153145, 42.306432], [-121.4156261, 42.3063629], [-121.4158402, 42.3062994], [-121.4161099, 42.3061848], [-121.4163218, 42.3060731], [-121.416505, 42.305946], [-121.4166766, 42.3058006], [-121.4168936, 42.3055736], [-121.417099, 42.3053667], [-121.4173269, 42.3051546], [-121.4175886, 42.3049374], [-121.4180135, 42.3046958], [-121.4184888, 42.3045213], [-121.418998, 42.3044248], [-121.4195658, 42.3043875], [-121.4200608, 42.304427], [-121.4205278, 42.3045348], [-121.4209425, 42.3047193], [-121.4210063, 42.3047477], [-121.4214219, 42.305038], [-121.4225413, 42.3061676], [-121.4229646, 42.3065619], [-121.4234051, 42.3069492], [-121.4240744, 42.3074929], [-121.4247669, 42.3080122], [-121.4252986, 42.3084214], [-121.4256519, 42.3086323], [-121.4260269, 42.3088061], [-121.4263956, 42.3089317], [-121.4267894, 42.3090151], [-121.4270936, 42.3090459], [-121.4273982, 42.3090617], [-121.4276972, 42.3090538], [-121.4280627, 42.3090073], [-121.4291516, 42.3087991], [-121.4299176, 42.3086511], [-121.4304336, 42.3085104], [-121.4308425, 42.3083552], [-121.4311238, 42.3082249], [-121.4313519, 42.3080815], [-121.4315916, 42.3078974], [-121.4318569, 42.3076563], [-121.4320726, 42.307405], [-121.43228, 42.3070779], [-121.432572, 42.306394], [-121.4327376, 42.3060398], [-121.4329639, 42.3056838], [-121.433272, 42.3053392], [-121.4334826, 42.3051527], [-121.4338255, 42.3049143], [-121.4353136, 42.3040437], [-121.4383882, 42.302249], [-121.43842775, 42.30222592], [-121.4384691, 42.3022024], [-121.439035, 42.3018806], [-121.44170326, 42.30031211], [-121.4513245, 42.3003247], [-121.46209439, 42.30045445], [-121.462445, 42.300461], [-121.462408, 42.304131], [-121.4624577, 42.311322], [-121.462526, 42.317005], [-121.462549, 42.318668], [-121.46242479, 42.31866742], [-121.4577821, 42.318665], [-121.44456572, 42.31858342], [-121.444268, 42.318684], [-121.443616, 42.319093], [-121.44065, 42.321613], [-121.43934, 42.322306], [-121.438237, 42.322543], [-121.435381, 42.323276], [-121.43233218, 42.32401371], [-121.430095, 42.324989], [-121.43009314, 42.32498986], [-121.42918489, 42.32382378], [-121.42832662, 42.32271628], [-121.42799487, 42.32235988], [-121.42762629, 42.32214296], [-121.42692063, 42.32188141], [-121.42626996, 42.32165103], [-121.42595837, 42.32148841], [-121.42573292, 42.32118484], [-121.42558433, 42.32069378], [-121.42551285, 42.32029129], [-121.42537913, 42.31990271], [-121.4253553, 42.31957475], [-121.42535346, 42.31915869], [-121.42540658, 42.31881909], [-121.42540291, 42.31853449], [-121.42536442, 42.31824175], [-121.42514997, 42.31787176], [-121.42485855, 42.31758444], [-121.42462859, 42.31724583], [-121.42442838, 42.31636781], [-121.42419319, 42.31604183], [-121.42382478, 42.31572333], [-121.42343254, 42.31551325], [-121.42324725, 42.31529887], [-121.42299982, 42.31514165], [-121.42260941, 42.31515385], [-121.422252, 42.31519857], [-121.42203939, 42.31525279], [-121.4215665, 42.31516469], [-121.42118343, 42.31495868], [-121.42102525, 42.31475226], [-121.42097393, 42.31451914], [-121.42109857, 42.31425079], [-121.42128735, 42.31401631], [-121.42160628, 42.31386722], [-121.42145965, 42.31372355], [-121.42113339, 42.31357853], [-121.4208888, 42.3134472], [-121.42062486, 42.31316935], [-121.42038109, 42.31294165], [-121.42011716, 42.31278307], [-121.41992238, 42.31244372], [-121.41931098, 42.31147881], [-121.41894378, 42.31090583], [-121.41848895, 42.31057499], [-121.4179372, 42.31040406], [-121.41779553, 42.31008977], [-121.41748983, 42.30967071], [-121.41690079, 42.308998], [-121.41629684, 42.30827014], [-121.41596876, 42.30754779], [-121.4151241, 42.3064646]]]}, "properties": {"zone_name": "US-OR-KLA-KLA-1722", "level": 1, "fire_name": "Wrights Spring", "county": "Klamath", "addresses": 28, "unmatched_addresses": 0, "unmatched_fraction_pct": 0, "geometry_source": "cached", "geometry_cache_age_days": 0, "overlapping_zips": [{"zip": "97623", "fraction_pct": 100.0}]}}, {"type": "Feature", "geometry": {"type": "Polygon", "coordinates": [[[-121.43062394, 42.25811587], [-121.430686, 42.25819], [-121.431322, 42.258097], [-121.431465, 42.258244], [-121.4323772, 42.2604684], [-121.435283, 42.259872], [-121.437422, 42.264656], [-121.437301, 42.264985], [-121.436624, 42.26553], [-121.43679, 42.26608], [-121.437106, 42.26677], [-121.438291, 42.266665], [-121.439386, 42.267781], [-121.440711, 42.27137], [-121.441413, 42.274373], [-121.441421, 42.27463], [-121.441284, 42.274753], [-121.43871146, 42.27523871], [-121.438604, 42.275357], [-121.438722, 42.275674], [-121.440446, 42.278005], [-121.44233, 42.279855], [-121.4434791, 42.2814746], [-121.444899, 42.282852], [-121.445221, 42.283555], [-121.445385, 42.285676], [-121.445654, 42.286799], [-121.445273, 42.289354], [-121.44546, 42.29309], [-121.44568014, 42.29303673], [-121.452475, 42.293126], [-121.45260615, 42.29359628], [-121.452617, 42.293931], [-121.45261879, 42.29393525], [-121.4497651, 42.2956476], [-121.44771951, 42.29683581], [-121.4437164, 42.299161], [-121.4418147, 42.3002466], [-121.439035, 42.3018806], [-121.4384691, 42.3022024], [-121.43842775, 42.30222592], [-121.4383882, 42.302249], [-121.4353136, 42.3040437], [-121.4338255, 42.3049143], [-121.4334826, 42.3051527], [-121.433272, 42.3053392], [-121.43324444, 42.30537003], [-121.43304668, 42.30525302], [-121.43306472, 42.30454574], [-121.43265422, 42.30443898], [-121.43226627, 42.30447567], [-121.43170197, 42.3043956], [-121.43133207, 42.30460245], [-121.4308539, 42.30516294], [-121.43049752, 42.30587022], [-121.42998778, 42.30595696], [-121.42905399, 42.30583686], [-121.42835757, 42.30565249], [-121.42758493, 42.30515944], [-121.42738194, 42.30481247], [-121.4271609, 42.30438543], [-121.4265519, 42.30363142], [-121.42592314, 42.3031597], [-121.42493071, 42.30250911], [-121.42461494, 42.30204869], [-121.42463299, 42.30152153], [-121.42448142, 42.30108378], [-121.4239446, 42.30052325], [-121.4232093, 42.29958236], [-121.42258678, 42.29878492], [-121.42186248, 42.29744424], [-121.42116327, 42.2965033], [-121.42060841, 42.29564243], [-121.42029715, 42.2948683], [-121.41925059, 42.29384294], [-121.41824913, 42.29273844], [-121.41794238, 42.29244813], [-121.41732888, 42.2923647], [-121.41651446, 42.29226187], [-121.41520174, 42.29239869], [-121.41466044, 42.29272575], [-121.41381687, 42.29331637], [-121.41302293, 42.29360334], [-121.41273422, 42.29375017], [-121.41229665, 42.29292262], [-121.4117286, 42.29208657], [-121.41137673, 42.2917829], [-121.41102487, 42.29179959], [-121.41057377, 42.29197978], [-121.41019484, 42.2919631], [-121.40906094, 42.29188969], [-121.40726865, 42.29197079], [-121.4072627, 42.2919403], [-121.4070077, 42.2907654], [-121.4067066, 42.2892282], [-121.4065436, 42.2884125], [-121.4063086, 42.2872829], [-121.4060871, 42.2862047], [-121.4059022, 42.2853367], [-121.4057944, 42.2849705], [-121.4056957, 42.2846713], [-121.4052807, 42.2835633], [-121.4045387, 42.2815211], [-121.4042102, 42.2806515], [-121.4031569, 42.2777215], [-121.4026649, 42.2763593], [-121.4024418, 42.2757424], [-121.402077, 42.2747779], [-121.4016532, 42.2735791], [-121.4009237, 42.2715706], [-121.4008647, 42.2714317], [-121.3998347, 42.2686093], [-121.3991105, 42.2665808], [-121.3985043, 42.264977], [-121.3978499, 42.2631786], [-121.39727317, 42.26156566], [-121.3968789, 42.260463], [-121.3959401, 42.25793], [-121.39550709, 42.25671826], [-121.394937, 42.2551229], [-121.39491633, 42.25506761], [-121.39668807, 42.2547412], [-121.39679302, 42.25484477], [-121.39765884, 42.25541441], [-121.39844595, 42.25615881], [-121.399854, 42.25732395], [-121.40167873, 42.25930934], [-121.4020373, 42.25942585], [-121.40600803, 42.26036214], [-121.40989465, 42.26509652], [-121.40876005, 42.26588258], [-121.4104016, 42.26779407], [-121.41366056, 42.26684726], [-121.41341916, 42.26481068], [-121.41221213, 42.26389956], [-121.41281564, 42.26348866], [-121.41216385, 42.26273831], [-121.41346744, 42.26198795], [-121.41370884, 42.260648], [-121.43062394, 42.25811587]]]}, "properties": {"zone_name": "US-OR-KLA-KLA-1968", "level": 1, "fire_name": "Wrights Spring", "county": "Klamath", "addresses": 139, "unmatched_addresses": 0, "unmatched_fraction_pct": 0, "geometry_source": "cached", "geometry_cache_age_days": 0, "overlapping_zips": [{"zip": "97623", "fraction_pct": 100.0}]}}, {"type": "Feature", "geometry": {"type": "Polygon", "coordinates": [[[-121.48967033, 42.23497382], [-121.4899568, 42.2350039], [-121.4916504, 42.2350107], [-121.4942687, 42.2349989], [-121.49655308, 42.23497765], [-121.49742635, 42.23496953], [-121.4979728, 42.23496445], [-121.49894736, 42.23495538], [-121.5011168, 42.2349352], [-121.5062557, 42.2348702], [-121.5163476, 42.234902], [-121.5187504, 42.2348982], [-121.5199773, 42.2348967], [-121.5200478, 42.2349685], [-121.5201266, 42.2350709], [-121.5201833, 42.2351927], [-121.5202068, 42.2353329], [-121.51972865, 42.23553], [-121.5192505, 42.2357271], [-121.5187893, 42.2359314], [-121.5183281, 42.2361357], [-121.5180698, 42.23627795], [-121.5178115, 42.2364202], [-121.5175609, 42.2365701], [-121.5173103, 42.23672], [-121.51691625, 42.2370118], [-121.5165222, 42.2373036], [-121.516172, 42.2376133], [-121.5158218, 42.237923], [-121.51556455, 42.2382008], [-121.5153073, 42.2384786], [-121.51466745, 42.23921626], [-121.5140276, 42.2399539], [-121.51226169, 42.24198989], [-121.51216049, 42.24210657], [-121.51207026, 42.2422106], [-121.51048115, 42.24404272], [-121.50906795, 42.24567467], [-121.5076401, 42.2473235], [-121.50663442, 42.24850593], [-121.5060241, 42.2492235], [-121.50437, 42.25112503], [-121.50366677, 42.25193344], [-121.50271591, 42.25302649], [-121.50106432, 42.2549283], [-121.49956536, 42.25665431], [-121.4994107, 42.2568324], [-121.49928869, 42.25697277], [-121.49918359, 42.25709367], [-121.49777432, 42.25871495], [-121.49661442, 42.26004931], [-121.4961379, 42.2605975], [-121.49531866, 42.26154815], [-121.4944995, 42.2624987], [-121.49410553, 42.26293676], [-121.4940831, 42.2629617], [-121.4936667, 42.2634247], [-121.49323185, 42.2638783], [-121.49313878, 42.26397539], [-121.492797, 42.2643319], [-121.49270826, 42.26441636], [-121.49214829, 42.26494926], [-121.49157709, 42.26549286], [-121.4914996, 42.2655666], [-121.49100593, 42.26598946], [-121.49091325, 42.26606885], [-121.4903269, 42.2665711], [-121.48949239, 42.26722031], [-121.4886579, 42.2678695], [-121.4877389, 42.26854796], [-121.4868199, 42.2692264], [-121.48680827, 42.26923505], [-121.486782, 42.267674], [-121.48679, 42.263976], [-121.4867881, 42.2636876], [-121.4867853, 42.263251], [-121.486789, 42.259111], [-121.486089, 42.2567], [-121.486028, 42.255939], [-121.48671998, 42.25331416], [-121.486724, 42.253237], [-121.48674, 42.249829], [-121.486795, 42.238659], [-121.486792, 42.236052], [-121.486919, 42.235505], [-121.48706686, 42.23534285], [-121.487568, 42.235078], [-121.4896636, 42.2349796], [-121.48967033, 42.23497382]]]}, "properties": {"zone_name": "US-OR-KLA-KLA-1946", "level": 1, "fire_name": "Wrights Spring", "county": "Klamath", "addresses": 19, "unmatched_addresses": 0, "unmatched_fraction_pct": 0, "geometry_source": "cached", "geometry_cache_age_days": 0, "overlapping_zips": [{"zip": "97623", "fraction_pct": 84.6}, {"zip": "97625", "fraction_pct": 15.4}]}}, {"type": "Feature", "geometry": {"type": "Polygon", "coordinates": [[[-121.59587865, 42.19168945], [-121.5958779, 42.1916907], [-121.59582675, 42.19179965], [-121.5957756, 42.1919086], [-121.5957441, 42.1920177], [-121.5957126, 42.1921268], [-121.5956994, 42.19222665], [-121.5956862, 42.1923265], [-121.595682, 42.1924175], [-121.5956778, 42.1925085], [-121.5956823, 42.1927527], [-121.5956868, 42.1929969], [-121.5956936, 42.19306735], [-121.59570225, 42.19315695], [-121.5957138, 42.1932768], [-121.5957272, 42.1934158], [-121.59575805, 42.1935031], [-121.5957889, 42.1935904], [-121.59584435, 42.1936693], [-121.5958998, 42.1937482], [-121.59597595, 42.19381445], [-121.5960521, 42.1938807], [-121.5961635, 42.1939386], [-121.5962749, 42.1939965], [-121.5963825, 42.19404025], [-121.5964901, 42.194084], [-121.59712145, 42.19427125], [-121.5977528, 42.1944585], [-121.59805239, 42.19456125], [-121.598352, 42.194664], [-121.5986332, 42.1947817], [-121.5989144, 42.1948994], [-121.5993763, 42.19513965], [-121.5998382, 42.1953799], [-121.60172, 42.196438], [-121.601864, 42.19654715], [-121.602008, 42.1966563], [-121.60214355, 42.19676675], [-121.6022791, 42.1968772], [-121.60251995, 42.19712265], [-121.6027608, 42.1973681], [-121.6028951, 42.1975411], [-121.6030294, 42.1977141], [-121.6031775, 42.19792935], [-121.6033256, 42.1981446], [-121.60335264, 42.19819861], [-121.6033694, 42.1982321], [-121.60340129, 42.19829567], [-121.60342145, 42.19833585], [-121.6034735, 42.1984396], [-121.60353095, 42.19858545], [-121.6035884, 42.1987313], [-121.60365245, 42.19892025], [-121.6037165, 42.1991092], [-121.60375775, 42.19936675], [-121.603799, 42.1996243], [-121.6038125, 42.1997522], [-121.603826, 42.1998801], [-121.6038201, 42.20001475], [-121.6038142, 42.2001494], [-121.60378755, 42.20039785], [-121.6037609, 42.2006463], [-121.6036851, 42.20090825], [-121.6036093, 42.2011702], [-121.6035387, 42.20132975], [-121.6034681, 42.2014893], [-121.6033894, 42.20162585], [-121.6033107, 42.2017624], [-121.60316215, 42.20204075], [-121.6030136, 42.2023191], [-121.60293845, 42.2024861], [-121.6028633, 42.2026531], [-121.60280605, 42.2028188], [-121.6027488, 42.2029845], [-121.602707, 42.203149], [-121.60268615, 42.20323105], [-121.6026235, 42.2034776], [-121.60256875, 42.2037535], [-121.602514, 42.2040294], [-121.60242205, 42.2046031], [-121.6023301, 42.2051768], [-121.60221915, 42.20571755], [-121.6021082, 42.2062583], [-121.6018485, 42.20754736], [-121.60174027, 42.20808459], [-121.6015888, 42.2088364], [-121.60149755, 42.20944395], [-121.60141738, 42.20997775], [-121.6014063, 42.2100515], [-121.60123668, 42.21094416], [-121.60099224, 42.21223049], [-121.6008229, 42.21312163], [-121.60077326, 42.21338286], [-121.60066464, 42.21395444], [-121.60065102, 42.21402608], [-121.60061875, 42.21419589], [-121.60054439, 42.21458721], [-121.60014016, 42.21671431], [-121.60011834, 42.2168293], [-121.6001066, 42.21689121], [-121.60006745, 42.21709755], [-121.5999947, 42.217481], [-121.5999654, 42.21780805], [-121.59996099, 42.21785732], [-121.59995154, 42.2179628], [-121.5999361, 42.2181351], [-121.59994865, 42.2183676], [-121.5999612, 42.2186001], [-121.60001665, 42.21884725], [-121.6000721, 42.2190944], [-121.6002733, 42.2195942], [-121.600589, 42.2203077], [-121.60066165, 42.220508], [-121.6007343, 42.2207083], [-121.6008299, 42.2213865], [-121.6008342, 42.2220745], [-121.6007774, 42.222515], [-121.6007127, 42.2227324], [-121.600648, 42.2229498], [-121.60035304, 42.22386343], [-121.60006912, 42.22474286], [-121.6000581, 42.224777], [-121.59981217, 42.22553861], [-121.59960789, 42.22617123], [-121.59942666, 42.22673435], [-121.59929745, 42.22713581], [-121.5992661, 42.22723321], [-121.5989243, 42.2282952], [-121.5987781, 42.228737], [-121.598198, 42.2304906], [-121.5980667, 42.2308169], [-121.5979448, 42.231081], [-121.5977414, 42.2314059], [-121.59764515, 42.231527], [-121.5975489, 42.2316481], [-121.5973553, 42.2318505], [-121.5970159, 42.2321241], [-121.5965937, 42.2323772], [-121.5961256, 42.2326179], [-121.59561428, 42.23280357], [-121.5950626, 42.2330039], [-121.59424822, 42.23329086], [-121.5934339, 42.2335778], [-121.59292, 42.2337253], [-121.59274955, 42.23376215], [-121.5925791, 42.233799], [-121.5924205, 42.2338212], [-121.5922619, 42.2338434], [-121.5918785, 42.2338843], [-121.591293, 42.2339021], [-121.58536344, 42.2340902], [-121.5798531, 42.234265], [-121.57967466, 42.2342707], [-121.5795045, 42.23427613], [-121.5793874, 42.23427984], [-121.57383136, 42.23445611], [-121.5698126, 42.2345836], [-121.5664782, 42.2346785], [-121.564935, 42.2347303], [-121.56370685, 42.2347594], [-121.5624787, 42.2347885], [-121.5612311, 42.23478455], [-121.56071507, 42.23478292], [-121.5599835, 42.2347806], [-121.55880899, 42.23478273], [-121.5569571, 42.2347861], [-121.5567233, 42.2347896], [-121.55067949, 42.23481995], [-121.545054, 42.2348482], [-121.54500059, 42.2348485], [-121.54342761, 42.2348572], [-121.54283135, 42.2348605], [-121.54273968, 42.23486101], [-121.54150162, 42.23486786], [-121.5406087, 42.2348728], [-121.5387902, 42.2348819], [-121.53821875, 42.2348749], [-121.5376473, 42.2348679], [-121.53730025, 42.2348397], [-121.5369532, 42.2348115], [-121.5366221, 42.23475065], [-121.536291, 42.2346898], [-121.5359719, 42.23460235], [-121.5356528, 42.2345149], [-121.5353402, 42.2343876], [-121.5350276, 42.2342603], [-121.53471715, 42.234101], [-121.5344067, 42.2339417], [-121.53357162, 42.23344953], [-121.53311988, 42.23318328], [-121.5326299, 42.2328945], [-121.53242483, 42.23279627], [-121.53238217, 42.23277584], [-121.5322395, 42.2327075], [-121.53205979, 42.23263614], [-121.5316696, 42.2324812], [-121.5314767, 42.2324204], [-121.5312838, 42.2323596], [-121.5308435, 42.232254], [-121.530374, 42.2321769], [-121.5298882, 42.2321278], [-121.5293593, 42.2321213], [-121.5288398, 42.2321451], [-121.5283227, 42.2322023], [-121.5277897, 42.2323137], [-121.52748755, 42.2324026], [-121.5271854, 42.2324915], [-121.5264284, 42.2327642], [-121.5212561, 42.234895], [-121.5202068, 42.2353329], [-121.5201833, 42.2351927], [-121.5201266, 42.2350709], [-121.5200478, 42.2349685], [-121.5199773, 42.2348967], [-121.5187504, 42.2348982], [-121.5163476, 42.234902], [-121.5163464, 42.234902], [-121.516295, 42.232459], [-121.51616, 42.22388], [-121.516126, 42.223071], [-121.515974, 42.222856], [-121.514868, 42.222259], [-121.513844, 42.221985], [-121.514671, 42.220128], [-121.514561, 42.219438], [-121.514141, 42.218992], [-121.513911, 42.218427], [-121.51318096, 42.21535623], [-121.513019, 42.214265], [-121.513216, 42.212549], [-121.51305, 42.211907], [-121.5137, 42.211023], [-121.514297, 42.209722], [-121.514845, 42.209395], [-121.51492, 42.209158], [-121.514608, 42.20688], [-121.514742, 42.206479], [-121.514717, 42.205811], [-121.515243, 42.204484], [-121.514294, 42.202887], [-121.514699, 42.202737], [-121.514793, 42.202332], [-121.515761, 42.20157], [-121.515753, 42.200277], [-121.517164, 42.198645], [-121.51742998, 42.19811223], [-121.518177, 42.1975], [-121.518838, 42.197396], [-121.519277, 42.197549], [-121.519954, 42.196975], [-121.520035, 42.196522], [-121.519922, 42.195998], [-121.517659, 42.193394], [-121.514574, 42.191563], [-121.51449772, 42.19041357], [-121.515004, 42.188807], [-121.51533, 42.188362], [-121.518152, 42.186308], [-121.518632, 42.185215], [-121.51975, 42.18339], [-121.519502, 42.182879], [-121.519599, 42.182362], [-121.520148, 42.181498], [-121.520693, 42.181093], [-121.521218, 42.179811], [-121.522103, 42.179292], [-121.522546, 42.178321], [-121.522991, 42.177997], [-121.52337, 42.175955], [-121.52421654, 42.17396097], [-121.524319, 42.173683], [-121.524228, 42.173029], [-121.525064, 42.171786], [-121.52507696, 42.17166921], [-121.52500659, 42.17148378], [-121.52498252, 42.17133611], [-121.525014, 42.171185], [-121.533789, 42.174515], [-121.53649845, 42.17495138], [-121.539417, 42.175372], [-121.540101, 42.175339], [-121.541065, 42.175078], [-121.542438, 42.174128], [-121.543991, 42.173532], [-121.544902, 42.173345], [-121.54632856, 42.17345703], [-121.548662, 42.173573], [-121.550381, 42.173629], [-121.55294, 42.174244], [-121.553884, 42.17474], [-121.55719335, 42.17620229], [-121.55875, 42.176924], [-121.559648, 42.178159], [-121.560004, 42.17844], [-121.563004, 42.180024], [-121.564684, 42.180795], [-121.568966, 42.184499], [-121.570259, 42.185334], [-121.57074646, 42.1858877], [-121.57462, 42.190668], [-121.57556137, 42.19140609], [-121.577235, 42.191546], [-121.584289, 42.191609], [-121.59587865, 42.19168945]]]}, "properties": {"zone_name": "US-OR-KLA-KLA-2261", "level": 1, "fire_name": "Wrights Spring", "county": "Klamath", "addresses": 56, "unmatched_addresses": 0, "unmatched_fraction_pct": 0, "geometry_source": "cached", "geometry_cache_age_days": 0, "overlapping_zips": [{"zip": "97603", "fraction_pct": 69.0}, {"zip": "97625", "fraction_pct": 31.0}]}}, {"type": "Feature", "geometry": {"type": "Polygon", "coordinates": [[[-121.4218742, 42.23162727], [-121.42855209, 42.23165373], [-121.42858334, 42.23165403], [-121.42865432, 42.22798338], [-121.42860884, 42.22437345], [-121.42857718, 42.22437343], [-121.42831395, 42.22412344], [-121.42831269, 42.2208862], [-121.42830472, 42.2168303], [-121.42832864, 42.21412974], [-121.42833463, 42.20983514], [-121.428626, 42.209273], [-121.42929, 42.209592], [-121.42956165, 42.20971059], [-121.42964759, 42.20974811], [-121.43320268, 42.20955075], [-121.43337229, 42.20963481], [-121.43349963, 42.20969792], [-121.4350743, 42.2104783], [-121.43740687, 42.21160527], [-121.43781572, 42.2118028], [-121.43786181, 42.21182507], [-121.43827419, 42.21202431], [-121.43876035, 42.21225919], [-121.43907651, 42.21241194], [-121.43921021, 42.21247654], [-121.4405955, 42.21314581], [-121.44146086, 42.2135639], [-121.44159588, 42.21362913], [-121.44216123, 42.21390226], [-121.4424573, 42.2140453], [-121.44277834, 42.21424932], [-121.4428285, 42.2142812], [-121.4455858, 42.21564], [-121.44764958, 42.21663735], [-121.452286, 42.2188779], [-121.45509176, 42.22022552], [-121.45743107, 42.22134907], [-121.45845395, 42.26680899], [-121.46722107, 42.26730512], [-121.4671747, 42.28380608], [-121.46707695, 42.28387839], [-121.4642427, 42.2859749], [-121.462477, 42.2872977], [-121.4591034, 42.2898305], [-121.458416, 42.2903581], [-121.4579392, 42.2907184], [-121.4575947, 42.2909552], [-121.4572384, 42.2911816], [-121.456276, 42.2917827], [-121.4552662, 42.2923925], [-121.4541867, 42.2930109], [-121.4527007, 42.2938861], [-121.45261879, 42.29393525], [-121.452617, 42.293931], [-121.45260615, 42.29359628], [-121.452475, 42.293126], [-121.44568014, 42.29303673], [-121.44546, 42.29309], [-121.445273, 42.289354], [-121.445654, 42.286799], [-121.445385, 42.285676], [-121.445221, 42.283555], [-121.444899, 42.282852], [-121.4434791, 42.2814746], [-121.44233, 42.279855], [-121.440446, 42.278005], [-121.438722, 42.275674], [-121.438604, 42.275357], [-121.43871146, 42.27523871], [-121.441284, 42.274753], [-121.441421, 42.27463], [-121.441413, 42.274373], [-121.440711, 42.27137], [-121.439386, 42.267781], [-121.438291, 42.266665], [-121.437106, 42.26677], [-121.43679, 42.26608], [-121.436624, 42.26553], [-121.437301, 42.264985], [-121.437422, 42.264656], [-121.435283, 42.259872], [-121.4323772, 42.2604684], [-121.431465, 42.258244], [-121.431322, 42.258097], [-121.430686, 42.25819], [-121.430542, 42.258018], [-121.430653, 42.257041], [-121.428672, 42.254072], [-121.427698, 42.249842], [-121.427373, 42.249396], [-121.427075, 42.248069], [-121.426595, 42.247795], [-121.426729, 42.24712], [-121.427484, 42.246388], [-121.428308, 42.244677], [-121.427902, 42.243334], [-121.42697571, 42.24209723], [-121.425886, 42.24111], [-121.424911, 42.240534], [-121.424874, 42.240325], [-121.425268, 42.239214], [-121.425183, 42.238311], [-121.424141, 42.235705], [-121.42363, 42.233851], [-121.423406, 42.233436], [-121.422012, 42.232346], [-121.4218742, 42.23162727]]]}, "properties": {"zone_name": "US-OR-KLA-KLA-1961", "level": 1, "fire_name": "Wrights Spring", "county": "Klamath", "addresses": 34, "unmatched_addresses": 0, "unmatched_fraction_pct": 0, "geometry_source": "cached", "geometry_cache_age_days": 0, "overlapping_zips": [{"zip": "97623", "fraction_pct": 100.0}]}}, {"type": "Feature", "geometry": {"type": "Polygon", "coordinates": [[[-121.45743107, 42.22134907], [-121.4575217, 42.2213926], [-121.45772273, 42.22150063], [-121.45986962, 42.22265426], [-121.46052518, 42.22292377], [-121.46060432, 42.22295631], [-121.4609223, 42.22308704], [-121.46114248, 42.22317756], [-121.46121087, 42.22320568], [-121.46284601, 42.22387791], [-121.46355914, 42.22417109], [-121.46387454, 42.22430076], [-121.4639317, 42.22432426], [-121.465607, 42.225013], [-121.46584964, 42.22511329], [-121.467257, 42.225695], [-121.47230883, 42.22782126], [-121.4745497, 42.2287644], [-121.4769834, 42.22977773], [-121.4818663, 42.2318108], [-121.4836421, 42.2325523], [-121.4852388, 42.2332272], [-121.4853042, 42.2332547], [-121.48577008, 42.23344939], [-121.48646429, 42.23373949], [-121.48665096, 42.23381749], [-121.48668995, 42.23383379], [-121.48677623, 42.23386984], [-121.488725, 42.2346842], [-121.4892574, 42.2348871], [-121.4896225, 42.2349688], [-121.48967033, 42.23497382], [-121.4896636, 42.2349796], [-121.487568, 42.235078], [-121.48706686, 42.23534285], [-121.486919, 42.235505], [-121.486792, 42.236052], [-121.486795, 42.238659], [-121.48674, 42.249829], [-121.486724, 42.253237], [-121.48671998, 42.25331416], [-121.486028, 42.255939], [-121.486089, 42.2567], [-121.486789, 42.259111], [-121.4867853, 42.263251], [-121.4867881, 42.2636876], [-121.48679, 42.263976], [-121.486782, 42.267674], [-121.48680827, 42.26923505], [-121.48618546, 42.26969838], [-121.48436153, 42.27105524], [-121.4839739, 42.2713436], [-121.48393852, 42.27136967], [-121.48390895, 42.27139146], [-121.47979978, 42.27444144], [-121.47685942, 42.2766238], [-121.4765064, 42.27688581], [-121.4755002, 42.2776326], [-121.47425111, 42.2785589], [-121.47318337, 42.27935069], [-121.47141936, 42.28065883], [-121.47060443, 42.28126313], [-121.4694289, 42.28213483], [-121.46935563, 42.28218917], [-121.46926229, 42.28225838], [-121.46912841, 42.28235765], [-121.46733653, 42.28368638], [-121.4671747, 42.28380608], [-121.46722107, 42.26730512], [-121.45845395, 42.26680899], [-121.45743107, 42.22134907]]]}, "properties": {"zone_name": "US-OR-KLA-KLA-1951", "level": 1, "fire_name": "Wrights Spring", "county": "Klamath", "addresses": 15, "unmatched_addresses": 0, "unmatched_fraction_pct": 0, "geometry_source": "cached", "geometry_cache_age_days": 0, "overlapping_zips": [{"zip": "97623", "fraction_pct": 100.0}]}}, {"type": "Feature", "geometry": {"type": "Polygon", "coordinates": [[[-121.49293522, 42.46550048], [-121.491937, 42.466636], [-121.49081563, 42.46762261], [-121.490289, 42.468188], [-121.48907768, 42.46964032], [-121.488823, 42.469836], [-121.486182, 42.471183], [-121.48257223, 42.47301699], [-121.48244598, 42.47298749], [-121.48225305, 42.47308411], [-121.48199836, 42.47321167], [-121.481215, 42.473604], [-121.480844, 42.473672], [-121.480319, 42.474039], [-121.47860941, 42.47488325], [-121.476909, 42.473024], [-121.47616257, 42.47230241], [-121.474652, 42.471552], [-121.47383564, 42.47139059], [-121.473079, 42.471496], [-121.472169, 42.471769], [-121.469072, 42.47269], [-121.46893769, 42.4727282], [-121.467122, 42.472915], [-121.46577, 42.472911], [-121.46489484, 42.47288693], [-121.464245, 42.472707], [-121.463526, 42.47219], [-121.463116, 42.471872], [-121.46254266, 42.47172247], [-121.461674, 42.471774], [-121.46048, 42.472488], [-121.45860825, 42.47315358], [-121.457615, 42.473453], [-121.457006, 42.473421], [-121.45659144, 42.47324285], [-121.456191, 42.472943], [-121.455482, 42.472044], [-121.45497397, 42.47178255], [-121.454481, 42.471683], [-121.453719, 42.471796], [-121.452493, 42.47259], [-121.45193088, 42.47280222], [-121.448679, 42.472852], [-121.44787041, 42.47266138], [-121.446018, 42.471978], [-121.445013, 42.471901], [-121.44420366, 42.47197272], [-121.440177, 42.472311], [-121.43851321, 42.47235486], [-121.435951, 42.471892], [-121.43512836, 42.47196608], [-121.434511, 42.472293], [-121.434029, 42.472969], [-121.43401111, 42.47299809], [-121.43360865, 42.47289379], [-121.43232765, 42.47219542], [-121.4335251, 42.46997699], [-121.43547444, 42.46841583], [-121.4354926, 42.46769253], [-121.4328123, 42.4676765], [-121.43275165, 42.46767602], [-121.43281663, 42.46674128], [-121.4328891, 42.46664773], [-121.43289307, 42.46630524], [-121.43318999, 42.46632362], [-121.43379879, 42.46628062], [-121.4340449, 42.46621851], [-121.43417444, 42.46621374], [-121.43441407, 42.46625196], [-121.4348221, 42.46636662], [-121.43509412, 42.46640484], [-121.43536614, 42.46638095], [-121.43563815, 42.46638573], [-121.4357353, 42.4664574], [-121.43607209, 42.4665004], [-121.43653841, 42.46653862], [-121.43675861, 42.46650995], [-121.43758762, 42.46655295], [-121.43782078, 42.46661028], [-121.4383972, 42.46672017], [-121.4395889, 42.46690172], [-121.43991921, 42.46698771], [-121.44011351, 42.4670976], [-121.44020418, 42.46705938], [-121.44029485, 42.46701638], [-121.44103967, 42.4670976], [-121.44165495, 42.46714059], [-121.44206297, 42.46714537], [-121.44247748, 42.46712626], [-121.44300856, 42.46716448], [-121.44315105, 42.46716926], [-121.4435526, 42.46729825], [-121.44360441, 42.46738425], [-121.44373116, 42.46726024], [-121.44439178, 42.46736057], [-121.44459255, 42.46740835], [-121.44504592, 42.46744657], [-121.44549928, 42.46749912], [-121.44634815, 42.46751353], [-121.44654892, 42.46754698], [-121.44710591, 42.46753742], [-121.44727431, 42.46750398], [-121.44777948, 42.46753264], [-121.44809684, 42.46752309], [-121.44836886, 42.46750876], [-121.44862792, 42.46748487], [-121.44886756, 42.46737976], [-121.44903595, 42.46737498], [-121.449346, 42.46726463], [-121.44946905, 42.46723118], [-121.44967631, 42.46722163], [-121.44979288, 42.46719774], [-121.44994185, 42.46722163], [-121.44996775, 42.46727896], [-121.4500649, 42.46726463], [-121.45018148, 42.46725029], [-121.45112128, 42.46693497], [-121.45147749, 42.46681076], [-121.45180133, 42.46671998], [-121.45198915, 42.46666265], [-121.45220935, 42.46661487], [-121.45248785, 42.46657188], [-121.4526951, 42.46654321], [-121.45290235, 42.46654799], [-121.45306427, 42.46651932], [-121.45314846, 42.46651454], [-121.45320675, 42.4665671], [-121.45345287, 42.46665787], [-121.45368603, 42.46668654], [-121.45397747, 42.46670087], [-121.45423654, 42.46670087], [-121.45452799, 42.46669132], [-121.45481296, 42.46665309], [-121.45478058, 42.46660532], [-121.45452151, 42.46655276], [-121.45450208, 42.46648588], [-121.45443084, 42.46636644], [-121.45443731, 42.46624222], [-121.45447617, 42.466118], [-121.45460571, 42.46601767], [-121.45482591, 42.46598422], [-121.45500726, 42.46591734], [-121.45520156, 42.46585045], [-121.45542176, 42.46579789], [-121.45560311, 42.46577401], [-121.45577798, 42.46578356], [-121.45599818, 42.46578834], [-121.45618601, 42.46577878], [-121.45634144, 42.46575012], [-121.45645155, 42.46575012], [-121.45655517, 42.46580267], [-121.4566588, 42.46577878], [-121.45728056, 42.46581701], [-121.45738418, 42.46580267], [-121.45749429, 42.46577878], [-121.45763029, 42.46579312], [-121.45773392, 42.46584089], [-121.45798003, 42.46586], [-121.45810957, 42.46588867], [-121.45831034, 42.46586956], [-121.4584593, 42.46583134], [-121.45867951, 42.46578356], [-121.458822, 42.46578834], [-121.45913935, 42.46576445], [-121.45927536, 42.46573101], [-121.45922355, 42.46568323], [-121.45907458, 42.46566412], [-121.45930774, 42.46559723], [-121.459651, 42.4654969], [-121.46006551, 42.46555901], [-121.46046706, 42.46549212], [-121.46082328, 42.46547301], [-121.46112768, 42.46543957], [-121.46134141, 42.46541568], [-121.46151627, 42.46556379], [-121.46178182, 42.46559723], [-121.46210565, 42.46557334], [-121.46233233, 42.46555901], [-121.46255295, 42.46556494], [-121.46272134, 42.46544072], [-121.46355831, 42.4652735], [-121.46360365, 42.46521139], [-121.46371375, 42.46520662], [-121.46377852, 42.46536428], [-121.46426426, 42.46542161], [-121.4645039, 42.46539295], [-121.46462749, 42.46534517], [-121.46484121, 42.46526873], [-121.46525572, 42.46521139], [-121.4654824, 42.46530217], [-121.46578528, 42.46549729], [-121.46591725, 42.46527165], [-121.46628288, 42.46493109], [-121.46700547, 42.4648904], [-121.46827541, 42.46501011], [-121.46908562, 42.46501969], [-121.46972059, 42.46518728], [-121.47116577, 42.46536444], [-121.47170755, 42.46518894], [-121.47257293, 42.46516482], [-121.47335938, 42.46472732], [-121.47413004, 42.46482547], [-121.47535286, 42.46427084], [-121.47568152, 42.46419036], [-121.47582699, 42.46420389], [-121.47602313, 42.46424115], [-121.47605747, 42.46415716], [-121.47615154, 42.46402616], [-121.47632744, 42.4640371], [-121.4764016, 42.46397952], [-121.47639777, 42.46368153], [-121.47649759, 42.46372506], [-121.4765001, 42.46378816], [-121.47676667, 42.46370121], [-121.47699904, 42.46368393], [-121.47745856, 42.46373869], [-121.47807289, 42.46392397], [-121.47864298, 42.46407662], [-121.47925731, 42.46415748], [-121.47948548, 42.46412888], [-121.4796613, 42.46413118], [-121.47990256, 42.46407748], [-121.48071958, 42.46403151], [-121.48238738, 42.46370092], [-121.48250565, 42.46371229], [-121.48271949, 42.46365902], [-121.48322683, 42.46366412], [-121.48348545, 42.46359323], [-121.48379427, 42.46357524], [-121.48396326, 42.46353873], [-121.48485653, 42.46352867], [-121.48506114, 42.46350447], [-121.48521723, 42.46346062], [-121.48531595, 42.4635173], [-121.48568214, 42.46357469], [-121.48586165, 42.46352668], [-121.48612004, 42.46354215], [-121.48626393, 42.4635731], [-121.48643097, 42.46345073], [-121.48695834, 42.46340367], [-121.48766341, 42.46337193], [-121.48862239, 42.46345105], [-121.48919485, 42.46357851], [-121.48947712, 42.46374419], [-121.48969957, 42.4637204], [-121.48999458, 42.46381129], [-121.49061049, 42.46385928], [-121.49101496, 42.46373835], [-121.49112405, 42.46360977], [-121.49166351, 42.46352465], [-121.49311846, 42.46375881], [-121.49527028, 42.46349959], [-121.49672433, 42.46298865], [-121.49821298, 42.46264365], [-121.50012418, 42.46268167], [-121.50160092, 42.46293118], [-121.50224166, 42.46312711], [-121.50433072, 42.46415056], [-121.50429169, 42.4642177], [-121.50590667, 42.46511339], [-121.50609726, 42.46508603], [-121.5062393, 42.46435403], [-121.50620126, 42.46399953], [-121.50605153, 42.46363794], [-121.50586609, 42.46326308], [-121.50587037, 42.46316937], [-121.5059837, 42.46319059], [-121.50605457, 42.46339393], [-121.50627572, 42.4638625], [-121.50649547, 42.46419205], [-121.506388, 42.4642266], [-121.5063159, 42.4642943], [-121.5062831, 42.4644153], [-121.5062787, 42.4648169], [-121.5062416, 42.4649864], [-121.5061609, 42.4651531], [-121.5060268, 42.4652824], [-121.5058412, 42.4653825], [-121.5056295, 42.4654354], [-121.5054131, 42.4654451], [-121.5051883, 42.4654003], [-121.5048274, 42.4652659], [-121.504043, 42.4649555], [-121.503652, 42.4648058], [-121.5032791, 42.4646372], [-121.5026568, 42.4643236], [-121.5023339, 42.4641903], [-121.5017118, 42.4639951], [-121.5010418, 42.4638139], [-121.5007874, 42.463772], [-121.5005691, 42.4637492], [-121.5003016, 42.4637501], [-121.4985621, 42.4638557], [-121.4981996, 42.4639114], [-121.4978181, 42.4639939], [-121.4974602, 42.4640873], [-121.4963041, 42.4644689], [-121.4957306, 42.4646177], [-121.4951303, 42.4647145], [-121.4946127, 42.4648131], [-121.4940295, 42.464964], [-121.4934518, 42.4651295], [-121.49331757, 42.46518209], [-121.49293522, 42.46550048]]]}, "properties": {"zone_name": "US-OR-KLA-KLA-1416", "level": 1, "fire_name": "Wrights Spring", "county": "Klamath", "addresses": 47, "unmatched_addresses": 0, "unmatched_fraction_pct": 0, "geometry_source": "cached", "geometry_cache_age_days": 0, "overlapping_zips": [{"zip": "97624", "fraction_pct": 100.0}]}}, {"type": "Feature", "geometry": {"type": "Polygon", "coordinates": [[[-121.4840086, 42.4574306], [-121.4784546, 42.4573427], [-121.47805684, 42.45734988], [-121.47807569, 42.45730119], [-121.47878493, 42.45730119], [-121.47893957, 42.45729332], [-121.48033672, 42.45724218], [-121.48155111, 42.45720985], [-121.48202038, 42.4569856], [-121.48229767, 42.45654495], [-121.48256449, 42.45576546], [-121.48271381, 42.45480153], [-121.48231678, 42.45361147], [-121.48232212, 42.45259635], [-121.48225721, 42.45177115], [-121.48232385, 42.45169179], [-121.48457836, 42.45211075], [-121.48561813, 42.45221782], [-121.486694, 42.452237], [-121.48672305, 42.45223779], [-121.48975093, 42.45226493], [-121.48976308, 42.45223516], [-121.4914154, 42.4522413], [-121.49310852, 42.4522476], [-121.4941469, 42.45225169], [-121.49661929, 42.45226145], [-121.49663705, 42.4485487], [-121.49928801, 42.44847073], [-121.49934648, 42.44813936], [-121.50230932, 42.44823683], [-121.50228983, 42.45090728], [-121.50595439, 42.4508488], [-121.5059931, 42.45093349], [-121.5060831, 42.4508806], [-121.5063415, 42.4506577], [-121.50640472, 42.45057454], [-121.50642708, 42.4507757], [-121.50642708, 42.45215966], [-121.50642708, 42.45572676], [-121.50642219, 42.45601528], [-121.505739, 42.4565238], [-121.5059979, 42.4567632], [-121.5061481, 42.4569607], [-121.5062793, 42.4571723], [-121.5063741, 42.4574412], [-121.5064105, 42.4578105], [-121.5063942, 42.4581763], [-121.5062711, 42.4588786], [-121.5061068, 42.4599279], [-121.5059445, 42.4609884], [-121.5059124, 42.461294], [-121.5058858, 42.4618408], [-121.50589157, 42.46195441], [-121.50584531, 42.46197361], [-121.50585551, 42.46261302], [-121.50569236, 42.46261302], [-121.50569236, 42.4618382], [-121.50540684, 42.46148464], [-121.50517231, 42.4609731], [-121.50480522, 42.46095053], [-121.50451971, 42.4607399], [-121.50413222, 42.46049917], [-121.50384671, 42.46034119], [-121.50352041, 42.46013055], [-121.50314312, 42.4600478], [-121.50278623, 42.46004028], [-121.50096097, 42.46013808], [-121.50056329, 42.46003276], [-121.50051231, 42.45978451], [-121.49999226, 42.45983717], [-121.49991069, 42.45970176], [-121.49974754, 42.45963405], [-121.49963537, 42.45980707], [-121.49941104, 42.46001771], [-121.49943143, 42.46016065], [-121.49904395, 42.46034119], [-121.49880942, 42.46032615], [-121.49848312, 42.46031862], [-121.49796307, 42.46018321], [-121.49722889, 42.45998762], [-121.49713712, 42.45964157], [-121.4968822, 42.45966414], [-121.49693318, 42.45985973], [-121.49679042, 42.46013055], [-121.49672924, 42.46048412], [-121.49667826, 42.46026596], [-121.49659668, 42.4600779], [-121.49646412, 42.45991239], [-121.4958727, 42.45997258], [-121.49564837, 42.46022835], [-121.49542403, 42.46037128], [-121.49514872, 42.46049917], [-121.49483261, 42.46038633], [-121.49467966, 42.46001771], [-121.49444513, 42.45978451], [-121.4938537, 42.45992744], [-121.49346622, 42.45989735], [-121.49286417, 42.45965228], [-121.49268947, 42.45961631], [-121.49249446, 42.45958634], [-121.49235226, 42.4594095], [-121.49226694, 42.45967626], [-121.49200692, 42.45965528], [-121.49179566, 42.45962231], [-121.4916819, 42.45965528], [-121.49165015, 42.45973147], [-121.49155671, 42.45993528], [-121.4913495, 42.45995327], [-121.49129262, 42.45970749], [-121.49120324, 42.45968351], [-121.49099604, 42.45978242], [-121.49083759, 42.45992329], [-121.49075227, 42.46010613], [-121.49058976, 42.46033393], [-121.49048007, 42.46032194], [-121.49037037, 42.46039387], [-121.49032162, 42.46048079], [-121.49019567, 42.46039387], [-121.49009004, 42.46031594], [-121.49006972, 42.46024701], [-121.49000472, 42.46014809], [-121.48983408, 42.46008515], [-121.48971626, 42.46016308], [-121.48967157, 42.46027698], [-121.48954156, 42.46041186], [-121.48937092, 42.46063066], [-121.48913013, 42.46077987], [-121.48874823, 42.46069595], [-121.48865885, 42.46070194], [-121.48840696, 42.46040222], [-121.48850853, 42.46026134], [-121.48871167, 42.45991665], [-121.48872792, 42.45981174], [-121.48850853, 42.45982373], [-121.48839477, 42.45980575], [-121.48830133, 42.45970084], [-121.48809006, 42.45980875], [-121.48783817, 42.45987769], [-121.48772035, 42.45985071], [-121.48766753, 42.45991965], [-121.48770409, 42.46002755], [-121.48762284, 42.46006352], [-121.4874197, 42.4600815], [-121.48732219, 42.46001556], [-121.48720437, 42.46004853], [-121.4871353, 42.46007551], [-121.48695654, 42.45991365], [-121.48691591, 42.4598657], [-121.48680215, 42.45984172], [-121.48680622, 42.45972782], [-121.48681028, 42.45958994], [-121.48688747, 42.45947604], [-121.48691185, 42.45932917], [-121.48694029, 42.45925724], [-121.48694029, 42.45919129], [-121.48684491, 42.45914633], [-121.48676366, 42.45915832], [-121.48673116, 42.45906241], [-121.48673928, 42.45887357], [-121.48677178, 42.45874469], [-121.48673928, 42.45857983], [-121.48671084, 42.45871172], [-121.4866824, 42.45887058], [-121.48664177, 42.45908339], [-121.48659302, 42.45917031], [-121.48647114, 42.45909238], [-121.4863655, 42.45905342], [-121.48640207, 42.45891554], [-121.48630863, 42.45885259], [-121.48618268, 42.45881063], [-121.48613393, 42.45874768], [-121.4861258, 42.45869373], [-121.4861258, 42.45855885], [-121.48603236, 42.45848691], [-121.48592672, 42.45847792], [-121.48587797, 42.45843596], [-121.48579265, 42.45845993], [-121.48570327, 42.458388], [-121.48564233, 42.45839099], [-121.48563826, 42.45833105], [-121.48567483, 42.45821115], [-121.4856017, 42.45820516], [-121.48551638, 42.4582711], [-121.48541481, 42.45836102], [-121.48537012, 42.45841797], [-121.48530512, 42.45845094], [-121.48527668, 42.45851988], [-121.48511416, 42.45856784], [-121.48497603, 42.45863678], [-121.48485821, 42.45875967], [-121.48476883, 42.45879564], [-121.48466726, 42.45883161], [-121.48456162, 42.45887058], [-121.48457381, 42.45881363], [-121.48453318, 42.45878065], [-121.48443987, 42.45868479], [-121.48437486, 42.45863982], [-121.48424079, 42.45862184], [-121.4841961, 42.45856189], [-121.48409859, 42.45845399], [-121.48397265, 42.45838804], [-121.48400921, 42.45828913], [-121.48392389, 42.45817823], [-121.48392796, 42.4580883], [-121.48396046, 42.4579744], [-121.48386701, 42.45794143], [-121.48376951, 42.45792944], [-121.48372888, 42.45783053], [-121.4836395, 42.45783652], [-121.48367606, 42.45791745], [-121.48355418, 42.45793544], [-121.48365575, 42.45800737], [-121.48355012, 42.45812727], [-121.48353387, 42.45819022], [-121.48355824, 42.45829213], [-121.48336729, 42.45824417], [-121.48323322, 42.45813626], [-121.48313977, 42.45798939], [-121.48313977, 42.45783352], [-121.48310727, 42.45777058], [-121.48317228, 42.45765068], [-121.48291226, 42.45761771], [-121.48279444, 42.45767166], [-121.48275787, 42.45776458], [-121.48269693, 42.45782153], [-121.48265224, 42.45776758], [-121.48260349, 42.45772262], [-121.48254254, 42.4577406], [-121.48248973, 42.45783652], [-121.48245316, 42.45786949], [-121.48246941, 42.45792944], [-121.48252629, 42.45799538], [-121.4825141, 42.45807032], [-121.4823841, 42.45820221], [-121.48227034, 42.45822618], [-121.48222565, 42.45831011], [-121.48222565, 42.45840303], [-121.48218908, 42.45842401], [-121.48217689, 42.45828014], [-121.4820997, 42.45815724], [-121.48194938, 42.45818422], [-121.48188437, 42.45807931], [-121.48179905, 42.45801936], [-121.48170561, 42.45801936], [-121.48155122, 42.45796541], [-121.48144965, 42.45804634], [-121.48141715, 42.45814226], [-121.48130339, 42.45819921], [-121.48124245, 42.45817223], [-121.48121807, 42.45811228], [-121.48135621, 42.45800737], [-121.48136027, 42.45794743], [-121.4814334, 42.45782453], [-121.4814334, 42.45769564], [-121.48140496, 42.45766267], [-121.48130746, 42.45749182], [-121.48161216, 42.45748282], [-121.48172999, 42.45747683], [-121.48232722, 42.45744985], [-121.48289601, 42.45748282], [-121.48336323, 42.45750081], [-121.48431392, 42.4575068], [-121.48431086, 42.45742994], [-121.4840086, 42.4574306]]]}, "properties": {"zone_name": "US-OR-KLA-KLA-1386", "level": 1, "fire_name": "Wrights Spring", "county": "Klamath", "addresses": 63, "unmatched_addresses": 0, "unmatched_fraction_pct": 0, "geometry_source": "cached", "geometry_cache_age_days": 0, "overlapping_zips": [{"zip": "97639", "fraction_pct": 99.8}, {"zip": "97624", "fraction_pct": 0.2}]}}, {"type": "Feature", "geometry": {"type": "Polygon", "coordinates": [[[-121.46703604, 42.44999269], [-121.46701, 42.4499879], [-121.4667174, 42.4499209], [-121.4664117, 42.4498275], [-121.4661274, 42.449727], [-121.4648589, 42.4492401], [-121.4625529, 42.4483708], [-121.4596143, 42.4472704], [-121.45874384, 42.44694479], [-121.45774213, 42.44657009], [-121.45767376, 42.44654451], [-121.45758135, 42.44650994], [-121.4562272, 42.4460034], [-121.4527743, 42.4447151], [-121.4501232, 42.4437258], [-121.4494751, 42.4435117], [-121.4487776, 42.4432918], [-121.448, 42.4430797], [-121.4469024, 42.4428254], [-121.4457581, 42.442612], [-121.4450712, 42.4425092], [-121.4444989, 42.442429], [-121.44428738, 42.44240567], [-121.4438761, 42.4423603], [-121.4432269, 42.4423024], [-121.4425987, 42.442262], [-121.4419368, 42.4422336], [-121.4406387, 42.4422152], [-121.4381337, 42.4421959], [-121.4282624, 42.4421633], [-121.4210505, 42.4421348], [-121.4208947, 42.4421339], [-121.4200055, 42.4421268], [-121.420006, 42.441826], [-121.42002, 42.44159], [-121.420062, 42.441389], [-121.420103, 42.441268], [-121.420147, 42.441175], [-121.420305, 42.44094], [-121.420422, 42.4408], [-121.421319, 42.439664], [-121.426251, 42.433427], [-121.426677, 42.432897], [-121.426726, 42.432838], [-121.427566, 42.431774], [-121.427856, 42.431399], [-121.428056, 42.431121], [-121.428195, 42.430953], [-121.428275, 42.430874], [-121.428403, 42.430781], [-121.428534, 42.430734], [-121.428598, 42.430741], [-121.42884, 42.430782], [-121.428922, 42.430802], [-121.429394, 42.430918], [-121.429758, 42.43098], [-121.430082, 42.431041], [-121.43047, 42.431116], [-121.430656, 42.43101], [-121.431147, 42.430833], [-121.43118, 42.430822], [-121.432168, 42.430307], [-121.432631, 42.429735], [-121.432781, 42.429449], [-121.432804, 42.429406], [-121.432885, 42.429254], [-121.432966, 42.429101], [-121.433125, 42.428799], [-121.43321, 42.428538], [-121.4334409, 42.42777866], [-121.4480508, 42.42782296], [-121.44808282, 42.43144677], [-121.46257051, 42.43181306], [-121.46258652, 42.42820843], [-121.47152456, 42.42828087], [-121.47105309, 42.4288243], [-121.470415, 42.429437], [-121.46987163, 42.42965497], [-121.4696805, 42.4297221], [-121.468841, 42.430124], [-121.468212, 42.430673], [-121.46775405, 42.43072483], [-121.467352, 42.430815], [-121.466571, 42.431481], [-121.4665106, 42.43214489], [-121.466803, 42.433804], [-121.467376, 42.434353], [-121.46770854, 42.43529798], [-121.468043, 42.436543], [-121.468038, 42.437919], [-121.46785694, 42.43863067], [-121.467779, 42.439255], [-121.467589, 42.439583], [-121.46783914, 42.4400316], [-121.46803999, 42.44162172], [-121.467974, 42.442246], [-121.46763994, 42.44262383], [-121.466784, 42.443395], [-121.46638544, 42.44395017], [-121.46630689, 42.44620006], [-121.46633972, 42.44797814], [-121.466335, 42.448772], [-121.46652155, 42.44932425], [-121.46700442, 42.4498917], [-121.46703604, 42.44999269]]]}, "properties": {"zone_name": "US-OR-KLA-KLA-1426", "level": 1, "fire_name": "Wrights Spring", "county": "Klamath", "addresses": 15, "unmatched_addresses": 0, "unmatched_fraction_pct": 0, "geometry_source": "cached", "geometry_cache_age_days": 0, "overlapping_zips": [{"zip": "97639", "fraction_pct": 100.0}]}}, {"type": "Feature", "geometry": {"type": "Polygon", "coordinates": [[[-121.46770282, 42.45010181], [-121.4696401, 42.450176], [-121.47520127, 42.45031743], [-121.47701835, 42.45068161], [-121.477068, 42.450692], [-121.4791541, 42.4511146], [-121.481238, 42.45149], [-121.48232385, 42.45169179], [-121.48079026, 42.45351812], [-121.4807172, 42.45403561], [-121.48052725, 42.45465552], [-121.48018207, 42.45533604], [-121.47914462, 42.45610146], [-121.47869895, 42.45634942], [-121.47835557, 42.45640871], [-121.47806333, 42.45635481], [-121.47769073, 42.45653808], [-121.47769803, 42.45664588], [-121.47760306, 42.45667822], [-121.47745694, 42.45659737], [-121.47728159, 42.45659198], [-121.47734735, 42.45652191], [-121.4772889, 42.4563602], [-121.47729621, 42.45621466], [-121.47720123, 42.45590741], [-121.47710625, 42.45575109], [-121.47698205, 42.45603678], [-121.4769236, 42.45547619], [-121.4767994, 42.45541689], [-121.47653639, 42.45537377], [-121.4763099, 42.45540072], [-121.47614917, 42.45547619], [-121.47601766, 42.45556243], [-121.47592268, 42.45562173], [-121.47586424, 42.45416092], [-121.47576195, 42.45396687], [-121.47560122, 42.45409085], [-121.47527245, 42.45415014], [-121.4750825, 42.45415014], [-121.47489254, 42.45400999], [-121.47481218, 42.45381593], [-121.47433729, 42.45368656], [-121.47401582, 42.45367578], [-121.47393546, 42.45363266], [-121.47392495, 42.4533012], [-121.47315783, 42.45312871], [-121.47304824, 42.45315027], [-121.47296057, 42.45310714], [-121.47298979, 42.45291847], [-121.47287289, 42.4529023], [-121.47271947, 42.4530209], [-121.47267563, 42.45312871], [-121.4725076, 42.4530748], [-121.47237609, 42.45297238], [-121.47223728, 42.45301011], [-121.47229572, 42.45327964], [-121.47218613, 42.45342519], [-121.4720254, 42.4534198], [-121.47206924, 42.45352222], [-121.47190851, 42.45364081], [-121.47188659, 42.45374862], [-121.47162357, 42.45379713], [-121.47171125, 42.45371628], [-121.47193773, 42.4534737], [-121.47190851, 42.45329581], [-121.47172586, 42.4533012], [-121.47149937, 42.453533], [-121.47135325, 42.45373245], [-121.47138978, 42.45361925], [-121.47142631, 42.45352222], [-121.47150668, 42.45327425], [-121.47183545, 42.45294543], [-121.47187916, 42.45277293], [-121.47147002, 42.45274058], [-121.4710828, 42.45269207], [-121.47094399, 42.45272441], [-121.47077595, 42.45278371], [-121.47066636, 42.4529616], [-121.47053486, 42.45332816], [-121.47044718, 42.45343058], [-121.47030837, 42.45347909], [-121.47003074, 42.45384026], [-121.46987732, 42.45398041], [-121.46969467, 42.45397502], [-121.46892024, 42.45406666], [-121.46829192, 42.45417447], [-121.46757594, 42.45423915], [-121.46727525, 42.45422067], [-121.46727433, 42.45423588], [-121.46667246, 42.45424841], [-121.46550928, 42.45426064], [-121.46495299, 42.45429248], [-121.46419271, 42.45425133], [-121.46359095, 42.45438782], [-121.46328222, 42.45436917], [-121.46306382, 42.4543292], [-121.46280505, 42.45428789], [-121.46265037, 42.45426923], [-121.46250653, 42.45427057], [-121.46217354, 42.45433456], [-121.46199316, 42.45441095], [-121.46184611, 42.4544928], [-121.46178535, 42.45501724], [-121.4617919, 42.455104], [-121.46173128, 42.4551842], [-121.46174432, 42.45520887], [-121.46170308, 42.45526718], [-121.46164361, 42.45529514], [-121.46159041, 42.45530733], [-121.46155167, 42.45532835], [-121.46154044, 42.45534579], [-121.46153859, 42.455373], [-121.46156986, 42.45545485], [-121.46155144, 42.45547415], [-121.4615091, 42.45548093], [-121.46143948, 42.45546613], [-121.46139503, 42.45549014], [-121.46135545, 42.45548324], [-121.46132561, 42.45546484], [-121.46124459, 42.45561655], [-121.46120592, 42.45565389], [-121.46115859, 42.45567046], [-121.4611367, 42.45572616], [-121.46106935, 42.45572437], [-121.46106235, 42.45566489], [-121.46099965, 42.4557248], [-121.46098346, 42.45575795], [-121.46093598, 42.45575101], [-121.4608647, 42.45577122], [-121.46083453, 42.4557611], [-121.46079355, 42.4557861], [-121.46076597, 42.45577592], [-121.46088715, 42.45495621], [-121.46109372, 42.45484792], [-121.46106861, 42.45476894], [-121.46103824, 42.45455236], [-121.46077035, 42.45409745], [-121.46035616, 42.45343501], [-121.46016287, 42.45319889], [-121.45741989, 42.45296967], [-121.45716123, 42.45272667], [-121.45248049, 42.45340868], [-121.44972323, 42.4541009], [-121.44830276, 42.45474309], [-121.44686615, 42.4556474], [-121.4455283, 42.45644631], [-121.44327845, 42.45697187], [-121.44184043, 42.45689847], [-121.43998999, 42.45750784], [-121.43937405, 42.45814218], [-121.43903675, 42.45834335], [-121.43834069, 42.45839621], [-121.43766452, 42.4583316], [-121.43751577, 42.4581789], [-121.4375362, 42.45792708], [-121.43722022, 42.45724678], [-121.43677901, 42.45742421], [-121.43641078, 42.45786009], [-121.43570075, 42.45786701], [-121.43563658, 42.4576561], [-121.43481286, 42.45763064], [-121.43489589, 42.45632365], [-121.43452324, 42.45707333], [-121.43409523, 42.45623012], [-121.43373745, 42.45617743], [-121.43281769, 42.45691276], [-121.43240436, 42.45718312], [-121.43182036, 42.45729322], [-121.43027564, 42.45702391], [-121.4292434, 42.45659162], [-121.42876971, 42.45510617], [-121.42866019, 42.45397831], [-121.42853673, 42.45455168], [-121.42822371, 42.45479448], [-121.42785616, 42.45514658], [-121.42396752, 42.45370206], [-121.42329138, 42.45382627], [-121.42258494, 42.45369713], [-121.42170849, 42.45301068], [-121.42090273, 42.45232423], [-121.41946397, 42.45171822], [-121.41922215, 42.45165704], [-121.41851214, 42.45100167], [-121.41819909, 42.45108279], [-121.41794223, 42.45079082], [-121.41761578, 42.45053851], [-121.41659484, 42.45045224], [-121.41640924, 42.45046437], [-121.41625627, 42.45056075], [-121.41624715, 42.45064399], [-121.41624524, 42.45074788], [-121.41644691, 42.45088347], [-121.41616514, 42.45075811], [-121.41608227, 42.45078257], [-121.41601182, 42.45074894], [-121.41608227, 42.45058078], [-121.41604083, 42.45056244], [-121.41595381, 42.45059913], [-121.41590823, 42.45055326], [-121.41615685, 42.45045543], [-121.41623144, 42.45037899], [-121.41614028, 42.45029644], [-121.41601597, 42.45025975], [-121.41598282, 42.45028726], [-121.41600354, 42.45040039], [-121.41594138, 42.45039733], [-121.41587508, 42.45042179], [-121.41578806, 42.45051046], [-121.41586265, 42.45033924], [-121.4159911, 42.45022306], [-121.41618171, 42.45003349], [-121.41629614, 42.44982502], [-121.41646603, 42.44956819], [-121.4165199, 42.44945506], [-121.41659449, 42.44944589], [-121.4180945, 42.44945201], [-121.41818566, 42.44943978], [-121.4182934, 42.4493664], [-121.41831412, 42.44858672], [-121.41826025, 42.44858672], [-121.41822296, 42.44879158], [-121.41817738, 42.44931748], [-121.41812351, 42.44937251], [-121.41788732, 42.44937251], [-121.41775886, 42.4493083], [-121.41767185, 42.44931442], [-121.41732792, 42.44937557], [-121.4166525, 42.44935111], [-121.41666907, 42.44928996], [-121.41660692, 42.44921352], [-121.41627542, 42.44956208], [-121.41611382, 42.44984337], [-121.41599365, 42.45006045], [-121.41601023, 42.44986477], [-121.41597293, 42.4498342], [-121.41588592, 42.44984948], [-121.41570774, 42.45031728], [-121.41564558, 42.45023167], [-121.41557514, 42.45016746], [-121.41547155, 42.45024084], [-121.41513176, 42.450143], [-121.41476129, 42.45004008], [-121.41471571, 42.44998199], [-121.41473643, 42.4499239], [-121.41467427, 42.4499239], [-121.41462455, 42.45001562], [-121.41462455, 42.45010735], [-121.41483587, 42.45024799], [-121.41483587, 42.45028162], [-121.41476129, 42.45031831], [-121.41454582, 42.4502541], [-121.41270707, 42.44939963], [-121.41245071, 42.44929793], [-121.4123818, 42.44923895], [-121.41245347, 42.44919623], [-121.41247552, 42.44910267], [-121.41245898, 42.4489908], [-121.41247001, 42.44894199], [-121.41243693, 42.44886063], [-121.41227706, 42.44874063], [-121.41215853, 42.44868368], [-121.41211994, 42.44871215], [-121.41213923, 42.44877521], [-121.41225225, 42.4489725], [-121.41220814, 42.44898877], [-121.41204, 42.44900911], [-121.41202346, 42.44904369], [-121.41206756, 42.44912098], [-121.41204827, 42.44915555], [-121.4119132, 42.4490986], [-121.4107858, 42.4486369], [-121.41066636, 42.44877967], [-121.4123018, 42.44947254], [-121.41218898, 42.44962169], [-121.41220038, 42.44991185], [-121.41240554, 42.45022302], [-121.41240554, 42.45031133], [-121.41254802, 42.45038702], [-121.4126563, 42.45050477], [-121.41272469, 42.4507781], [-121.4132433, 42.45149295], [-121.41331739, 42.45168218], [-121.41339147, 42.45179992], [-121.41360234, 42.45204381], [-121.41376761, 42.45257363], [-121.41385309, 42.45289741], [-121.41387019, 42.45332631], [-121.41386449, 42.45362486], [-121.41375084, 42.45383859], [-121.41352858, 42.45410349], [-121.41357987, 42.4543684], [-121.41343169, 42.45470478], [-121.41313534, 42.4550706], [-121.41286179, 42.45554153], [-121.41247426, 42.45610496], [-121.41205823, 42.45683237], [-121.41159091, 42.45741261], [-121.41111219, 42.45790876], [-121.41086713, 42.45812319], [-121.41051949, 42.45845535], [-121.40952786, 42.45917012], [-121.40886678, 42.45946023], [-121.40831967, 42.45980079], [-121.40765859, 42.46030953], [-121.40655755, 42.4608793], [-121.40558302, 42.46122827], [-121.40489344, 42.46140064], [-121.4045002, 42.46142167], [-121.40392427, 42.46129993], [-121.40306372, 42.46132095], [-121.40188402, 42.46119482], [-121.40056185, 42.46093415], [-121.39964431, 42.46074916], [-121.39894333, 42.46049269], [-121.39790136, 42.46000314], [-121.3963377, 42.45918281], [-121.39515523, 42.45787423], [-121.39461616, 42.45665543], [-121.39365975, 42.45547509], [-121.39317285, 42.454577], [-121.39301635, 42.45371738], [-121.39298157, 42.45252416], [-121.39380299, 42.45176224], [-121.39380299, 42.45154024], [-121.39410054, 42.45121091], [-121.39419353, 42.45084041], [-121.39525358, 42.45007197], [-121.39560693, 42.44998963], [-121.39620205, 42.44959168], [-121.3965368, 42.44920745], [-121.39666698, 42.44874088], [-121.39698314, 42.44864482], [-121.39703893, 42.44821942], [-121.39689068, 42.44766152], [-121.39689891, 42.44766015], [-121.39685235, 42.44758878], [-121.39670526, 42.44758824], [-121.39620535, 42.44688973], [-121.39620395, 42.44646212], [-121.39613938, 42.44633157], [-121.3960229, 42.44623387], [-121.39576769, 42.44591806], [-121.39575416, 42.44559837], [-121.39523648, 42.44542177], [-121.39487716, 42.44529914], [-121.39483674, 42.44518745], [-121.39479266, 42.44504185], [-121.39436508, 42.44440294], [-121.39427677, 42.44432926], [-121.39424253, 42.44419572], [-121.39420492, 42.44409709], [-121.39426193, 42.44401841], [-121.39420756, 42.44379704], [-121.39405141, 42.44363522], [-121.39401, 42.44340386], [-121.39394766, 42.44333727], [-121.39373879, 42.44329102], [-121.39353297, 42.44319308], [-121.39346909, 42.44308018], [-121.3932575, 42.44268598], [-121.39336359, 42.44261101], [-121.39334916, 42.442413], [-121.39325366, 42.44208614], [-121.39326819, 42.44194374], [-121.39333487, 42.44194925], [-121.3936471, 42.441975], [-121.3942534, 42.4419947], [-121.3990459, 42.4420139], [-121.399051, 42.44201392], [-121.40078508, 42.44202211], [-121.40094586, 42.44202287], [-121.40135131, 42.44202478], [-121.40155331, 42.44202573], [-121.4021815, 42.4420287], [-121.40835877, 42.44206025], [-121.40869151, 42.44206195], [-121.4088584, 42.4420628], [-121.41116391, 42.44207252], [-121.41191945, 42.4420757], [-121.41203845, 42.44207621], [-121.41232421, 42.44207741], [-121.4144566, 42.4420864], [-121.41844731, 42.44211546], [-121.4200055, 42.4421268], [-121.4208947, 42.4421339], [-121.4210505, 42.4421348], [-121.4282624, 42.4421633], [-121.4381337, 42.4421959], [-121.4406387, 42.4422152], [-121.4419368, 42.4422336], [-121.4425987, 42.442262], [-121.4432269, 42.4423024], [-121.4438761, 42.4423603], [-121.44428738, 42.44240567], [-121.4444989, 42.442429], [-121.4450712, 42.4425092], [-121.4457581, 42.442612], [-121.4469024, 42.4428254], [-121.448, 42.4430797], [-121.4487776, 42.4432918], [-121.4494751, 42.4435117], [-121.4501232, 42.4437258], [-121.4527743, 42.4447151], [-121.4562272, 42.4460034], [-121.45758135, 42.44650994], [-121.45767376, 42.44654451], [-121.45774213, 42.44657009], [-121.45874384, 42.44694479], [-121.4596143, 42.4472704], [-121.4625529, 42.4483708], [-121.4648589, 42.4492401], [-121.4661274, 42.449727], [-121.4664117, 42.4498275], [-121.4667174, 42.4499209], [-121.46701, 42.4499879], [-121.4672905, 42.4500395], [-121.46738058, 42.45005166], [-121.46738037, 42.45006078], [-121.46770282, 42.45010181]]]}, "properties": {"zone_name": "US-OR-KLA-KLA-1431", "level": 1, "fire_name": "Wrights Spring", "county": "Klamath", "addresses": 2, "unmatched_addresses": 0, "unmatched_fraction_pct": 0, "geometry_source": "cached", "geometry_cache_age_days": 0, "overlapping_zips": [{"zip": "97639", "fraction_pct": 100.0}]}}, {"type": "Feature", "geometry": {"type": "Polygon", "coordinates": [[[-121.43590908, 42.36942136], [-121.43587455, 42.36942084], [-121.435902, 42.369718], [-121.435641, 42.369713], [-121.43534, 42.369678], [-121.435, 42.369678], [-121.43491017, 42.369678], [-121.434702, 42.3697], [-121.434479, 42.369731], [-121.434199, 42.369801], [-121.434021, 42.36986], [-121.433851, 42.369932], [-121.432225, 42.370666], [-121.432056, 42.370736], [-121.431732, 42.370853], [-121.431567, 42.370906], [-121.431098, 42.371027], [-121.430341, 42.371189], [-121.430092, 42.371266], [-121.429917, 42.371339], [-121.429779, 42.371423], [-121.429699, 42.371483], [-121.42963, 42.371549], [-121.429569, 42.371638], [-121.429431, 42.371935], [-121.429376, 42.372036], [-121.429313, 42.37212], [-121.429272, 42.372164], [-121.429241, 42.3722], [-121.429156, 42.372271], [-121.428753, 42.37251], [-121.42876557, 42.37205981], [-121.42882301, 42.37000244], [-121.42883565, 42.36954953], [-121.42873571, 42.3695478], [-121.42807519, 42.36953051], [-121.42800413, 42.36952865], [-121.41386561, 42.36134841], [-121.414725, 42.361101], [-121.416375, 42.361402], [-121.41820167, 42.36186639], [-121.418869, 42.361984], [-121.423035, 42.364949], [-121.423799, 42.365186], [-121.426437, 42.365184], [-121.42759977, 42.36532719], [-121.427646, 42.365332], [-121.428977, 42.365173], [-121.430284, 42.364527], [-121.432379, 42.363848], [-121.43358337, 42.36361359], [-121.43377, 42.36361], [-121.434807, 42.364313], [-121.4338467, 42.3654738], [-121.43564537, 42.36657566], [-121.436118, 42.366737], [-121.435824, 42.367126], [-121.43590908, 42.36942136]]]}, "properties": {"zone_name": "US-OR-KLA-KLA-1718-A", "level": 1, "fire_name": "Wrights Spring", "county": "Klamath", "addresses": 3, "unmatched_addresses": 0, "unmatched_fraction_pct": 0, "geometry_source": "cached", "geometry_cache_age_days": 0, "overlapping_zips": [{"zip": "97623", "fraction_pct": 62.0}, {"zip": "97639", "fraction_pct": 38.0}]}}, {"type": "Feature", "geometry": {"type": "Polygon", "coordinates": [[[-121.42800413, 42.36952865], [-121.42733381, 42.3695111], [-121.4266052, 42.36949202], [-121.42584441, 42.36947208], [-121.42509944, 42.36945256], [-121.42437001, 42.36943344], [-121.423645, 42.36941443], [-121.42269, 42.369563], [-121.422703, 42.370181], [-121.422742, 42.371427], [-121.422739, 42.371755], [-121.422733, 42.372708], [-121.422703, 42.3732], [-121.422686, 42.373317], [-121.422582, 42.373463], [-121.422381, 42.373705], [-121.422247, 42.373848], [-121.4221, 42.373982], [-121.421974, 42.374077], [-121.421839, 42.374165], [-121.421668, 42.374262], [-121.421485, 42.374348], [-121.421288, 42.374417], [-121.421082, 42.374472], [-121.420912, 42.374508], [-121.420563, 42.374556], [-121.420339, 42.374575], [-121.4196661, 42.3745838], [-121.41920315, 42.37466945], [-121.41878732, 42.37474639], [-121.418481, 42.374893], [-121.418175, 42.37504], [-121.418086, 42.375083], [-121.417915, 42.375181], [-121.417678, 42.375344], [-121.417482, 42.375519], [-121.417318, 42.375707], [-121.417122, 42.375983], [-121.417063, 42.376093], [-121.41701, 42.376228], [-121.416972, 42.376366], [-121.416951, 42.376509], [-121.41691977, 42.37665547], [-121.416909, 42.376706], [-121.416886, 42.376788], [-121.41632394, 42.37679695], [-121.41393103, 42.37683505], [-121.40886303, 42.37681143], [-121.40888246, 42.36937987], [-121.40406006, 42.36937092], [-121.40113771, 42.36936732], [-121.39916534, 42.36936961], [-121.3973217, 42.36937012], [-121.39607421, 42.36936811], [-121.39524996, 42.3693734], [-121.39446688, 42.36936989], [-121.394178, 42.369336], [-121.393755, 42.369629], [-121.39355, 42.369752], [-121.393333, 42.369862], [-121.393141, 42.369943], [-121.39293665, 42.37000995], [-121.392562, 42.370124], [-121.392295, 42.370184], [-121.392085, 42.370219], [-121.391966, 42.37023], [-121.391847, 42.370221], [-121.391799, 42.37021], [-121.391611, 42.37017], [-121.391427, 42.370122], [-121.391065, 42.370012], [-121.390899, 42.369968], [-121.390732, 42.369932], [-121.390432, 42.369911], [-121.389126, 42.369893], [-121.388903, 42.3699], [-121.38851, 42.369952], [-121.387996, 42.370043], [-121.387461, 42.370164], [-121.387355, 42.370195], [-121.38726, 42.370239], [-121.387185, 42.370294], [-121.387117, 42.370357], [-121.386893, 42.370601], [-121.386827, 42.370696], [-121.386723, 42.370928], [-121.386551, 42.371378], [-121.386493, 42.371505], [-121.386422, 42.371627], [-121.386343, 42.37172], [-121.385862, 42.372216], [-121.385444, 42.37262], [-121.385372, 42.372686], [-121.384924, 42.373101], [-121.38482, 42.373174], [-121.384731, 42.373219], [-121.384636, 42.373271], [-121.384442, 42.373361], [-121.3840119, 42.3735843], [-121.3839445, 42.37362405], [-121.383495, 42.373856], [-121.383357, 42.373947], [-121.3832565, 42.3740298], [-121.3828767, 42.3738514], [-121.381528, 42.3736021], [-121.3808197, 42.3734622], [-121.38100315, 42.3730782], [-121.3811866, 42.3726942], [-121.3813108, 42.37250945], [-121.381435, 42.3723247], [-121.3815383, 42.3721953], [-121.3816416, 42.3720659], [-121.38174685, 42.3719444], [-121.3818521, 42.3718229], [-121.38196495, 42.37171465], [-121.3820778, 42.3716064], [-121.38223885, 42.3714672], [-121.3823999, 42.371328], [-121.38249038, 42.37125886], [-121.38254125, 42.37122], [-121.3826826, 42.371112], [-121.3828381, 42.371004], [-121.3829936, 42.370896], [-121.3831456, 42.37080985], [-121.3832976, 42.3707237], [-121.38347395, 42.3706307], [-121.3836503, 42.3705377], [-121.3838715, 42.37043435], [-121.3840927, 42.370331], [-121.3844678, 42.37016955], [-121.3848429, 42.3700081], [-121.38518763, 42.36985816], [-121.38547957, 42.36973118], [-121.3855377, 42.3697059], [-121.3867826, 42.3691551], [-121.3877271, 42.3687642], [-121.3879371, 42.3686633], [-121.3884279, 42.3684431], [-121.3888181, 42.368267], [-121.389241, 42.3680673], [-121.389617, 42.3679264], [-121.3900094, 42.3677869], [-121.3905234, 42.3676252], [-121.3916932, 42.3673175], [-121.3933732, 42.3668415], [-121.3952264, 42.3663035], [-121.3956164, 42.3661567], [-121.3959361, 42.3660136], [-121.3962416, 42.3658516], [-121.396456, 42.3657154], [-121.3966375, 42.3655761], [-121.3968858, 42.3653642], [-121.3971196, 42.3651394], [-121.3973134, 42.3649099], [-121.3974674, 42.3647046], [-121.397605, 42.3644872], [-121.3977509, 42.364183], [-121.3979021, 42.3635208], [-121.3979418, 42.3631164], [-121.3979111, 42.3607015], [-121.3983346, 42.3607005], [-121.3989613, 42.3607113], [-121.400348, 42.36158], [-121.402361, 42.362168], [-121.4033759, 42.3619149], [-121.407314, 42.361735], [-121.409163, 42.361671], [-121.4102609, 42.3618286], [-121.410408, 42.361859], [-121.411818, 42.361984], [-121.413214, 42.361536], [-121.41386561, 42.36134841], [-121.42800413, 42.36952865]]]}, "properties": {"zone_name": "US-OR-KLA-KLA-1718-B", "level": 1, "fire_name": "Wrights Spring", "county": "Klamath", "addresses": 2, "unmatched_addresses": 0, "unmatched_fraction_pct": 0, "geometry_source": "cached", "geometry_cache_age_days": 0, "overlapping_zips": [{"zip": "97623", "fraction_pct": 98.2}, {"zip": "97639", "fraction_pct": 1.8}]}}, {"type": "Feature", "geometry": {"type": "Polygon", "coordinates": [[[-121.39791677, 42.35750386], [-121.3979193, 42.3574281], [-121.3980009, 42.3559882], [-121.3981489, 42.3552579], [-121.3983503, 42.3544596], [-121.398498, 42.353926], [-121.3987575, 42.3531033], [-121.3988501, 42.352741], [-121.3989684, 42.3524277], [-121.3990937, 42.3522005], [-121.3991834, 42.3520392], [-121.399286, 42.351882], [-121.3994695, 42.3516207], [-121.3995942, 42.3514455], [-121.3997431, 42.3512555], [-121.3999321, 42.3509926], [-121.4000994, 42.3507583], [-121.4003103, 42.3504157], [-121.4003917, 42.3502587], [-121.4004511, 42.3501363], [-121.4005157, 42.3499697], [-121.4005766, 42.3498006], [-121.4006541, 42.3495601], [-121.4007936, 42.3490244], [-121.4008251, 42.3488684], [-121.4008461, 42.3487303], [-121.4008516, 42.3486015], [-121.4008449, 42.348463], [-121.4008328, 42.3483514], [-121.4007959, 42.348203], [-121.4007497, 42.3480489], [-121.4005689, 42.3475818], [-121.4005232, 42.3474416], [-121.4004856, 42.3473126], [-121.4004461, 42.3471506], [-121.4004178, 42.34697], [-121.4004023, 42.3467971], [-121.4004017, 42.3466164], [-121.4004095, 42.3464153], [-121.40043, 42.3461665], [-121.4004396, 42.3458918], [-121.4004696, 42.3456117], [-121.4004684, 42.3453818], [-121.4004591, 42.3452131], [-121.4004402, 42.345107], [-121.4004076, 42.3449889], [-121.4003391, 42.3447788], [-121.4002362, 42.3445502], [-121.4000734, 42.3442544], [-121.3997009, 42.3436318], [-121.399618, 42.3434701], [-121.3995382, 42.3432819], [-121.3994654, 42.3430606], [-121.3994346, 42.3428683], [-121.3994254, 42.3427735], [-121.3994371, 42.3426196], [-121.3994601, 42.3424602], [-121.3995287, 42.3422194], [-121.39953915, 42.34219299], [-121.3995789, 42.3422016], [-121.400123, 42.3423491], [-121.4003147, 42.3423927], [-121.4009109, 42.342479], [-121.404912, 42.340377], [-121.405918, 42.340247], [-121.408851, 42.340279], [-121.409992, 42.340468], [-121.410025, 42.341692], [-121.410707, 42.341886], [-121.413101, 42.341931], [-121.41437434, 42.34192723], [-121.419489, 42.341918], [-121.420142, 42.341651], [-121.420739, 42.341684], [-121.42146, 42.341967], [-121.431869, 42.341937], [-121.43408, 42.341683], [-121.435546, 42.341898], [-121.43568625, 42.34193985], [-121.436204, 42.342141], [-121.43626047, 42.3426752], [-121.436272, 42.343972], [-121.436429, 42.344642], [-121.43616, 42.34508], [-121.436359, 42.3472], [-121.4363104, 42.3496626], [-121.436333, 42.350076], [-121.43692, 42.350692], [-121.43700391, 42.35079008], [-121.43798, 42.352356], [-121.438054, 42.353024], [-121.437747, 42.353573], [-121.437017, 42.354212], [-121.436535, 42.35579], [-121.4358762, 42.35671845], [-121.39791677, 42.35750386]]]}, "properties": {"zone_name": "US-OR-KLA-KLA-1719-B", "level": 1, "fire_name": "Wrights Spring", "county": "Klamath", "addresses": 24, "unmatched_addresses": 0, "unmatched_fraction_pct": 0, "geometry_source": "cached", "geometry_cache_age_days": 0, "overlapping_zips": [{"zip": "97623", "fraction_pct": 100.0}]}}, {"type": "Feature", "geometry": {"type": "Polygon", "coordinates": [[[-121.725697, 42.263958], [-121.726917, 42.265885], [-121.728808, 42.266611], [-121.73015478, 42.26674716], [-121.73057, 42.267025], [-121.730988, 42.267598], [-121.731691, 42.269036], [-121.7316811, 42.269508], [-121.731757, 42.271469], [-121.73214749, 42.27328325], [-121.732393, 42.274306], [-121.73302, 42.275275], [-121.732907, 42.276657], [-121.732235, 42.278734], [-121.731468, 42.279163], [-121.730218, 42.279161], [-121.729585, 42.279332], [-121.729188, 42.279804], [-121.72922067, 42.28097675], [-121.729313, 42.28202], [-121.728703, 42.282897], [-121.727165, 42.282317], [-121.726122, 42.282741], [-121.72613183, 42.28355561], [-121.726561, 42.285347], [-121.726148, 42.287981], [-121.727626, 42.289522], [-121.727999, 42.291094], [-121.72807, 42.292079], [-121.728856, 42.293131], [-121.72923055, 42.29423865], [-121.729765, 42.295046], [-121.729838, 42.29547], [-121.729263, 42.296622], [-121.729428, 42.297345], [-121.728806, 42.298186], [-121.728632, 42.299224], [-121.728252, 42.300207], [-121.727862, 42.300932], [-121.727998, 42.302396], [-121.727358, 42.30354], [-121.727484, 42.304011], [-121.727334, 42.305092], [-121.726781, 42.306983], [-121.726403, 42.30771], [-121.7248446, 42.3091237], [-121.72507563, 42.31024037], [-121.725802, 42.310781], [-121.726592, 42.310894], [-121.7271, 42.311173], [-121.728281, 42.311412], [-121.728471, 42.311565], [-121.72929, 42.312307], [-121.729662, 42.314483], [-121.729884, 42.315014], [-121.73078, 42.315505], [-121.73075271, 42.31551278], [-121.729889, 42.315759], [-121.728956, 42.315801], [-121.72657905, 42.31658655], [-121.725868, 42.316514], [-121.725287, 42.316064], [-121.72439041, 42.31597084], [-121.723713, 42.316537], [-121.721886, 42.317503], [-121.721325, 42.31765], [-121.721006, 42.317585], [-121.7210042, 42.31763699], [-121.72095, 42.319697], [-121.72048, 42.320705], [-121.720724, 42.322225], [-121.721242, 42.322871], [-121.721246, 42.324006], [-121.721721, 42.32602], [-121.720551, 42.328816], [-121.720043, 42.329286], [-121.72001317, 42.32956524], [-121.719951, 42.329557], [-121.719954, 42.33034], [-121.719917, 42.331022], [-121.719869, 42.331591], [-121.71987, 42.331836], [-121.719895, 42.331893], [-121.72007183, 42.33198985], [-121.72007094, 42.33203701], [-121.720247, 42.332122], [-121.720336, 42.332192], [-121.720415, 42.33227], [-121.72047, 42.332375], [-121.72047, 42.332681], [-121.720556, 42.332685], [-121.720706, 42.332703], [-121.720857, 42.33271], [-121.721007, 42.332706], [-121.721155, 42.332692], [-121.721439, 42.332636], [-121.721642, 42.332624], [-121.721791, 42.332637], [-121.721938, 42.332663], [-121.722164, 42.332694], [-121.722817, 42.332732], [-121.723007, 42.332753], [-121.723192, 42.332786], [-121.723299, 42.332812], [-121.723502, 42.332882], [-121.723557, 42.332911], [-121.724019, 42.333255], [-121.724138, 42.33333], [-121.724481, 42.33347], [-121.724605, 42.333542], [-121.724937, 42.333761], [-121.725142, 42.333877], [-121.725258, 42.333918], [-121.725505, 42.333974], [-121.725795, 42.334005], [-121.725987, 42.334033], [-121.726079, 42.334057], [-121.726229, 42.334126], [-121.726336, 42.33419], [-121.726291, 42.334304], [-121.726245, 42.334419], [-121.726078, 42.334762], [-121.725918, 42.335187], [-121.725897, 42.33529], [-121.725897, 42.335377], [-121.725915, 42.335464], [-121.725947, 42.335528], [-121.726021, 42.335627], [-121.726217, 42.335793], [-121.726438, 42.335938], [-121.726694, 42.33606], [-121.726648, 42.336121], [-121.726539, 42.336141], [-121.726315, 42.336204], [-121.726178, 42.336264], [-121.726149, 42.33628], [-121.726065, 42.336328], [-121.726037, 42.336345], [-121.725701, 42.336175], [-121.725408, 42.336019], [-121.725022, 42.335803], [-121.724792, 42.335666], [-121.724671, 42.335605], [-121.724588, 42.335573], [-121.724152, 42.335436], [-121.723967, 42.335385], [-121.723604, 42.335279], [-121.723283, 42.335173], [-121.723133, 42.335108], [-121.723006, 42.335031], [-121.722887, 42.334945], [-121.722652, 42.334762], [-121.722535, 42.334665], [-121.722411, 42.334574], [-121.722265, 42.334475], [-121.722188, 42.334431], [-121.722103, 42.3344], [-121.722009, 42.334383], [-121.721909, 42.334377], [-121.72181, 42.334379], [-121.721711, 42.334393], [-121.721614, 42.334417], [-121.721521, 42.334447], [-121.721468, 42.334469], [-121.721319, 42.33455], [-121.721035, 42.334718], [-121.720852, 42.334833], [-121.720719, 42.334939], [-121.72065, 42.334989], [-121.720569, 42.335026], [-121.720484, 42.335046], [-121.720395, 42.33506], [-121.720323, 42.335065], [-121.72025, 42.335065], [-121.720103, 42.335058], [-121.719958, 42.335059], [-121.719793, 42.335077], [-121.719632, 42.335106], [-121.719483, 42.335147], [-121.71934, 42.335198], [-121.7192, 42.335254], [-121.719074, 42.33531], [-121.718704, 42.335491], [-121.718508, 42.335564], [-121.718146, 42.335677], [-121.717982, 42.335721], [-121.71767, 42.335797], [-121.717113, 42.335924], [-121.716293, 42.33617], [-121.7161, 42.336212], [-121.71606, 42.336217], [-121.71595, 42.336231], [-121.715594, 42.336074], [-121.715502, 42.336186], [-121.71549506, 42.33619755], [-121.715129, 42.3361089], [-121.714412, 42.335973], [-121.712916, 42.336053], [-121.711649, 42.335945], [-121.709982, 42.336834], [-121.708015, 42.337328], [-121.702587, 42.33552], [-121.698405, 42.335301], [-121.69776755, 42.33544817], [-121.697709, 42.335484], [-121.689521, 42.340823], [-121.68895829, 42.34101553], [-121.683506, 42.340985], [-121.67885, 42.340955], [-121.66921748, 42.34094487], [-121.668927, 42.34094], [-121.668878, 42.335487], [-121.66889371, 42.33035256], [-121.66889, 42.330011], [-121.66892791, 42.32734071], [-121.668925, 42.326381], [-121.669082, 42.295752], [-121.669155, 42.289741], [-121.669229, 42.283984], [-121.668959, 42.283103], [-121.66894179, 42.28308052], [-121.668592, 42.282685], [-121.659861, 42.275937], [-121.656144, 42.27176], [-121.658952, 42.27004], [-121.659125, 42.270433], [-121.660268, 42.271592], [-121.670606, 42.271536], [-121.670795, 42.271414], [-121.671155, 42.268319], [-121.67115547, 42.26831141], [-121.670991, 42.267046], [-121.670538, 42.265693], [-121.670068, 42.265106], [-121.669995, 42.264703], [-121.670066, 42.263099], [-121.670685, 42.261003], [-121.671326, 42.260814], [-121.671495, 42.260602], [-121.671834, 42.258866], [-121.672002, 42.258863], [-121.672642, 42.2597], [-121.673927, 42.260692], [-121.675629, 42.262546], [-121.677146, 42.263931], [-121.67811, 42.265217], [-121.685693, 42.27145], [-121.68781362, 42.27424564], [-121.689341, 42.275529], [-121.691686, 42.278145], [-121.692238, 42.279212], [-121.69332, 42.28062], [-121.695355, 42.282149], [-121.696038, 42.282891], [-121.698225, 42.286009], [-121.6989091, 42.28626731], [-121.699662, 42.28634], [-121.702576, 42.286305], [-121.703028, 42.28608], [-121.704483, 42.286363], [-121.705825, 42.286267], [-121.709732, 42.286374], [-121.710824, 42.286371], [-121.7109477, 42.2849391], [-121.711098, 42.284286], [-121.710774, 42.283154], [-121.710814, 42.28153], [-121.710626, 42.280959], [-121.710466, 42.278306], [-121.711469, 42.276207], [-121.713019, 42.275171], [-121.714137, 42.274963], [-121.714875, 42.274209], [-121.716602, 42.27347], [-121.71903612, 42.27337273], [-121.719769, 42.273375], [-121.720835, 42.273794], [-121.721616, 42.273733], [-121.721485, 42.272809], [-121.721731, 42.271888], [-121.722091, 42.271372], [-121.723121, 42.270533], [-121.723, 42.26929], [-121.723331, 42.267926], [-121.723777, 42.266934], [-121.723987, 42.265317], [-121.724711, 42.264609], [-121.725697, 42.263958]]]}, "properties": {"zone_name": "US-OR-KLA-KLA-1931", "level": 1, "fire_name": "Wrights Spring", "county": "Klamath", "addresses": 1, "unmatched_addresses": 0, "unmatched_fraction_pct": 36.4, "geometry_source": "cached", "geometry_cache_age_days": 0, "overlapping_zips": [{"zip": "97603", "fraction_pct": 63.5}, {"zip": "97601", "fraction_pct": 0.0}]}}, {"type": "Feature", "geometry": {"type": "Polygon", "coordinates": [[[-121.71549506, 42.33619755], [-121.71542273, 42.33631796], [-121.71543286, 42.33634204], [-121.7163414, 42.3369877], [-121.7169834, 42.3379536], [-121.7183737, 42.3393631], [-121.7195108, 42.3408043], [-121.721756, 42.341914], [-121.723266, 42.34301], [-121.724307, 42.344009], [-121.725536, 42.345519], [-121.726237, 42.346656], [-121.726386, 42.347591], [-121.726929, 42.348517], [-121.730049, 42.350719], [-121.73264, 42.353305], [-121.735464, 42.3557695], [-121.736042, 42.356392], [-121.736695, 42.357738], [-121.737576, 42.358776], [-121.742369, 42.363088], [-121.74477195, 42.36468727], [-121.745383, 42.365096], [-121.746046, 42.36529], [-121.748654, 42.365372], [-121.752518, 42.36515], [-121.753049, 42.365274], [-121.754468, 42.366022], [-121.754888, 42.366259], [-121.757141, 42.36691], [-121.757522, 42.367853], [-121.758494, 42.369544], [-121.762299, 42.369328], [-121.763376, 42.369391], [-121.763584, 42.369665], [-121.764087, 42.371486], [-121.764276, 42.372274], [-121.764173, 42.373039], [-121.764945, 42.373686], [-121.764634, 42.373951], [-121.765847, 42.37473], [-121.765681, 42.375011], [-121.766024, 42.375135], [-121.765883, 42.375323], [-121.765046, 42.375496], [-121.764734, 42.376098], [-121.764789, 42.376999], [-121.764481, 42.377245], [-121.765063, 42.377922], [-121.765736, 42.379254], [-121.766251, 42.379555], [-121.7668364, 42.380707], [-121.766985, 42.38091], [-121.767861, 42.38128], [-121.768585, 42.381773], [-121.769895, 42.38327], [-121.770227, 42.383974], [-121.77137177, 42.38502203], [-121.771636, 42.385264], [-121.77272, 42.385497], [-121.773967, 42.386085], [-121.775538, 42.386432], [-121.77556256, 42.3864289], [-121.775632, 42.386446], [-121.776318, 42.38658], [-121.776493, 42.386625], [-121.7767134, 42.38668216], [-121.775495, 42.388004], [-121.775199, 42.388446], [-121.774849, 42.390079], [-121.774863, 42.390987], [-121.774781, 42.39139], [-121.774425, 42.391828], [-121.773302, 42.392492], [-121.772543, 42.392748], [-121.772092, 42.393766], [-121.770651, 42.395256], [-121.768575, 42.39521], [-121.76704, 42.395516], [-121.766188, 42.395449], [-121.764944, 42.396716], [-121.764455, 42.397784], [-121.763417, 42.398549], [-121.7620505, 42.40030639], [-121.76200225, 42.40057188], [-121.69521152, 42.40035697], [-121.695237, 42.399911], [-121.693284, 42.398346], [-121.693149, 42.397639], [-121.691789, 42.396195], [-121.691529, 42.395613], [-121.691435, 42.39493], [-121.690779, 42.394212], [-121.688264, 42.392288], [-121.684845, 42.390976], [-121.684783, 42.390082], [-121.685313, 42.388696], [-121.685828, 42.387961], [-121.685635, 42.387634], [-121.684936, 42.387347], [-121.682555, 42.386565], [-121.681749, 42.38656], [-121.681293, 42.38623], [-121.680308, 42.385881], [-121.67638, 42.385127], [-121.674383, 42.384995], [-121.674983, 42.383621], [-121.674912, 42.383245], [-121.67369, 42.382599], [-121.671855, 42.382091], [-121.670446, 42.3812], [-121.669854, 42.38041], [-121.669777, 42.3779177], [-121.670109, 42.376528], [-121.671087, 42.374999], [-121.67151, 42.372179], [-121.671956, 42.371285], [-121.672989, 42.368263], [-121.674857, 42.367675], [-121.67628, 42.367399], [-121.677057, 42.367495], [-121.677399, 42.367856], [-121.677527, 42.367031], [-121.676808, 42.365346], [-121.6766568, 42.3637196], [-121.6762459, 42.3622004], [-121.676464, 42.360612], [-121.676226, 42.360013], [-121.676728, 42.359274], [-121.676913, 42.35874], [-121.676819, 42.357739], [-121.677755, 42.356341], [-121.678312, 42.354781], [-121.6784114, 42.3517694], [-121.67885, 42.340955], [-121.683506, 42.340985], [-121.68895829, 42.34101553], [-121.689521, 42.340823], [-121.697709, 42.335484], [-121.69776755, 42.33544817], [-121.698405, 42.335301], [-121.702587, 42.33552], [-121.708015, 42.337328], [-121.709982, 42.336834], [-121.711649, 42.335945], [-121.712916, 42.336053], [-121.714412, 42.335973], [-121.715129, 42.3361089], [-121.71549506, 42.33619755]]]}, "properties": {"zone_name": "US-OR-KLA-KLA-1701", "level": 1, "fire_name": "Wrights Spring", "county": "Klamath", "addresses": 2, "unmatched_addresses": 2, "unmatched_fraction_pct": 83.5, "geometry_source": "cached", "geometry_cache_age_days": 0, "overlapping_zips": [{"zip": "97603", "fraction_pct": 16.5}, {"zip": "97625", "fraction_pct": 0.0}]}}, {"type": "Feature", "geometry": {"type": "Polygon", "coordinates": [[[-121.604347, 42.240974], [-121.5992464, 42.2325907], [-121.5989651, 42.2321271], [-121.598387, 42.2310725], [-121.5979537, 42.2310824], [-121.59794735, 42.23107548], [-121.5980667, 42.2308169], [-121.598198, 42.2304906], [-121.5987781, 42.228737], [-121.5989243, 42.2282952], [-121.5992661, 42.22723321], [-121.59929745, 42.22713581], [-121.59942666, 42.22673435], [-121.59960789, 42.22617123], [-121.59981217, 42.22553861], [-121.6000581, 42.224777], [-121.60006912, 42.22474286], [-121.60035304, 42.22386343], [-121.600648, 42.2229498], [-121.6007127, 42.2227324], [-121.6007774, 42.222515], [-121.6008342, 42.2220745], [-121.6008299, 42.2213865], [-121.6007343, 42.2207083], [-121.60066165, 42.220508], [-121.600589, 42.2203077], [-121.6002733, 42.2195942], [-121.6000721, 42.2190944], [-121.60001665, 42.21884725], [-121.5999612, 42.2186001], [-121.59994865, 42.2183676], [-121.5999361, 42.2181351], [-121.59995154, 42.2179628], [-121.59996099, 42.21785732], [-121.5999654, 42.21780805], [-121.5999947, 42.217481], [-121.60006745, 42.21709755], [-121.6001066, 42.21689121], [-121.60011834, 42.2168293], [-121.60014016, 42.21671431], [-121.60054439, 42.21458721], [-121.60061875, 42.21419589], [-121.60065102, 42.21402608], [-121.60066464, 42.21395444], [-121.60077326, 42.21338286], [-121.6008229, 42.21312163], [-121.60099224, 42.21223049], [-121.60123668, 42.21094416], [-121.6014063, 42.2100515], [-121.60141738, 42.20997775], [-121.60149755, 42.20944395], [-121.6015888, 42.2088364], [-121.60174027, 42.20808459], [-121.6018485, 42.20754736], [-121.6021082, 42.2062583], [-121.60221915, 42.20571755], [-121.6023301, 42.2051768], [-121.60242205, 42.2046031], [-121.602514, 42.2040294], [-121.60256875, 42.2037535], [-121.6026235, 42.2034776], [-121.60268615, 42.20323105], [-121.602707, 42.203149], [-121.6027488, 42.2029845], [-121.60280605, 42.2028188], [-121.6028633, 42.2026531], [-121.60293845, 42.2024861], [-121.6030136, 42.2023191], [-121.60316215, 42.20204075], [-121.6033107, 42.2017624], [-121.6033894, 42.20162585], [-121.6034681, 42.2014893], [-121.6035387, 42.20132975], [-121.6036093, 42.2011702], [-121.6036851, 42.20090825], [-121.6037609, 42.2006463], [-121.60378755, 42.20039785], [-121.6038142, 42.2001494], [-121.6038201, 42.20001475], [-121.603826, 42.1998801], [-121.6038125, 42.1997522], [-121.603799, 42.1996243], [-121.60375775, 42.19936675], [-121.6037165, 42.1991092], [-121.60980008, 42.19906301], [-121.61644511, 42.19909405], [-121.62024951, 42.19911183], [-121.62030322, 42.19911207], [-121.6204261, 42.19911264], [-121.62049582, 42.19911296], [-121.62461598, 42.19913391], [-121.62991777, 42.19916086], [-121.63276173, 42.19917711], [-121.63466213, 42.19918983], [-121.63466212, 42.19918901], [-121.648415, 42.199203], [-121.649034, 42.199195], [-121.65166, 42.201632], [-121.65188217, 42.20198203], [-121.65214386, 42.20260047], [-121.6522747, 42.20290968], [-121.65235623, 42.20310158], [-121.6523553, 42.20310278], [-121.6524051, 42.20323433], [-121.652461, 42.203382], [-121.652484, 42.203427], [-121.652516, 42.203469], [-121.65256579, 42.20350513], [-121.652629, 42.203551], [-121.65265479, 42.20357218], [-121.652685, 42.203597], [-121.652727, 42.203632], [-121.65282, 42.203716], [-121.653232, 42.204117], [-121.653493, 42.204371], [-121.6536548, 42.20451173], [-121.653708, 42.204558], [-121.654272, 42.20502], [-121.654408, 42.205146], [-121.654606, 42.205339], [-121.654675, 42.205401], [-121.654905, 42.205586], [-121.65493417, 42.20560813], [-121.65521526, 42.20582139], [-121.655343, 42.20594], [-121.655423, 42.206025], [-121.655491, 42.206114], [-121.6555179, 42.20616219], [-121.655539, 42.2062], [-121.655574, 42.20629], [-121.65559178, 42.20634874], [-121.65563, 42.206475], [-121.65564132, 42.20651314], [-121.655657, 42.206566], [-121.655671, 42.206611], [-121.65569818, 42.20671896], [-121.655706, 42.20675], [-121.65575347, 42.20674722], [-121.65575274, 42.20677427], [-121.656197, 42.207705], [-121.657014, 42.208235], [-121.658943, 42.210868], [-121.659643, 42.211324], [-121.661614, 42.212004], [-121.662105, 42.213255], [-121.662888, 42.213898], [-121.663369, 42.214064], [-121.663918, 42.213987], [-121.664855, 42.214389], [-121.665513, 42.214962], [-121.667146, 42.217892], [-121.668458, 42.219703], [-121.669349, 42.221518], [-121.671128, 42.223227], [-121.672759, 42.225419], [-121.67447, 42.229121], [-121.676165, 42.231544], [-121.678588, 42.234191], [-121.680063, 42.236037], [-121.680723, 42.237], [-121.68098, 42.23763], [-121.681439, 42.238668], [-121.682121, 42.239563], [-121.682218, 42.239958], [-121.681455, 42.243334], [-121.681761, 42.244528], [-121.681568, 42.245929], [-121.6820058, 42.24818], [-121.681706, 42.249976], [-121.681471, 42.250513], [-121.679583, 42.251405], [-121.67927, 42.251888], [-121.680931, 42.252771], [-121.681122, 42.253029], [-121.680545, 42.255411], [-121.680034, 42.255611], [-121.678781, 42.255661], [-121.677943, 42.25537], [-121.67213003, 42.2584366], [-121.67184, 42.258594], [-121.671834, 42.258866], [-121.671495, 42.260602], [-121.671326, 42.260814], [-121.670685, 42.261003], [-121.670234, 42.260987], [-121.669821, 42.260783], [-121.669563, 42.260409], [-121.669578, 42.259688], [-121.668585, 42.258809], [-121.666192, 42.257516], [-121.66325987, 42.25633829], [-121.662575, 42.25588], [-121.65924, 42.252785], [-121.658588, 42.251995], [-121.65765572, 42.25029118], [-121.65756, 42.250155], [-121.657336, 42.249858], [-121.655315, 42.24878], [-121.65418, 42.248438], [-121.650692, 42.24637], [-121.648758, 42.245544], [-121.647574, 42.244613], [-121.64651128, 42.24350605], [-121.645134, 42.242483], [-121.643921, 42.240439], [-121.642842, 42.239025], [-121.642842, 42.234977], [-121.642118, 42.235081], [-121.64127724, 42.23496336], [-121.640167, 42.234911], [-121.639443, 42.234549], [-121.639263, 42.234295], [-121.639244, 42.233457], [-121.639773, 42.231987], [-121.639432, 42.231107], [-121.639369, 42.229659], [-121.639111, 42.229018], [-121.63588185, 42.2274376], [-121.634818, 42.22723], [-121.633517, 42.227241], [-121.632092, 42.227637], [-121.631315, 42.228164], [-121.629642, 42.229974], [-121.628484, 42.231011], [-121.6253781, 42.232583], [-121.624838, 42.232838], [-121.62417, 42.233415], [-121.623558, 42.23422], [-121.623353, 42.234848], [-121.623057, 42.234998], [-121.62264668, 42.23482572], [-121.622434, 42.234746], [-121.621762, 42.234892], [-121.620517, 42.235432], [-121.619134, 42.235728], [-121.618638, 42.235972], [-121.617775, 42.235999], [-121.617374, 42.236153], [-121.61607, 42.236033], [-121.615136, 42.236285], [-121.614622, 42.236818], [-121.614702, 42.237452], [-121.614369, 42.23869], [-121.612479, 42.238592], [-121.611515, 42.238278], [-121.610116, 42.2391137], [-121.607625, 42.239281], [-121.607037, 42.238742], [-121.604549, 42.239333], [-121.604498, 42.239464], [-121.605187, 42.240877], [-121.60455, 42.241312], [-121.604347, 42.240974]]]}, "properties": {"zone_name": "US-OR-KLA-KLA-2256", "level": 1, "fire_name": "Wrights Spring", "county": "Klamath", "addresses": 1, "unmatched_addresses": 0, "unmatched_fraction_pct": 27.8, "geometry_source": "cached", "geometry_cache_age_days": 0, "overlapping_zips": [{"zip": "97603", "fraction_pct": 72.2}]}}, {"type": "Feature", "geometry": {"type": "Polygon", "coordinates": [[[-121.656144, 42.27176], [-121.645867, 42.260873], [-121.645454, 42.260437], [-121.644992, 42.26001], [-121.64417681, 42.25967598], [-121.639806, 42.259279], [-121.6391237, 42.2592234], [-121.63791806, 42.25905794], [-121.6311437, 42.2559893], [-121.6288875, 42.2549632], [-121.6203479, 42.2511474], [-121.617955, 42.25020547], [-121.610478, 42.250018], [-121.60978313, 42.24969959], [-121.609436, 42.24935], [-121.604949, 42.241968], [-121.60455, 42.241312], [-121.605187, 42.240877], [-121.604498, 42.239464], [-121.604549, 42.239333], [-121.607037, 42.238742], [-121.607625, 42.239281], [-121.610116, 42.2391137], [-121.611515, 42.238278], [-121.612479, 42.238592], [-121.614369, 42.23869], [-121.614702, 42.237452], [-121.614622, 42.236818], [-121.615136, 42.236285], [-121.61607, 42.236033], [-121.617374, 42.236153], [-121.617775, 42.235999], [-121.618638, 42.235972], [-121.619134, 42.235728], [-121.620517, 42.235432], [-121.621762, 42.234892], [-121.622434, 42.234746], [-121.62264668, 42.23482572], [-121.623057, 42.234998], [-121.623353, 42.234848], [-121.623558, 42.23422], [-121.62417, 42.233415], [-121.624838, 42.232838], [-121.6253781, 42.232583], [-121.628484, 42.231011], [-121.629642, 42.229974], [-121.631315, 42.228164], [-121.632092, 42.227637], [-121.633517, 42.227241], [-121.634818, 42.22723], [-121.63588185, 42.2274376], [-121.639111, 42.229018], [-121.639369, 42.229659], [-121.639432, 42.231107], [-121.639773, 42.231987], [-121.639244, 42.233457], [-121.639263, 42.234295], [-121.639443, 42.234549], [-121.640167, 42.234911], [-121.64127724, 42.23496336], [-121.642118, 42.235081], [-121.642842, 42.234977], [-121.642842, 42.239025], [-121.643921, 42.240439], [-121.645134, 42.242483], [-121.64651128, 42.24350605], [-121.647574, 42.244613], [-121.648758, 42.245544], [-121.650692, 42.24637], [-121.65418, 42.248438], [-121.655315, 42.24878], [-121.657336, 42.249858], [-121.65756, 42.250155], [-121.65765572, 42.25029118], [-121.658588, 42.251995], [-121.65924, 42.252785], [-121.662575, 42.25588], [-121.66325987, 42.25633829], [-121.666192, 42.257516], [-121.668585, 42.258809], [-121.669578, 42.259688], [-121.669563, 42.260409], [-121.669821, 42.260783], [-121.670234, 42.260987], [-121.670685, 42.261003], [-121.670066, 42.263099], [-121.669995, 42.264703], [-121.670068, 42.265106], [-121.670538, 42.265693], [-121.670991, 42.267046], [-121.67115547, 42.26831141], [-121.671155, 42.268319], [-121.670795, 42.271414], [-121.670606, 42.271536], [-121.660268, 42.271592], [-121.659125, 42.270433], [-121.658952, 42.27004], [-121.656144, 42.27176]]]}, "properties": {"zone_name": "US-OR-KLA-KLA-1936", "level": 1, "fire_name": "Wrights Spring", "county": "Klamath", "addresses": 2, "unmatched_addresses": 0, "unmatched_fraction_pct": 0, "geometry_source": "cached", "geometry_cache_age_days": 0, "overlapping_zips": [{"zip": "97603", "fraction_pct": 100.0}]}}, {"type": "Feature", "geometry": {"type": "Polygon", "coordinates": [[[-121.50596465, 42.46318702], [-121.50587037, 42.46316937], [-121.50586609, 42.46326308], [-121.50605153, 42.46363794], [-121.50620126, 42.46399953], [-121.5062393, 42.46435403], [-121.50609726, 42.46508603], [-121.50590667, 42.46511339], [-121.50429169, 42.4642177], [-121.50433072, 42.46415056], [-121.50224166, 42.46312711], [-121.50160092, 42.46293118], [-121.50012418, 42.46268167], [-121.49821298, 42.46264365], [-121.49672433, 42.46298865], [-121.49527028, 42.46349959], [-121.49311846, 42.46375881], [-121.49166351, 42.46352465], [-121.49112405, 42.46360977], [-121.49101496, 42.46373835], [-121.49061049, 42.46385928], [-121.48999458, 42.46381129], [-121.48969957, 42.4637204], [-121.48947712, 42.46374419], [-121.48919485, 42.46357851], [-121.48862239, 42.46345105], [-121.48766341, 42.46337193], [-121.48695834, 42.46340367], [-121.48643097, 42.46345073], [-121.48626393, 42.4635731], [-121.48612004, 42.46354215], [-121.48586165, 42.46352668], [-121.48568214, 42.46357469], [-121.48531595, 42.4635173], [-121.48521723, 42.46346062], [-121.48506114, 42.46350447], [-121.48485653, 42.46352867], [-121.48396326, 42.46353873], [-121.48379427, 42.46357524], [-121.48348545, 42.46359323], [-121.48322683, 42.46366412], [-121.48271949, 42.46365902], [-121.48250565, 42.46371229], [-121.48238738, 42.46370092], [-121.48071958, 42.46403151], [-121.47990256, 42.46407748], [-121.4796613, 42.46413118], [-121.47948548, 42.46412888], [-121.47925731, 42.46415748], [-121.47864298, 42.46407662], [-121.47807289, 42.46392397], [-121.47745856, 42.46373869], [-121.47699904, 42.46368393], [-121.47676667, 42.46370121], [-121.4765001, 42.46378816], [-121.47649759, 42.46372506], [-121.47639777, 42.46368153], [-121.4764016, 42.46397952], [-121.47632744, 42.4640371], [-121.47615154, 42.46402616], [-121.47605747, 42.46415716], [-121.47602313, 42.46424115], [-121.47582699, 42.46420389], [-121.47568152, 42.46419036], [-121.47535286, 42.46427084], [-121.47413004, 42.46482547], [-121.47335938, 42.46472732], [-121.47257293, 42.46516482], [-121.47170755, 42.46518894], [-121.47116577, 42.46536444], [-121.46972059, 42.46518728], [-121.46908562, 42.46501969], [-121.46827541, 42.46501011], [-121.46700547, 42.4648904], [-121.46628288, 42.46493109], [-121.46591725, 42.46527165], [-121.46578528, 42.46549729], [-121.4654824, 42.46530217], [-121.46525572, 42.46521139], [-121.46484121, 42.46526873], [-121.46462749, 42.46534517], [-121.4645039, 42.46539295], [-121.46426426, 42.46542161], [-121.46377852, 42.46536428], [-121.46371375, 42.46520662], [-121.46360365, 42.46521139], [-121.46355831, 42.4652735], [-121.46272134, 42.46544072], [-121.46255295, 42.46556494], [-121.46233233, 42.46555901], [-121.46210565, 42.46557334], [-121.46178182, 42.46559723], [-121.46151627, 42.46556379], [-121.46134141, 42.46541568], [-121.46112768, 42.46543957], [-121.46082328, 42.46547301], [-121.46046706, 42.46549212], [-121.46006551, 42.46555901], [-121.459651, 42.4654969], [-121.45930774, 42.46559723], [-121.45907458, 42.46566412], [-121.45922355, 42.46568323], [-121.45927536, 42.46573101], [-121.45913935, 42.46576445], [-121.458822, 42.46578834], [-121.45867951, 42.46578356], [-121.4584593, 42.46583134], [-121.45831034, 42.46586956], [-121.45810957, 42.46588867], [-121.45798003, 42.46586], [-121.45773392, 42.46584089], [-121.45763029, 42.46579312], [-121.45749429, 42.46577878], [-121.45738418, 42.46580267], [-121.45728056, 42.46581701], [-121.4566588, 42.46577878], [-121.45655517, 42.46580267], [-121.45645155, 42.46575012], [-121.45634144, 42.46575012], [-121.45618601, 42.46577878], [-121.45599818, 42.46578834], [-121.45577798, 42.46578356], [-121.45560311, 42.46577401], [-121.45542176, 42.46579789], [-121.45520156, 42.46585045], [-121.45500726, 42.46591734], [-121.45482591, 42.46598422], [-121.45460571, 42.46601767], [-121.45447617, 42.466118], [-121.45443731, 42.46624222], [-121.45443084, 42.46636644], [-121.45450208, 42.46648588], [-121.45452151, 42.46655276], [-121.45478058, 42.46660532], [-121.45481296, 42.46665309], [-121.45452799, 42.46669132], [-121.45423654, 42.46670087], [-121.45397747, 42.46670087], [-121.45368603, 42.46668654], [-121.45345287, 42.46665787], [-121.45320675, 42.4665671], [-121.45314846, 42.46651454], [-121.45306427, 42.46651932], [-121.45290235, 42.46654799], [-121.4526951, 42.46654321], [-121.45248785, 42.46657188], [-121.45220935, 42.46661487], [-121.45198915, 42.46666265], [-121.45180133, 42.46671998], [-121.45147749, 42.46681076], [-121.45112128, 42.46693497], [-121.45018148, 42.46725029], [-121.4500649, 42.46726463], [-121.44996775, 42.46727896], [-121.44994185, 42.46722163], [-121.44979288, 42.46719774], [-121.44967631, 42.46722163], [-121.44946905, 42.46723118], [-121.449346, 42.46726463], [-121.44903595, 42.46737498], [-121.44886756, 42.46737976], [-121.44862792, 42.46748487], [-121.44836886, 42.46750876], [-121.44809684, 42.46752309], [-121.44777948, 42.46753264], [-121.44727431, 42.46750398], [-121.44710591, 42.46753742], [-121.44654892, 42.46754698], [-121.44634815, 42.46751353], [-121.44549928, 42.46749912], [-121.44504592, 42.46744657], [-121.44459255, 42.46740835], [-121.44439178, 42.46736057], [-121.44373116, 42.46726024], [-121.44360441, 42.46738425], [-121.4435526, 42.46729825], [-121.44315105, 42.46716926], [-121.44300856, 42.46716448], [-121.44247748, 42.46712626], [-121.44206297, 42.46714537], [-121.44165495, 42.46714059], [-121.44103967, 42.4670976], [-121.44029485, 42.46701638], [-121.44020418, 42.46705938], [-121.44011351, 42.4670976], [-121.43991921, 42.46698771], [-121.4395889, 42.46690172], [-121.4383972, 42.46672017], [-121.43782078, 42.46661028], [-121.43758762, 42.46655295], [-121.43675861, 42.46650995], [-121.43653841, 42.46653862], [-121.43607209, 42.4665004], [-121.4357353, 42.4664574], [-121.43563815, 42.46638573], [-121.43536614, 42.46638095], [-121.43509412, 42.46640484], [-121.4348221, 42.46636662], [-121.43441407, 42.46625196], [-121.43417444, 42.46621374], [-121.4340449, 42.46621851], [-121.43379879, 42.46628062], [-121.43318999, 42.46632362], [-121.43289307, 42.46630524], [-121.43289298, 42.46631313], [-121.43273695, 42.46629394], [-121.43264363, 42.46627583], [-121.43248647, 42.46627583], [-121.43239316, 42.46625409], [-121.4320813, 42.4662233], [-121.43186766, 42.46617439], [-121.4313618, 42.46607114], [-121.43124148, 42.46605483], [-121.43113589, 42.4660657], [-121.4310524, 42.46608019], [-121.43097627, 42.46612367], [-121.43095657, 42.4661744], [-121.43102778, 42.46628671], [-121.43108671, 42.46646786], [-121.4310818, 42.46663451], [-121.4309934, 42.46667255], [-121.43086571, 42.46667255], [-121.43082151, 42.46665625], [-121.4307945, 42.46661821], [-121.43081414, 42.46659466], [-121.43078222, 42.46652763], [-121.43068645, 42.46647873], [-121.43065207, 42.46649684], [-121.43040897, 42.46635917], [-121.43025181, 42.46627947], [-121.43011429, 42.46622875], [-121.42974104, 42.46617984], [-121.42944089, 42.46612222], [-121.42929109, 42.46611135], [-121.4290529, 42.46611497], [-121.42886382, 42.46612947], [-121.42869192, 42.4661512], [-121.42840216, 42.46622728], [-121.42814432, 42.46628344], [-121.42765075, 42.4663722], [-121.42712279, 42.46634865], [-121.42690424, 42.46628887], [-121.42680356, 42.46629974], [-121.42677185, 42.46629167], [-121.42654593, 42.46635144], [-121.4263372, 42.46643115], [-121.42631019, 42.46642209], [-121.42612602, 42.46644926], [-121.42596395, 42.46645107], [-121.42569138, 42.46649093], [-121.42520762, 42.46644202], [-121.4250283, 42.46642931], [-121.42494726, 42.46636772], [-121.42489324, 42.46639127], [-121.42457401, 42.46633874], [-121.42453717, 42.46634417], [-121.42439966, 42.46634599], [-121.42434564, 42.46640395], [-121.4242425, 42.46646373], [-121.42411481, 42.466538], [-121.42402641, 42.46666118], [-121.42398221, 42.46670284], [-121.42394046, 42.4668242], [-121.42382985, 42.46685311], [-121.42375373, 42.46682594], [-121.4235892, 42.46680058], [-121.42357938, 42.46675348], [-121.42361622, 42.46667378], [-121.4235892, 42.466614], [-121.42354009, 42.46652705], [-121.42344597, 42.46638328], [-121.42342633, 42.46635068], [-121.42323234, 42.4661804], [-121.42312429, 42.46613874], [-121.42290328, 42.46609164], [-121.42248829, 42.46603005], [-121.42236796, 42.46604817], [-121.42224411, 42.46605509], [-121.42207468, 42.46603878], [-121.42193225, 42.46601705], [-121.42166704, 42.4659935], [-121.4213871, 42.4660098], [-121.42112927, 42.46597719], [-121.42090826, 42.46596814], [-121.42069708, 42.46599531], [-121.42058903, 42.4660098], [-121.42047362, 42.46604784], [-121.42010282, 42.46603516], [-121.41991681, 42.46609765], [-121.41974246, 42.46612483], [-121.41928572, 42.46611396], [-121.41911874, 42.46613751], [-121.41902788, 42.46609947], [-121.418849, 42.46608214], [-121.41872867, 42.46610931], [-121.41851503, 42.46612743], [-121.41842663, 42.46612743], [-121.4181958, 42.46609663], [-121.4180853, 42.46608577], [-121.41776853, 42.46609663], [-121.41720044, 42.46621235], [-121.41658409, 42.46619423], [-121.41619119, 42.46627756], [-121.41597755, 42.46633371], [-121.41594043, 42.46638571], [-121.41575871, 42.46647991], [-121.41576608, 42.46650345], [-121.41572188, 42.46651795], [-121.41558437, 42.46650164], [-121.41541247, 42.46649983], [-121.41530197, 42.46653244], [-121.41513499, 42.46657229], [-121.41499011, 42.46661214], [-121.41482313, 42.46671901], [-121.41463404, 42.46679147], [-121.41429216, 42.46688761], [-121.41387962, 42.46710136], [-121.41366844, 42.46718287], [-121.4135653, 42.46723722], [-121.41331728, 42.46737126], [-121.41332711, 42.46742198], [-121.41329027, 42.4675198], [-121.4131945, 42.46759769], [-121.41303489, 42.4676466], [-121.4129432, 42.46765525], [-121.41286707, 42.46759548], [-121.41280323, 42.46757012], [-121.41272219, 42.46754114], [-121.41260187, 42.467552], [-121.41229492, 42.46755382], [-121.41215495, 42.46756649], [-121.41201252, 42.4675991], [-121.41140353, 42.4677096], [-121.41112359, 42.46775669], [-121.41097625, 42.4677893], [-121.4104483, 42.46790704], [-121.41004558, 42.46797587], [-121.40929416, 42.46806101], [-121.40902047, 42.4680928], [-121.40901711, 42.468091], [-121.40473524, 42.4614091], [-121.40489344, 42.46140064], [-121.40558302, 42.46122827], [-121.40655755, 42.4608793], [-121.40765859, 42.46030953], [-121.40831967, 42.45980079], [-121.40886678, 42.45946023], [-121.40952786, 42.45917012], [-121.41051949, 42.45845535], [-121.41086713, 42.45812319], [-121.41111219, 42.45790876], [-121.41159091, 42.45741261], [-121.41205823, 42.45683237], [-121.41247426, 42.45610496], [-121.41286179, 42.45554153], [-121.41313534, 42.4550706], [-121.41343169, 42.45470478], [-121.41357987, 42.4543684], [-121.41352858, 42.45410349], [-121.41375084, 42.45383859], [-121.41386449, 42.45362486], [-121.41387019, 42.45332631], [-121.41385309, 42.45289741], [-121.41376761, 42.45257363], [-121.41360234, 42.45204381], [-121.41339147, 42.45179992], [-121.41331739, 42.45168218], [-121.4132433, 42.45149295], [-121.41272469, 42.4507781], [-121.4126563, 42.45050477], [-121.41254802, 42.45038702], [-121.41240554, 42.45031133], [-121.41240554, 42.45022302], [-121.41220038, 42.44991185], [-121.41218898, 42.44962169], [-121.4123018, 42.44947254], [-121.41066636, 42.44877967], [-121.4107858, 42.4486369], [-121.4119132, 42.4490986], [-121.41204827, 42.44915555], [-121.41206756, 42.44912098], [-121.41202346, 42.44904369], [-121.41204, 42.44900911], [-121.41220814, 42.44898877], [-121.41225225, 42.4489725], [-121.41213923, 42.44877521], [-121.41211994, 42.44871215], [-121.41215853, 42.44868368], [-121.41227706, 42.44874063], [-121.41243693, 42.44886063], [-121.41247001, 42.44894199], [-121.41245898, 42.4489908], [-121.41247552, 42.44910267], [-121.41245347, 42.44919623], [-121.4123818, 42.44923895], [-121.41245071, 42.44929793], [-121.41270707, 42.44939963], [-121.41454582, 42.4502541], [-121.41476129, 42.45031831], [-121.41483587, 42.45028162], [-121.41483587, 42.45024799], [-121.41462455, 42.45010735], [-121.41462455, 42.45001562], [-121.41467427, 42.4499239], [-121.41473643, 42.4499239], [-121.41471571, 42.44998199], [-121.41476129, 42.45004008], [-121.41513176, 42.450143], [-121.41547155, 42.45024084], [-121.41557514, 42.45016746], [-121.41564558, 42.45023167], [-121.41570774, 42.45031728], [-121.41588592, 42.44984948], [-121.41597293, 42.4498342], [-121.41601023, 42.44986477], [-121.41599365, 42.45006045], [-121.41611382, 42.44984337], [-121.41627542, 42.44956208], [-121.41660692, 42.44921352], [-121.41666907, 42.44928996], [-121.4166525, 42.44935111], [-121.41732792, 42.44937557], [-121.41767185, 42.44931442], [-121.41775886, 42.4493083], [-121.41788732, 42.44937251], [-121.41812351, 42.44937251], [-121.41817738, 42.44931748], [-121.41822296, 42.44879158], [-121.41826025, 42.44858672], [-121.41831412, 42.44858672], [-121.4182934, 42.4493664], [-121.41818566, 42.44943978], [-121.4180945, 42.44945201], [-121.41659449, 42.44944589], [-121.4165199, 42.44945506], [-121.41646603, 42.44956819], [-121.41629614, 42.44982502], [-121.41618171, 42.45003349], [-121.4159911, 42.45022306], [-121.41586265, 42.45033924], [-121.41578806, 42.45051046], [-121.41587508, 42.45042179], [-121.41594138, 42.45039733], [-121.41600354, 42.45040039], [-121.41598282, 42.45028726], [-121.41601597, 42.45025975], [-121.41614028, 42.45029644], [-121.41623144, 42.45037899], [-121.41615685, 42.45045543], [-121.41590823, 42.45055326], [-121.41595381, 42.45059913], [-121.41604083, 42.45056244], [-121.41608227, 42.45058078], [-121.41601182, 42.45074894], [-121.41608227, 42.45078257], [-121.41616514, 42.45075811], [-121.41644691, 42.45088347], [-121.41624524, 42.45074788], [-121.41624715, 42.45064399], [-121.41625627, 42.45056075], [-121.41640924, 42.45046437], [-121.41659484, 42.45045224], [-121.41761578, 42.45053851], [-121.41794223, 42.45079082], [-121.41819909, 42.45108279], [-121.41851214, 42.45100167], [-121.41922215, 42.45165704], [-121.41946397, 42.45171822], [-121.42090273, 42.45232423], [-121.42170849, 42.45301068], [-121.42258494, 42.45369713], [-121.42329138, 42.45382627], [-121.42396752, 42.45370206], [-121.42785616, 42.45514658], [-121.42822371, 42.45479448], [-121.42853673, 42.45455168], [-121.42866019, 42.45397831], [-121.42876971, 42.45510617], [-121.4292434, 42.45659162], [-121.43027564, 42.45702391], [-121.43182036, 42.45729322], [-121.43240436, 42.45718312], [-121.43281769, 42.45691276], [-121.43373745, 42.45617743], [-121.43409523, 42.45623012], [-121.43452324, 42.45707333], [-121.43489589, 42.45632365], [-121.43481286, 42.45763064], [-121.43563658, 42.4576561], [-121.43570075, 42.45786701], [-121.43641078, 42.45786009], [-121.43677901, 42.45742421], [-121.43722022, 42.45724678], [-121.4375362, 42.45792708], [-121.43751577, 42.4581789], [-121.43766452, 42.4583316], [-121.43834069, 42.45839621], [-121.43903675, 42.45834335], [-121.43937405, 42.45814218], [-121.43998999, 42.45750784], [-121.44184043, 42.45689847], [-121.44327845, 42.45697187], [-121.4455283, 42.45644631], [-121.44686615, 42.4556474], [-121.44830276, 42.45474309], [-121.44972323, 42.4541009], [-121.45248049, 42.45340868], [-121.45716123, 42.45272667], [-121.45741989, 42.45296967], [-121.46016287, 42.45319889], [-121.46035616, 42.45343501], [-121.46077035, 42.45409745], [-121.46103824, 42.45455236], [-121.46106861, 42.45476894], [-121.46109372, 42.45484792], [-121.46088715, 42.45495621], [-121.46076597, 42.45577592], [-121.46079355, 42.4557861], [-121.46083453, 42.4557611], [-121.4608647, 42.45577122], [-121.46093598, 42.45575101], [-121.46098346, 42.45575795], [-121.46099965, 42.4557248], [-121.46106235, 42.45566489], [-121.46106935, 42.45572437], [-121.4611367, 42.45572616], [-121.46115859, 42.45567046], [-121.46120592, 42.45565389], [-121.46124459, 42.45561655], [-121.46132561, 42.45546484], [-121.46135545, 42.45548324], [-121.46139503, 42.45549014], [-121.46143948, 42.45546613], [-121.4615091, 42.45548093], [-121.46155144, 42.45547415], [-121.46156986, 42.45545485], [-121.46153859, 42.455373], [-121.46154044, 42.45534579], [-121.46155167, 42.45532835], [-121.46159041, 42.45530733], [-121.46164361, 42.45529514], [-121.46170308, 42.45526718], [-121.46174432, 42.45520887], [-121.46173128, 42.4551842], [-121.4617919, 42.455104], [-121.46178535, 42.45501724], [-121.46184611, 42.4544928], [-121.46199316, 42.45441095], [-121.46217354, 42.45433456], [-121.46250653, 42.45427057], [-121.46265037, 42.45426923], [-121.46280505, 42.45428789], [-121.46306382, 42.4543292], [-121.46328222, 42.45436917], [-121.46359095, 42.45438782], [-121.46419271, 42.45425133], [-121.46495299, 42.45429248], [-121.46550928, 42.45426064], [-121.46667246, 42.45424841], [-121.46727433, 42.45423588], [-121.46727525, 42.45422067], [-121.46757594, 42.45423915], [-121.46829192, 42.45417447], [-121.46892024, 42.45406666], [-121.46969467, 42.45397502], [-121.46987732, 42.45398041], [-121.47003074, 42.45384026], [-121.47030837, 42.45347909], [-121.47044718, 42.45343058], [-121.47053486, 42.45332816], [-121.47066636, 42.4529616], [-121.47077595, 42.45278371], [-121.47094399, 42.45272441], [-121.4710828, 42.45269207], [-121.47147002, 42.45274058], [-121.47187916, 42.45277293], [-121.47183545, 42.45294543], [-121.47150668, 42.45327425], [-121.47142631, 42.45352222], [-121.47138978, 42.45361925], [-121.47135325, 42.45373245], [-121.47149937, 42.453533], [-121.47172586, 42.4533012], [-121.47190851, 42.45329581], [-121.47193773, 42.4534737], [-121.47171125, 42.45371628], [-121.47162357, 42.45379713], [-121.47188659, 42.45374862], [-121.47190851, 42.45364081], [-121.47206924, 42.45352222], [-121.4720254, 42.4534198], [-121.47218613, 42.45342519], [-121.47229572, 42.45327964], [-121.47223728, 42.45301011], [-121.47237609, 42.45297238], [-121.4725076, 42.4530748], [-121.47267563, 42.45312871], [-121.47271947, 42.4530209], [-121.47287289, 42.4529023], [-121.47298979, 42.45291847], [-121.47296057, 42.45310714], [-121.47304824, 42.45315027], [-121.47315783, 42.45312871], [-121.47392495, 42.4533012], [-121.47393546, 42.45363266], [-121.47401582, 42.45367578], [-121.47433729, 42.45368656], [-121.47481218, 42.45381593], [-121.47489254, 42.45400999], [-121.4750825, 42.45415014], [-121.47527245, 42.45415014], [-121.47560122, 42.45409085], [-121.47576195, 42.45396687], [-121.47586424, 42.45416092], [-121.47592268, 42.45562173], [-121.47601766, 42.45556243], [-121.47614917, 42.45547619], [-121.4763099, 42.45540072], [-121.47653639, 42.45537377], [-121.4767994, 42.45541689], [-121.4769236, 42.45547619], [-121.47698205, 42.45603678], [-121.47710625, 42.45575109], [-121.47720123, 42.45590741], [-121.47729621, 42.45621466], [-121.4772889, 42.4563602], [-121.47734735, 42.45652191], [-121.47728159, 42.45659198], [-121.47745694, 42.45659737], [-121.47760306, 42.45667822], [-121.47769803, 42.45664588], [-121.47769073, 42.45653808], [-121.47806333, 42.45635481], [-121.47835557, 42.45640871], [-121.47869895, 42.45634942], [-121.47914462, 42.45610146], [-121.48018207, 42.45533604], [-121.48052725, 42.45465552], [-121.4807172, 42.45403561], [-121.48079026, 42.45351812], [-121.48225721, 42.45177115], [-121.48232212, 42.45259635], [-121.48231678, 42.45361147], [-121.48271381, 42.45480153], [-121.48256449, 42.45576546], [-121.48229767, 42.45654495], [-121.48202038, 42.4569856], [-121.48155111, 42.45720985], [-121.48033672, 42.45724218], [-121.47893957, 42.45729332], [-121.47878493, 42.45730119], [-121.47807569, 42.45730119], [-121.47805684, 42.45734988], [-121.4784546, 42.4573427], [-121.4840086, 42.4574306], [-121.48431086, 42.45742994], [-121.48431392, 42.4575068], [-121.48336323, 42.45750081], [-121.48289601, 42.45748282], [-121.48232722, 42.45744985], [-121.48172999, 42.45747683], [-121.48161216, 42.45748282], [-121.48130746, 42.45749182], [-121.48140496, 42.45766267], [-121.4814334, 42.45769564], [-121.4814334, 42.45782453], [-121.48136027, 42.45794743], [-121.48135621, 42.45800737], [-121.48121807, 42.45811228], [-121.48124245, 42.45817223], [-121.48130339, 42.45819921], [-121.48141715, 42.45814226], [-121.48144965, 42.45804634], [-121.48155122, 42.45796541], [-121.48170561, 42.45801936], [-121.48179905, 42.45801936], [-121.48188437, 42.45807931], [-121.48194938, 42.45818422], [-121.4820997, 42.45815724], [-121.48217689, 42.45828014], [-121.48218908, 42.45842401], [-121.48222565, 42.45840303], [-121.48222565, 42.45831011], [-121.48227034, 42.45822618], [-121.4823841, 42.45820221], [-121.4825141, 42.45807032], [-121.48252629, 42.45799538], [-121.48246941, 42.45792944], [-121.48245316, 42.45786949], [-121.48248973, 42.45783652], [-121.48254254, 42.4577406], [-121.48260349, 42.45772262], [-121.48265224, 42.45776758], [-121.48269693, 42.45782153], [-121.48275787, 42.45776458], [-121.48279444, 42.45767166], [-121.48291226, 42.45761771], [-121.48317228, 42.45765068], [-121.48310727, 42.45777058], [-121.48313977, 42.45783352], [-121.48313977, 42.45798939], [-121.48323322, 42.45813626], [-121.48336729, 42.45824417], [-121.48355824, 42.45829213], [-121.48353387, 42.45819022], [-121.48355012, 42.45812727], [-121.48365575, 42.45800737], [-121.48355418, 42.45793544], [-121.48367606, 42.45791745], [-121.4836395, 42.45783652], [-121.48372888, 42.45783053], [-121.48376951, 42.45792944], [-121.48386701, 42.45794143], [-121.48396046, 42.4579744], [-121.48392796, 42.4580883], [-121.48392389, 42.45817823], [-121.48400921, 42.45828913], [-121.48397265, 42.45838804], [-121.48409859, 42.45845399], [-121.4841961, 42.45856189], [-121.48424079, 42.45862184], [-121.48437486, 42.45863982], [-121.48443987, 42.45868479], [-121.48453318, 42.45878065], [-121.48457381, 42.45881363], [-121.48456162, 42.45887058], [-121.48466726, 42.45883161], [-121.48476883, 42.45879564], [-121.48485821, 42.45875967], [-121.48497603, 42.45863678], [-121.48511416, 42.45856784], [-121.48527668, 42.45851988], [-121.48530512, 42.45845094], [-121.48537012, 42.45841797], [-121.48541481, 42.45836102], [-121.48551638, 42.4582711], [-121.4856017, 42.45820516], [-121.48567483, 42.45821115], [-121.48563826, 42.45833105], [-121.48564233, 42.45839099], [-121.48570327, 42.458388], [-121.48579265, 42.45845993], [-121.48587797, 42.45843596], [-121.48592672, 42.45847792], [-121.48603236, 42.45848691], [-121.4861258, 42.45855885], [-121.4861258, 42.45869373], [-121.48613393, 42.45874768], [-121.48618268, 42.45881063], [-121.48630863, 42.45885259], [-121.48640207, 42.45891554], [-121.4863655, 42.45905342], [-121.48647114, 42.45909238], [-121.48659302, 42.45917031], [-121.48664177, 42.45908339], [-121.4866824, 42.45887058], [-121.48671084, 42.45871172], [-121.48673928, 42.45857983], [-121.48677178, 42.45874469], [-121.48673928, 42.45887357], [-121.48673116, 42.45906241], [-121.48676366, 42.45915832], [-121.48684491, 42.45914633], [-121.48694029, 42.45919129], [-121.48694029, 42.45925724], [-121.48691185, 42.45932917], [-121.48688747, 42.45947604], [-121.48681028, 42.45958994], [-121.48680622, 42.45972782], [-121.48680215, 42.45984172], [-121.48691591, 42.4598657], [-121.48695654, 42.45991365], [-121.4871353, 42.46007551], [-121.48720437, 42.46004853], [-121.48732219, 42.46001556], [-121.4874197, 42.4600815], [-121.48762284, 42.46006352], [-121.48770409, 42.46002755], [-121.48766753, 42.45991965], [-121.48772035, 42.45985071], [-121.48783817, 42.45987769], [-121.48809006, 42.45980875], [-121.48830133, 42.45970084], [-121.48839477, 42.45980575], [-121.48850853, 42.45982373], [-121.48872792, 42.45981174], [-121.48871167, 42.45991665], [-121.48850853, 42.46026134], [-121.48840696, 42.46040222], [-121.48865885, 42.46070194], [-121.48874823, 42.46069595], [-121.48913013, 42.46077987], [-121.48937092, 42.46063066], [-121.48954156, 42.46041186], [-121.48967157, 42.46027698], [-121.48971626, 42.46016308], [-121.48983408, 42.46008515], [-121.49000472, 42.46014809], [-121.49006972, 42.46024701], [-121.49009004, 42.46031594], [-121.49019567, 42.46039387], [-121.49032162, 42.46048079], [-121.49037037, 42.46039387], [-121.49048007, 42.46032194], [-121.49058976, 42.46033393], [-121.49075227, 42.46010613], [-121.49083759, 42.45992329], [-121.49099604, 42.45978242], [-121.49120324, 42.45968351], [-121.49129262, 42.45970749], [-121.4913495, 42.45995327], [-121.49155671, 42.45993528], [-121.49165015, 42.45973147], [-121.4916819, 42.45965528], [-121.49179566, 42.45962231], [-121.49200692, 42.45965528], [-121.49226694, 42.45967626], [-121.49235226, 42.4594095], [-121.49249446, 42.45958634], [-121.49268947, 42.45961631], [-121.49286417, 42.45965228], [-121.49346622, 42.45989735], [-121.4938537, 42.45992744], [-121.49444513, 42.45978451], [-121.49467966, 42.46001771], [-121.49483261, 42.46038633], [-121.49514872, 42.46049917], [-121.49542403, 42.46037128], [-121.49564837, 42.46022835], [-121.4958727, 42.45997258], [-121.49646412, 42.45991239], [-121.49659668, 42.4600779], [-121.49667826, 42.46026596], [-121.49672924, 42.46048412], [-121.49679042, 42.46013055], [-121.49693318, 42.45985973], [-121.4968822, 42.45966414], [-121.49713712, 42.45964157], [-121.49722889, 42.45998762], [-121.49796307, 42.46018321], [-121.49848312, 42.46031862], [-121.49880942, 42.46032615], [-121.49904395, 42.46034119], [-121.49943143, 42.46016065], [-121.49941104, 42.46001771], [-121.49963537, 42.45980707], [-121.49974754, 42.45963405], [-121.49991069, 42.45970176], [-121.49999226, 42.45983717], [-121.50051231, 42.45978451], [-121.50056329, 42.46003276], [-121.50096097, 42.46013808], [-121.50278623, 42.46004028], [-121.50314312, 42.4600478], [-121.50352041, 42.46013055], [-121.50384671, 42.46034119], [-121.50413222, 42.46049917], [-121.50451971, 42.4607399], [-121.50480522, 42.46095053], [-121.50517231, 42.4609731], [-121.50540684, 42.46148464], [-121.50569236, 42.4618382], [-121.50569236, 42.46261302], [-121.50583202, 42.46261302], [-121.50596465, 42.46318702]]]}, "properties": {"zone_name": "US-OR-KLA-FHZ-1583", "level": 1, "fire_name": "Wrights Spring", "county": "Klamath", "addresses": 18, "unmatched_addresses": 0, "unmatched_fraction_pct": 0, "geometry_source": "cached", "geometry_cache_age_days": 0, "overlapping_zips": [{"zip": "97639", "fraction_pct": 71.0}, {"zip": "97624", "fraction_pct": 29.0}]}}, {"type": "Feature", "geometry": {"type": "Polygon", "coordinates": [[[-121.3994346, 42.3428683], [-121.3994654, 42.3430606], [-121.3995382, 42.3432819], [-121.399618, 42.3434701], [-121.3997009, 42.3436318], [-121.4000734, 42.3442544], [-121.4002362, 42.3445502], [-121.4003391, 42.3447788], [-121.4004076, 42.3449889], [-121.4004402, 42.345107], [-121.4004591, 42.3452131], [-121.4004684, 42.3453818], [-121.4004696, 42.3456117], [-121.4004396, 42.3458918], [-121.40043, 42.3461665], [-121.4004095, 42.3464153], [-121.4004017, 42.3466164], [-121.4004023, 42.3467971], [-121.4004178, 42.34697], [-121.4004461, 42.3471506], [-121.4004856, 42.3473126], [-121.4005232, 42.3474416], [-121.4005689, 42.3475818], [-121.4007497, 42.3480489], [-121.4007959, 42.348203], [-121.4008328, 42.3483514], [-121.4008449, 42.348463], [-121.4008516, 42.3486015], [-121.4008461, 42.3487303], [-121.4008251, 42.3488684], [-121.4007936, 42.3490244], [-121.4006541, 42.3495601], [-121.4005766, 42.3498006], [-121.4005157, 42.3499697], [-121.4004511, 42.3501363], [-121.4003917, 42.3502587], [-121.4003103, 42.3504157], [-121.4000994, 42.3507583], [-121.3999321, 42.3509926], [-121.3997431, 42.3512555], [-121.3995942, 42.3514455], [-121.3994695, 42.3516207], [-121.399286, 42.351882], [-121.3991834, 42.3520392], [-121.3990937, 42.3522005], [-121.3989684, 42.3524277], [-121.3988501, 42.352741], [-121.3987575, 42.3531033], [-121.398498, 42.353926], [-121.3983503, 42.3544596], [-121.39834375, 42.35448556], [-121.398127, 42.3544544], [-121.39785841, 42.35439953], [-121.39751804, 42.3539296], [-121.396365, 42.353311], [-121.395405, 42.35306], [-121.39498681, 42.35292691], [-121.394717, 42.352776], [-121.39388862, 42.35194748], [-121.39375314, 42.35090932], [-121.39318535, 42.34966333], [-121.39224354, 42.34778041], [-121.39140771, 42.34667455], [-121.39121256, 42.34597261], [-121.391188, 42.345885], [-121.39077053, 42.34491083], [-121.390239, 42.344459], [-121.38966107, 42.34424692], [-121.38782832, 42.34425136], [-121.38618778, 42.34448554], [-121.38493576, 42.34462077], [-121.38431664, 42.34457788], [-121.38370654, 42.34424847], [-121.382432, 42.344199], [-121.38193616, 42.34420552], [-121.381039, 42.344146], [-121.3801188, 42.34385386], [-121.37894244, 42.34298007], [-121.378212, 42.342594], [-121.378301, 42.34245767], [-121.379021, 42.341915], [-121.38056016, 42.34128367], [-121.38242543, 42.34127661], [-121.384702, 42.340122], [-121.38641519, 42.33973384], [-121.389015, 42.340168], [-121.390178, 42.340728], [-121.39204, 42.341203], [-121.39363016, 42.34190683], [-121.393945, 42.342021], [-121.3942295, 42.34211737], [-121.394878, 42.342173], [-121.395735, 42.341955], [-121.39615669, 42.34203781], [-121.396891, 42.342856], [-121.39734004, 42.34305414], [-121.39892018, 42.34279859], [-121.39942588, 42.34277846], [-121.3994346, 42.3428683]]]}, "properties": {"zone_name": "US-OR-KLA-KLA-1726", "level": 1, "fire_name": "Wrights Spring", "county": "Klamath", "addresses": 7, "unmatched_addresses": 0, "unmatched_fraction_pct": 0, "geometry_source": "cached", "geometry_cache_age_days": 0, "overlapping_zips": [{"zip": "97623", "fraction_pct": 100.0}]}}, {"type": "Feature", "geometry": {"type": "Polygon", "coordinates": [[[-121.373767, 42.363807], [-121.374123, 42.364264], [-121.3741852, 42.36433585], [-121.375393, 42.365731], [-121.376344, 42.367785], [-121.37653301, 42.36788268], [-121.377246, 42.368037], [-121.381109, 42.367992], [-121.381819, 42.36826], [-121.38343, 42.368318], [-121.385206, 42.368596], [-121.3865144, 42.3684604], [-121.3867935, 42.3684816], [-121.38738945, 42.36856524], [-121.38753894, 42.36862066], [-121.3876916, 42.3687699], [-121.38769934, 42.36877569], [-121.38769886, 42.36877589], [-121.3867826, 42.3691551], [-121.3855377, 42.3697059], [-121.3854983, 42.36964384], [-121.38571946, 42.36952919], [-121.38394737, 42.36935982], [-121.38294935, 42.36935685], [-121.38206027, 42.3693604], [-121.38105626, 42.36936321], [-121.38034309, 42.36937127], [-121.37965548, 42.36937555], [-121.37894838, 42.36937847], [-121.37824682, 42.36937338], [-121.37753998, 42.36938672], [-121.377155, 42.36939043], [-121.3768404, 42.36939347], [-121.37605028, 42.36940611], [-121.37514883, 42.36940403], [-121.37425864, 42.36941217], [-121.37320379, 42.36942165], [-121.37211382, 42.3694392], [-121.37132348, 42.36943885], [-121.37055903, 42.36943815], [-121.36976537, 42.36942203], [-121.36977295, 42.3679826], [-121.36976386, 42.36579591], [-121.36975991, 42.36424167], [-121.36981149, 42.36334447], [-121.369816, 42.363266], [-121.369643, 42.36323], [-121.36973628, 42.36294828], [-121.36975516, 42.36289123], [-121.36973527, 42.36079526], [-121.36971997, 42.35792131], [-121.36970163, 42.35480649], [-121.36971697, 42.35343323], [-121.36971854, 42.35188595], [-121.36971957, 42.35052225], [-121.369814, 42.349218], [-121.36972706, 42.34899814], [-121.36972517, 42.34760676], [-121.36972403, 42.34687425], [-121.36972328, 42.34638647], [-121.36972293, 42.34470043], [-121.36973466, 42.34316072], [-121.36974829, 42.34176169], [-121.369802, 42.34065467], [-121.36981035, 42.34048246], [-121.36817162, 42.34047519], [-121.37507157, 42.34035928], [-121.37507628, 42.34038477], [-121.375164, 42.34086], [-121.37551, 42.341344], [-121.37683935, 42.34218193], [-121.377453, 42.342368], [-121.37749794, 42.34238138], [-121.378212, 42.342594], [-121.3781713, 42.34266759], [-121.377818, 42.343287], [-121.377511, 42.344133], [-121.377382, 42.345284], [-121.377641, 42.346157], [-121.37764129, 42.3461579], [-121.378156, 42.347849], [-121.377874, 42.34907357], [-121.3778723, 42.3490868], [-121.377705, 42.351014], [-121.377775, 42.351964], [-121.3777757, 42.35197143], [-121.377846, 42.353906], [-121.37728, 42.35513], [-121.37747645, 42.35596101], [-121.377504, 42.356245], [-121.37732303, 42.35649326], [-121.376615, 42.357127], [-121.375941, 42.358535], [-121.375049, 42.359471], [-121.37387542, 42.36155281], [-121.373666, 42.362116], [-121.37371971, 42.3630334], [-121.373717, 42.363078], [-121.37371768, 42.36312908], [-121.37372457, 42.36364399], [-121.373767, 42.363807]]]}, "properties": {"zone_name": "US-OR-KLA-KLA-1736-A", "level": 1, "fire_name": "Wrights Spring", "county": "Klamath", "addresses": 8, "unmatched_addresses": 0, "unmatched_fraction_pct": 0, "geometry_source": "cached", "geometry_cache_age_days": 0, "overlapping_zips": [{"zip": "97623", "fraction_pct": 100.0}]}}, {"type": "Feature", "geometry": {"type": "Polygon", "coordinates": [[[-121.35518567, 42.40096233], [-121.3596932, 42.3980391], [-121.35978604, 42.39797858], [-121.35989385, 42.3979083], [-121.3600945, 42.3977775], [-121.36029423, 42.3976392], [-121.36039848, 42.39756701], [-121.3604938, 42.397501], [-121.36060375, 42.397413], [-121.3607137, 42.397325], [-121.36125177, 42.39685573], [-121.3617898, 42.3963865], [-121.36217479, 42.39605501], [-121.3625598, 42.3957235], [-121.36275675, 42.39558605], [-121.3629537, 42.3954486], [-121.36319065, 42.3953096], [-121.3634276, 42.3951706], [-121.3647552, 42.39444895], [-121.3660828, 42.3937273], [-121.36787825, 42.39274851], [-121.3696737, 42.3917697], [-121.36978205, 42.39171175], [-121.3698904, 42.3916538], [-121.3701485, 42.39151095], [-121.3704066, 42.3913681], [-121.37084333, 42.39113324], [-121.37094939, 42.39107621], [-121.37112345, 42.3909826], [-121.3718403, 42.3905971], [-121.3720002, 42.3905004], [-121.3721601, 42.3904037], [-121.37231345, 42.39030005], [-121.3724668, 42.3901964], [-121.37265194, 42.39004993], [-121.37268122, 42.39002677], [-121.3728536, 42.3898904], [-121.37293942, 42.38980636], [-121.37297327, 42.38977321], [-121.37305125, 42.38969685], [-121.3732489, 42.3895033], [-121.3735973, 42.3891164], [-121.37373505, 42.3889439], [-121.3738728, 42.3887714], [-121.37400345, 42.38858], [-121.3741341, 42.3883886], [-121.3742247, 42.38820095], [-121.3743153, 42.3880133], [-121.37438862, 42.38781717], [-121.3744617, 42.3876217], [-121.37452485, 42.3874536], [-121.374588, 42.3872855], [-121.37463985, 42.38707115], [-121.3746917, 42.3868568], [-121.37471535, 42.3866669], [-121.374739, 42.386477], [-121.3747486, 42.3863249], [-121.3747582, 42.3861728], [-121.3747568, 42.3859985], [-121.3747554, 42.3858242], [-121.3747345, 42.3855874], [-121.3747136, 42.3853506], [-121.37470305, 42.3852693], [-121.37469584, 42.38521378], [-121.37465755, 42.3849188], [-121.3746015, 42.384487], [-121.37454535, 42.3840982], [-121.3744892, 42.3837094], [-121.3744824, 42.38352085], [-121.3744756, 42.3833323], [-121.3745001, 42.3831866], [-121.3745246, 42.3830409], [-121.3745879, 42.3827657], [-121.3746505, 42.3825832], [-121.3747131, 42.3824007], [-121.3748568, 42.3820768], [-121.3750005, 42.3817529], [-121.37508334, 42.38156595], [-121.37509705, 42.38153503], [-121.37511611, 42.381492], [-121.3751739, 42.3813616], [-121.3753473, 42.3809703], [-121.37546985, 42.3806843], [-121.3755924, 42.3803983], [-121.3757174, 42.3801148], [-121.3758424, 42.3798313], [-121.37593975, 42.3796362], [-121.3760371, 42.3794411], [-121.376123, 42.3793131], [-121.3762089, 42.3791851], [-121.3762495, 42.37914065], [-121.3762901, 42.3790962], [-121.37635385, 42.37904445], [-121.3764176, 42.3789927], [-121.37652445, 42.3789176], [-121.3766313, 42.3788425], [-121.3767624, 42.3787659], [-121.3768935, 42.3786893], [-121.3770741, 42.37859765], [-121.3772547, 42.378506], [-121.3774657, 42.37841335], [-121.3776767, 42.3783207], [-121.37785165, 42.3782392], [-121.3780266, 42.3781577], [-121.3782, 42.37804305], [-121.3783734, 42.3779284], [-121.3784639, 42.37785715], [-121.3785544, 42.3777859], [-121.37866065, 42.377679], [-121.3787669, 42.3775721], [-121.37886185, 42.3774632], [-121.3789568, 42.3773543], [-121.37904055, 42.3772392], [-121.3791243, 42.3771241], [-121.3791905, 42.3770079], [-121.3792567, 42.3768917], [-121.3794872, 42.3763851], [-121.3796342, 42.37604862], [-121.3796917, 42.375917], [-121.37991315, 42.37538336], [-121.3801346, 42.3748497], [-121.38033818, 42.37443185], [-121.38063669, 42.37381913], [-121.38071251, 42.37367124], [-121.3808197, 42.3734622], [-121.381528, 42.3736021], [-121.3828767, 42.3738514], [-121.3832565, 42.3740298], [-121.383357, 42.373947], [-121.383495, 42.373856], [-121.3839445, 42.37362405], [-121.3840119, 42.3735843], [-121.384442, 42.373361], [-121.384636, 42.373271], [-121.384731, 42.373219], [-121.38482, 42.373174], [-121.384924, 42.373101], [-121.385372, 42.372686], [-121.385444, 42.37262], [-121.385862, 42.372216], [-121.386343, 42.37172], [-121.386422, 42.371627], [-121.386493, 42.371505], [-121.386551, 42.371378], [-121.386723, 42.370928], [-121.386827, 42.370696], [-121.386893, 42.370601], [-121.387117, 42.370357], [-121.387185, 42.370294], [-121.38726, 42.370239], [-121.387355, 42.370195], [-121.387461, 42.370164], [-121.387996, 42.370043], [-121.38851, 42.369952], [-121.388903, 42.3699], [-121.389126, 42.369893], [-121.390432, 42.369911], [-121.390732, 42.369932], [-121.390899, 42.369968], [-121.391065, 42.370012], [-121.391427, 42.370122], [-121.391611, 42.37017], [-121.391799, 42.37021], [-121.391847, 42.370221], [-121.391966, 42.37023], [-121.392085, 42.370219], [-121.392295, 42.370184], [-121.392562, 42.370124], [-121.39293665, 42.37000995], [-121.393141, 42.369943], [-121.393333, 42.369862], [-121.39355, 42.369752], [-121.393755, 42.369629], [-121.394178, 42.369336], [-121.39446688, 42.36936989], [-121.39524996, 42.3693734], [-121.39607421, 42.36936811], [-121.3973217, 42.36937012], [-121.39916534, 42.36936961], [-121.40113771, 42.36936732], [-121.40406006, 42.36937092], [-121.40888246, 42.36937987], [-121.40886303, 42.37681143], [-121.41393103, 42.37683505], [-121.41632394, 42.37679695], [-121.416886, 42.376788], [-121.416909, 42.376706], [-121.41691977, 42.37665547], [-121.416951, 42.376509], [-121.416972, 42.376366], [-121.41701, 42.376228], [-121.417063, 42.376093], [-121.417122, 42.375983], [-121.417318, 42.375707], [-121.417482, 42.375519], [-121.417678, 42.375344], [-121.417915, 42.375181], [-121.418086, 42.375083], [-121.418175, 42.37504], [-121.418481, 42.374893], [-121.41878732, 42.37474639], [-121.41920315, 42.37466945], [-121.4196661, 42.3745838], [-121.420339, 42.374575], [-121.420563, 42.374556], [-121.420912, 42.374508], [-121.421082, 42.374472], [-121.421288, 42.374417], [-121.421485, 42.374348], [-121.421668, 42.374262], [-121.421839, 42.374165], [-121.421974, 42.374077], [-121.4221, 42.373982], [-121.422247, 42.373848], [-121.422381, 42.373705], [-121.422582, 42.373463], [-121.422686, 42.373317], [-121.422703, 42.3732], [-121.422733, 42.372708], [-121.422739, 42.371755], [-121.422742, 42.371427], [-121.422703, 42.370181], [-121.42269, 42.369563], [-121.423645, 42.36941443], [-121.42437001, 42.36943344], [-121.42509944, 42.36945256], [-121.42584441, 42.36947208], [-121.4266052, 42.36949202], [-121.42733381, 42.3695111], [-121.42807519, 42.36953051], [-121.42873571, 42.3695478], [-121.42883565, 42.36954953], [-121.42876557, 42.37205981], [-121.428753, 42.37251], [-121.4285, 42.372687], [-121.42862935, 42.38406981], [-121.4288648, 42.39923418], [-121.42376239, 42.39906441], [-121.423903, 42.399532], [-121.424136, 42.400201], [-121.424178, 42.400351], [-121.42421, 42.400501], [-121.424239, 42.40071], [-121.424237, 42.400814], [-121.424207, 42.400949], [-121.424161, 42.401082], [-121.424104, 42.401215], [-121.423811, 42.40175], [-121.423644, 42.40202], [-121.423544, 42.402209], [-121.42322699, 42.40261003], [-121.423088, 42.40297], [-121.422823, 42.402726], [-121.42240328, 42.4023757], [-121.42205, 42.402059], [-121.421552, 42.401589], [-121.421405, 42.401473], [-121.421099, 42.401247], [-121.420966, 42.401123], [-121.42086, 42.400996], [-121.420765, 42.400865], [-121.420691, 42.400749], [-121.420627, 42.40063], [-121.420573, 42.400508], [-121.420527, 42.400352], [-121.420389, 42.399774], [-121.420235, 42.399001], [-121.40892332, 42.39876955], [-121.4089222, 42.39901788], [-121.40890815, 42.40599741], [-121.39908062, 42.40603079], [-121.3990961, 42.39889933], [-121.39909653, 42.39870112], [-121.39722917, 42.39885204], [-121.39735, 42.398935], [-121.397444, 42.399014], [-121.39753, 42.399098], [-121.397613, 42.399204], [-121.397755, 42.399422], [-121.397804, 42.399516], [-121.398122, 42.400119], [-121.398349, 42.40055], [-121.398446, 42.400776], [-121.398147, 42.401067], [-121.398048, 42.401129], [-121.397897, 42.401196], [-121.397643, 42.401251], [-121.397317, 42.401244], [-121.397217, 42.401249], [-121.397118, 42.401263], [-121.397007, 42.401288], [-121.396903, 42.401325], [-121.396834, 42.401365], [-121.39672, 42.401466], [-121.396613, 42.401572], [-121.396544, 42.401649], [-121.396437, 42.401786], [-121.396275, 42.40201], [-121.396111, 42.402269], [-121.396059, 42.402374], [-121.396013, 42.402481], [-121.395983, 42.402589], [-121.395972, 42.402699], [-121.395976, 42.40281], [-121.395997, 42.403014], [-121.39606, 42.40329], [-121.396088, 42.403474], [-121.396102, 42.403625], [-121.396102, 42.403699], [-121.396086, 42.403771], [-121.396068, 42.403811], [-121.395986, 42.403925], [-121.39592, 42.403996], [-121.395829, 42.40408], [-121.395726, 42.404157], [-121.395613, 42.404223], [-121.395493, 42.40427], [-121.395113, 42.404374], [-121.394745, 42.404454], [-121.394504, 42.404516], [-121.394346, 42.404564], [-121.394191, 42.404617], [-121.394046, 42.40468], [-121.393977, 42.404718], [-121.393912, 42.404762], [-121.393791, 42.404857], [-121.393556, 42.405054], [-121.392528, 42.405783], [-121.392261, 42.405952], [-121.392053, 42.406065], [-121.391839, 42.406173], [-121.391543, 42.406311], [-121.391388, 42.40637], [-121.391286, 42.406402], [-121.39118, 42.406429], [-121.39075, 42.406521], [-121.390247, 42.406636], [-121.390001, 42.406703], [-121.389797, 42.406768], [-121.389598, 42.406841], [-121.389406, 42.406922], [-121.389225, 42.407008], [-121.389052, 42.407102], [-121.388891, 42.407207], [-121.38881, 42.407272], [-121.388583, 42.40748], [-121.388364, 42.407661], [-121.388048, 42.407948], [-121.387949, 42.408051], [-121.387864, 42.408159], [-121.387802, 42.40827], [-121.387754, 42.408386], [-121.387718, 42.408505], [-121.387673, 42.408693], [-121.387665, 42.408763], [-121.387652, 42.409047], [-121.387627, 42.409186], [-121.387556, 42.409397], [-121.387508, 42.409499], [-121.387448, 42.409597], [-121.387356, 42.409707], [-121.387248, 42.409811], [-121.387131, 42.409909], [-121.387, 42.409999], [-121.386861, 42.410083], [-121.386635, 42.410245], [-121.386544, 42.410321], [-121.386461, 42.410401], [-121.386395, 42.410488], [-121.386349, 42.410581], [-121.386316, 42.410679], [-121.386295, 42.410779], [-121.386289, 42.410842], [-121.38629, 42.410905], [-121.386314, 42.411161], [-121.386312, 42.411392], [-121.386294, 42.411623], [-121.386263, 42.411816], [-121.386218, 42.412008], [-121.386174, 42.412148], [-121.386123, 42.412287], [-121.386072, 42.412396], [-121.385957, 42.412642], [-121.385777, 42.41308], [-121.38456427, 42.41303912], [-121.38446885, 42.41303843], [-121.38454128, 42.40588972], [-121.37970073, 42.40585111], [-121.37460514, 42.40581024], [-121.36993242, 42.40580085], [-121.366759, 42.40593], [-121.36003236, 42.40585413], [-121.35512741, 42.40584634], [-121.35423457, 42.40575359], [-121.3542032, 42.40573286], [-121.35435407, 42.40564104], [-121.35443358, 42.4055462], [-121.3545824, 42.40548749], [-121.35462114, 42.40549652], [-121.35464356, 42.40559286], [-121.35466191, 42.40557781], [-121.35472104, 42.40542276], [-121.35470473, 42.40537157], [-121.35465784, 42.40532942], [-121.3546558, 42.40506147], [-121.35469657, 42.40503888], [-121.35473938, 42.40498319], [-121.35492695, 42.40484469], [-121.35514305, 42.40464447], [-121.35524703, 42.40455114], [-121.3552878, 42.40452856], [-121.35532858, 42.40446985], [-121.3553877, 42.40444726], [-121.35539178, 42.40440662], [-121.35537751, 42.40431931], [-121.3552878, 42.40421393], [-121.3553612, 42.40418834], [-121.35541828, 42.40414317], [-121.35543459, 42.40410554], [-121.3554876, 42.40408145], [-121.35552633, 42.40408597], [-121.35560584, 42.40406339], [-121.35574855, 42.40406188], [-121.35578321, 42.40408898], [-121.35583214, 42.40408145], [-121.35588515, 42.40406339], [-121.35598912, 42.4040393], [-121.35611349, 42.40401672], [-121.35618688, 42.40400317], [-121.35622562, 42.40395801], [-121.35629493, 42.40394145], [-121.35638056, 42.4038436], [-121.35629289, 42.40383607], [-121.35626435, 42.40381951], [-121.3563459, 42.40374574], [-121.35633978, 42.40371413], [-121.35626435, 42.40372617], [-121.35622562, 42.40368402], [-121.35629493, 42.40363886], [-121.35631736, 42.40362079], [-121.35629085, 42.40356961], [-121.35631532, 42.40352595], [-121.35630716, 42.40349682], [-121.35627047, 42.40350736], [-121.35621542, 42.40347875], [-121.35615834, 42.40336886], [-121.3561196, 42.40333574], [-121.35615834, 42.40328606], [-121.35620115, 42.40327402], [-121.35625416, 42.40323487], [-121.35633163, 42.40323036], [-121.35639483, 42.40322434], [-121.35649677, 42.40322283], [-121.35657016, 42.40311444], [-121.35657016, 42.40306024], [-121.35660482, 42.40303616], [-121.35660482, 42.40300304], [-121.35661093, 42.40297293], [-121.35668025, 42.40297895], [-121.35671287, 42.40301207], [-121.35675976, 42.40297443], [-121.35686578, 42.40302411], [-121.35690859, 42.4029654], [-121.35691674, 42.40291873], [-121.35688616, 42.40289314], [-121.35690655, 42.40286604], [-121.35685966, 42.40281185], [-121.35683112, 42.40272152], [-121.35684335, 42.40261012], [-121.35687801, 42.40253334], [-121.35689839, 42.40248366], [-121.35702276, 42.40238129], [-121.35710838, 42.40234968], [-121.3571512, 42.40234516], [-121.35718993, 42.40235269], [-121.35730002, 42.40233613], [-121.35737138, 42.40230903], [-121.35743866, 42.40233161], [-121.35751605, 42.40230379], [-121.35760168, 42.4023068], [-121.35768119, 42.40229475], [-121.35771177, 42.40227819], [-121.35762614, 42.40218636], [-121.35804, 42.4020313], [-121.35807058, 42.40205087], [-121.35810524, 42.40203431], [-121.35807466, 42.40200721], [-121.35816029, 42.40199818], [-121.35819087, 42.40197861], [-121.35822145, 42.40200721], [-121.35829892, 42.40199366], [-121.35838251, 42.4019485], [-121.35843959, 42.40196054], [-121.35851299, 42.4019771], [-121.35860065, 42.40196355], [-121.35864347, 42.40190183], [-121.35875356, 42.40190032], [-121.35883103, 42.40188376], [-121.35872298, 42.4018386], [-121.35865366, 42.40184161], [-121.35863531, 42.40185817], [-121.35854969, 42.40182204], [-121.35859046, 42.40180548], [-121.35858027, 42.40176483], [-121.35860881, 42.40171214], [-121.35868016, 42.40168203], [-121.35882361, 42.40158245], [-121.35890109, 42.40154783], [-121.35893371, 42.40156439], [-121.35895817, 42.40155234], [-121.35893574, 42.40152073], [-121.35902953, 42.40147858], [-121.35912535, 42.40148008], [-121.35924971, 42.40142137], [-121.35912331, 42.40130695], [-121.35916612, 42.40128587], [-121.35918855, 42.40125878], [-121.35916408, 42.40122415], [-121.35924359, 42.40118651], [-121.35930679, 42.40120006], [-121.35934961, 42.401182], [-121.3593965, 42.40113382], [-121.35934553, 42.40106306], [-121.35943319, 42.40109167], [-121.35947193, 42.40107511], [-121.35947601, 42.40101639], [-121.35954328, 42.4010179], [-121.35961872, 42.40105855], [-121.35975408, 42.40099421], [-121.35994689, 42.400796], [-121.3599847, 42.40075971], [-121.35993555, 42.40071504], [-121.36006787, 42.400662], [-121.36015104, 42.40060616], [-121.3601964, 42.40068992], [-121.36026445, 42.40075133], [-121.36094873, 42.40115334], [-121.36096385, 42.40125663], [-121.36104702, 42.40131246], [-121.36104702, 42.40121475], [-121.36128519, 42.40134876], [-121.36144397, 42.4013683], [-121.36137592, 42.40142134], [-121.36187117, 42.40159721], [-121.36212447, 42.40172284], [-121.36229837, 42.4017368], [-121.36236642, 42.40168096], [-121.3623513, 42.40160838], [-121.36227191, 42.40148555], [-121.36210178, 42.4013348], [-121.36216605, 42.40122871], [-121.36209422, 42.40115334], [-121.36206398, 42.40129013], [-121.36194678, 42.40134876], [-121.361943, 42.40130967], [-121.36202617, 42.40127338], [-121.36199593, 42.40120359], [-121.36193166, 42.40114775], [-121.36185227, 42.40113938], [-121.36186361, 42.40123988], [-121.36177177, 42.40116089], [-121.36177177, 42.40103526], [-121.36179067, 42.40097943], [-121.36164701, 42.40090406], [-121.36137481, 42.4007533], [-121.36125006, 42.40067234], [-121.36123871, 42.40061651], [-121.3611253, 42.40059976], [-121.36097408, 42.40057184], [-121.36080017, 42.4004853], [-121.36064197, 42.40028698], [-121.3606949, 42.40014181], [-121.36076673, 42.39999385], [-121.36080831, 42.39983472], [-121.36083477, 42.39963651], [-121.36091038, 42.39936571], [-121.36103136, 42.39915911], [-121.36117124, 42.39907815], [-121.3613338, 42.39870126], [-121.361296, 42.39864822], [-121.36123929, 42.39866218], [-121.36120905, 42.39863705], [-121.36124307, 42.39858121], [-121.36136027, 42.39851979], [-121.36151905, 42.3984165], [-121.36157168, 42.39831934], [-121.36161704, 42.39817695], [-121.36166619, 42.3979229], [-121.36159058, 42.39783914], [-121.36149985, 42.39778051], [-121.36154521, 42.39769117], [-121.36157924, 42.39759067], [-121.36158219, 42.39753727], [-121.36069755, 42.39751494], [-121.36068621, 42.39785275], [-121.36068999, 42.3979365], [-121.36059926, 42.39809285], [-121.3604745, 42.3981766], [-121.36039133, 42.3981431], [-121.36034596, 42.39818777], [-121.35998155, 42.39832061], [-121.35986048, 42.39848026], [-121.35971347, 42.39930407], [-121.35960105, 42.39936793], [-121.35952322, 42.39957228], [-121.35935891, 42.39945733], [-121.35909948, 42.39926575], [-121.35896112, 42.39925937], [-121.35858062, 42.39946372], [-121.35824336, 42.39964891], [-121.35809634, 42.39955951], [-121.3578888, 42.39971916], [-121.35773314, 42.3997894], [-121.35767261, 42.39972554], [-121.35739588, 42.39987881], [-121.35745641, 42.39996821], [-121.35734399, 42.40011509], [-121.3571278, 42.40008316], [-121.35693755, 42.40047909], [-121.35691161, 42.40067705], [-121.35691161, 42.40087501], [-121.35677324, 42.40091333], [-121.35670406, 42.40107936], [-121.35677562, 42.40110952], [-121.35688288, 42.40108541], [-121.35689687, 42.40100276], [-121.35701346, 42.40106475], [-121.35696682, 42.40115084], [-121.35683625, 42.40119217], [-121.35674298, 42.40134025], [-121.35667302, 42.40141256], [-121.35660307, 42.40132647], [-121.35640254, 42.40135058], [-121.35632326, 42.40153654], [-121.35623932, 42.40166051], [-121.3561647, 42.40169495], [-121.35613672, 42.40184302], [-121.356216, 42.40188779], [-121.3561647, 42.40220117], [-121.35617869, 42.40246977], [-121.35612273, 42.40244911], [-121.3560761, 42.40226659], [-121.3560248, 42.40224249], [-121.35589889, 42.40229414], [-121.35581028, 42.40220461], [-121.35570302, 42.4021805], [-121.35570302, 42.40212196], [-121.35572634, 42.40205998], [-121.35571235, 42.40185336], [-121.35564706, 42.40182581], [-121.3552973, 42.40186024], [-121.35532061, 42.40171561], [-121.35530196, 42.40164674], [-121.355246, 42.4016364], [-121.35522734, 42.40159164], [-121.3552973, 42.40150899], [-121.35522268, 42.40143323], [-121.35511542, 42.40148833], [-121.35488691, 42.40171216], [-121.35470504, 42.40189812], [-121.35467239, 42.40211507], [-121.3544672, 42.40232169], [-121.35438792, 42.40240778], [-121.35430398, 42.40241811], [-121.35411277, 42.40230103], [-121.3539822, 42.40232169], [-121.35393556, 42.40239745], [-121.35397753, 42.40246977], [-121.35379566, 42.40251454], [-121.35367441, 42.40241123], [-121.35355316, 42.40241467], [-121.35354849, 42.40238023], [-121.35364643, 42.40231136], [-121.35387494, 42.40222527], [-121.35395421, 42.40223905], [-121.35407547, 42.4022356], [-121.35420138, 42.40219428], [-121.35427599, 42.40214951], [-121.35429465, 42.40203587], [-121.35428999, 42.40190157], [-121.35441124, 42.40180859], [-121.35450451, 42.40179137], [-121.35448119, 42.40168806], [-121.35440191, 42.40163985], [-121.35454648, 42.40156064], [-121.35516672, 42.40115773], [-121.35527398, 42.40103376], [-121.35518567, 42.40096233]]]}, "properties": {"zone_name": "US-OR-KLA-KLA-1572", "level": 1, "fire_name": "Wrights Spring", "county": "Klamath", "addresses": 5, "unmatched_addresses": 0, "unmatched_fraction_pct": 0, "geometry_source": "cached", "geometry_cache_age_days": 0, "overlapping_zips": [{"zip": "97623", "fraction_pct": 50.9}, {"zip": "97621", "fraction_pct": 31.4}, {"zip": "97639", "fraction_pct": 17.6}]}}, {"type": "Feature", "geometry": {"type": "Polygon", "coordinates": [[[-121.423088, 42.40297], [-121.42307, 42.403136], [-121.423068, 42.40332], [-121.423087, 42.403427], [-121.42316, 42.403636], [-121.423317, 42.403982], [-121.423393, 42.404096], [-121.423494, 42.4042], [-121.424104, 42.404691], [-121.424288, 42.404862], [-121.424465, 42.405038], [-121.424651, 42.405208], [-121.424859, 42.405374], [-121.425078, 42.40553], [-121.425294, 42.405661], [-121.42599, 42.406023], [-121.426065, 42.406068], [-121.426227, 42.406183], [-121.426299, 42.406246], [-121.426358, 42.406315], [-121.426404, 42.406393], [-121.426439, 42.406476], [-121.426458, 42.40656], [-121.426449, 42.406679], [-121.426358, 42.407045], [-121.426289, 42.407245], [-121.426088, 42.407632], [-121.426056, 42.407711], [-121.425989, 42.407941], [-121.42597, 42.408058], [-121.425966, 42.408142], [-121.426325, 42.408298], [-121.42629, 42.408388], [-121.426703, 42.40877], [-121.42735, 42.410158], [-121.427921, 42.410434], [-121.428842, 42.411016], [-121.429558, 42.411373], [-121.430099, 42.413266], [-121.430045, 42.413853], [-121.429302, 42.415408], [-121.429322, 42.416349], [-121.429324, 42.416422], [-121.429865, 42.417504], [-121.429913, 42.417865], [-121.430383, 42.418675], [-121.430467, 42.418862], [-121.430496, 42.419327], [-121.430561, 42.41954], [-121.430916, 42.420701], [-121.431531, 42.421706], [-121.43173, 42.421919], [-121.431818, 42.422012], [-121.431835, 42.422779], [-121.431929, 42.422801], [-121.43199, 42.422836], [-121.43204, 42.42288], [-121.432091, 42.422972], [-121.432119, 42.423054], [-121.432139, 42.423158], [-121.432158, 42.423309], [-121.432263, 42.423918], [-121.43237, 42.424532], [-121.43245, 42.425097], [-121.432478, 42.425235], [-121.432515, 42.425362], [-121.432564, 42.425466], [-121.432891, 42.425994], [-121.433034, 42.426194], [-121.433061, 42.426262], [-121.433129, 42.426407], [-121.433279, 42.42665], [-121.433321, 42.426732], [-121.433459, 42.427137], [-121.433497, 42.427278], [-121.433507, 42.427427], [-121.433496, 42.427551], [-121.433456, 42.427729], [-121.43321, 42.428538], [-121.433125, 42.428799], [-121.432966, 42.429101], [-121.432885, 42.429254], [-121.432804, 42.429406], [-121.432781, 42.429449], [-121.432631, 42.429735], [-121.432168, 42.430307], [-121.43118, 42.430822], [-121.431147, 42.430833], [-121.430656, 42.43101], [-121.43047, 42.431116], [-121.430082, 42.431041], [-121.429758, 42.43098], [-121.429394, 42.430918], [-121.428922, 42.430802], [-121.42884, 42.430782], [-121.428598, 42.430741], [-121.428534, 42.430734], [-121.428403, 42.430781], [-121.428275, 42.430874], [-121.428195, 42.430953], [-121.428056, 42.431121], [-121.427856, 42.431399], [-121.427566, 42.431774], [-121.426726, 42.432838], [-121.426677, 42.432897], [-121.426251, 42.433427], [-121.421319, 42.439664], [-121.420422, 42.4408], [-121.420305, 42.44094], [-121.420147, 42.441175], [-121.420103, 42.441268], [-121.420062, 42.441389], [-121.42002, 42.44159], [-121.420006, 42.441826], [-121.4200055, 42.4421268], [-121.41844731, 42.44211546], [-121.4144566, 42.4420864], [-121.41232421, 42.44207741], [-121.41203845, 42.44207621], [-121.41191945, 42.4420757], [-121.41116391, 42.44207252], [-121.4088584, 42.4420628], [-121.40869151, 42.44206195], [-121.40835877, 42.44206025], [-121.4021815, 42.4420287], [-121.40155331, 42.44202573], [-121.40135131, 42.44202478], [-121.40094586, 42.44202287], [-121.40078508, 42.44202211], [-121.3990459, 42.4420139], [-121.3942534, 42.4419947], [-121.3936471, 42.441975], [-121.39333487, 42.44194925], [-121.3930955, 42.4419295], [-121.392603, 42.4418465], [-121.3922554, 42.4417657], [-121.39162933, 42.44158171], [-121.3909744, 42.4413016], [-121.39069804, 42.44114547], [-121.390585, 42.4410816], [-121.39038105, 42.44094603], [-121.3902122, 42.4408338], [-121.3898672, 42.4405496], [-121.3895178, 42.4402553], [-121.3857547, 42.4369894], [-121.383441, 42.4349747], [-121.38329987, 42.4348518], [-121.38325281, 42.43481082], [-121.3824813, 42.434139], [-121.38029976, 42.43224873], [-121.38002411, 42.43200988], [-121.3791765, 42.43127543], [-121.3749913, 42.4276488], [-121.37455216, 42.42726781], [-121.37301452, 42.42593377], [-121.37249073, 42.42547933], [-121.37183482, 42.42490963], [-121.3707566, 42.4239731], [-121.3695911, 42.4229502], [-121.3666243, 42.4203834], [-121.3646809, 42.4187013], [-121.36461897, 42.41864769], [-121.3633015, 42.4175072], [-121.3603524, 42.41494159], [-121.3601462, 42.4147622], [-121.35810684, 42.41299785], [-121.3562252, 42.4113699], [-121.35615597, 42.4113098], [-121.3540858, 42.4095178], [-121.35403819, 42.40947496], [-121.3540329, 42.4094704], [-121.35415872, 42.40934367], [-121.35499234, 42.40879682], [-121.35523601, 42.40875778], [-121.35528911, 42.40878354], [-121.35558082, 42.40874992], [-121.35563441, 42.40872218], [-121.35565842, 42.40866792], [-121.35570721, 42.40863719], [-121.35575098, 42.40858769], [-121.35575934, 42.40850813], [-121.35574429, 42.40847941], [-121.35568764, 42.40843108], [-121.35552025, 42.4083132], [-121.35546039, 42.40831571], [-121.35540838, 42.40836244], [-121.35541291, 42.40842512], [-121.35538464, 42.40847798], [-121.35519954, 42.40865548], [-121.35515638, 42.40844023], [-121.35511131, 42.40805369], [-121.3551261, 42.40794469], [-121.35504799, 42.40785514], [-121.35506218, 42.40769094], [-121.35508177, 42.40759298], [-121.35505941, 42.40719584], [-121.35503927, 42.40700039], [-121.354999, 42.40686235], [-121.35494984, 42.40675969], [-121.35494887, 42.40665151], [-121.35501901, 42.40648948], [-121.3549885, 42.40645991], [-121.3549207, 42.40650103], [-121.35484563, 42.40646391], [-121.35485759, 42.4064066], [-121.35482307, 42.40636082], [-121.35478517, 42.4063814], [-121.35469985, 42.40631908], [-121.35470405, 42.40629347], [-121.35466769, 42.4062753], [-121.35465181, 42.40642839], [-121.35465996, 42.40652771], [-121.35468683, 42.40653975], [-121.35462719, 42.40657448], [-121.35461514, 42.40656317], [-121.35462172, 42.406221], [-121.35461414, 42.40609815], [-121.35455959, 42.40598721], [-121.3545143, 42.40594602], [-121.35437649, 42.40592929], [-121.35442274, 42.40587923], [-121.3543972, 42.4058516], [-121.35430563, 42.40584217], [-121.35421912, 42.40588123], [-121.35407428, 42.40584116], [-121.35426197, 42.40575643], [-121.35512741, 42.40584634], [-121.36003236, 42.40585413], [-121.366759, 42.40593], [-121.36993242, 42.40580085], [-121.37460514, 42.40581024], [-121.37970073, 42.40585111], [-121.38454128, 42.40588972], [-121.38446885, 42.41303843], [-121.38456427, 42.41303912], [-121.385777, 42.41308], [-121.385957, 42.412642], [-121.386072, 42.412396], [-121.386123, 42.412287], [-121.386174, 42.412148], [-121.386218, 42.412008], [-121.386263, 42.411816], [-121.386294, 42.411623], [-121.386312, 42.411392], [-121.386314, 42.411161], [-121.38629, 42.410905], [-121.386289, 42.410842], [-121.386295, 42.410779], [-121.386316, 42.410679], [-121.386349, 42.410581], [-121.386395, 42.410488], [-121.386461, 42.410401], [-121.386544, 42.410321], [-121.386635, 42.410245], [-121.386861, 42.410083], [-121.387, 42.409999], [-121.387131, 42.409909], [-121.387248, 42.409811], [-121.387356, 42.409707], [-121.387448, 42.409597], [-121.387508, 42.409499], [-121.387556, 42.409397], [-121.387627, 42.409186], [-121.387652, 42.409047], [-121.387665, 42.408763], [-121.387673, 42.408693], [-121.387718, 42.408505], [-121.387754, 42.408386], [-121.387802, 42.40827], [-121.387864, 42.408159], [-121.387949, 42.408051], [-121.388048, 42.407948], [-121.388364, 42.407661], [-121.388583, 42.40748], [-121.38881, 42.407272], [-121.388891, 42.407207], [-121.389052, 42.407102], [-121.389225, 42.407008], [-121.389406, 42.406922], [-121.389598, 42.406841], [-121.389797, 42.406768], [-121.390001, 42.406703], [-121.390247, 42.406636], [-121.39075, 42.406521], [-121.39118, 42.406429], [-121.391286, 42.406402], [-121.391388, 42.40637], [-121.391543, 42.406311], [-121.391839, 42.406173], [-121.392053, 42.406065], [-121.392261, 42.405952], [-121.392528, 42.405783], [-121.393556, 42.405054], [-121.393791, 42.404857], [-121.393912, 42.404762], [-121.393977, 42.404718], [-121.394046, 42.40468], [-121.394191, 42.404617], [-121.394346, 42.404564], [-121.394504, 42.404516], [-121.394745, 42.404454], [-121.395113, 42.404374], [-121.395493, 42.40427], [-121.395613, 42.404223], [-121.395726, 42.404157], [-121.395829, 42.40408], [-121.39592, 42.403996], [-121.395986, 42.403925], [-121.396068, 42.403811], [-121.396086, 42.403771], [-121.396102, 42.403699], [-121.396102, 42.403625], [-121.396088, 42.403474], [-121.39606, 42.40329], [-121.395997, 42.403014], [-121.395976, 42.40281], [-121.395972, 42.402699], [-121.395983, 42.402589], [-121.396013, 42.402481], [-121.396059, 42.402374], [-121.396111, 42.402269], [-121.396275, 42.40201], [-121.396437, 42.401786], [-121.396544, 42.401649], [-121.396613, 42.401572], [-121.39672, 42.401466], [-121.396834, 42.401365], [-121.396903, 42.401325], [-121.397007, 42.401288], [-121.397118, 42.401263], [-121.397217, 42.401249], [-121.397317, 42.401244], [-121.397643, 42.401251], [-121.397897, 42.401196], [-121.398048, 42.401129], [-121.398147, 42.401067], [-121.398446, 42.400776], [-121.398349, 42.40055], [-121.398122, 42.400119], [-121.397804, 42.399516], [-121.397755, 42.399422], [-121.397613, 42.399204], [-121.39753, 42.399098], [-121.397444, 42.399014], [-121.39735, 42.398935], [-121.39722917, 42.39885204], [-121.39909653, 42.39870112], [-121.3990961, 42.39889933], [-121.39908062, 42.40603079], [-121.40890815, 42.40599741], [-121.4089222, 42.39901788], [-121.40892332, 42.39876955], [-121.420235, 42.399001], [-121.420389, 42.399774], [-121.420527, 42.400352], [-121.420573, 42.400508], [-121.420627, 42.40063], [-121.420691, 42.400749], [-121.420765, 42.400865], [-121.42086, 42.400996], [-121.420966, 42.401123], [-121.421099, 42.401247], [-121.421405, 42.401473], [-121.421552, 42.401589], [-121.42205, 42.402059], [-121.42240328, 42.4023757], [-121.422823, 42.402726], [-121.423088, 42.40297]]]}, "properties": {"zone_name": "US-OR-KLA-KLA-1566", "level": 1, "fire_name": "Wrights Spring", "county": "Klamath", "addresses": 16, "unmatched_addresses": 0, "unmatched_fraction_pct": 0, "geometry_source": "cached", "geometry_cache_age_days": 0, "overlapping_zips": [{"zip": "97639", "fraction_pct": 54.1}, {"zip": "97623", "fraction_pct": 36.9}, {"zip": "97621", "fraction_pct": 9.0}]}}, {"type": "Feature", "geometry": {"type": "Polygon", "coordinates": [[[-121.39953915, 42.34219299], [-121.3996975, 42.3417926], [-121.3999169, 42.3412356], [-121.4000587, 42.3409013], [-121.4002523, 42.3404572], [-121.4003561, 42.3401652], [-121.4004068, 42.3400098], [-121.4004333, 42.3397847], [-121.4004484, 42.3394956], [-121.4004293, 42.3391746], [-121.4003218, 42.3384142], [-121.4002356, 42.3378346], [-121.39974, 42.33358], [-121.39965578, 42.33316164], [-121.39964877, 42.33312685], [-121.398727, 42.328548], [-121.398474, 42.3273597], [-121.3981348, 42.325872], [-121.3978724, 42.3246283], [-121.3978143, 42.3243169], [-121.397801, 42.3242342], [-121.3977804, 42.3241057], [-121.3977513, 42.323873], [-121.3977513, 42.3237155], [-121.3977562, 42.3235043], [-121.3977901, 42.3233289], [-121.397797, 42.3232425], [-121.3979402, 42.3229889], [-121.3980999, 42.3227598], [-121.3982597, 42.3225629], [-121.3986615, 42.322119], [-121.3989181, 42.321847], [-121.3990634, 42.3217038], [-121.399349, 42.3214711], [-121.3997121, 42.3212277], [-121.3999881, 42.3210845], [-121.4002543, 42.3209664], [-121.4005932, 42.3208447], [-121.4014792, 42.3205762], [-121.4035997, 42.3199748], [-121.4043744, 42.3197386], [-121.4046697, 42.3196491], [-121.4048633, 42.3195918], [-121.4049941, 42.3195381], [-121.4051345, 42.3194701], [-121.4052652, 42.3194056], [-121.4054056, 42.3193197], [-121.4055653, 42.3192088], [-121.4057445, 42.3190656], [-121.4059817, 42.3188615], [-121.4060156, 42.3188365], [-121.407347, 42.3176515], [-121.4075745, 42.3174439], [-121.4077295, 42.3172649], [-121.4078456, 42.3170859], [-121.4079425, 42.316864], [-121.4080054, 42.316685], [-121.4080441, 42.3165418], [-121.4080829, 42.3163198], [-121.4080926, 42.3161731], [-121.4080344, 42.3158294], [-121.40795648, 42.31563125], [-121.4076417, 42.3148308], [-121.4074975, 42.3144641], [-121.407354, 42.3140993], [-121.4071818, 42.313634], [-121.4069984, 42.3130506], [-121.4069095, 42.3126279], [-121.4068473, 42.3121996], [-121.4068178, 42.3117296], [-121.4068158, 42.3112581], [-121.406904, 42.3103093], [-121.4070337, 42.3092152], [-121.4072205, 42.307639], [-121.4072754, 42.3073267], [-121.4074409, 42.3069802], [-121.4076231, 42.3067299], [-121.4078385, 42.3064992], [-121.408138, 42.30624], [-121.4084417, 42.306056], [-121.4087609, 42.305923], [-121.4090752, 42.3058164], [-121.4095091, 42.3057245], [-121.4099071, 42.3056887], [-121.4103538, 42.3057095], [-121.4108065, 42.3057802], [-121.4140979, 42.3064645], [-121.4143914, 42.3064937], [-121.4146532, 42.3065018], [-121.414887, 42.3064929], [-121.4150937, 42.3064698], [-121.4151241, 42.3064646], [-121.41596876, 42.30754779], [-121.41629684, 42.30827014], [-121.41690079, 42.308998], [-121.41748983, 42.30967071], [-121.41779553, 42.31008977], [-121.4179372, 42.31040406], [-121.41848895, 42.31057499], [-121.41894378, 42.31090583], [-121.41931098, 42.31147881], [-121.41992238, 42.31244372], [-121.42011716, 42.31278307], [-121.42038109, 42.31294165], [-121.42062486, 42.31316935], [-121.4208888, 42.3134472], [-121.42113339, 42.31357853], [-121.42145965, 42.31372355], [-121.42160628, 42.31386722], [-121.42128735, 42.31401631], [-121.42109857, 42.31425079], [-121.42097393, 42.31451914], [-121.42102525, 42.31475226], [-121.42118343, 42.31495868], [-121.4215665, 42.31516469], [-121.42203939, 42.31525279], [-121.422252, 42.31519857], [-121.42260941, 42.31515385], [-121.42299982, 42.31514165], [-121.42324725, 42.31529887], [-121.42343254, 42.31551325], [-121.42382478, 42.31572333], [-121.42419319, 42.31604183], [-121.42442838, 42.31636781], [-121.42462859, 42.31724583], [-121.42485855, 42.31758444], [-121.42514997, 42.31787176], [-121.42536442, 42.31824175], [-121.42540291, 42.31853449], [-121.42540658, 42.31881909], [-121.42535346, 42.31915869], [-121.4253553, 42.31957475], [-121.42537913, 42.31990271], [-121.42551285, 42.32029129], [-121.42558433, 42.32069378], [-121.42573292, 42.32118484], [-121.42595837, 42.32148841], [-121.42626996, 42.32165103], [-121.42692063, 42.32188141], [-121.42762629, 42.32214296], [-121.42799487, 42.32235988], [-121.42832662, 42.32271628], [-121.42918489, 42.32382378], [-121.43009314, 42.32498986], [-121.428466, 42.325745], [-121.42598085, 42.32724869], [-121.424402, 42.328669], [-121.422796, 42.329045], [-121.42278156, 42.32904723], [-121.420283, 42.329807], [-121.419786, 42.330202], [-121.4195781, 42.33068858], [-121.419696, 42.331369], [-121.420814, 42.332681], [-121.4219821, 42.33614851], [-121.422015, 42.336205], [-121.422544, 42.336848], [-121.4238059, 42.33763274], [-121.423968, 42.338994], [-121.42374922, 42.33899185], [-121.422366, 42.339048], [-121.420943, 42.33881], [-121.419044, 42.33875], [-121.417718, 42.339014], [-121.413793, 42.33905], [-121.413419, 42.339233], [-121.413371, 42.339584], [-121.413437, 42.340594], [-121.413769, 42.341181], [-121.413101, 42.341931], [-121.410707, 42.341886], [-121.410025, 42.341692], [-121.409992, 42.340468], [-121.408851, 42.340279], [-121.405918, 42.340247], [-121.404912, 42.340377], [-121.4009109, 42.342479], [-121.4003147, 42.3423927], [-121.400123, 42.3423491], [-121.3995789, 42.3422016], [-121.39953915, 42.34219299]]]}, "properties": {"zone_name": "US-OR-KLA-KLA-1721", "level": 1, "fire_name": "Wrights Spring", "county": "Klamath", "addresses": 49, "unmatched_addresses": 0, "unmatched_fraction_pct": 0, "geometry_source": "cached", "geometry_cache_age_days": 0, "overlapping_zips": [{"zip": "97623", "fraction_pct": 100.0}]}}, {"type": "Feature", "geometry": {"type": "Polygon", "coordinates": [[[-121.39965578, 42.33316164], [-121.39974, 42.33358], [-121.4002356, 42.3378346], [-121.4003218, 42.3384142], [-121.4004293, 42.3391746], [-121.4004484, 42.3394956], [-121.4004333, 42.3397847], [-121.4004068, 42.3400098], [-121.4003561, 42.3401652], [-121.4002523, 42.3404572], [-121.4000587, 42.3409013], [-121.3999169, 42.3412356], [-121.3996975, 42.3417926], [-121.3995287, 42.3422194], [-121.3994601, 42.3424602], [-121.3994371, 42.3426196], [-121.3994254, 42.3427735], [-121.39942588, 42.34277846], [-121.39892018, 42.34279859], [-121.39734004, 42.34305414], [-121.396891, 42.342856], [-121.39615669, 42.34203781], [-121.395735, 42.341955], [-121.394878, 42.342173], [-121.3942295, 42.34211737], [-121.393945, 42.342021], [-121.39363016, 42.34190683], [-121.39204, 42.341203], [-121.390178, 42.340728], [-121.389015, 42.340168], [-121.38641519, 42.33973384], [-121.384702, 42.340122], [-121.38242543, 42.34127661], [-121.38056016, 42.34128367], [-121.379021, 42.341915], [-121.378301, 42.34245767], [-121.378212, 42.342594], [-121.37749794, 42.34238138], [-121.377453, 42.342368], [-121.37683935, 42.34218193], [-121.37551, 42.341344], [-121.375164, 42.34086], [-121.375061, 42.340302], [-121.374792, 42.339664], [-121.37417857, 42.33923125], [-121.372257, 42.33743], [-121.37152224, 42.33699736], [-121.36984944, 42.33674393], [-121.368582, 42.336354], [-121.36790208, 42.33603811], [-121.367469, 42.335596], [-121.367359, 42.335237], [-121.36735887, 42.33522869], [-121.367315, 42.333486], [-121.36775576, 42.3324469], [-121.367796, 42.332369], [-121.367903, 42.331566], [-121.36790178, 42.33155664], [-121.367668, 42.33042], [-121.367307, 42.329504], [-121.36730458, 42.32949857], [-121.36694933, 42.32870192], [-121.36694, 42.328681], [-121.366042, 42.32727], [-121.365373, 42.326575], [-121.36532124, 42.32652832], [-121.36439603, 42.32582474], [-121.3643916, 42.3258215], [-121.36250182, 42.32454683], [-121.361695, 42.323668], [-121.35985926, 42.322147], [-121.359793, 42.322101], [-121.359861, 42.319462], [-121.35995681, 42.31946181], [-121.36238041, 42.31943137], [-121.362454, 42.31943], [-121.36341705, 42.31790263], [-121.363669, 42.316116], [-121.363872, 42.315899], [-121.36393669, 42.31584529], [-121.364857, 42.315094], [-121.36599552, 42.31467027], [-121.366421, 42.314467], [-121.367077, 42.313736], [-121.36752425, 42.31352283], [-121.367926, 42.313381], [-121.36936992, 42.31281295], [-121.369513, 42.312513], [-121.36955663, 42.31122441], [-121.370953, 42.310581], [-121.37124503, 42.31053077], [-121.37160844, 42.31031038], [-121.371703, 42.310122], [-121.37187882, 42.30932147], [-121.371881, 42.309304], [-121.372061, 42.308484], [-121.3722373, 42.30826262], [-121.372293, 42.30823], [-121.373468, 42.308214], [-121.37699217, 42.30762802], [-121.37706, 42.30762], [-121.37911839, 42.3081227], [-121.382448, 42.307625], [-121.38426199, 42.30763035], [-121.384307, 42.307637], [-121.3851523, 42.30771602], [-121.385279, 42.307744], [-121.385917, 42.308009], [-121.387308, 42.309021], [-121.38734477, 42.30905929], [-121.389094, 42.310495], [-121.390407, 42.312151], [-121.39205, 42.314878], [-121.394213, 42.317574], [-121.395808, 42.320833], [-121.39646296, 42.32154125], [-121.39701214, 42.32265317], [-121.39728612, 42.3230623], [-121.39758123, 42.32320003], [-121.39779612, 42.32325356], [-121.3977901, 42.3233289], [-121.3977562, 42.3235043], [-121.3977513, 42.3237155], [-121.3977513, 42.323873], [-121.3977804, 42.3241057], [-121.397801, 42.3242342], [-121.3978143, 42.3243169], [-121.3978724, 42.3246283], [-121.3981348, 42.325872], [-121.398474, 42.3273597], [-121.398727, 42.328548], [-121.39964877, 42.33312685], [-121.39965578, 42.33316164]]]}, "properties": {"zone_name": "US-OR-KLA-KLA-1731", "level": 1, "fire_name": "Wrights Spring", "county": "Klamath", "addresses": 14, "unmatched_addresses": 0, "unmatched_fraction_pct": 0, "geometry_source": "cached", "geometry_cache_age_days": 0, "overlapping_zips": [{"zip": "97623", "fraction_pct": 100.0}]}}, {"type": "Feature", "geometry": {"type": "Polygon", "coordinates": [[[-121.39834375, 42.35448556], [-121.3981489, 42.3552579], [-121.3980009, 42.3559882], [-121.3979193, 42.3574281], [-121.397906, 42.3578267], [-121.397902, 42.3582282], [-121.397902, 42.3590311], [-121.397911, 42.3606937], [-121.3979418, 42.3631164], [-121.39793817, 42.36315339], [-121.3979021, 42.3635208], [-121.3977509, 42.364183], [-121.397605, 42.3644872], [-121.3974674, 42.3647046], [-121.3973134, 42.3649099], [-121.3971196, 42.3651394], [-121.3968858, 42.3653642], [-121.3966375, 42.3655761], [-121.396456, 42.3657154], [-121.3962416, 42.3658516], [-121.3959361, 42.3660136], [-121.3956164, 42.3661567], [-121.3952264, 42.3663035], [-121.3933732, 42.3668415], [-121.3916932, 42.3673175], [-121.3905234, 42.3676252], [-121.3900094, 42.3677869], [-121.389617, 42.3679264], [-121.389241, 42.3680673], [-121.3888181, 42.368267], [-121.3884279, 42.3684431], [-121.3879371, 42.3686633], [-121.3877271, 42.3687642], [-121.38769934, 42.36877569], [-121.3876916, 42.3687699], [-121.38753894, 42.36862066], [-121.38738945, 42.36856524], [-121.3867935, 42.3684816], [-121.3865144, 42.3684604], [-121.385206, 42.368596], [-121.38343, 42.368318], [-121.381819, 42.36826], [-121.381109, 42.367992], [-121.377246, 42.368037], [-121.37653301, 42.36788268], [-121.376344, 42.367785], [-121.375393, 42.365731], [-121.3741852, 42.36433585], [-121.374123, 42.364264], [-121.373767, 42.363807], [-121.37372457, 42.36364399], [-121.37371739, 42.36310721], [-121.373717, 42.363078], [-121.37371971, 42.3630334], [-121.373666, 42.362116], [-121.37387542, 42.36155281], [-121.375049, 42.359471], [-121.375941, 42.358535], [-121.376615, 42.357127], [-121.37732303, 42.35649326], [-121.377504, 42.356245], [-121.37747645, 42.35596101], [-121.37728, 42.35513], [-121.377846, 42.353906], [-121.3777757, 42.35197143], [-121.377775, 42.351964], [-121.377705, 42.351014], [-121.3778723, 42.3490868], [-121.377874, 42.34907357], [-121.378156, 42.347849], [-121.37764129, 42.3461579], [-121.377641, 42.346157], [-121.377382, 42.345284], [-121.377511, 42.344133], [-121.377818, 42.343287], [-121.3781713, 42.34266759], [-121.378212, 42.342594], [-121.37894244, 42.34298007], [-121.3801188, 42.34385386], [-121.381039, 42.344146], [-121.38193616, 42.34420552], [-121.382432, 42.344199], [-121.38370654, 42.34424847], [-121.38431664, 42.34457788], [-121.38493576, 42.34462077], [-121.38618778, 42.34448554], [-121.38782832, 42.34425136], [-121.38966107, 42.34424692], [-121.390239, 42.344459], [-121.39077053, 42.34491083], [-121.391188, 42.345885], [-121.39121256, 42.34597261], [-121.39140771, 42.34667455], [-121.39224354, 42.34778041], [-121.39318535, 42.34966333], [-121.39375314, 42.35090932], [-121.39388862, 42.35194748], [-121.394717, 42.352776], [-121.39498681, 42.35292691], [-121.395405, 42.35306], [-121.396365, 42.353311], [-121.39751804, 42.3539296], [-121.39785841, 42.35439953], [-121.398127, 42.3544544], [-121.39834375, 42.35448556]]]}, "properties": {"zone_name": "US-OR-KLA-KLA-1727", "level": 1, "fire_name": "Wrights Spring", "county": "Klamath", "addresses": 16, "unmatched_addresses": 0, "unmatched_fraction_pct": 0, "geometry_source": "cached", "geometry_cache_age_days": 0, "overlapping_zips": [{"zip": "97623", "fraction_pct": 100.0}]}}, {"type": "Feature", "geometry": {"type": "Polygon", "coordinates": [[[-121.40671192, 42.28925537], [-121.4070077, 42.2907654], [-121.4072627, 42.2919403], [-121.407423, 42.292762], [-121.4074971, 42.2931166], [-121.4078169, 42.2946916], [-121.4079443, 42.2953241], [-121.4082669, 42.296974], [-121.4083223, 42.2972732], [-121.4083462, 42.2975697], [-121.4083465, 42.2978956], [-121.4083141, 42.2982186], [-121.4081513, 42.2995302], [-121.4078763, 42.3017493], [-121.407578, 42.3044368], [-121.4073773, 42.305892], [-121.40738, 42.306048], [-121.4074128, 42.306152], [-121.4074691, 42.3062595], [-121.4075582, 42.3063566], [-121.4076801, 42.3064399], [-121.4078385, 42.3064992], [-121.4076231, 42.3067299], [-121.4074409, 42.3069802], [-121.4072754, 42.3073267], [-121.4072205, 42.307639], [-121.4070337, 42.3092152], [-121.406904, 42.3103093], [-121.4068158, 42.3112581], [-121.4068178, 42.3117296], [-121.4068473, 42.3121996], [-121.4069095, 42.3126279], [-121.4069984, 42.3130506], [-121.4071818, 42.313634], [-121.407354, 42.3140993], [-121.4074975, 42.3144641], [-121.4076417, 42.3148308], [-121.40795648, 42.31563125], [-121.4080344, 42.3158294], [-121.4080926, 42.3161731], [-121.4080829, 42.3163198], [-121.4080441, 42.3165418], [-121.4080054, 42.316685], [-121.4079425, 42.316864], [-121.4078456, 42.3170859], [-121.4077295, 42.3172649], [-121.4075745, 42.3174439], [-121.407347, 42.3176515], [-121.4060156, 42.3188365], [-121.4059817, 42.3188615], [-121.4057445, 42.3190656], [-121.4055653, 42.3192088], [-121.4054056, 42.3193197], [-121.4052652, 42.3194056], [-121.4051345, 42.3194701], [-121.4049941, 42.3195381], [-121.4048633, 42.3195918], [-121.4046697, 42.3196491], [-121.4043744, 42.3197386], [-121.4035997, 42.3199748], [-121.4014792, 42.3205762], [-121.4005932, 42.3208447], [-121.4002543, 42.3209664], [-121.3999881, 42.3210845], [-121.3997121, 42.3212277], [-121.399349, 42.3214711], [-121.3990634, 42.3217038], [-121.3989181, 42.321847], [-121.3986615, 42.322119], [-121.3982597, 42.3225629], [-121.3980999, 42.3227598], [-121.3979402, 42.3229889], [-121.397797, 42.3232425], [-121.39779612, 42.32325356], [-121.39758123, 42.32320003], [-121.39728612, 42.3230623], [-121.39701214, 42.32265317], [-121.39646296, 42.32154125], [-121.395808, 42.320833], [-121.394213, 42.317574], [-121.39205, 42.314878], [-121.390407, 42.312151], [-121.389094, 42.310495], [-121.38734477, 42.30905929], [-121.387308, 42.309021], [-121.385917, 42.308009], [-121.385279, 42.307744], [-121.3851523, 42.30771602], [-121.384307, 42.307637], [-121.38426199, 42.30763035], [-121.382448, 42.307625], [-121.37911839, 42.3081227], [-121.37706, 42.30762], [-121.377204, 42.306139], [-121.377151, 42.295151], [-121.374219, 42.295168], [-121.37353104, 42.29484019], [-121.372149, 42.293694], [-121.37214169, 42.29341869], [-121.372135, 42.292499], [-121.3863397, 42.2925011], [-121.390138, 42.292923], [-121.3931833, 42.292446], [-121.395609, 42.292068], [-121.396325, 42.291751], [-121.397771, 42.290758], [-121.398336, 42.29073], [-121.398953, 42.290641], [-121.400223, 42.289889], [-121.401041, 42.289774], [-121.401559, 42.289921], [-121.402901, 42.290672], [-121.403304, 42.290699], [-121.405202, 42.289947], [-121.405389, 42.289462], [-121.405887, 42.289223], [-121.4067038, 42.289257], [-121.40671192, 42.28925537]]]}, "properties": {"zone_name": "US-OR-KLA-KLA-1972", "level": 1, "fire_name": "Wrights Spring", "county": "Klamath", "addresses": 30, "unmatched_addresses": 0, "unmatched_fraction_pct": 0, "geometry_source": "cached", "geometry_cache_age_days": 0, "overlapping_zips": [{"zip": "97623", "fraction_pct": 100.0}]}}, {"type": "Feature", "geometry": {"type": "Polygon", "coordinates": [[[-121.43324444, 42.30537003], [-121.4329639, 42.3056838], [-121.4327376, 42.3060398], [-121.432572, 42.306394], [-121.43228, 42.3070779], [-121.4320726, 42.307405], [-121.4318569, 42.3076563], [-121.4315916, 42.3078974], [-121.4313519, 42.3080815], [-121.4311238, 42.3082249], [-121.4308425, 42.3083552], [-121.4304336, 42.3085104], [-121.4299176, 42.3086511], [-121.4291516, 42.3087991], [-121.4280627, 42.3090073], [-121.4276972, 42.3090538], [-121.4273982, 42.3090617], [-121.4270936, 42.3090459], [-121.4267894, 42.3090151], [-121.4263956, 42.3089317], [-121.4260269, 42.3088061], [-121.4256519, 42.3086323], [-121.4252986, 42.3084214], [-121.4247669, 42.3080122], [-121.4240744, 42.3074929], [-121.4234051, 42.3069492], [-121.4229646, 42.3065619], [-121.4225413, 42.3061676], [-121.4214219, 42.305038], [-121.4210063, 42.3047477], [-121.4209425, 42.3047193], [-121.4205278, 42.3045348], [-121.4200608, 42.304427], [-121.4195658, 42.3043875], [-121.418998, 42.3044248], [-121.4184888, 42.3045213], [-121.4180135, 42.3046958], [-121.4175886, 42.3049374], [-121.4173269, 42.3051546], [-121.417099, 42.3053667], [-121.4168936, 42.3055736], [-121.4166766, 42.3058006], [-121.416505, 42.305946], [-121.4163218, 42.3060731], [-121.4161099, 42.3061848], [-121.4158402, 42.3062994], [-121.4156261, 42.3063629], [-121.4153145, 42.306432], [-121.4150937, 42.3064698], [-121.414887, 42.3064929], [-121.4146532, 42.3065018], [-121.4143914, 42.3064937], [-121.4140979, 42.3064645], [-121.4108065, 42.3057802], [-121.4103538, 42.3057095], [-121.4099071, 42.3056887], [-121.4095091, 42.3057245], [-121.4090752, 42.3058164], [-121.4087609, 42.305923], [-121.4084417, 42.306056], [-121.408138, 42.30624], [-121.4078385, 42.3064992], [-121.4076801, 42.3064399], [-121.4075582, 42.3063566], [-121.4074691, 42.3062595], [-121.4074128, 42.306152], [-121.40738, 42.306048], [-121.4073773, 42.305892], [-121.407578, 42.3044368], [-121.4078763, 42.3017493], [-121.4081513, 42.2995302], [-121.4083141, 42.2982186], [-121.4083465, 42.2978956], [-121.4083462, 42.2975697], [-121.4083223, 42.2972732], [-121.4082669, 42.296974], [-121.4079443, 42.2953241], [-121.4078169, 42.2946916], [-121.4074971, 42.2931166], [-121.407423, 42.292762], [-121.40726865, 42.29197079], [-121.40906094, 42.29188969], [-121.41019484, 42.2919631], [-121.41057377, 42.29197978], [-121.41102487, 42.29179959], [-121.41137673, 42.2917829], [-121.4117286, 42.29208657], [-121.41229665, 42.29292262], [-121.41273422, 42.29375017], [-121.41302293, 42.29360334], [-121.41381687, 42.29331637], [-121.41466044, 42.29272575], [-121.41520174, 42.29239869], [-121.41651446, 42.29226187], [-121.41732888, 42.2923647], [-121.41794238, 42.29244813], [-121.41824913, 42.29273844], [-121.41925059, 42.29384294], [-121.42029715, 42.2948683], [-121.42060841, 42.29564243], [-121.42116327, 42.2965033], [-121.42186248, 42.29744424], [-121.42258678, 42.29878492], [-121.4232093, 42.29958236], [-121.4239446, 42.30052325], [-121.42448142, 42.30108378], [-121.42463299, 42.30152153], [-121.42461494, 42.30204869], [-121.42493071, 42.30250911], [-121.42592314, 42.3031597], [-121.4265519, 42.30363142], [-121.4271609, 42.30438543], [-121.42738194, 42.30481247], [-121.42758493, 42.30515944], [-121.42835757, 42.30565249], [-121.42905399, 42.30583686], [-121.42998778, 42.30595696], [-121.43049752, 42.30587022], [-121.4308539, 42.30516294], [-121.43133207, 42.30460245], [-121.43170197, 42.3043956], [-121.43226627, 42.30447567], [-121.43265422, 42.30443898], [-121.43306472, 42.30454574], [-121.43304668, 42.30525302], [-121.43324444, 42.30537003]]]}, "properties": {"zone_name": "US-OR-KLA-KLA-1967", "level": 1, "fire_name": "Wrights Spring", "county": "Klamath", "addresses": 58, "unmatched_addresses": 0, "unmatched_fraction_pct": 0, "geometry_source": "cached", "geometry_cache_age_days": 0, "overlapping_zips": [{"zip": "97623", "fraction_pct": 100.0}]}}, {"type": "Feature", "geometry": {"type": "Polygon", "coordinates": [[[-121.44170326, 42.30031211], [-121.4418147, 42.3002466], [-121.4437164, 42.299161], [-121.44771951, 42.29683581], [-121.4497651, 42.2956476], [-121.4527007, 42.2938861], [-121.4541867, 42.2930109], [-121.4552662, 42.2923925], [-121.456276, 42.2917827], [-121.4572384, 42.2911816], [-121.4575947, 42.2909552], [-121.4579392, 42.2907184], [-121.458416, 42.2903581], [-121.4591034, 42.2898305], [-121.462477, 42.2872977], [-121.4642427, 42.2859749], [-121.46707695, 42.28387839], [-121.46733653, 42.28368638], [-121.46912841, 42.28235765], [-121.46926229, 42.28225838], [-121.46935563, 42.28218917], [-121.4694289, 42.28213483], [-121.47060443, 42.28126313], [-121.47141936, 42.28065883], [-121.47318337, 42.27935069], [-121.47425111, 42.2785589], [-121.4755002, 42.2776326], [-121.4765064, 42.27688581], [-121.47685942, 42.2766238], [-121.47979978, 42.27444144], [-121.48390895, 42.27139146], [-121.48393852, 42.27136967], [-121.4839739, 42.2713436], [-121.48436153, 42.27105524], [-121.48618546, 42.26969838], [-121.48680815, 42.26923514], [-121.4868085, 42.2692487], [-121.4868131, 42.2784778], [-121.4868437, 42.2853523], [-121.486839, 42.291928], [-121.486648, 42.292558], [-121.485971, 42.293179], [-121.480127, 42.297766], [-121.479568, 42.298279], [-121.4773637, 42.3005378], [-121.4770683, 42.301364], [-121.4770433, 42.303812], [-121.473932, 42.303814], [-121.472194, 42.304011], [-121.470234, 42.30415], [-121.466375, 42.304149], [-121.462408, 42.304131], [-121.462445, 42.300461], [-121.46209439, 42.30045445], [-121.4513245, 42.3003247], [-121.44170326, 42.30031211]]]}, "properties": {"zone_name": "US-OR-KLA-KLA-1956", "level": 2, "fire_name": "Wrights Spring", "county": "Klamath", "addresses": 7, "unmatched_addresses": 0, "unmatched_fraction_pct": 0, "geometry_source": "cached", "geometry_cache_age_days": 0, "overlapping_zips": [{"zip": "97623", "fraction_pct": 100.0}, {"zip": "97625", "fraction_pct": 0.0}]}}, {"type": "Feature", "geometry": {"type": "Polygon", "coordinates": [[[-121.54503284, 42.38381725], [-121.54501545, 42.38378725], [-121.48697719, 42.38373294], [-121.48726469, 42.36907851], [-121.47392171, 42.36916422], [-121.43713568, 42.32282566], [-121.438237, 42.322543], [-121.43934, 42.322306], [-121.447518, 42.322214], [-121.447901, 42.322575], [-121.448932, 42.323267], [-121.449147, 42.323618], [-121.449956, 42.323848], [-121.449366, 42.3247], [-121.449396, 42.325022], [-121.450054, 42.32525], [-121.451673, 42.325269], [-121.45245832, 42.32555802], [-121.452645, 42.325845], [-121.452132, 42.327706], [-121.45223256, 42.32770698], [-121.457284, 42.327669], [-121.457474, 42.326293], [-121.457877, 42.325922], [-121.45837053, 42.3258267], [-121.459869, 42.325824], [-121.462552, 42.325819], [-121.467294, 42.325833], [-121.4772297, 42.32576], [-121.4776703, 42.3266171], [-121.4785583, 42.327392], [-121.4807607, 42.328862], [-121.482188, 42.330019], [-121.4914655, 42.3425621], [-121.5047935, 42.3605995], [-121.505911, 42.361992], [-121.5069948, 42.3626721], [-121.5101688, 42.3644699], [-121.5153628, 42.3674924], [-121.5159778, 42.368258], [-121.5164802, 42.3697819], [-121.5166784, 42.3714053], [-121.5172611, 42.3733272], [-121.5190083, 42.375253], [-121.5198551, 42.376458], [-121.5212186, 42.377482], [-121.5217929, 42.3777383], [-121.52804, 42.379258], [-121.5371241, 42.3791649], [-121.541141, 42.3798611], [-121.5427804, 42.380581], [-121.5436614, 42.3814509], [-121.54504857, 42.38377859], [-121.54503284, 42.38381725]]]}, "properties": {"zone_name": "US-OR-KLA-KLA-1716", "level": 2, "fire_name": "Wrights Spring", "county": "Klamath", "addresses": 14, "unmatched_addresses": 0, "unmatched_fraction_pct": 0, "geometry_source": "cached", "geometry_cache_age_days": 0, "overlapping_zips": [{"zip": "97623", "fraction_pct": 100.0}]}}, {"type": "Feature", "geometry": {"type": "Polygon", "coordinates": [[[-121.5181338, 42.432285], [-121.5171126, 42.433912], [-121.5136668, 42.439263], [-121.5120247, 42.4418281], [-121.5119555, 42.4419357], [-121.5070599, 42.4495782], [-121.5068717, 42.4498728], [-121.50640033, 42.45057157], [-121.50639968, 42.45058117], [-121.5063415, 42.4506577], [-121.5060831, 42.4508806], [-121.5059931, 42.45093349], [-121.50595439, 42.4508488], [-121.50228983, 42.45090728], [-121.50230932, 42.44823683], [-121.49934648, 42.44813936], [-121.49928801, 42.44847073], [-121.49663705, 42.4485487], [-121.49661929, 42.45226145], [-121.4941469, 42.45225169], [-121.49310852, 42.4522476], [-121.4914154, 42.4522413], [-121.48976308, 42.45223516], [-121.48975093, 42.45226493], [-121.48672305, 42.45223779], [-121.486694, 42.452237], [-121.48561813, 42.45221782], [-121.48457836, 42.45211075], [-121.481238, 42.45149], [-121.4791541, 42.4511146], [-121.477068, 42.450692], [-121.47701835, 42.45068161], [-121.47520127, 42.45031743], [-121.4696401, 42.450176], [-121.46770282, 42.45010181], [-121.46738037, 42.45006078], [-121.46738058, 42.45005166], [-121.4672905, 42.4500395], [-121.46703604, 42.44999269], [-121.46700442, 42.4498917], [-121.46652155, 42.44932425], [-121.466335, 42.448772], [-121.46633972, 42.44797814], [-121.46630689, 42.44620006], [-121.46638544, 42.44395017], [-121.466784, 42.443395], [-121.46763994, 42.44262383], [-121.467974, 42.442246], [-121.46803999, 42.44162172], [-121.46783914, 42.4400316], [-121.467589, 42.439583], [-121.467779, 42.439255], [-121.46785694, 42.43863067], [-121.468038, 42.437919], [-121.468043, 42.436543], [-121.46770854, 42.43529798], [-121.467376, 42.434353], [-121.466803, 42.433804], [-121.4665106, 42.43214489], [-121.466571, 42.431481], [-121.467352, 42.430815], [-121.46775405, 42.43072483], [-121.468212, 42.430673], [-121.468841, 42.430124], [-121.4696805, 42.4297221], [-121.46987163, 42.42965497], [-121.470415, 42.429437], [-121.47105309, 42.4288243], [-121.47152456, 42.42828087], [-121.50193355, 42.42852735], [-121.50191753, 42.42131009], [-121.50688125, 42.42135737], [-121.50683321, 42.4249624], [-121.51171251, 42.42496914], [-121.51169649, 42.42137593], [-121.51904599, 42.42139957], [-121.51901899, 42.42494671], [-121.51821487, 42.42688323], [-121.518144, 42.427395], [-121.51832317, 42.428767], [-121.51833681, 42.42878274], [-121.518631, 42.430486], [-121.51846798, 42.43152778], [-121.5181338, 42.432285]]]}, "properties": {"zone_name": "US-OR-KLA-KLA-1396", "level": 2, "fire_name": "Wrights Spring", "county": "Klamath", "addresses": 40, "unmatched_addresses": 0, "unmatched_fraction_pct": 0, "geometry_source": "cached", "geometry_cache_age_days": 0, "overlapping_zips": [{"zip": "97639", "fraction_pct": 100.0}]}}, {"type": "Feature", "geometry": {"type": "Polygon", "coordinates": [[[-121.54055559, 42.23487307], [-121.5406087, 42.2348728], [-121.54150162, 42.23486786], [-121.54273968, 42.23486101], [-121.54283135, 42.2348605], [-121.54342761, 42.2348572], [-121.54500059, 42.2348485], [-121.545054, 42.2348482], [-121.55067949, 42.23481995], [-121.5567233, 42.2347896], [-121.5569571, 42.2347861], [-121.55880899, 42.23478273], [-121.5599835, 42.2347806], [-121.56071507, 42.23478292], [-121.5612311, 42.23478455], [-121.5624787, 42.2347885], [-121.56370685, 42.2347594], [-121.564935, 42.2347303], [-121.5664782, 42.2346785], [-121.5698126, 42.2345836], [-121.57383136, 42.23445611], [-121.5793874, 42.23427984], [-121.5795045, 42.23427613], [-121.57967466, 42.2342707], [-121.5798531, 42.234265], [-121.58536344, 42.2340902], [-121.591293, 42.2339021], [-121.5918785, 42.2338843], [-121.5922619, 42.2338434], [-121.5924205, 42.2338212], [-121.5925791, 42.233799], [-121.59274955, 42.23376215], [-121.59292, 42.2337253], [-121.5934339, 42.2335778], [-121.59424822, 42.23329086], [-121.5950626, 42.2330039], [-121.59561428, 42.23280357], [-121.5961256, 42.2326179], [-121.5965937, 42.2323772], [-121.5970159, 42.2321241], [-121.5973553, 42.2318505], [-121.5975489, 42.2316481], [-121.59764515, 42.231527], [-121.5977414, 42.2314059], [-121.5979448, 42.231081], [-121.59794735, 42.23107548], [-121.5979537, 42.2310824], [-121.598387, 42.2310725], [-121.5989651, 42.2321271], [-121.5992464, 42.2325907], [-121.604347, 42.240974], [-121.60455, 42.241312], [-121.604949, 42.241968], [-121.609436, 42.24935], [-121.60978313, 42.24969959], [-121.610478, 42.250018], [-121.617955, 42.25020547], [-121.6203479, 42.2511474], [-121.6288875, 42.2549632], [-121.6311437, 42.2559893], [-121.63791806, 42.25905794], [-121.6391237, 42.2592234], [-121.639806, 42.259279], [-121.64417681, 42.25967598], [-121.644992, 42.26001], [-121.645454, 42.260437], [-121.645867, 42.260873], [-121.656144, 42.27176], [-121.659861, 42.275937], [-121.668592, 42.282685], [-121.66894179, 42.28308052], [-121.668959, 42.283103], [-121.669229, 42.283984], [-121.669155, 42.289741], [-121.669082, 42.295752], [-121.668925, 42.326381], [-121.66892791, 42.32734071], [-121.66889, 42.330011], [-121.66889371, 42.33035256], [-121.668878, 42.335487], [-121.668927, 42.34094], [-121.66921748, 42.34094487], [-121.67885, 42.340955], [-121.6784114, 42.3517694], [-121.678312, 42.354781], [-121.677755, 42.356341], [-121.676819, 42.357739], [-121.676913, 42.35874], [-121.676728, 42.359274], [-121.676226, 42.360013], [-121.676464, 42.360612], [-121.6762459, 42.3622004], [-121.6766568, 42.3637196], [-121.676808, 42.365346], [-121.677527, 42.367031], [-121.677399, 42.367856], [-121.677057, 42.367495], [-121.67628, 42.367399], [-121.674857, 42.367675], [-121.672989, 42.368263], [-121.668271, 42.368344], [-121.667209, 42.368143], [-121.665809, 42.366467], [-121.664215, 42.365217], [-121.660307, 42.364133], [-121.653744, 42.362867], [-121.651962, 42.363233], [-121.649534, 42.363196], [-121.649031, 42.363015], [-121.647235, 42.361869], [-121.645801, 42.361505], [-121.645622, 42.361025], [-121.645073, 42.360901], [-121.644614, 42.360766], [-121.641868, 42.360016], [-121.640573, 42.359906], [-121.638973, 42.358408], [-121.637661, 42.358188], [-121.63736, 42.357978], [-121.636395, 42.357868], [-121.632759, 42.355548], [-121.632355, 42.355413], [-121.631775, 42.35545], [-121.63123, 42.35503], [-121.630591, 42.35443], [-121.630422, 42.352745], [-121.629956, 42.35224], [-121.62967, 42.351062], [-121.628242, 42.351128], [-121.626542, 42.350861], [-121.619467, 42.346547], [-121.61837, 42.345708], [-121.617753, 42.345005], [-121.617323, 42.344588], [-121.613942, 42.344571], [-121.611772, 42.342658], [-121.611281, 42.341997], [-121.611441, 42.341538], [-121.611244, 42.341226], [-121.609836, 42.340333], [-121.608402, 42.340022], [-121.606647, 42.338272], [-121.60574693, 42.33776899], [-121.604762, 42.336472], [-121.604454, 42.3356], [-121.602858, 42.333492], [-121.602813, 42.333127], [-121.602494, 42.332652], [-121.600488, 42.331177], [-121.60018, 42.330605], [-121.599641, 42.330095], [-121.598315, 42.329293], [-121.597728, 42.328302], [-121.596872, 42.327263], [-121.591657, 42.322466], [-121.591452, 42.322133], [-121.591214, 42.32109], [-121.590821, 42.320432], [-121.590238, 42.320054], [-121.589729, 42.319441], [-121.589344, 42.318733], [-121.588405, 42.317677], [-121.586348, 42.314617], [-121.584964, 42.313603], [-121.584047, 42.312538], [-121.582873, 42.310723], [-121.582016, 42.310052], [-121.580939, 42.308241], [-121.580266, 42.307649], [-121.579244, 42.306402], [-121.578873, 42.305519], [-121.57705, 42.302988], [-121.575379, 42.301498], [-121.57463, 42.30024], [-121.573678, 42.299178], [-121.57237, 42.298174], [-121.571074, 42.296758], [-121.566824, 42.291644], [-121.56549383, 42.28981373], [-121.5652909, 42.2895079], [-121.564254, 42.288791], [-121.563161, 42.287776], [-121.562599, 42.28687], [-121.56125, 42.28608], [-121.560479, 42.284942], [-121.560312, 42.28457], [-121.560443, 42.282589], [-121.560231, 42.281035], [-121.559263, 42.2801215], [-121.5575388, 42.2788404], [-121.5571157, 42.2781714], [-121.55628065, 42.27735272], [-121.5554904, 42.2765026], [-121.5552374, 42.2760311], [-121.555204, 42.2737573], [-121.5554557, 42.2732306], [-121.5567426, 42.2719143], [-121.5578047, 42.2695212], [-121.5579477, 42.2688623], [-121.5579074, 42.2674345], [-121.557173, 42.266194], [-121.555687, 42.264663], [-121.555568, 42.26421], [-121.555872, 42.262173], [-121.555182, 42.26048], [-121.55497, 42.258989], [-121.555127, 42.254641], [-121.551604, 42.254761], [-121.550305, 42.254725], [-121.550128, 42.254579], [-121.548816, 42.251896], [-121.547808, 42.250582], [-121.546208, 42.2491], [-121.545882, 42.248552], [-121.545765, 42.248159], [-121.546545, 42.24767], [-121.546749, 42.247322], [-121.546238, 42.245964], [-121.546807, 42.245781], [-121.547188, 42.245611], [-121.547226, 42.245412], [-121.546358, 42.243696], [-121.545569, 42.243273], [-121.54459, 42.243301], [-121.543655, 42.242564], [-121.543039, 42.241772], [-121.541169, 42.2366], [-121.540531, 42.235732], [-121.540572, 42.234898], [-121.54055559, 42.23487307]]]}, "properties": {"zone_name": "US-OR-KLA-KLA-1941", "level": 2, "fire_name": "Wrights Spring", "county": "Klamath", "addresses": 19, "unmatched_addresses": 0, "unmatched_fraction_pct": 0, "geometry_source": "cached", "geometry_cache_age_days": 0, "overlapping_zips": [{"zip": "97603", "fraction_pct": 76.8}, {"zip": "97625", "fraction_pct": 23.2}]}}, {"type": "Feature", "geometry": {"type": "Polygon", "coordinates": [[[-121.59678229, 42.53651318], [-121.59621, 42.5359061], [-121.59423447, 42.53441423], [-121.5913875, 42.5322642], [-121.587459, 42.5293407], [-121.5796777, 42.5235579], [-121.5747347, 42.5198838], [-121.57448272, 42.51968647], [-121.57440819, 42.51962795], [-121.57429412, 42.51953857], [-121.5739099, 42.5192375], [-121.57367552, 42.51903834], [-121.57379884, 42.51895444], [-121.57329683, 42.51840668], [-121.57331084, 42.51825782], [-121.5733494, 42.51817557], [-121.57346343, 42.51810126], [-121.57368072, 42.51816725], [-121.57410485, 42.51789056], [-121.57455237, 42.51731167], [-121.57457716, 42.51715671], [-121.574533, 42.51704564], [-121.57438828, 42.51674496], [-121.57402372, 42.51659114], [-121.57371112, 42.51655208], [-121.5734459, 42.51630924], [-121.5733973, 42.51610303], [-121.57353827, 42.51594922], [-121.57389745, 42.51569861], [-121.57401571, 42.51556736], [-121.57399552, 42.51532523], [-121.57372229, 42.51518961], [-121.57264839, 42.51495143], [-121.57231093, 42.5147419], [-121.57224105, 42.51448307], [-121.57231612, 42.51420779], [-121.57262532, 42.51405579], [-121.57352246, 42.51402094], [-121.57377294, 42.5138587], [-121.57355262, 42.51322565], [-121.57375755, 42.5128342], [-121.5742166, 42.51246523], [-121.57476623, 42.5123173], [-121.57497535, 42.51216564], [-121.57498669, 42.51195242], [-121.57463534, 42.5116585], [-121.57499226, 42.51130909], [-121.57500437, 42.51107246], [-121.57466064, 42.51093168], [-121.57430098, 42.51106295], [-121.57417399, 42.51158768], [-121.57396679, 42.51190049], [-121.57347217, 42.51205187], [-121.57298098, 42.51171648], [-121.57305093, 42.51048319], [-121.57284715, 42.50975369], [-121.57313607, 42.50948828], [-121.57389604, 42.50906328], [-121.57413764, 42.50917776], [-121.57423063, 42.50945576], [-121.57399516, 42.50954208], [-121.57379049, 42.50968641], [-121.57367477, 42.50985596], [-121.57376962, 42.51020626], [-121.5739808, 42.51044559], [-121.57465748, 42.51046348], [-121.57474829, 42.51041097], [-121.57497596, 42.51049971], [-121.57517625, 42.51083563], [-121.57534918, 42.51095968], [-121.57682939, 42.51071138], [-121.57758953, 42.51053331], [-121.57804058, 42.51024999], [-121.57798158, 42.50992244], [-121.57739296, 42.5096612], [-121.57696854, 42.50957988], [-121.57653972, 42.50919073], [-121.57636829, 42.50876234], [-121.57637155, 42.50838969], [-121.57625383, 42.50804021], [-121.57583568, 42.50766056], [-121.57461317, 42.50709743], [-121.57401751, 42.50700144], [-121.57385537, 42.50681381], [-121.5737743, 42.50665064], [-121.57392842, 42.50669553], [-121.5742102, 42.50673547], [-121.57431559, 42.50668005], [-121.57454719, 42.50617381], [-121.57460763, 42.50591556], [-121.57483889, 42.50573583], [-121.57511337, 42.50567293], [-121.5754851, 42.5056658], [-121.57587124, 42.50571709], [-121.57655493, 42.50561423], [-121.57680219, 42.50547791], [-121.57701406, 42.50525043], [-121.57737002, 42.50506544], [-121.57774566, 42.50498401], [-121.57820159, 42.50491674], [-121.57820477, 42.50484325], [-121.57801549, 42.50485488], [-121.57816041, 42.50466249], [-121.57816543, 42.50458418], [-121.57810894, 42.50446458], [-121.57812689, 42.50434234], [-121.57820642, 42.50431659], [-121.57865544, 42.5043952], [-121.57915315, 42.50441054], [-121.5794902, 42.50434476], [-121.57969855, 42.50423154], [-121.5800695, 42.50391995], [-121.58056914, 42.50372695], [-121.58121892, 42.50345094], [-121.58174001, 42.50348327], [-121.58224999, 42.50353115], [-121.58271707, 42.50376087], [-121.58349036, 42.50382894], [-121.58454421, 42.50336558], [-121.58572199, 42.50301643], [-121.58683302, 42.50252751], [-121.58713255, 42.50225233], [-121.58721422, 42.50200931], [-121.58745933, 42.50183658], [-121.58743544, 42.50174166], [-121.58789734, 42.50141896], [-121.60990458, 42.51588198], [-121.60904605, 42.51724856], [-121.60911353, 42.51842708], [-121.60902558, 42.51935739], [-121.60854043, 42.52038316], [-121.60824525, 42.5204734], [-121.60839532, 42.52089191], [-121.60782734, 42.52218989], [-121.60776308, 42.52268978], [-121.6074894, 42.52285759], [-121.60738707, 42.52285703], [-121.60734185, 42.52293129], [-121.60763478, 42.52312954], [-121.60646215, 42.52642184], [-121.60537264, 42.52820917], [-121.60474108, 42.5286192], [-121.60465866, 42.52890305], [-121.60435452, 42.52914333], [-121.60409841, 42.52972128], [-121.60388666, 42.52985263], [-121.60376576, 42.53027055], [-121.60349785, 42.53068847], [-121.60301954, 42.53074986], [-121.60294567, 42.53079372], [-121.6022888, 42.53138988], [-121.60225403, 42.53144408], [-121.60232243, 42.5315644], [-121.60227083, 42.53166288], [-121.60223042, 42.53186646], [-121.60216756, 42.53210171], [-121.60157976, 42.53262181], [-121.60152928, 42.53270479], [-121.60151961, 42.53276309], [-121.60144631, 42.53280218], [-121.60138762, 42.53283871], [-121.60140857, 42.53287932], [-121.60144323, 42.53288535], [-121.60148473, 42.53286619], [-121.60151682, 42.53289673], [-121.6014807, 42.53294327], [-121.60140883, 42.53293499], [-121.60138559, 42.53295023], [-121.60141374, 42.53297613], [-121.60128642, 42.53307685], [-121.60121263, 42.53308423], [-121.60110709, 42.53319076], [-121.60102577, 42.53322648], [-121.60094444, 42.53326221], [-121.60075558, 42.53350333], [-121.60042824, 42.53373267], [-121.60031135, 42.53380865], [-121.60025796, 42.53383785], [-121.60004112, 42.53400386], [-121.59990943, 42.53413281], [-121.59982063, 42.53424857], [-121.59978063, 42.53430858], [-121.59976476, 42.53435541], [-121.59974847, 42.53440616], [-121.59964685, 42.53448972], [-121.59965051, 42.53452065], [-121.59970629, 42.53454687], [-121.5997009, 42.53457623], [-121.5996253, 42.53460559], [-121.59958154, 42.53473643], [-121.59951498, 42.53481753], [-121.59943565, 42.53485787], [-121.59942451, 42.53487378], [-121.59945209, 42.53492637], [-121.59943487, 42.53493372], [-121.5993911, 42.53492151], [-121.59936108, 42.53497697], [-121.59932, 42.53493625], [-121.59925081, 42.53498691], [-121.59906598, 42.53511596], [-121.5989817, 42.53525504], [-121.59890557, 42.5353491], [-121.59883574, 42.5351497], [-121.59872284, 42.53513019], [-121.59864315, 42.53536326], [-121.59853065, 42.53538921], [-121.59841944, 42.53541993], [-121.59816343, 42.53551373], [-121.59823424, 42.53560089], [-121.59820892, 42.5356797], [-121.59818359, 42.53577374], [-121.59803833, 42.53583948], [-121.59796257, 42.53591628], [-121.59766142, 42.53599171], [-121.59747484, 42.53604775], [-121.59720615, 42.53621211], [-121.59685956, 42.53645897], [-121.59678229, 42.53651318]]]}, "properties": {"zone_name": "US-OR-KLA-KLA-1165-A", "level": 2, "fire_name": "Wrights Spring", "county": "Klamath", "addresses": 62, "unmatched_addresses": 0, "unmatched_fraction_pct": 0, "geometry_source": "cached", "geometry_cache_age_days": 0, "overlapping_zips": [{"zip": "97624", "fraction_pct": 100.0}]}}, {"type": "Feature", "geometry": {"type": "Polygon", "coordinates": [[[-121.4770433, 42.303812], [-121.4770067, 42.315093], [-121.47698448, 42.32016605], [-121.44216042, 42.3203297], [-121.443616, 42.319093], [-121.444268, 42.318684], [-121.44456572, 42.31858342], [-121.4577821, 42.318665], [-121.46242479, 42.31866742], [-121.462549, 42.318668], [-121.462526, 42.317005], [-121.4624577, 42.311322], [-121.462408, 42.304131], [-121.466375, 42.304149], [-121.470234, 42.30415], [-121.472194, 42.304011], [-121.473932, 42.303814], [-121.4770433, 42.303812]]]}, "properties": {"zone_name": "US-OR-KLA-KLA-1957-A", "level": 2, "fire_name": "Wrights Spring", "county": "Klamath", "addresses": 10, "unmatched_addresses": 0, "unmatched_fraction_pct": 0, "geometry_source": "cached", "geometry_cache_age_days": 0, "overlapping_zips": [{"zip": "97623", "fraction_pct": 100.0}]}}, {"type": "Feature", "geometry": {"type": "Polygon", "coordinates": [[[-121.47698448, 42.32016605], [-121.47697, 42.3234731], [-121.4772297, 42.32576], [-121.467294, 42.325833], [-121.462552, 42.325819], [-121.459869, 42.325824], [-121.45837053, 42.3258267], [-121.457877, 42.325922], [-121.457474, 42.326293], [-121.457284, 42.327669], [-121.45223256, 42.32770698], [-121.452132, 42.327706], [-121.452645, 42.325845], [-121.45245832, 42.32555802], [-121.451673, 42.325269], [-121.450054, 42.32525], [-121.449396, 42.325022], [-121.449366, 42.3247], [-121.449956, 42.323848], [-121.449147, 42.323618], [-121.448932, 42.323267], [-121.447901, 42.322575], [-121.447518, 42.322214], [-121.43934, 42.322306], [-121.44065, 42.321613], [-121.44216042, 42.3203297], [-121.47698448, 42.32016605]]]}, "properties": {"zone_name": "US-OR-KLA-KLA-1957-B", "level": 2, "fire_name": "Wrights Spring", "county": "Klamath", "addresses": 19, "unmatched_addresses": 0, "unmatched_fraction_pct": 0, "geometry_source": "cached", "geometry_cache_age_days": 0, "overlapping_zips": [{"zip": "97623", "fraction_pct": 100.0}]}}, {"type": "Feature", "geometry": {"type": "Polygon", "coordinates": [[[-121.63262716, 42.53491203], [-121.632383, 42.535211], [-121.631707, 42.535491], [-121.63128418, 42.53602581], [-121.630421, 42.537104], [-121.629296, 42.537602], [-121.628325, 42.53917], [-121.627922, 42.539542], [-121.625783, 42.54015], [-121.6252089, 42.540676], [-121.624326, 42.54214], [-121.621689, 42.54516], [-121.62163947, 42.54528064], [-121.62151046, 42.54531651], [-121.62104837, 42.54525131], [-121.62061577, 42.54468631], [-121.62043879, 42.54404163], [-121.61990787, 42.54328828], [-121.61904267, 42.54270153], [-121.61828562, 42.5423828], [-121.61718445, 42.54168738], [-121.61609311, 42.54042692], [-121.61561135, 42.54006471], [-121.61401832, 42.53878279], [-121.61326332, 42.53828387], [-121.61269878, 42.5380473], [-121.6123764, 42.53840608], [-121.61221909, 42.53843506], [-121.61186877, 42.53862838], [-121.61166877, 42.53862131], [-121.61148596, 42.53864219], [-121.6114522, 42.53868137], [-121.61136671, 42.5387499], [-121.61129363, 42.53893435], [-121.61131152, 42.53898934], [-121.61147211, 42.53900876], [-121.61147557, 42.5390551], [-121.61141486, 42.5390889], [-121.61129568, 42.53910117], [-121.61125099, 42.53913243], [-121.61124561, 42.5391758], [-121.61134889, 42.53916653], [-121.61140832, 42.53919494], [-121.61161316, 42.53920361], [-121.6113468, 42.53948481], [-121.61128305, 42.53955272], [-121.61122194, 42.5395382], [-121.61119055, 42.53951317], [-121.61113724, 42.53949082], [-121.61118408, 42.53947306], [-121.61116731, 42.53940965], [-121.61118708, 42.53938933], [-121.6111718, 42.53935137], [-121.61111201, 42.53934647], [-121.6111655, 42.53928503], [-121.61115921, 42.53921868], [-121.61111272, 42.539221], [-121.61105666, 42.53919268], [-121.61108465, 42.53915629], [-121.61112601, 42.53914542], [-121.61112835, 42.53911023], [-121.61100504, 42.53915819], [-121.61086346, 42.53905269], [-121.61062554, 42.53918405], [-121.61060246, 42.53943224], [-121.61044305, 42.53967847], [-121.61034449, 42.53979031], [-121.61018093, 42.53986794], [-121.61005767, 42.53990327], [-121.60990191, 42.53976758], [-121.60965099, 42.53977579], [-121.60944989, 42.5398082], [-121.60895289, 42.53977563], [-121.60852673, 42.53985023], [-121.60763161, 42.53994888], [-121.60706784, 42.53976612], [-121.60698063, 42.53944187], [-121.60697698, 42.53911079], [-121.60692989, 42.53876087], [-121.60692459, 42.5383015], [-121.6072708, 42.53714083], [-121.60734973, 42.53651772], [-121.6074061, 42.53611062], [-121.60752616, 42.53575581], [-121.60797343, 42.53542241], [-121.60810245, 42.53540656], [-121.60829092, 42.53534104], [-121.60837994, 42.53520224], [-121.60870351, 42.53416196], [-121.60801773, 42.53305023], [-121.60769199, 42.53265859], [-121.60710909, 42.53209008], [-121.60721195, 42.53138259], [-121.60739197, 42.53064351], [-121.60788058, 42.52987284], [-121.60800059, 42.52869786], [-121.60798345, 42.52733966], [-121.60822347, 42.52603899], [-121.60911497, 42.52378994], [-121.60964644, 42.52245059], [-121.60996361, 42.52165454], [-121.61075225, 42.52025196], [-121.61120658, 42.51962648], [-121.61134373, 42.51926635], [-121.61146374, 42.51879249], [-121.61165239, 42.51819853], [-121.61178954, 42.51802794], [-121.61198832, 42.51768783], [-121.63262716, 42.53491203]]]}, "properties": {"zone_name": "US-OR-KLA-KLA-1164-B", "level": 2, "fire_name": "Wrights Spring", "county": "Klamath", "addresses": 2, "unmatched_addresses": 0, "unmatched_fraction_pct": 0, "geometry_source": "cached", "geometry_cache_age_days": 0, "overlapping_zips": [{"zip": "97624", "fraction_pct": 100.0}]}}, {"type": "Feature", "geometry": {"type": "Polygon", "coordinates": [[[-121.55170243, 42.50034188], [-121.5513692, 42.500058], [-121.55068839, 42.49947895], [-121.55040113, 42.49923462], [-121.54991601, 42.498822], [-121.5485335, 42.4976461], [-121.5475769, 42.4968893], [-121.5467396, 42.4963135], [-121.5459304, 42.4958057], [-121.54521589, 42.49542687], [-121.5422408, 42.4938497], [-121.5403497, 42.4928471], [-121.5372481, 42.4912203], [-121.53526904, 42.4901782], [-121.5305241, 42.4876796], [-121.52562347, 42.48510982], [-121.5236522, 42.4840761], [-121.522143, 42.4832753], [-121.51651517, 42.48031277], [-121.51670815, 42.48011614], [-121.51671574, 42.47975201], [-121.51646424, 42.4793553], [-121.51628423, 42.47913934], [-121.51634164, 42.47880852], [-121.51823717, 42.47721241], [-121.51815354, 42.47769472], [-121.51837627, 42.47791342], [-121.51884215, 42.4778914], [-121.51929956, 42.47778416], [-121.519261, 42.47697193], [-121.52003234, 42.47721101], [-121.52061123, 42.47751593], [-121.52093096, 42.47815536], [-121.52227585, 42.47746979], [-121.52283491, 42.47721062], [-121.52336158, 42.4775249], [-121.5244797, 42.47735303], [-121.52530626, 42.47787406], [-121.52632874, 42.47781009], [-121.52676372, 42.47774319], [-121.52712621, 42.47762174], [-121.52737056, 42.47760756], [-121.52764646, 42.4776632], [-121.52757208, 42.47750563], [-121.52773319, 42.47748368], [-121.52787326, 42.47753153], [-121.52803436, 42.47752897], [-121.52823061, 42.47746563], [-121.52823407, 42.4775348], [-121.52814288, 42.4775807], [-121.52792605, 42.47767641], [-121.52785647, 42.4776325], [-121.52779904, 42.47772057], [-121.52811346, 42.47780049], [-121.52795459, 42.47783386], [-121.52796289, 42.47799369], [-121.52836421, 42.47823352], [-121.52913323, 42.47819815], [-121.53075235, 42.47900847], [-121.53427813, 42.4818958], [-121.53433755, 42.48260897], [-121.53409303, 42.48570449], [-121.53388927, 42.48687654], [-121.5345978, 42.48890567], [-121.53496805, 42.48906795], [-121.5353086, 42.48907458], [-121.53554035, 42.4892073], [-121.53569299, 42.48935238], [-121.5356591, 42.48965793], [-121.53546138, 42.48991734], [-121.53566277, 42.48990365], [-121.53608176, 42.48968937], [-121.53626693, 42.48986256], [-121.5364352, 42.49016309], [-121.53666293, 42.49054638], [-121.5371184, 42.49094619], [-121.53768513, 42.49108691], [-121.53822079, 42.4910901], [-121.53872865, 42.49105002], [-121.53914931, 42.49098445], [-121.53963173, 42.49112834], [-121.54182725, 42.49220394], [-121.54338487, 42.49330566], [-121.54489423, 42.49456249], [-121.54554368, 42.49475689], [-121.54757442, 42.49497863], [-121.54883734, 42.49497975], [-121.54997025, 42.49481912], [-121.55223609, 42.49449785], [-121.55660293, 42.4939581], [-121.55988711, 42.49108557], [-121.57413342, 42.49534201], [-121.5741364, 42.49535011], [-121.57409314, 42.49681936], [-121.57482452, 42.4975316], [-121.57528819, 42.49853991], [-121.57543691, 42.4987235], [-121.57561665, 42.49874699], [-121.5759451, 42.49916753], [-121.57595062, 42.4994216], [-121.57599976, 42.49950029], [-121.57609621, 42.49953069], [-121.57635822, 42.49977571], [-121.5763728, 42.50009584], [-121.57617271, 42.50018883], [-121.57608907, 42.50031938], [-121.57619627, 42.50065288], [-121.57584035, 42.50119809], [-121.57508814, 42.50127872], [-121.57570642, 42.50133063], [-121.57552752, 42.50159289], [-121.5755584, 42.5017871], [-121.57511936, 42.501938], [-121.57455547, 42.50178946], [-121.57436081, 42.50161618], [-121.57413258, 42.50137176], [-121.57433231, 42.501282], [-121.57405583, 42.50126493], [-121.57399298, 42.50118541], [-121.57397677, 42.50083081], [-121.57396056, 42.50043037], [-121.57401431, 42.50019612], [-121.57403197, 42.49948145], [-121.57363942, 42.49909491], [-121.57354654, 42.49865388], [-121.57337094, 42.49847967], [-121.57226038, 42.49801877], [-121.57185327, 42.49841426], [-121.5713936, 42.49909389], [-121.57063193, 42.49960072], [-121.56933596, 42.49952957], [-121.56803999, 42.49856724], [-121.56743824, 42.49904779], [-121.56646861, 42.49817219], [-121.56600887, 42.49842508], [-121.56575935, 42.49816134], [-121.56469769, 42.49763462], [-121.56436217, 42.49713608], [-121.56408358, 42.49706101], [-121.56370227, 42.49718825], [-121.56365771, 42.49730693], [-121.563942, 42.49754724], [-121.56396727, 42.49765782], [-121.56375914, 42.49789982], [-121.5636356, 42.49803996], [-121.563418, 42.49790897], [-121.56339519, 42.49758649], [-121.5631976, 42.49740646], [-121.56258579, 42.49737812], [-121.56211682, 42.49724446], [-121.56189637, 42.49680479], [-121.56170188, 42.49663321], [-121.56106618, 42.49643367], [-121.56055859, 42.4965945], [-121.55948699, 42.49645162], [-121.55906961, 42.49601866], [-121.55842237, 42.49550096], [-121.55729448, 42.49576445], [-121.55608086, 42.49619346], [-121.55454357, 42.49713098], [-121.5547448, 42.49758103], [-121.55460736, 42.49764738], [-121.5543077, 42.4980176], [-121.55450931, 42.49803685], [-121.55461181, 42.4981779], [-121.55451116, 42.49834429], [-121.5541364, 42.498604], [-121.55384631, 42.49851655], [-121.55374207, 42.49859355], [-121.55384894, 42.49904511], [-121.55405688, 42.49920289], [-121.55413906, 42.49916133], [-121.55450781, 42.49968529], [-121.55451239, 42.50006076], [-121.55466323, 42.5003495], [-121.5547926, 42.50045853], [-121.55491359, 42.50047417], [-121.55495236, 42.50056624], [-121.55465176, 42.50091374], [-121.55466428, 42.50107679], [-121.55472676, 42.50133359], [-121.55611484, 42.50133978], [-121.55635127, 42.50109442], [-121.55632228, 42.50093513], [-121.55616016, 42.50077245], [-121.55599481, 42.50068935], [-121.55607265, 42.50059679], [-121.55606747, 42.50051647], [-121.55645841, 42.50031911], [-121.5567165, 42.50025642], [-121.55689645, 42.50045047], [-121.55702844, 42.50086938], [-121.55738882, 42.50102344], [-121.55750456, 42.50115309], [-121.55756021, 42.50128274], [-121.55759366, 42.50145246], [-121.55763313, 42.50164651], [-121.55755764, 42.50177642], [-121.5574253, 42.50188734], [-121.5575073, 42.50191262], [-121.55744684, 42.50196738], [-121.55743152, 42.50202117], [-121.55746121, 42.50207719], [-121.55743966, 42.5021332], [-121.55747216, 42.50221134], [-121.55751603, 42.50227178], [-121.55749361, 42.50232409], [-121.55744325, 42.50246025], [-121.55735837, 42.50250378], [-121.55707657, 42.50248071], [-121.55693152, 42.50242235], [-121.55681688, 42.50238502], [-121.55673953, 42.50236806], [-121.55633171, 42.50231731], [-121.55601192, 42.50220599], [-121.55562804, 42.50221346], [-121.55558951, 42.5024059], [-121.55557025, 42.50252107], [-121.55568589, 42.50265281], [-121.55583402, 42.50269554], [-121.55614749, 42.50262169], [-121.55627927, 42.50251021], [-121.55630649, 42.50258644], [-121.55636548, 42.50272549], [-121.55639683, 42.50311074], [-121.55646377, 42.50318485], [-121.55645342, 42.50328577], [-121.55632815, 42.50346415], [-121.55631441, 42.50349775], [-121.55637975, 42.5036026], [-121.55635228, 42.50369247], [-121.55640607, 42.5037548], [-121.55630172, 42.50382362], [-121.55633953, 42.50383058], [-121.55643593, 42.50381242], [-121.55660557, 42.50395389], [-121.55650272, 42.50404062], [-121.55649797, 42.50412635], [-121.55655113, 42.50415216], [-121.55647078, 42.50419605], [-121.55571502, 42.50355473], [-121.55577338, 42.50351467], [-121.55578342, 42.50345193], [-121.55574858, 42.50329732], [-121.555713, 42.50327634], [-121.55556387, 42.50331478], [-121.55550584, 42.50337445], [-121.55466127, 42.50267661], [-121.55485441, 42.50255095], [-121.55493512, 42.50243714], [-121.55493594, 42.50222609], [-121.55490865, 42.50215685], [-121.55474972, 42.50199474], [-121.55463256, 42.50194868], [-121.55410941, 42.50215769], [-121.55396955, 42.50201407], [-121.55423843, 42.50162935], [-121.55427661, 42.50146934], [-121.55446568, 42.50132485], [-121.55423184, 42.50128261], [-121.55407976, 42.50105957], [-121.55379366, 42.5007698], [-121.55392961, 42.5004781], [-121.55426205, 42.50022435], [-121.55432983, 42.50005337], [-121.55419025, 42.50002508], [-121.5538348, 42.50004226], [-121.55353332, 42.4997127], [-121.55363957, 42.49949866], [-121.55378179, 42.49937936], [-121.55376246, 42.49922412], [-121.55369945, 42.49920909], [-121.55345745, 42.49911538], [-121.55313521, 42.49904794], [-121.5525826, 42.49897184], [-121.55222745, 42.49900319], [-121.55203193, 42.49947404], [-121.55181955, 42.50027134], [-121.55170243, 42.50034188]]]}, "properties": {"zone_name": "US-OR-KLA-KLA-1168-A", "level": 2, "fire_name": "Wrights Spring", "county": "Klamath", "addresses": 3, "unmatched_addresses": 0, "unmatched_fraction_pct": 0, "geometry_source": "cached", "geometry_cache_age_days": 0, "overlapping_zips": [{"zip": "97624", "fraction_pct": 100.0}]}}, {"type": "Feature", "geometry": {"type": "Polygon", "coordinates": [[[-121.6089792, 42.5458072], [-121.6084581, 42.5453843], [-121.6080529, 42.5450858], [-121.6075658, 42.5448053], [-121.6069401, 42.5444913], [-121.6065477, 42.54430384], [-121.604011, 42.543092], [-121.6031574, 42.542673], [-121.60274248, 42.54243372], [-121.6024043, 42.5422387], [-121.6017593, 42.5417998], [-121.6011845, 42.5413521], [-121.6006749, 42.5408714], [-121.6002191, 42.5403748], [-121.5994751, 42.5395557], [-121.5970639, 42.5368119], [-121.59678229, 42.53651318], [-121.59685956, 42.53645897], [-121.59720615, 42.53621211], [-121.59747484, 42.53604775], [-121.59766142, 42.53599171], [-121.59796257, 42.53591628], [-121.59803833, 42.53583948], [-121.59818359, 42.53577374], [-121.59820892, 42.5356797], [-121.59823424, 42.53560089], [-121.59816343, 42.53551373], [-121.59841944, 42.53541993], [-121.59853065, 42.53538921], [-121.59864315, 42.53536326], [-121.59872284, 42.53513019], [-121.59883574, 42.5351497], [-121.59890557, 42.5353491], [-121.5989817, 42.53525504], [-121.59906598, 42.53511596], [-121.59925081, 42.53498691], [-121.59932, 42.53493625], [-121.59936108, 42.53497697], [-121.5993911, 42.53492151], [-121.59943487, 42.53493372], [-121.59945209, 42.53492637], [-121.59942451, 42.53487378], [-121.59943565, 42.53485787], [-121.59951498, 42.53481753], [-121.59958154, 42.53473643], [-121.5996253, 42.53460559], [-121.5997009, 42.53457623], [-121.59970629, 42.53454687], [-121.59965051, 42.53452065], [-121.59964685, 42.53448972], [-121.59974847, 42.53440616], [-121.59976476, 42.53435541], [-121.59978063, 42.53430858], [-121.59982063, 42.53424857], [-121.59990943, 42.53413281], [-121.60004112, 42.53400386], [-121.60025796, 42.53383785], [-121.60031135, 42.53380865], [-121.60042824, 42.53373267], [-121.60075558, 42.53350333], [-121.60094444, 42.53326221], [-121.60102577, 42.53322648], [-121.60110709, 42.53319076], [-121.60121263, 42.53308423], [-121.60128642, 42.53307685], [-121.60141374, 42.53297613], [-121.60138559, 42.53295023], [-121.60140883, 42.53293499], [-121.6014807, 42.53294327], [-121.60151682, 42.53289673], [-121.60148473, 42.53286619], [-121.60144323, 42.53288535], [-121.60140857, 42.53287932], [-121.60138762, 42.53283871], [-121.60144631, 42.53280218], [-121.60151961, 42.53276309], [-121.60152928, 42.53270479], [-121.60157976, 42.53262181], [-121.60216756, 42.53210171], [-121.60223042, 42.53186646], [-121.60227083, 42.53166288], [-121.60232243, 42.5315644], [-121.60225403, 42.53144408], [-121.6022888, 42.53138988], [-121.60294567, 42.53079372], [-121.60301954, 42.53074986], [-121.60349785, 42.53068847], [-121.60376576, 42.53027055], [-121.60388666, 42.52985263], [-121.60409841, 42.52972128], [-121.60435452, 42.52914333], [-121.60465866, 42.52890305], [-121.60474108, 42.5286192], [-121.60537264, 42.52820917], [-121.60646215, 42.52642184], [-121.60763478, 42.52312954], [-121.60734185, 42.52293129], [-121.60738707, 42.52285703], [-121.6074894, 42.52285759], [-121.60776308, 42.52268978], [-121.60782734, 42.52218989], [-121.60839532, 42.52089191], [-121.60824525, 42.5204734], [-121.60854043, 42.52038316], [-121.60902558, 42.51935739], [-121.60911353, 42.51842708], [-121.60904605, 42.51724856], [-121.60986656, 42.5159425], [-121.61203277, 42.51761175], [-121.61178954, 42.51802794], [-121.61165239, 42.51819853], [-121.61146374, 42.51879249], [-121.61134373, 42.51926635], [-121.61120658, 42.51962648], [-121.61075225, 42.52025196], [-121.60996361, 42.52165454], [-121.60964644, 42.52245059], [-121.60911497, 42.52378994], [-121.60822347, 42.52603899], [-121.60798345, 42.52733966], [-121.60800059, 42.52869786], [-121.60788058, 42.52987284], [-121.60739197, 42.53064351], [-121.60721195, 42.53138259], [-121.60710909, 42.53209008], [-121.60769199, 42.53265859], [-121.60801773, 42.53305023], [-121.60870351, 42.53416196], [-121.60837994, 42.53520224], [-121.60829092, 42.53534104], [-121.60810245, 42.53540656], [-121.60797343, 42.53542241], [-121.60752616, 42.53575581], [-121.6074061, 42.53611062], [-121.60734973, 42.53651772], [-121.6072708, 42.53714083], [-121.60692459, 42.5383015], [-121.60692989, 42.53876087], [-121.60697698, 42.53911079], [-121.60698063, 42.53944187], [-121.60706784, 42.53976612], [-121.60763161, 42.53994888], [-121.60852673, 42.53985023], [-121.60895289, 42.53977563], [-121.60944989, 42.5398082], [-121.60965099, 42.53977579], [-121.60990191, 42.53976758], [-121.61005767, 42.53990327], [-121.61018093, 42.53986794], [-121.61034449, 42.53979031], [-121.61044305, 42.53967847], [-121.61060246, 42.53943224], [-121.61062554, 42.53918405], [-121.61086346, 42.53905269], [-121.61100504, 42.53915819], [-121.61112835, 42.53911023], [-121.61112601, 42.53914542], [-121.61108465, 42.53915629], [-121.61105666, 42.53919268], [-121.61111272, 42.539221], [-121.61115921, 42.53921868], [-121.6111655, 42.53928503], [-121.61111201, 42.53934647], [-121.6111718, 42.53935137], [-121.61118708, 42.53938933], [-121.61116731, 42.53940965], [-121.61118408, 42.53947306], [-121.61113724, 42.53949082], [-121.61119055, 42.53951317], [-121.61122194, 42.5395382], [-121.61128305, 42.53955272], [-121.6113468, 42.53948481], [-121.61161316, 42.53920361], [-121.61140832, 42.53919494], [-121.61134889, 42.53916653], [-121.61124561, 42.5391758], [-121.61125099, 42.53913243], [-121.61129568, 42.53910117], [-121.61141486, 42.5390889], [-121.61147557, 42.5390551], [-121.61147211, 42.53900876], [-121.61131152, 42.53898934], [-121.61129363, 42.53893435], [-121.61136671, 42.5387499], [-121.6114522, 42.53868137], [-121.61148596, 42.53864219], [-121.61166877, 42.53862131], [-121.61186877, 42.53862838], [-121.61221909, 42.53843506], [-121.6123764, 42.53840608], [-121.61269878, 42.5380473], [-121.61326332, 42.53828387], [-121.61401832, 42.53878279], [-121.61561135, 42.54006471], [-121.61609311, 42.54042692], [-121.61718445, 42.54168738], [-121.61828562, 42.5423828], [-121.61904267, 42.54270153], [-121.61990787, 42.54328828], [-121.62043879, 42.54404163], [-121.62061577, 42.54468631], [-121.62104837, 42.54525131], [-121.62151046, 42.54531651], [-121.62163947, 42.54528064], [-121.621262, 42.5462], [-121.620361, 42.549337], [-121.619828, 42.551215], [-121.619601, 42.551866], [-121.619291, 42.552067], [-121.61580201, 42.5519153], [-121.6158019, 42.55191521], [-121.61114973, 42.54775042], [-121.6089792, 42.5458072]]]}, "properties": {"zone_name": "US-OR-KLA-FHZ-1581-A", "level": 2, "fire_name": "Wrights Spring", "county": "Klamath", "addresses": 15, "unmatched_addresses": 0, "unmatched_fraction_pct": 0, "geometry_source": "cached", "geometry_cache_age_days": 0, "overlapping_zips": [{"zip": "97624", "fraction_pct": 100.0}]}}, {"type": "Feature", "geometry": {"type": "Polygon", "coordinates": [[[-121.58777574, 42.50150392], [-121.58743544, 42.50174166], [-121.58745933, 42.50183658], [-121.58721422, 42.50200931], [-121.58713255, 42.50225233], [-121.58683302, 42.50252751], [-121.58572199, 42.50301643], [-121.58454421, 42.50336558], [-121.58349036, 42.50382894], [-121.58271707, 42.50376087], [-121.58224999, 42.50353115], [-121.58174001, 42.50348327], [-121.58121892, 42.50345094], [-121.58056914, 42.50372695], [-121.5800695, 42.50391995], [-121.57969855, 42.50423154], [-121.5794902, 42.50434476], [-121.57915315, 42.50441054], [-121.57865544, 42.5043952], [-121.57820642, 42.50431659], [-121.57812689, 42.50434234], [-121.57810894, 42.50446458], [-121.57816543, 42.50458418], [-121.57816041, 42.50466249], [-121.57801549, 42.50485488], [-121.57820477, 42.50484325], [-121.57820159, 42.50491674], [-121.57774566, 42.50498401], [-121.57737002, 42.50506544], [-121.57701406, 42.50525043], [-121.57680219, 42.50547791], [-121.57655493, 42.50561423], [-121.57587124, 42.50571709], [-121.5754851, 42.5056658], [-121.57511337, 42.50567293], [-121.57483889, 42.50573583], [-121.57460763, 42.50591556], [-121.57454719, 42.50617381], [-121.57431559, 42.50668005], [-121.5742102, 42.50673547], [-121.57392842, 42.50669553], [-121.5737743, 42.50665064], [-121.57385537, 42.50681381], [-121.57401751, 42.50700144], [-121.57461317, 42.50709743], [-121.57583568, 42.50766056], [-121.57625383, 42.50804021], [-121.57637155, 42.50838969], [-121.57636829, 42.50876234], [-121.57653972, 42.50919073], [-121.57696854, 42.50957988], [-121.57739296, 42.5096612], [-121.57798158, 42.50992244], [-121.57804058, 42.51024999], [-121.57758953, 42.51053331], [-121.57682939, 42.51071138], [-121.57534918, 42.51095968], [-121.57517625, 42.51083563], [-121.57497596, 42.51049971], [-121.57474829, 42.51041097], [-121.57465748, 42.51046348], [-121.5739808, 42.51044559], [-121.57376962, 42.51020626], [-121.57367477, 42.50985596], [-121.57379049, 42.50968641], [-121.57399516, 42.50954208], [-121.57423063, 42.50945576], [-121.57413764, 42.50917776], [-121.57389604, 42.50906328], [-121.57313607, 42.50948828], [-121.57284715, 42.50975369], [-121.57305093, 42.51048319], [-121.57298098, 42.51171648], [-121.57347217, 42.51205187], [-121.57396679, 42.51190049], [-121.57417399, 42.51158768], [-121.57430098, 42.51106295], [-121.57466064, 42.51093168], [-121.57500437, 42.51107246], [-121.57499226, 42.51130909], [-121.57463534, 42.5116585], [-121.57498669, 42.51195242], [-121.57497535, 42.51216564], [-121.57476623, 42.5123173], [-121.5742166, 42.51246523], [-121.57375755, 42.5128342], [-121.57355262, 42.51322565], [-121.57377294, 42.5138587], [-121.57352246, 42.51402094], [-121.57262532, 42.51405579], [-121.57231612, 42.51420779], [-121.57224105, 42.51448307], [-121.57231093, 42.5147419], [-121.57264839, 42.51495143], [-121.57372229, 42.51518961], [-121.57399552, 42.51532523], [-121.57401571, 42.51556736], [-121.57389745, 42.51569861], [-121.57353827, 42.51594922], [-121.5733973, 42.51610303], [-121.5734459, 42.51630924], [-121.57371112, 42.51655208], [-121.57402372, 42.51659114], [-121.57438828, 42.51674496], [-121.574533, 42.51704564], [-121.57457716, 42.51715671], [-121.57455237, 42.51731167], [-121.57410485, 42.51789056], [-121.57368072, 42.51816725], [-121.57346343, 42.51810126], [-121.5733494, 42.51817557], [-121.57331084, 42.51825782], [-121.57329683, 42.51840668], [-121.57379884, 42.51895444], [-121.57367552, 42.51903834], [-121.5699511, 42.5158736], [-121.56715522, 42.51349357], [-121.56483292, 42.51151661], [-121.5646291, 42.5113431], [-121.55508242, 42.5032252], [-121.55482045, 42.50300156], [-121.5529229, 42.5013816], [-121.55170243, 42.50034188], [-121.55181955, 42.50027134], [-121.55203193, 42.49947404], [-121.55222745, 42.49900319], [-121.5525826, 42.49897184], [-121.55313521, 42.49904794], [-121.55345745, 42.49911538], [-121.55369945, 42.49920909], [-121.55376246, 42.49922412], [-121.55378179, 42.49937936], [-121.55363957, 42.49949866], [-121.55353332, 42.4997127], [-121.5538348, 42.50004226], [-121.55419025, 42.50002508], [-121.55432983, 42.50005337], [-121.55426205, 42.50022435], [-121.55392961, 42.5004781], [-121.55379366, 42.5007698], [-121.55407976, 42.50105957], [-121.55423184, 42.50128261], [-121.55446568, 42.50132485], [-121.55427661, 42.50146934], [-121.55423843, 42.50162935], [-121.55396955, 42.50201407], [-121.55410941, 42.50215769], [-121.55463256, 42.50194868], [-121.55474972, 42.50199474], [-121.55490865, 42.50215685], [-121.55493594, 42.50222609], [-121.55493512, 42.50243714], [-121.55485441, 42.50255095], [-121.55466127, 42.50267661], [-121.55550584, 42.50337445], [-121.55556387, 42.50331478], [-121.555713, 42.50327634], [-121.55574858, 42.50329732], [-121.55578342, 42.50345193], [-121.55577338, 42.50351467], [-121.55571502, 42.50355473], [-121.55647078, 42.50419605], [-121.55655113, 42.50415216], [-121.55649797, 42.50412635], [-121.55650272, 42.50404062], [-121.55660557, 42.50395389], [-121.55643593, 42.50381242], [-121.55633953, 42.50383058], [-121.55630172, 42.50382362], [-121.55640607, 42.5037548], [-121.55635228, 42.50369247], [-121.55637975, 42.5036026], [-121.55631441, 42.50349775], [-121.55632815, 42.50346415], [-121.55645342, 42.50328577], [-121.55646377, 42.50318485], [-121.55639683, 42.50311074], [-121.55636548, 42.50272549], [-121.55630649, 42.50258644], [-121.55627927, 42.50251021], [-121.55614749, 42.50262169], [-121.55583402, 42.50269554], [-121.55568589, 42.50265281], [-121.55557025, 42.50252107], [-121.55558951, 42.5024059], [-121.55562804, 42.50221346], [-121.55601192, 42.50220599], [-121.55633171, 42.50231731], [-121.55673953, 42.50236806], [-121.55681688, 42.50238502], [-121.55693152, 42.50242235], [-121.55707657, 42.50248071], [-121.55735837, 42.50250378], [-121.55744325, 42.50246025], [-121.55749361, 42.50232409], [-121.55751603, 42.50227178], [-121.55747216, 42.50221134], [-121.55743966, 42.5021332], [-121.55746121, 42.50207719], [-121.55743152, 42.50202117], [-121.55744684, 42.50196738], [-121.5575073, 42.50191262], [-121.5574253, 42.50188734], [-121.55755764, 42.50177642], [-121.55763313, 42.50164651], [-121.55759366, 42.50145246], [-121.55756021, 42.50128274], [-121.55750456, 42.50115309], [-121.55738882, 42.50102344], [-121.55702844, 42.50086938], [-121.55689645, 42.50045047], [-121.5567165, 42.50025642], [-121.55645841, 42.50031911], [-121.55606747, 42.50051647], [-121.55607265, 42.50059679], [-121.55599481, 42.50068935], [-121.55616016, 42.50077245], [-121.55632228, 42.50093513], [-121.55635127, 42.50109442], [-121.55611484, 42.50133978], [-121.55472676, 42.50133359], [-121.55466428, 42.50107679], [-121.55465176, 42.50091374], [-121.55495236, 42.50056624], [-121.55491359, 42.50047417], [-121.5547926, 42.50045853], [-121.55466323, 42.5003495], [-121.55451239, 42.50006076], [-121.55450781, 42.49968529], [-121.55413906, 42.49916133], [-121.55405688, 42.49920289], [-121.55384894, 42.49904511], [-121.55374207, 42.49859355], [-121.55384631, 42.49851655], [-121.5541364, 42.498604], [-121.55451116, 42.49834429], [-121.55461181, 42.4981779], [-121.55450931, 42.49803685], [-121.5543077, 42.4980176], [-121.55460736, 42.49764738], [-121.5547448, 42.49758103], [-121.55454357, 42.49713098], [-121.55608086, 42.49619346], [-121.55729448, 42.49576445], [-121.55842237, 42.49550096], [-121.55906961, 42.49601866], [-121.55948699, 42.49645162], [-121.56055859, 42.4965945], [-121.56106618, 42.49643367], [-121.56170188, 42.49663321], [-121.56189637, 42.49680479], [-121.56211682, 42.49724446], [-121.56258579, 42.49737812], [-121.5631976, 42.49740646], [-121.56339519, 42.49758649], [-121.563418, 42.49790897], [-121.5636356, 42.49803996], [-121.56375914, 42.49789982], [-121.56396727, 42.49765782], [-121.563942, 42.49754724], [-121.56365771, 42.49730693], [-121.56370227, 42.49718825], [-121.56408358, 42.49706101], [-121.56436217, 42.49713608], [-121.56469769, 42.49763462], [-121.56575935, 42.49816134], [-121.56600887, 42.49842508], [-121.56646861, 42.49817219], [-121.56743824, 42.49904779], [-121.56803999, 42.49856724], [-121.56933596, 42.49952957], [-121.57063193, 42.49960072], [-121.5713936, 42.49909389], [-121.57185327, 42.49841426], [-121.57226038, 42.49801877], [-121.57337094, 42.49847967], [-121.57354654, 42.49865388], [-121.57363942, 42.49909491], [-121.57403197, 42.49948145], [-121.57401431, 42.50019612], [-121.57396056, 42.50043037], [-121.57397677, 42.50083081], [-121.57399298, 42.50118541], [-121.57405583, 42.50126493], [-121.57433231, 42.501282], [-121.57413258, 42.50137176], [-121.57436081, 42.50161618], [-121.57455547, 42.50178946], [-121.57511936, 42.501938], [-121.5755584, 42.5017871], [-121.57552752, 42.50159289], [-121.57570642, 42.50133063], [-121.57508814, 42.50127872], [-121.57584035, 42.50119809], [-121.57619627, 42.50065288], [-121.57608907, 42.50031938], [-121.57617271, 42.50018883], [-121.5763728, 42.50009584], [-121.57635822, 42.49977571], [-121.57609621, 42.49953069], [-121.57599976, 42.49950029], [-121.57595062, 42.4994216], [-121.5759451, 42.49916753], [-121.57561665, 42.49874699], [-121.57543691, 42.4987235], [-121.57528819, 42.49853991], [-121.57482452, 42.4975316], [-121.57409314, 42.49681936], [-121.5741364, 42.49535011], [-121.57409851, 42.49524731], [-121.58777574, 42.50150392]]]}, "properties": {"zone_name": "US-OR-KLA-FHZ-1582-B", "level": 2, "fire_name": "Wrights Spring", "county": "Klamath", "addresses": 2, "unmatched_addresses": 0, "unmatched_fraction_pct": 0, "geometry_source": "cached", "geometry_cache_age_days": 0, "overlapping_zips": [{"zip": "97624", "fraction_pct": 100.0}]}}, {"type": "Feature", "geometry": {"type": "Polygon", "coordinates": [[[-121.55985251, 42.49111584], [-121.55660293, 42.4939581], [-121.55223609, 42.49449785], [-121.54997025, 42.49481912], [-121.54883734, 42.49497975], [-121.54757442, 42.49497863], [-121.54554368, 42.49475689], [-121.54489423, 42.49456249], [-121.54338487, 42.49330566], [-121.54182725, 42.49220394], [-121.53963173, 42.49112834], [-121.53914931, 42.49098445], [-121.53872865, 42.49105002], [-121.53822079, 42.4910901], [-121.53768513, 42.49108691], [-121.5371184, 42.49094619], [-121.53666293, 42.49054638], [-121.5364352, 42.49016309], [-121.53626693, 42.48986256], [-121.53608176, 42.48968937], [-121.53566277, 42.48990365], [-121.53546138, 42.48991734], [-121.5356591, 42.48965793], [-121.53569299, 42.48935238], [-121.53554035, 42.4892073], [-121.5353086, 42.48907458], [-121.53496805, 42.48906795], [-121.5345978, 42.48890567], [-121.53388927, 42.48687654], [-121.53409303, 42.48570449], [-121.53433755, 42.48260897], [-121.53427813, 42.4818958], [-121.53075235, 42.47900847], [-121.52913323, 42.47819815], [-121.52836421, 42.47823352], [-121.52796289, 42.47799369], [-121.52795459, 42.47783386], [-121.52811346, 42.47780049], [-121.52779904, 42.47772057], [-121.52785647, 42.4776325], [-121.52792605, 42.47767641], [-121.52814288, 42.4775807], [-121.52823407, 42.4775348], [-121.52823061, 42.47746563], [-121.52803436, 42.47752897], [-121.52787326, 42.47753153], [-121.52773319, 42.47748368], [-121.52757208, 42.47750563], [-121.52764646, 42.4776632], [-121.52737056, 42.47760756], [-121.52712621, 42.47762174], [-121.52676372, 42.47774319], [-121.52632874, 42.47781009], [-121.52530626, 42.47787406], [-121.5244797, 42.47735303], [-121.52336158, 42.4775249], [-121.52283491, 42.47721062], [-121.52227585, 42.47746979], [-121.52093096, 42.47815536], [-121.52061123, 42.47751593], [-121.52003234, 42.47721101], [-121.519261, 42.47697193], [-121.51929956, 42.47778416], [-121.51884215, 42.4778914], [-121.51837627, 42.47791342], [-121.51815354, 42.47769472], [-121.51823717, 42.47721241], [-121.51634164, 42.47880852], [-121.51628423, 42.47913934], [-121.51646424, 42.4793553], [-121.51671574, 42.47975201], [-121.51670815, 42.48011614], [-121.51651517, 42.48031277], [-121.5157491, 42.4799095], [-121.5149858, 42.4795058], [-121.5143485, 42.4791256], [-121.5137885, 42.4786968], [-121.5133843, 42.4782805], [-121.5130685, 42.4778508], [-121.5128131, 42.4773746], [-121.512615, 42.4768656], [-121.5120747, 42.4752039], [-121.51104154, 42.47207905], [-121.5107469, 42.4711879], [-121.5100884, 42.4691802], [-121.5097579, 42.4681782], [-121.509578, 42.4676727], [-121.5093551, 42.4671755], [-121.5091124, 42.4667937], [-121.5088267, 42.4664236], [-121.5083981, 42.4659941], [-121.5074658, 42.4651858], [-121.5071148, 42.464832], [-121.5068429, 42.4645221], [-121.5065765, 42.464166], [-121.50649547, 42.46419205], [-121.50627572, 42.4638625], [-121.50605457, 42.46339393], [-121.5059837, 42.46319059], [-121.50596465, 42.46318702], [-121.50583202, 42.46261302], [-121.50585551, 42.46261302], [-121.50584531, 42.46197361], [-121.50589157, 42.46195441], [-121.5058858, 42.4618408], [-121.5059124, 42.461294], [-121.50594001, 42.46103115], [-121.50610089, 42.46103667], [-121.50605437, 42.4614313], [-121.50603577, 42.4617676], [-121.50611019, 42.46187054], [-121.50634742, 42.46200781], [-121.50640324, 42.46216909], [-121.50662186, 42.46242646], [-121.50677536, 42.46256372], [-121.50771032, 42.46276275], [-121.50836513, 42.46289605], [-121.50916055, 42.4630642], [-121.5100082, 42.46325319], [-121.51031055, 42.46333555], [-121.51054778, 42.46345908], [-121.51063696, 42.46352816], [-121.51094396, 42.46366542], [-121.5110556, 42.46361051], [-121.5111998, 42.46358649], [-121.51132074, 42.46358306], [-121.5113626, 42.46364483], [-121.51141377, 42.46375807], [-121.51150215, 42.46381983], [-121.51174868, 42.46390905], [-121.51198308, 42.4640128], [-121.51208077, 42.46404025], [-121.5121924, 42.46396133], [-121.51226218, 42.46395104], [-121.51229009, 42.46400594], [-121.5121831, 42.46412604], [-121.51246685, 42.46422898], [-121.51253662, 42.46417751], [-121.51262965, 42.46417065], [-121.51276753, 42.46419828], [-121.51310244, 42.46412966], [-121.51331641, 42.46407818], [-121.51351411, 42.46405073], [-121.5137932, 42.46406103], [-121.51407229, 42.46408505], [-121.51454675, 42.46410563], [-121.51491887, 42.46418799], [-121.51503051, 42.46415368], [-121.51518866, 42.4642223], [-121.51548171, 42.4642875], [-121.51566312, 42.46429093], [-121.51578871, 42.46429093], [-121.51584453, 42.46433554], [-121.51597012, 42.4644179], [-121.51607711, 42.46439044], [-121.51615153, 42.46443162], [-121.51613758, 42.46448309], [-121.5161934, 42.46462035], [-121.51629108, 42.46467525], [-121.51639806, 42.46466839], [-121.5165097, 42.46476447], [-121.51686186, 42.46492264], [-121.51708049, 42.46519372], [-121.51742397, 42.46535699], [-121.51765655, 42.46553199], [-121.517824, 42.46565552], [-121.51802402, 42.46574816], [-121.51839614, 42.46581679], [-121.51847057, 42.46583052], [-121.5185543, 42.46580307], [-121.51887991, 42.46585797], [-121.51917295, 42.46577562], [-121.51936832, 42.46570356], [-121.5194753, 42.46555944], [-121.51951252, 42.46543248], [-121.51953577, 42.46531924], [-121.51972929, 42.46481345], [-121.51981301, 42.46459727], [-121.51999443, 42.4643502], [-121.52013397, 42.46420952], [-121.52018049, 42.46409971], [-121.52042702, 42.46398647], [-121.52075263, 42.46384921], [-121.52085961, 42.46384921], [-121.52094799, 42.46373254], [-121.52107358, 42.46360215], [-121.52122708, 42.4634443], [-121.52134337, 42.46332077], [-121.52140384, 42.46323498], [-121.52145501, 42.46310115], [-121.52149687, 42.46299477], [-121.52153874, 42.46287467], [-121.52159921, 42.46279918], [-121.52168294, 42.46271682], [-121.52188295, 42.46264476], [-121.52219926, 42.46254868], [-121.52238997, 42.46252809], [-121.52273884, 42.46251779], [-121.52302258, 42.46254868], [-121.52320399, 42.46262417], [-121.52325516, 42.46274427], [-121.5233761, 42.46263103], [-121.52352029, 42.46256583], [-121.52370171, 42.46246289], [-121.52407848, 42.46232906], [-121.52409521, 42.46232426], [-121.54292909, 42.4819201], [-121.55985251, 42.49111584]]]}, "properties": {"zone_name": "US-OR-KLA-FHZ-1582-C", "level": 2, "fire_name": "Wrights Spring", "county": "Klamath", "addresses": 4, "unmatched_addresses": 0, "unmatched_fraction_pct": 0, "geometry_source": "cached", "geometry_cache_age_days": 0, "overlapping_zips": [{"zip": "97624", "fraction_pct": 100.0}]}}, {"type": "Feature", "geometry": {"type": "Polygon", "coordinates": [[[-121.55504346, 42.31690606], [-121.554742, 42.316645], [-121.55447, 42.316049], [-121.55324, 42.316069], [-121.55255, 42.31592], [-121.551733, 42.315117], [-121.55164317, 42.3143415], [-121.5516309, 42.314287], [-121.551014, 42.313023], [-121.550622, 42.31274], [-121.550186, 42.312599], [-121.549118, 42.312846], [-121.548133, 42.313559], [-121.54521, 42.315026], [-121.54441, 42.315283], [-121.543509, 42.316731], [-121.54237, 42.317292], [-121.5409171, 42.3174275], [-121.540726, 42.317468], [-121.539628, 42.316533], [-121.535945, 42.313958], [-121.53562, 42.313397], [-121.534735, 42.313117], [-121.534276, 42.312611], [-121.533766, 42.312419], [-121.533359, 42.312176], [-121.531031, 42.312087], [-121.530305, 42.312409], [-121.529806, 42.312422], [-121.52877626, 42.31210219], [-121.526287, 42.31156], [-121.522894, 42.309805], [-121.522424, 42.309416], [-121.520274, 42.306208], [-121.519699, 42.304952], [-121.51847, 42.303276], [-121.518658, 42.300656], [-121.518425, 42.300033], [-121.517457, 42.298778], [-121.51720753, 42.29839594], [-121.516881, 42.297699], [-121.5168, 42.293692], [-121.516123, 42.293016], [-121.51542675, 42.29298904], [-121.513137, 42.293029], [-121.51093, 42.293588], [-121.509206, 42.29289], [-121.508506, 42.292817], [-121.507227, 42.293411], [-121.506779, 42.293453], [-121.506259, 42.293618], [-121.50582841, 42.29367815], [-121.5041328, 42.2936523], [-121.501105, 42.29356], [-121.496435, 42.293384], [-121.486872, 42.293169], [-121.485971, 42.293179], [-121.486648, 42.292558], [-121.486839, 42.291928], [-121.4868437, 42.2853523], [-121.4868131, 42.2784778], [-121.4868085, 42.2692487], [-121.48680815, 42.26923514], [-121.4868199, 42.2692264], [-121.4877389, 42.26854796], [-121.4886579, 42.2678695], [-121.48949239, 42.26722031], [-121.4903269, 42.2665711], [-121.49091325, 42.26606885], [-121.49100593, 42.26598946], [-121.4914996, 42.2655666], [-121.49157709, 42.26549286], [-121.49214829, 42.26494926], [-121.49270826, 42.26441636], [-121.492797, 42.2643319], [-121.49313878, 42.26397539], [-121.49323185, 42.2638783], [-121.4936667, 42.2634247], [-121.4940831, 42.2629617], [-121.49410553, 42.26293676], [-121.4944995, 42.2624987], [-121.49531866, 42.26154815], [-121.4961379, 42.2605975], [-121.49661442, 42.26004931], [-121.49777432, 42.25871495], [-121.49918359, 42.25709367], [-121.49928869, 42.25697277], [-121.4994107, 42.2568324], [-121.49956536, 42.25665431], [-121.50106432, 42.2549283], [-121.50271591, 42.25302649], [-121.50366677, 42.25193344], [-121.50437, 42.25112503], [-121.5060241, 42.2492235], [-121.50663442, 42.24850593], [-121.5076401, 42.2473235], [-121.50906795, 42.24567467], [-121.51048115, 42.24404272], [-121.51207026, 42.2422106], [-121.51216049, 42.24210657], [-121.51226169, 42.24198989], [-121.5140276, 42.2399539], [-121.51466745, 42.23921626], [-121.5153073, 42.2384786], [-121.51556455, 42.2382008], [-121.5158218, 42.237923], [-121.516172, 42.2376133], [-121.5165222, 42.2373036], [-121.51691625, 42.2370118], [-121.5173103, 42.23672], [-121.5175609, 42.2365701], [-121.5178115, 42.2364202], [-121.5180698, 42.23627795], [-121.5183281, 42.2361357], [-121.5187893, 42.2359314], [-121.5192505, 42.2357271], [-121.51972865, 42.23553], [-121.5202068, 42.2353329], [-121.5212561, 42.234895], [-121.5264284, 42.2327642], [-121.5271854, 42.2324915], [-121.52748755, 42.2324026], [-121.5277897, 42.2323137], [-121.5283227, 42.2322023], [-121.5288398, 42.2321451], [-121.5293593, 42.2321213], [-121.5298882, 42.2321278], [-121.530374, 42.2321769], [-121.5308435, 42.232254], [-121.5312838, 42.2323596], [-121.5314767, 42.2324204], [-121.5316696, 42.2324812], [-121.53205979, 42.23263614], [-121.5322395, 42.2327075], [-121.53238217, 42.23277584], [-121.53242483, 42.23279627], [-121.5326299, 42.2328945], [-121.53311988, 42.23318328], [-121.53357162, 42.23344953], [-121.5344067, 42.2339417], [-121.53471715, 42.234101], [-121.5350276, 42.2342603], [-121.5353402, 42.2343876], [-121.5356528, 42.2345149], [-121.5359719, 42.23460235], [-121.536291, 42.2346898], [-121.5366221, 42.23475065], [-121.5369532, 42.2348115], [-121.53730025, 42.2348397], [-121.5376473, 42.2348679], [-121.53821875, 42.2348749], [-121.5387902, 42.2348819], [-121.54055559, 42.23487307], [-121.540572, 42.234898], [-121.540531, 42.235732], [-121.541169, 42.2366], [-121.543039, 42.241772], [-121.543655, 42.242564], [-121.54459, 42.243301], [-121.545569, 42.243273], [-121.546358, 42.243696], [-121.547226, 42.245412], [-121.547188, 42.245611], [-121.546807, 42.245781], [-121.546238, 42.245964], [-121.546749, 42.247322], [-121.546545, 42.24767], [-121.545765, 42.248159], [-121.545882, 42.248552], [-121.546208, 42.2491], [-121.547808, 42.250582], [-121.548816, 42.251896], [-121.550128, 42.254579], [-121.550305, 42.254725], [-121.551604, 42.254761], [-121.555127, 42.254641], [-121.55497, 42.258989], [-121.555182, 42.26048], [-121.555872, 42.262173], [-121.555568, 42.26421], [-121.555687, 42.264663], [-121.557173, 42.266194], [-121.5579074, 42.2674345], [-121.5579477, 42.2688623], [-121.5578047, 42.2695212], [-121.5567426, 42.2719143], [-121.5554557, 42.2732306], [-121.555204, 42.2737573], [-121.5552374, 42.2760311], [-121.5554904, 42.2765026], [-121.55628065, 42.27735272], [-121.5571157, 42.2781714], [-121.5575388, 42.2788404], [-121.559263, 42.2801215], [-121.560231, 42.281035], [-121.560443, 42.282589], [-121.560312, 42.28457], [-121.560479, 42.284942], [-121.56125, 42.28608], [-121.562599, 42.28687], [-121.563161, 42.287776], [-121.564254, 42.288791], [-121.5652909, 42.2895079], [-121.56549383, 42.28981373], [-121.566824, 42.291644], [-121.571074, 42.296758], [-121.57237, 42.298174], [-121.573678, 42.299178], [-121.57463, 42.30024], [-121.575379, 42.301498], [-121.57705, 42.302988], [-121.57793075, 42.30421081], [-121.55504346, 42.31690606]]]}, "properties": {"zone_name": "US-OR-KLA-KLA-1707", "level": 2, "fire_name": "Wrights Spring", "county": "Klamath", "addresses": 36, "unmatched_addresses": 0, "unmatched_fraction_pct": 0, "geometry_source": "cached", "geometry_cache_age_days": 0, "overlapping_zips": [{"zip": "97625", "fraction_pct": 83.8}, {"zip": "97623", "fraction_pct": 16.2}]}}, {"type": "Feature", "geometry": {"type": "Polygon", "coordinates": [[[-121.5059445, 42.4609884], [-121.5061068, 42.4599279], [-121.5062711, 42.4588786], [-121.5063942, 42.4581763], [-121.5064105, 42.4578105], [-121.5063741, 42.4574412], [-121.5062793, 42.4571723], [-121.5061481, 42.4569607], [-121.5059979, 42.4567632], [-121.50599222, 42.45675795], [-121.505739, 42.4565238], [-121.50642219, 42.45601528], [-121.50642708, 42.45572676], [-121.50642708, 42.45215966], [-121.50642708, 42.4507757], [-121.50640472, 42.45057454], [-121.50639968, 42.45058117], [-121.50640033, 42.45057157], [-121.5068717, 42.4498728], [-121.5070599, 42.4495782], [-121.5119555, 42.4419357], [-121.5120247, 42.4418281], [-121.51205206, 42.44178536], [-121.54137985, 42.44986931], [-121.53676012, 42.46445955], [-121.5367059, 42.46439156], [-121.53662682, 42.4643092], [-121.53649193, 42.46415136], [-121.53637564, 42.46407243], [-121.53622679, 42.46400381], [-121.53601282, 42.4639592], [-121.5356593, 42.4639592], [-121.53544998, 42.46393861], [-121.5353523, 42.46392145], [-121.53526392, 42.46390086], [-121.53514298, 42.46398665], [-121.53493831, 42.46411361], [-121.53485924, 42.46418567], [-121.5347569, 42.46431264], [-121.53469643, 42.46439842], [-121.53465922, 42.46445676], [-121.53458479, 42.46453568], [-121.53464061, 42.46458029], [-121.53471039, 42.46463519], [-121.53457084, 42.46468323], [-121.53447781, 42.46470382], [-121.5342964, 42.46470039], [-121.53412894, 42.46472098], [-121.53390102, 42.46475872], [-121.53367774, 42.46481019], [-121.53353355, 42.4649097], [-121.53342191, 42.46483764], [-121.53339865, 42.464745], [-121.5333847, 42.46468323], [-121.53330562, 42.46460774], [-121.53319863, 42.46453225], [-121.53298466, 42.46445676], [-121.53287768, 42.46440528], [-121.53297071, 42.46432979], [-121.53306839, 42.46424058], [-121.53327306, 42.46409989], [-121.53347773, 42.46402439], [-121.53359867, 42.46404155], [-121.53375217, 42.46405528], [-121.53388241, 42.46407243], [-121.53404521, 42.46402439], [-121.53420337, 42.46392145], [-121.53434757, 42.46390773], [-121.53457084, 42.46383223], [-121.53465457, 42.46377733], [-121.5346127, 42.46348909], [-121.53447316, 42.46337928], [-121.53441269, 42.46334496], [-121.53418011, 42.46332437], [-121.53395684, 42.4632077], [-121.53363123, 42.46314251], [-121.53354285, 42.46313907], [-121.53353355, 42.46305672], [-121.53351494, 42.4629675], [-121.5334033, 42.46293662], [-121.53327306, 42.46298809], [-121.53318933, 42.46306701], [-121.53317072, 42.46313564], [-121.53311491, 42.46307731], [-121.53297071, 42.46296407], [-121.53303118, 42.46286455], [-121.53293815, 42.46283024], [-121.53278465, 42.46275131], [-121.53268696, 42.46271014], [-121.53261719, 42.4627719], [-121.53249625, 42.462717], [-121.53243113, 42.46274102], [-121.53240787, 42.46285426], [-121.53232414, 42.46294005], [-121.53222646, 42.46285426], [-121.5322032, 42.462717], [-121.53207761, 42.46260376], [-121.53190085, 42.46268268], [-121.53178456, 42.46274445], [-121.53182643, 42.46285083], [-121.53198923, 42.46286799], [-121.53217529, 42.46319741], [-121.53207761, 42.46332437], [-121.53217529, 42.46339987], [-121.53239857, 42.46342046], [-121.5323381, 42.4635234], [-121.53223576, 42.46354742], [-121.5321846, 42.4635886], [-121.53206831, 42.4638391], [-121.53202179, 42.4639489], [-121.53184503, 42.46397979], [-121.53162641, 42.46397292], [-121.53138918, 42.4641342], [-121.53119382, 42.46420626], [-121.5311473, 42.46434009], [-121.53117521, 42.4645048], [-121.53125894, 42.46466264], [-121.53096124, 42.46475529], [-121.53086356, 42.4646798], [-121.530831, 42.46423028], [-121.53077518, 42.4640793], [-121.53071471, 42.46403126], [-121.53071006, 42.46390429], [-121.530831, 42.46385968], [-121.53074262, 42.46367782], [-121.53064494, 42.46367782], [-121.53042166, 42.46291603], [-121.53029607, 42.46292289], [-121.53020769, 42.4630327], [-121.53023095, 42.46312878], [-121.53007745, 42.46310819], [-121.53009605, 42.46302927], [-121.53001698, 42.46294691], [-121.52996116, 42.46297779], [-121.52992395, 42.46287142], [-121.53011001, 42.46247336], [-121.53005884, 42.4624013], [-121.52994873, 42.46241635], [-121.52983709, 42.46258107], [-121.52979058, 42.46246782], [-121.5297115, 42.4624541], [-121.5295487, 42.46255704], [-121.52944171, 42.46248498], [-121.52928356, 42.46259822], [-121.52914401, 42.46273548], [-121.52873933, 42.46290706], [-121.52832999, 42.46294481], [-121.52821835, 42.46291735], [-121.52818114, 42.46299628], [-121.52799973, 42.46309579], [-121.52784623, 42.46304432], [-121.52778576, 42.46309922], [-121.52782297, 42.46315413], [-121.52753923, 42.46325707], [-121.52747876, 42.46315413], [-121.52752062, 42.46308207], [-121.52743689, 42.46286931], [-121.52746946, 42.46281098], [-121.52746946, 42.46276294], [-121.52726944, 42.4625845], [-121.52734852, 42.4624423], [-121.52732526, 42.46230504], [-121.52741829, 42.46220209], [-121.52740433, 42.46212316], [-121.52730665, 42.46210601], [-121.52728805, 42.46198933], [-121.52727874, 42.46183148], [-121.52728339, 42.4616702], [-121.527302, 42.4613991], [-121.5271392, 42.46124468], [-121.52706477, 42.46110398], [-121.52692057, 42.4610834], [-121.52671591, 42.46111085], [-121.52650193, 42.46117262], [-121.52616237, 42.46129615], [-121.52599492, 42.46133047], [-121.52581351, 42.4614643], [-121.52572513, 42.46156725], [-121.52556232, 42.46171824], [-121.52532509, 42.46195502], [-121.52512508, 42.46208199], [-121.52494367, 42.46219866], [-121.52480877, 42.46219866], [-121.52462736, 42.46228445], [-121.52453898, 42.46225013], [-121.52441339, 42.46223297], [-121.52407848, 42.46232906], [-121.52370171, 42.46246289], [-121.52352029, 42.46256583], [-121.5233761, 42.46263103], [-121.52325516, 42.46274427], [-121.52320399, 42.46262417], [-121.52302258, 42.46254868], [-121.52273884, 42.46251779], [-121.52238997, 42.46252809], [-121.52219926, 42.46254868], [-121.52188295, 42.46264476], [-121.52168294, 42.46271682], [-121.52159921, 42.46279918], [-121.52153874, 42.46287467], [-121.52149687, 42.46299477], [-121.52145501, 42.46310115], [-121.52140384, 42.46323498], [-121.52134337, 42.46332077], [-121.52122708, 42.4634443], [-121.52107358, 42.46360215], [-121.52094799, 42.46373254], [-121.52085961, 42.46384921], [-121.52075263, 42.46384921], [-121.52042702, 42.46398647], [-121.52018049, 42.46409971], [-121.52013397, 42.46420952], [-121.51999443, 42.4643502], [-121.51981301, 42.46459727], [-121.51972929, 42.46481345], [-121.51953577, 42.46531924], [-121.51951252, 42.46543248], [-121.5194753, 42.46555944], [-121.51936832, 42.46570356], [-121.51917295, 42.46577562], [-121.51887991, 42.46585797], [-121.5185543, 42.46580307], [-121.51847057, 42.46583052], [-121.51839614, 42.46581679], [-121.51802402, 42.46574816], [-121.517824, 42.46565552], [-121.51765655, 42.46553199], [-121.51742397, 42.46535699], [-121.51708049, 42.46519372], [-121.51686186, 42.46492264], [-121.5165097, 42.46476447], [-121.51639806, 42.46466839], [-121.51629108, 42.46467525], [-121.5161934, 42.46462035], [-121.51613758, 42.46448309], [-121.51615153, 42.46443162], [-121.51607711, 42.46439044], [-121.51597012, 42.4644179], [-121.51584453, 42.46433554], [-121.51578871, 42.46429093], [-121.51566312, 42.46429093], [-121.51548171, 42.4642875], [-121.51518866, 42.4642223], [-121.51503051, 42.46415368], [-121.51491887, 42.46418799], [-121.51454675, 42.46410563], [-121.51407229, 42.46408505], [-121.5137932, 42.46406103], [-121.51351411, 42.46405073], [-121.51331641, 42.46407818], [-121.51310244, 42.46412966], [-121.51276753, 42.46419828], [-121.51262965, 42.46417065], [-121.51253662, 42.46417751], [-121.51246685, 42.46422898], [-121.5121831, 42.46412604], [-121.51229009, 42.46400594], [-121.51226218, 42.46395104], [-121.5121924, 42.46396133], [-121.51208077, 42.46404025], [-121.51198308, 42.4640128], [-121.51174868, 42.46390905], [-121.51150215, 42.46381983], [-121.51141377, 42.46375807], [-121.5113626, 42.46364483], [-121.51132074, 42.46358306], [-121.5111998, 42.46358649], [-121.5110556, 42.46361051], [-121.51094396, 42.46366542], [-121.51063696, 42.46352816], [-121.51054778, 42.46345908], [-121.51031055, 42.46333555], [-121.5100082, 42.46325319], [-121.50916055, 42.4630642], [-121.50836513, 42.46289605], [-121.50771032, 42.46276275], [-121.50677536, 42.46256372], [-121.50662186, 42.46242646], [-121.50640324, 42.46216909], [-121.50634742, 42.46200781], [-121.50611019, 42.46187054], [-121.50603577, 42.4617676], [-121.50605437, 42.4614313], [-121.50610089, 42.46103667], [-121.50594001, 42.46103115], [-121.5059445, 42.4609884]]]}, "properties": {"zone_name": "US-OR-KLA-KLA-1381-A", "level": 2, "fire_name": "Wrights Spring", "county": "Klamath", "addresses": 14, "unmatched_addresses": 2, "unmatched_fraction_pct": 16.7, "geometry_source": "cached", "geometry_cache_age_days": 0, "overlapping_zips": [{"zip": "97624", "fraction_pct": 63.6}, {"zip": "97639", "fraction_pct": 19.7}]}}, {"type": "Feature", "geometry": {"type": "Polygon", "coordinates": [[[-121.6916359, 42.565136], [-121.69148994, 42.56513231], [-121.6912287, 42.5651257], [-121.6908298, 42.5651532], [-121.6904397, 42.5652298], [-121.6901438, 42.5653207], [-121.6898592, 42.5654468], [-121.6895994, 42.565598], [-121.6893757, 42.5657655], [-121.688496, 42.566404], [-121.6882348, 42.5665317], [-121.6879463, 42.5666392], [-121.6876868, 42.5666937], [-121.6874258, 42.5667266], [-121.6871331, 42.5667321], [-121.686839, 42.5667075], [-121.6866391, 42.5666703], [-121.6864508, 42.5666182], [-121.6862745, 42.5665533], [-121.6860985, 42.566474], [-121.6849434, 42.5658577], [-121.6835555, 42.5650902], [-121.68350419, 42.56506265], [-121.68359254, 42.56498619], [-121.68375904, 42.56504182], [-121.68408336, 42.56504915], [-121.68414901, 42.56495359], [-121.68435813, 42.5644595], [-121.68451638, 42.56442306], [-121.68461907, 42.56434295], [-121.68472177, 42.56431416], [-121.68494412, 42.56423459], [-121.68523206, 42.56425767], [-121.68562336, 42.56405681], [-121.68587288, 42.56381702], [-121.68600352, 42.56361497], [-121.68608441, 42.56313862], [-121.68607873, 42.56297441], [-121.68603002, 42.56280568], [-121.68551991, 42.5622939], [-121.68506024, 42.56207056], [-121.68502554, 42.56192036], [-121.68481089, 42.56170694], [-121.68478291, 42.56161054], [-121.68434025, 42.56145889], [-121.6839234, 42.56145644], [-121.68352407, 42.56132067], [-121.68324894, 42.56116356], [-121.68315254, 42.56107373], [-121.68245119, 42.56075392], [-121.68240402, 42.5608236], [-121.6822814, 42.56081137], [-121.68197384, 42.5608773], [-121.6817894, 42.560854], [-121.68159529, 42.56087175], [-121.68151883, 42.56087436], [-121.68120259, 42.56097073], [-121.68110876, 42.56095887], [-121.68077233, 42.56076829], [-121.68056697, 42.5605309], [-121.68006129, 42.56015241], [-121.67967872, 42.55973588], [-121.67944947, 42.55922345], [-121.67931753, 42.55870663], [-121.67921024, 42.55865336], [-121.67915855, 42.55853573], [-121.67903539, 42.55849885], [-121.67905522, 42.55830108], [-121.67897973, 42.55828029], [-121.67896779, 42.55816589], [-121.67888983, 42.55808254], [-121.67895088, 42.55800505], [-121.67891808, 42.55794659], [-121.67888529, 42.55776673], [-121.67894384, 42.55773022], [-121.67899138, 42.55756371], [-121.67880337, 42.557384], [-121.67875703, 42.55731463], [-121.67873054, 42.55712238], [-121.6787537, 42.55697548], [-121.67888806, 42.55682272], [-121.67887879, 42.55674927], [-121.67896087, 42.5566612], [-121.6790714, 42.55644262], [-121.67900546, 42.55644747], [-121.67893356, 42.55651523], [-121.67883188, 42.55645865], [-121.67878103, 42.55638355], [-121.67883742, 42.55635818], [-121.67884058, 42.5562026], [-121.67899068, 42.55603239], [-121.67901661, 42.55597098], [-121.679486, 42.556008], [-121.68131, 42.556043], [-121.682855, 42.556293], [-121.683799, 42.556374], [-121.684647, 42.55627], [-121.686039, 42.555615], [-121.686598, 42.555508], [-121.688334, 42.555519], [-121.691232, 42.5552], [-121.692193, 42.555345], [-121.692872, 42.55567], [-121.6939336, 42.5567749], [-121.694146, 42.556947], [-121.694254, 42.557553], [-121.695031, 42.559585], [-121.695545, 42.561401], [-121.6955599, 42.5615578], [-121.69538729, 42.56343959], [-121.69487152, 42.56617586], [-121.69255, 42.565373], [-121.6920937, 42.5652136], [-121.6916359, 42.565136]]]}, "properties": {"zone_name": "US-OR-KLA-KLA-1161", "level": 2, "fire_name": "Wrights Spring", "county": "Klamath", "addresses": 4, "unmatched_addresses": 0, "unmatched_fraction_pct": 0, "geometry_source": "cached", "geometry_cache_age_days": 0, "overlapping_zips": [{"zip": "97624", "fraction_pct": 100.0}]}}, {"type": "Feature", "geometry": {"type": "Polygon", "coordinates": [[[-121.47392171, 42.36916422], [-121.44669666, 42.3693391], [-121.446669, 42.369414], [-121.44655981, 42.36963115], [-121.44086865, 42.36970949], [-121.43828383, 42.36945778], [-121.43823757, 42.36945691], [-121.43590908, 42.36942136], [-121.435824, 42.367126], [-121.436118, 42.366737], [-121.43564537, 42.36657566], [-121.4338467, 42.3654738], [-121.434807, 42.364313], [-121.43497025, 42.36415044], [-121.4350575, 42.364057], [-121.43454717, 42.36320106], [-121.433777, 42.36281], [-121.433722, 42.362424], [-121.4340742, 42.3622089], [-121.4349968, 42.3621906], [-121.4356378, 42.3619845], [-121.4362873, 42.3613342], [-121.4362109, 42.3607424], [-121.4356092, 42.3603128], [-121.435451, 42.360038], [-121.43583646, 42.35846882], [-121.435765, 42.357815], [-121.435613, 42.357574], [-121.435697, 42.356971], [-121.436535, 42.35579], [-121.437017, 42.354212], [-121.437747, 42.353573], [-121.438054, 42.353024], [-121.43798, 42.352356], [-121.43700391, 42.35079008], [-121.43692, 42.350692], [-121.436333, 42.350076], [-121.4363104, 42.3496626], [-121.436359, 42.3472], [-121.43616, 42.34508], [-121.436429, 42.344642], [-121.436272, 42.343972], [-121.43626047, 42.3426752], [-121.436204, 42.342141], [-121.43568625, 42.34193985], [-121.435546, 42.341898], [-121.43408, 42.341683], [-121.431869, 42.341937], [-121.42146, 42.341967], [-121.420739, 42.341684], [-121.420142, 42.341651], [-121.419489, 42.341918], [-121.41437434, 42.34192723], [-121.413101, 42.341931], [-121.413769, 42.341181], [-121.413437, 42.340594], [-121.413371, 42.339584], [-121.413419, 42.339233], [-121.413793, 42.33905], [-121.417718, 42.339014], [-121.419044, 42.33875], [-121.420943, 42.33881], [-121.422366, 42.339048], [-121.42374922, 42.33899185], [-121.423968, 42.338994], [-121.4238059, 42.33763274], [-121.422544, 42.336848], [-121.422015, 42.336205], [-121.4219821, 42.33614851], [-121.420814, 42.332681], [-121.419696, 42.331369], [-121.4195781, 42.33068858], [-121.419786, 42.330202], [-121.420283, 42.329807], [-121.42278156, 42.32904723], [-121.422796, 42.329045], [-121.424402, 42.328669], [-121.42598085, 42.32724869], [-121.428466, 42.325745], [-121.430095, 42.324989], [-121.43233218, 42.32401371], [-121.435381, 42.323276], [-121.43713568, 42.32282566], [-121.47392171, 42.36916422]]]}, "properties": {"zone_name": "US-OR-KLA-KLA-1717", "level": 2, "fire_name": "Wrights Spring", "county": "Klamath", "addresses": 33, "unmatched_addresses": 0, "unmatched_fraction_pct": 0, "geometry_source": "cached", "geometry_cache_age_days": 0, "overlapping_zips": [{"zip": "97623", "fraction_pct": 93.0}, {"zip": "97639", "fraction_pct": 7.0}]}}, {"type": "Feature", "geometry": {"type": "Polygon", "coordinates": [[[-121.7429424, 42.51929194], [-121.74203459, 42.5206481], [-121.73923683, 42.52482761], [-121.73974991, 42.52620357], [-121.73957888, 42.52667622], [-121.73933601, 42.52704448], [-121.73880868, 42.52754864], [-121.73835261, 42.52800027], [-121.73677061, 42.52884052], [-121.73451876, 42.5302269], [-121.7337919, 42.53089907], [-121.73327882, 42.53168676], [-121.73289401, 42.53223289], [-121.73240944, 42.53299956], [-121.7324807, 42.53382923], [-121.73272299, 42.53537303], [-121.73253597, 42.53596618], [-121.73209416, 42.5367223], [-121.73166659, 42.53718438], [-121.73112501, 42.53817152], [-121.72941474, 42.54261345], [-121.72920096, 42.54383152], [-121.7288304, 42.54668758], [-121.72650729, 42.55004748], [-121.72535286, 42.55309224], [-121.72479703, 42.55452007], [-121.72475427, 42.55579039], [-121.72271621, 42.5601576], [-121.72160453, 42.56163776], [-121.72024733, 42.56346266], [-121.72023308, 42.56406099], [-121.72050387, 42.56513168], [-121.72056088, 42.56576149], [-121.72056088, 42.56627583], [-121.72027584, 42.56703159], [-121.71899314, 42.57006502], [-121.71876036, 42.57045736], [-121.71706435, 42.57215768], [-121.71648001, 42.5730603], [-121.71617949, 42.57363143], [-121.7149577, 42.5732078], [-121.7125806, 42.5723721], [-121.7095048, 42.5713161], [-121.70925955, 42.57122957], [-121.7028591, 42.5689713], [-121.6949474, 42.5662021], [-121.69487152, 42.56617586], [-121.69538729, 42.56343959], [-121.6955599, 42.5615578], [-121.695545, 42.561401], [-121.695031, 42.559585], [-121.694254, 42.557553], [-121.694146, 42.556947], [-121.694781, 42.556617], [-121.695207, 42.556589], [-121.695995, 42.555126], [-121.698241, 42.554636], [-121.700438, 42.555064], [-121.702155, 42.554208], [-121.702895, 42.550187], [-121.703758, 42.549275], [-121.704703, 42.549001], [-121.705497, 42.548326], [-121.706502, 42.547926], [-121.707314, 42.547884], [-121.708601, 42.548108], [-121.709127, 42.548331], [-121.710839, 42.547427], [-121.712159, 42.547153], [-121.712986, 42.546409], [-121.71271, 42.541936], [-121.713631, 42.541011], [-121.714037, 42.540168], [-121.715051, 42.538917], [-121.715947, 42.537433], [-121.716099, 42.536043], [-121.716343, 42.535303], [-121.718067, 42.53101], [-121.719951, 42.527106], [-121.720329, 42.526672], [-121.720956, 42.526461], [-121.72448, 42.526143], [-121.725501, 42.526385], [-121.726023, 42.526892], [-121.72621, 42.526226], [-121.726874, 42.525166], [-121.7269035, 42.5247226], [-121.726862, 42.524484], [-121.72665063, 42.52424578], [-121.726185, 42.523721], [-121.723917, 42.521861], [-121.723275, 42.521526], [-121.721355, 42.520973], [-121.719921, 42.520025], [-121.719086, 42.518971], [-121.7190346, 42.5183751], [-121.719046, 42.517228], [-121.719862, 42.515442], [-121.720197, 42.514878], [-121.721606, 42.513817], [-121.721947, 42.513391], [-121.721914, 42.512547], [-121.72109, 42.511469], [-121.720467, 42.508735], [-121.720451, 42.508125], [-121.72068185, 42.5076288], [-121.7208331, 42.5074111], [-121.721413, 42.506871], [-121.722947, 42.50609], [-121.724429, 42.504062], [-121.725855, 42.502672], [-121.725923, 42.502414], [-121.725289, 42.501512], [-121.724961, 42.500345], [-121.7250397, 42.4988069], [-121.725459, 42.496972], [-121.726014, 42.496079], [-121.727544, 42.495036], [-121.728444, 42.494617], [-121.731128, 42.493699], [-121.731747, 42.493087], [-121.732903, 42.491325], [-121.733939, 42.4909], [-121.73584179, 42.49087184], [-121.736438, 42.490831], [-121.74048, 42.490033], [-121.7415159, 42.4896636], [-121.743941, 42.488912], [-121.746463, 42.488843], [-121.74771682, 42.48841491], [-121.748223, 42.487836], [-121.748383, 42.4874], [-121.748559, 42.484205], [-121.748734, 42.483276], [-121.749363, 42.481991], [-121.749883, 42.48138], [-121.75125455, 42.48101726], [-121.759698, 42.478418], [-121.7605054, 42.4777119], [-121.761247, 42.47641], [-121.76146586, 42.47630094], [-121.761819, 42.476125], [-121.762597, 42.476093], [-121.76301, 42.476204], [-121.763439, 42.476537], [-121.76409, 42.477236], [-121.76436, 42.477966], [-121.76457795, 42.47945825], [-121.764599, 42.480189], [-121.764345, 42.481316], [-121.764075, 42.48184], [-121.762666, 42.483271], [-121.762353, 42.483856], [-121.762163, 42.486524], [-121.761743, 42.489021], [-121.761801, 42.489729], [-121.762955, 42.490627], [-121.763375, 42.491162], [-121.763781, 42.49299], [-121.76362825, 42.49333124], [-121.76316, 42.493603], [-121.762627, 42.4936501], [-121.76182, 42.493802], [-121.761512, 42.494], [-121.760132, 42.496005], [-121.758456, 42.497237], [-121.758182, 42.497692], [-121.757507, 42.499979], [-121.758395, 42.502796], [-121.758399, 42.503338], [-121.7582149, 42.5038022], [-121.757186, 42.505333], [-121.7570648, 42.5062288], [-121.756855, 42.506926], [-121.755325, 42.508295], [-121.75449, 42.508773], [-121.753354, 42.5091], [-121.748852, 42.509856], [-121.747963, 42.510312], [-121.7474, 42.511061], [-121.747282, 42.511447], [-121.7472287, 42.514229], [-121.746378, 42.516813], [-121.745798, 42.518115], [-121.743083, 42.519176], [-121.7430094, 42.51934132], [-121.7429424, 42.51929194]]]}, "properties": {"zone_name": "US-OR-KLA-KLA-1156", "level": 2, "fire_name": "Wrights Spring", "county": "Klamath", "addresses": 25, "unmatched_addresses": 14, "unmatched_fraction_pct": 57.4, "geometry_source": "cached", "geometry_cache_age_days": 0, "overlapping_zips": [{"zip": "97624", "fraction_pct": 42.6}]}}, {"type": "Feature", "geometry": {"type": "Polygon", "coordinates": [[[-121.62158993, 42.54540131], [-121.621689, 42.54516], [-121.624326, 42.54214], [-121.6252089, 42.540676], [-121.625783, 42.54015], [-121.627922, 42.539542], [-121.628325, 42.53917], [-121.629296, 42.537602], [-121.630421, 42.537104], [-121.63128418, 42.53602581], [-121.631707, 42.535491], [-121.632383, 42.535211], [-121.633412, 42.533951], [-121.633795, 42.533035], [-121.634595, 42.532556], [-121.636348, 42.532213], [-121.636079, 42.533581], [-121.636582, 42.534493], [-121.636922, 42.534716], [-121.63917007, 42.53501993], [-121.641842, 42.536353], [-121.642646, 42.5365017], [-121.644447, 42.536212], [-121.645679, 42.536385], [-121.646452, 42.536681], [-121.647739, 42.537503], [-121.650999, 42.538143], [-121.653474, 42.53928], [-121.6545, 42.539972], [-121.655883, 42.541144], [-121.657632, 42.542086], [-121.658979, 42.543015], [-121.659744, 42.543299], [-121.659907, 42.544066], [-121.661174, 42.545307], [-121.662258, 42.54606], [-121.662701, 42.546611], [-121.663533, 42.548145], [-121.665671, 42.551222], [-121.666451, 42.552132], [-121.668017, 42.55355], [-121.669464, 42.554498], [-121.671063, 42.554815], [-121.673249, 42.554849], [-121.675628, 42.555574], [-121.676595, 42.55578], [-121.67853259, 42.55593281], [-121.67684179, 42.55655488], [-121.6758859, 42.55743012], [-121.67569744, 42.55736801], [-121.67545089, 42.55744124], [-121.67481713, 42.55791356], [-121.67444198, 42.5581319], [-121.67405702, 42.55804635], [-121.67378914, 42.55801704], [-121.67318877, 42.55805803], [-121.67275169, 42.55808943], [-121.67200164, 42.55827671], [-121.67120437, 42.55833875], [-121.67112353, 42.55802817], [-121.67101277, 42.5577837], [-121.67074027, 42.55775644], [-121.67082587, 42.55785506], [-121.67078404, 42.55808213], [-121.67057291, 42.55814597], [-121.67029213, 42.55830624], [-121.67007843, 42.55862955], [-121.66985026, 42.55888203], [-121.66905865, 42.55900606], [-121.66793466, 42.55914952], [-121.66672967, 42.55911401], [-121.66416527, 42.55869072], [-121.66135951, 42.55772867], [-121.65891801, 42.55700692], [-121.65868277, 42.55690451], [-121.65832448, 42.5569257], [-121.65771257, 42.55710031], [-121.65734118, 42.55722549], [-121.65660928, 42.5577116], [-121.65624333, 42.55795465], [-121.65598366, 42.55823891], [-121.65523222, 42.55915777], [-121.65467097, 42.559883], [-121.65403189, 42.56027538], [-121.65365083, 42.56042625], [-121.65311315, 42.56047824], [-121.65208448, 42.56036595], [-121.65116769, 42.56017951], [-121.64874403, 42.55896849], [-121.64754575, 42.55860745], [-121.64653328, 42.55802401], [-121.64556321, 42.55735865], [-121.64494154, 42.5567104], [-121.64457308, 42.55541848], [-121.64410145, 42.55397453], [-121.64340875, 42.55310598], [-121.6405053, 42.55131455], [-121.63952388, 42.55109636], [-121.63838934, 42.55113378], [-121.63616911, 42.55193197], [-121.63567282, 42.55212206], [-121.6354088, 42.55210684], [-121.63523941, 42.55234562], [-121.63416419, 42.55275549], [-121.63338874, 42.5528512], [-121.63289817, 42.55283861], [-121.63223776, 42.55305781], [-121.63190349, 42.55321557], [-121.63167432, 42.55335698], [-121.63151698, 42.553407], [-121.63140417, 42.55347315], [-121.63100408, 42.55347677], [-121.63008655, 42.55361386], [-121.62961953, 42.55359704], [-121.62941537, 42.5536587], [-121.62911981, 42.5534943], [-121.62804563, 42.55287779], [-121.62707593, 42.55223723], [-121.62645723, 42.55169313], [-121.62594954, 42.55112017], [-121.62562447, 42.55084347], [-121.62557363, 42.55074473], [-121.62547774, 42.55062186], [-121.62540143, 42.5504028], [-121.62538388, 42.55005868], [-121.62541205, 42.5499262], [-121.62542335, 42.54978342], [-121.62534978, 42.54964065], [-121.62480991, 42.54906981], [-121.62465544, 42.54848122], [-121.62453102, 42.54835435], [-121.62394979, 42.548177], [-121.62325536, 42.54779114], [-121.62301307, 42.54749814], [-121.62270407, 42.54729445], [-121.62253628, 42.54702345], [-121.62216585, 42.54675301], [-121.62209701, 42.54654377], [-121.62196106, 42.54627469], [-121.62195057, 42.54610721], [-121.62197842, 42.54593973], [-121.62215431, 42.54562255], [-121.62228549, 42.54541832], [-121.62229003, 42.54528551], [-121.62212528, 42.54512681], [-121.62184876, 42.54513817], [-121.62162605, 42.54540273], [-121.62158993, 42.54540131]]]}, "properties": {"zone_name": "US-OR-KLA-KLA-1162", "level": 3, "fire_name": "Wrights Spring", "county": "Klamath", "addresses": 2, "unmatched_addresses": 0, "unmatched_fraction_pct": 1.1, "geometry_source": "cached", "geometry_cache_age_days": 0, "overlapping_zips": [{"zip": "97624", "fraction_pct": 98.9}]}}, {"type": "Feature", "geometry": {"type": "Polygon", "coordinates": [[[-121.57059759, 42.47221896], [-121.574317, 42.472221], [-121.576025, 42.471974], [-121.577306, 42.472161], [-121.577828, 42.472077], [-121.578222, 42.471717], [-121.578862, 42.47146], [-121.583262, 42.472083], [-121.584624, 42.47214], [-121.586603, 42.471392], [-121.587181, 42.470979], [-121.587441, 42.470285], [-121.587395, 42.469418], [-121.58791, 42.468615], [-121.590252, 42.468358], [-121.591296, 42.468738], [-121.592898, 42.470337], [-121.593672, 42.470741], [-121.594225, 42.471807], [-121.595483, 42.472543], [-121.595918, 42.472593], [-121.5961988, 42.4728042], [-121.596612, 42.473303], [-121.59654, 42.474955], [-121.597029, 42.477518], [-121.600019, 42.479808], [-121.601838, 42.481572], [-121.602649, 42.482616], [-121.60421, 42.483518], [-121.606625, 42.485565], [-121.609655, 42.486776], [-121.610491, 42.48727], [-121.61153, 42.487466], [-121.615018, 42.487498], [-121.615473, 42.487781], [-121.615924, 42.487847], [-121.618312, 42.487097], [-121.6190554, 42.4865637], [-121.619692, 42.485653], [-121.62049806, 42.48546229], [-121.621175, 42.485897], [-121.622869, 42.485827], [-121.622599, 42.486337], [-121.622772, 42.488759], [-121.622517, 42.488959], [-121.621954, 42.489088], [-121.620276, 42.490493], [-121.619198, 42.491288], [-121.61856325, 42.4925822], [-121.618189, 42.493682], [-121.618465, 42.494726], [-121.618422, 42.495069], [-121.6178183, 42.4957755], [-121.616511, 42.496846], [-121.616119, 42.496888], [-121.616234, 42.49728], [-121.615831, 42.497675], [-121.615143, 42.497836], [-121.614697, 42.498252], [-121.613711, 42.498687], [-121.613624, 42.498543], [-121.613907, 42.498162], [-121.613792, 42.498006], [-121.612011, 42.499042], [-121.610287, 42.499823], [-121.608722, 42.500374], [-121.607735, 42.500364], [-121.608, 42.500793], [-121.607951, 42.501665], [-121.608583, 42.502201], [-121.609302, 42.502314], [-121.612248, 42.503352], [-121.61340469, 42.50366004], [-121.61338049, 42.50368217], [-121.61310844, 42.50366168], [-121.6131234, 42.50380365], [-121.61310233, 42.50392285], [-121.61271621, 42.50414191], [-121.61221688, 42.50436098], [-121.61180488, 42.50440455], [-121.61132532, 42.50417252], [-121.61067688, 42.50407151], [-121.61015742, 42.50386557], [-121.60971661, 42.50373639], [-121.60886896, 42.50354376], [-121.60823412, 42.50337177], [-121.6080213, 42.50335113], [-121.60757183, 42.50321816], [-121.60760061, 42.50309241], [-121.60765601, 42.50300031], [-121.60762232, 42.50293803], [-121.60750499, 42.50293295], [-121.60746791, 42.5029848], [-121.60735636, 42.50298215], [-121.6072941, 42.50290401], [-121.60703006, 42.50289684], [-121.60687874, 42.50288888], [-121.60680461, 42.50283714], [-121.6065942, 42.50263238], [-121.60556668, 42.50217085], [-121.6054879, 42.50219618], [-121.60512419, 42.50203946], [-121.60499475, 42.50190142], [-121.60495396, 42.5017587], [-121.60463018, 42.50144526], [-121.60437605, 42.50128819], [-121.60411283, 42.50120649], [-121.60344293, 42.50113145], [-121.60229895, 42.50072153], [-121.60168022, 42.50046273], [-121.60171856, 42.50020238], [-121.60198769, 42.49996205], [-121.60251915, 42.49977665], [-121.60281793, 42.49939001], [-121.60281465, 42.49920104], [-121.60257935, 42.49895745], [-121.6022962, 42.49878442], [-121.6021319, 42.49870167], [-121.60215302, 42.49842488], [-121.60217134, 42.4982197], [-121.60224909, 42.49788895], [-121.60237071, 42.49771], [-121.6023709, 42.49758166], [-121.60229983, 42.49762049], [-121.60215491, 42.49782063], [-121.60196384, 42.49786435], [-121.60186766, 42.49780312], [-121.6016257, 42.49789086], [-121.60168422, 42.49753163], [-121.60160071, 42.49734269], [-121.60219877, 42.4971427], [-121.6018024, 42.49710431], [-121.60150339, 42.49727299], [-121.60137167, 42.49752646], [-121.60127211, 42.4975814], [-121.60117255, 42.49763634], [-121.60105581, 42.49749773], [-121.60103644, 42.4971327], [-121.60067357, 42.49713772], [-121.60046749, 42.49699697], [-121.60016938, 42.4970221], [-121.60004418, 42.49668784], [-121.59998034, 42.4966803], [-121.59943986, 42.49683571], [-121.59883954, 42.49666574], [-121.59833102, 42.49662924], [-121.59780863, 42.49571491], [-121.59766931, 42.49494835], [-121.59750214, 42.494703], [-121.59383063, 42.49257779], [-121.59015423, 42.49075444], [-121.58947426, 42.49067852], [-121.58840082, 42.4901454], [-121.58844129, 42.48951307], [-121.5875268, 42.48865756], [-121.58783246, 42.48824196], [-121.58749945, 42.48734429], [-121.58720149, 42.48700048], [-121.58696761, 42.48676597], [-121.58679946, 42.4867011], [-121.58638047, 42.48670352], [-121.58620345, 42.48659235], [-121.5860374, 42.4863075], [-121.58562486, 42.48622663], [-121.58520137, 42.48583473], [-121.58510303, 42.48563517], [-121.58516143, 42.48561472], [-121.58519959, 42.48551062], [-121.58502261, 42.48534306], [-121.58503204, 42.48523748], [-121.58529627, 42.48474683], [-121.58535362, 42.4845225], [-121.58509677, 42.48418636], [-121.58486672, 42.48411705], [-121.58476145, 42.48394562], [-121.58473106, 42.48377418], [-121.58501418, 42.48353718], [-121.58506333, 42.48334389], [-121.58472465, 42.48303233], [-121.5843253, 42.48282145], [-121.58379265, 42.4812345], [-121.58396889, 42.48097041], [-121.58437226, 42.48083338], [-121.58468557, 42.48065981], [-121.58524724, 42.47970961], [-121.58516459, 42.47955137], [-121.58490617, 42.47950148], [-121.58479122, 42.47928453], [-121.58458398, 42.47943676], [-121.58411245, 42.4793885], [-121.58362333, 42.47970429], [-121.5834438, 42.47970822], [-121.58324851, 42.47965469], [-121.58275926, 42.47894854], [-121.58274172, 42.47883973], [-121.58188389, 42.47774806], [-121.58186602, 42.47754708], [-121.5820169, 42.47735499], [-121.58246611, 42.47719847], [-121.58294545, 42.47685525], [-121.58279849, 42.47656615], [-121.58250688, 42.47640597], [-121.5823576, 42.47569887], [-121.58189493, 42.47516514], [-121.58202821, 42.47492716], [-121.58201083, 42.47474698], [-121.58155164, 42.47492729], [-121.57919734, 42.4749166], [-121.57903231, 42.47460872], [-121.57882091, 42.47495517], [-121.57862574, 42.47468554], [-121.57836395, 42.47455215], [-121.57799783, 42.47438588], [-121.57740812, 42.47312895], [-121.57709303, 42.47292228], [-121.57618731, 42.47265993], [-121.57567037, 42.47247328], [-121.57534683, 42.47236939], [-121.57510046, 42.47234912], [-121.57468231, 42.4724095], [-121.57428518, 42.4726015], [-121.57399606, 42.47280943], [-121.57362694, 42.47286991], [-121.57339103, 42.47277638], [-121.57307581, 42.47279246], [-121.57276704, 42.47287976], [-121.57248401, 42.47292152], [-121.57222156, 42.47287597], [-121.57202086, 42.47287597], [-121.5718459, 42.47287597], [-121.57166064, 42.47281144], [-121.57130041, 42.4726748], [-121.57102252, 42.47255333], [-121.57071376, 42.47232179], [-121.57059759, 42.47221896]]]}, "properties": {"zone_name": "US-OR-KLA-KLA-1167", "level": 3, "fire_name": "Wrights Spring", "county": "Klamath", "addresses": 2, "unmatched_addresses": 1, "unmatched_fraction_pct": 41.0, "geometry_source": "cached", "geometry_cache_age_days": 0, "overlapping_zips": [{"zip": "97624", "fraction_pct": 58.9}, {"zip": "97639", "fraction_pct": 0.1}]}}, {"type": "Feature", "geometry": {"type": "Polygon", "coordinates": [[[-121.54808543, 42.42869149], [-121.55067514, 42.42876133], [-121.55064657, 42.42514427], [-121.55549239, 42.42527069], [-121.55551214, 42.42887879], [-121.56519703, 42.42913516], [-121.56545413, 42.46504633], [-121.5652217, 42.47067536], [-121.56489322, 42.47090075], [-121.56436187, 42.47130836], [-121.56402181, 42.47154351], [-121.56391554, 42.47171596], [-121.56358611, 42.47188057], [-121.56306539, 42.47211572], [-121.56253405, 42.47206869], [-121.56241715, 42.4719276], [-121.56228963, 42.47173164], [-121.56213022, 42.47179435], [-121.5618858, 42.47205302], [-121.56157762, 42.47214708], [-121.56132258, 42.4717238], [-121.5608975, 42.47098697], [-121.56051493, 42.47029717], [-121.56024926, 42.46925462], [-121.55993672, 42.46819685], [-121.55938412, 42.46722482], [-121.5592566, 42.46662904], [-121.55918616, 42.46560884], [-121.55898425, 42.46477787], [-121.55938807, 42.46186155], [-121.55952622, 42.46063853], [-121.55947309, 42.45914109], [-121.55946246, 42.45867069], [-121.55996192, 42.45722808], [-121.56040421, 42.45619364], [-121.56051048, 42.45530766], [-121.56042546, 42.45461769], [-121.56024481, 42.45439815], [-121.55958594, 42.45486859], [-121.55892707, 42.45524494], [-121.55843823, 42.45551152], [-121.55817256, 42.45551152], [-121.55785375, 42.45542527], [-121.55764122, 42.4552371], [-121.55744993, 42.45408452], [-121.55717363, 42.45323772], [-121.55704611, 42.45288488], [-121.55715238, 42.45220272], [-121.55715238, 42.45137157], [-121.55695047, 42.45069724], [-121.55615345, 42.45018756], [-121.55522636, 42.44944636], [-121.55403615, 42.44870143], [-121.553898, 42.44832504], [-121.55377048, 42.44821526], [-121.55327101, 42.44805059], [-121.55283531, 42.44749384], [-121.552474, 42.44714097], [-121.55203829, 42.44696062], [-121.5516451, 42.44695277], [-121.55123065, 42.44725076], [-121.55089059, 42.4480898], [-121.55050802, 42.44902293], [-121.55008294, 42.44983842], [-121.54973226, 42.45001877], [-121.54961536, 42.45013639], [-121.54942408, 42.45214371], [-121.55013608, 42.45342962], [-121.55082683, 42.45428426], [-121.55166635, 42.4552565], [-121.55165572, 42.45565637], [-121.55200489, 42.45799468], [-121.55173922, 42.45848861], [-121.55185611, 42.45936671], [-121.55205802, 42.45972735], [-121.55287663, 42.46011959], [-121.5536949, 42.46034695], [-121.55443878, 42.46044887], [-121.55540583, 42.46058999], [-121.55584153, 42.46077031], [-121.55597968, 42.46153861], [-121.55601156, 42.46229907], [-121.5561072, 42.4632163], [-121.55613908, 42.463671], [-121.5560277, 42.46516309], [-121.5561871, 42.46731887], [-121.5561871, 42.46811061], [-121.55636776, 42.46881611], [-121.55755463, 42.47215392], [-121.5575343, 42.47215375], [-121.55767118, 42.47270266], [-121.55772335, 42.47308201], [-121.5577718, 42.47356031], [-121.55766584, 42.47383918], [-121.55739378, 42.47408383], [-121.55719626, 42.47424876], [-121.55680867, 42.47438346], [-121.55643598, 42.4745099], [-121.55628318, 42.47446867], [-121.55597013, 42.47436696], [-121.55583223, 42.4743972], [-121.55580242, 42.47445218], [-121.55583969, 42.47457862], [-121.55590304, 42.47471057], [-121.55595441, 42.47484514], [-121.55596186, 42.47495784], [-121.5558836, 42.47507329], [-121.55569425, 42.47522617], [-121.55559735, 42.47537185], [-121.55544828, 42.47556977], [-121.55538119, 42.47571545], [-121.55517249, 42.47577867], [-121.55504205, 42.47572095], [-121.5548408, 42.47569071], [-121.55465819, 42.47574569], [-121.55446812, 42.47580891], [-121.55420724, 42.47592161], [-121.55395009, 42.47601782], [-121.55370411, 42.47603706], [-121.55346187, 42.47608929], [-121.5532718, 42.47611402], [-121.55310782, 42.47612227], [-121.55303701, 42.47623222], [-121.55298483, 42.47632843], [-121.55327553, 42.47661155], [-121.55349914, 42.47704035], [-121.5537259, 42.47715363], [-121.55389734, 42.47736528], [-121.55396069, 42.47750547], [-121.55385261, 42.47797275], [-121.5538228, 42.47808269], [-121.55380789, 42.47818714], [-121.55368863, 42.47815416], [-121.55355074, 42.47823387], [-121.55336996, 42.47836306], [-121.55326188, 42.47857196], [-121.55315008, 42.4786929], [-121.55303082, 42.47875337], [-121.55289665, 42.47884132], [-121.55280721, 42.47894028], [-121.55280721, 42.47901449], [-121.55271776, 42.4791904], [-121.55278484, 42.47930859], [-121.55262459, 42.47939655], [-121.55238607, 42.47940205], [-121.5523831, 42.47945379], [-121.55242409, 42.47952525], [-121.55242409, 42.47960221], [-121.55235328, 42.47974789], [-121.55222284, 42.47976163], [-121.55210358, 42.47976163], [-121.55198805, 42.47979462], [-121.55180916, 42.47987158], [-121.55168245, 42.47994304], [-121.5515371, 42.47999801], [-121.55137685, 42.48006948], [-121.55108615, 42.48019041], [-121.55087372, 42.48025088], [-121.55063893, 42.48030036], [-121.55051988, 42.48034762], [-121.55028882, 42.48041359], [-121.55016583, 42.48045757], [-121.55004285, 42.48052903], [-121.54995713, 42.48056476], [-121.54984533, 42.48063073], [-121.54969998, 42.48065547], [-121.54947637, 42.48067471], [-121.54926394, 42.48065547], [-121.54919685, 42.48062798], [-121.54904867, 42.48062875], [-121.54896296, 42.48060401], [-121.54885115, 42.48059302], [-121.54879152, 42.4805353], [-121.54867599, 42.48048307], [-121.548594, 42.48045009], [-121.54857909, 42.48034015], [-121.54851946, 42.48031541], [-121.54841138, 42.48029617], [-121.54831448, 42.48024395], [-121.54812441, 42.48026044], [-121.54799398, 42.48025219], [-121.54792689, 42.48029342], [-121.54798688, 42.48041346], [-121.54800551, 42.48060036], [-121.5480875, 42.48069656], [-121.54810614, 42.48078451], [-121.54820304, 42.48094943], [-121.54828503, 42.48095218], [-121.54843783, 42.48104288], [-121.5483782, 42.48114732], [-121.54854963, 42.48176025], [-121.54857945, 42.4820406], [-121.54838192, 42.4821148], [-121.54821049, 42.48215878], [-121.54810614, 42.48219176], [-121.54795706, 42.48229621], [-121.54781172, 42.48235118], [-121.54762165, 42.48241989], [-121.54754338, 42.4823979], [-121.54733468, 42.48242813], [-121.54696572, 42.48231819], [-121.54682783, 42.4823127], [-121.54651105, 42.48223299], [-121.54629489, 42.48215054], [-121.54628371, 42.48205983], [-121.54625762, 42.48198288], [-121.54616072, 42.48192791], [-121.54598929, 42.48185919], [-121.54585512, 42.48177949], [-121.54566133, 42.48180422], [-121.54555698, 42.48187294], [-121.54529982, 42.48188393], [-121.54518688, 42.4818721], [-121.54488874, 42.48199303], [-121.54452723, 42.48197105], [-121.54432971, 42.48192432], [-121.54415455, 42.48190233], [-121.54390112, 42.48185836], [-121.54363279, 42.48179239], [-121.54348371, 42.48172368], [-121.54343899, 42.48164672], [-121.54349117, 42.4814131], [-121.54345763, 42.48128391], [-121.54365888, 42.4812207], [-121.54382286, 42.48106678], [-121.54406883, 42.48073695], [-121.544162, 42.48052531], [-121.54466679, 42.47948634], [-121.54478605, 42.47926645], [-121.54502084, 42.47916475], [-121.54535626, 42.4790658], [-121.54558733, 42.47892562], [-121.54585566, 42.47872222], [-121.54611632, 42.47840863], [-121.54651136, 42.4778424], [-121.54696231, 42.47716347], [-121.54715426, 42.47677703], [-121.5472437, 42.47608434], [-121.5472202, 42.47579505], [-121.54714924, 42.47519554], [-121.54708473, 42.47474353], [-121.54705893, 42.4743391], [-121.54727937, 42.47372044], [-121.54738903, 42.47349681], [-121.54761482, 42.473316], [-121.54780189, 42.47310664], [-121.54802122, 42.47283543], [-121.54815669, 42.47269744], [-121.54833087, 42.47254042], [-121.54845344, 42.47240719], [-121.54858891, 42.47223589], [-121.54867922, 42.47209791], [-121.54876953, 42.47191709], [-121.54878888, 42.47171725], [-121.54885866, 42.47130995], [-121.54867158, 42.47106252], [-121.54863933, 42.47087219], [-121.54836839, 42.47052959], [-121.54820067, 42.47041063], [-121.54805229, 42.47032498], [-121.54805875, 42.47022981], [-121.54800069, 42.47012988], [-121.54791037, 42.47019174], [-121.54769104, 42.47022981], [-121.54742011, 42.47024884], [-121.54714917, 42.47025836], [-121.54694919, 42.47025836], [-121.54683952, 42.47012988], [-121.54666535, 42.46987293], [-121.54646537, 42.46965404], [-121.54623314, 42.46946371], [-121.54590414, 42.46926861], [-121.54559264, 42.46918355], [-121.54553697, 42.46910657], [-121.54548131, 42.46907064], [-121.54528998, 42.46900392], [-121.5452204, 42.46899366], [-121.54523084, 42.46889615], [-121.54525519, 42.46884996], [-121.54538739, 42.46877554], [-121.54543261, 42.46865507], [-121.54543261, 42.4685473], [-121.54542217, 42.46844978], [-121.5454674, 42.46839076], [-121.54556481, 42.4683728], [-121.54562047, 42.46834457], [-121.54560307, 42.46827015], [-121.54564482, 42.46816494], [-121.54566917, 42.46805973], [-121.54567961, 42.46798275], [-121.54574918, 42.46794682], [-121.54580484, 42.46790063], [-121.54578397, 42.46783904], [-121.54575614, 42.46778258], [-121.54570048, 42.46775949], [-121.54565873, 42.46775436], [-121.54562742, 42.46762862], [-121.54562394, 42.46749517], [-121.54562047, 42.46738996], [-121.54562742, 42.46727962], [-121.54556828, 42.46722059], [-121.54548827, 42.46721803], [-121.54542913, 42.46727705], [-121.54542913, 42.4673412], [-121.54543957, 42.46742589], [-121.54542913, 42.46749774], [-121.54536651, 42.46745155], [-121.54533868, 42.46748748], [-121.54528998, 42.46758756], [-121.54524476, 42.46770047], [-121.54524476, 42.46784674], [-121.54514735, 42.46794169], [-121.54506734, 42.46797505], [-121.54502211, 42.46799301], [-121.54498037, 42.46805716], [-121.54486905, 42.46813671], [-121.54479947, 42.46813928], [-121.54473337, 42.46818804], [-121.54461857, 42.46815724], [-121.54455247, 42.46819317], [-121.54447246, 42.4681829], [-121.54443072, 42.46821626], [-121.54432635, 42.46836767], [-121.54425678, 42.46839589], [-121.54419416, 42.46831378], [-121.54414893, 42.46827785], [-121.54408632, 42.46825989], [-121.5440724, 42.468206], [-121.54404805, 42.46815724], [-121.54397499, 42.46811105], [-121.54391585, 42.46808539], [-121.54386019, 42.46796991], [-121.54377322, 42.46789806], [-121.54373844, 42.46786214], [-121.54364451, 42.467721], [-121.5434446, 42.4675893], [-121.54332284, 42.46756364], [-121.54319412, 42.46752514], [-121.54314194, 42.46755337], [-121.54300627, 42.46760983], [-121.54284276, 42.46761239], [-121.54270709, 42.46763292], [-121.54266882, 42.46766372], [-121.54262012, 42.46771247], [-121.54264795, 42.46798705], [-121.54265491, 42.46807943], [-121.54263404, 42.46819491], [-121.54255055, 42.46818465], [-121.54247401, 42.46814359], [-121.54243574, 42.46811023], [-121.54230355, 42.46803581], [-121.54231051, 42.46797679], [-121.54228964, 42.46787927], [-121.54225833, 42.46768938], [-121.54228964, 42.4675816], [-121.5422618, 42.46746355], [-121.54215396, 42.46711969], [-121.54202177, 42.4668759], [-121.54198002, 42.46684254], [-121.54187566, 42.46679891], [-121.54176782, 42.46673989], [-121.54166345, 42.46665777], [-121.54161823, 42.46662184], [-121.54148817, 42.46658789], [-121.54135597, 42.46656736], [-121.54127596, 42.46658276], [-121.54121334, 42.46659302], [-121.5411542, 42.46669054], [-121.54102897, 42.46669054], [-121.5410394, 42.46656992], [-121.54106375, 42.46625685], [-121.54109854, 42.4661234], [-121.54104984, 42.46606695], [-121.54095591, 42.46602332], [-121.54086894, 42.46604385], [-121.54080632, 42.46610544], [-121.54080284, 42.46644931], [-121.54077154, 42.46669567], [-121.54066717, 42.46664178], [-121.54062543, 42.46654426], [-121.54059064, 42.46644675], [-121.54054193, 42.46640569], [-121.54036104, 42.46637489], [-121.53998185, 42.46638259], [-121.53976616, 42.46642108], [-121.53957831, 42.46647241], [-121.5394961, 42.46654359], [-121.53941609, 42.46669499], [-121.5393152, 42.46687719], [-121.53929781, 42.46693108], [-121.53930129, 42.46704143], [-121.53924215, 42.46709532], [-121.5391517, 42.46710045], [-121.53910299, 42.46714408], [-121.53909256, 42.46720053], [-121.53905777, 42.46728265], [-121.53899863, 42.4673699], [-121.5390856, 42.46742379], [-121.5390856, 42.46752131], [-121.53896036, 42.46754184], [-121.53889079, 42.46752387], [-121.53881425, 42.46748281], [-121.5386264, 42.46746742], [-121.53848377, 42.46740839], [-121.53838636, 42.46739556], [-121.53839332, 42.46730318], [-121.53840723, 42.46724929], [-121.53835342, 42.46714681], [-121.53839169, 42.46707752], [-121.53832211, 42.46705186], [-121.53815513, 42.46703389], [-121.53810991, 42.46702106], [-121.53804729, 42.46704673], [-121.53790118, 42.4669954], [-121.53777594, 42.46690045], [-121.53772724, 42.46675161], [-121.53777942, 42.46665666], [-121.53776551, 42.46659251], [-121.53779334, 42.46650526], [-121.53785595, 42.46644623], [-121.53798119, 42.46639234], [-121.53808208, 42.46631536], [-121.53818992, 42.46624094], [-121.5381934, 42.46618191], [-121.53815513, 42.46615112], [-121.53796032, 42.46597661], [-121.53782465, 42.46594325], [-121.53769245, 42.46596378], [-121.53749787, 42.46587794], [-121.53734437, 42.46583334], [-121.53714435, 42.46558285], [-121.5371397, 42.46548677], [-121.53723738, 42.46543873], [-121.53742809, 42.46540785], [-121.53752578, 42.46529118], [-121.53763276, 42.4652054], [-121.53770719, 42.46522942], [-121.53780952, 42.46525], [-121.53788395, 42.46525344], [-121.53793976, 42.46519167], [-121.53786534, 42.46509902], [-121.53766997, 42.46493088], [-121.53733972, 42.46461176], [-121.53721878, 42.46452941], [-121.53697224, 42.46444362], [-121.53691642, 42.46439902], [-121.53687335, 42.4644396], [-121.53679893, 42.46450823], [-121.53676012, 42.46445955], [-121.54808543, 42.42869149]]]}, "properties": {"zone_name": "US-OR-KLA-KLA-1381-B", "level": 3, "fire_name": "Wrights Spring", "county": "Klamath", "addresses": 1, "unmatched_addresses": 0, "unmatched_fraction_pct": 37.3, "geometry_source": "cached", "geometry_cache_age_days": 0, "overlapping_zips": [{"zip": "97639", "fraction_pct": 46.8}, {"zip": "97624", "fraction_pct": 15.9}]}}, {"type": "Feature", "geometry": {"type": "Polygon", "coordinates": [[[-121.501105, 42.29356], [-121.5041328, 42.2936523], [-121.50582841, 42.29367815], [-121.506259, 42.293618], [-121.506779, 42.293453], [-121.507227, 42.293411], [-121.508506, 42.292817], [-121.509206, 42.29289], [-121.51093, 42.293588], [-121.513137, 42.293029], [-121.51542675, 42.29298904], [-121.516123, 42.293016], [-121.5168, 42.293692], [-121.516881, 42.297699], [-121.51720753, 42.29839594], [-121.517457, 42.298778], [-121.518425, 42.300033], [-121.518658, 42.300656], [-121.51847, 42.303276], [-121.519699, 42.304952], [-121.520274, 42.306208], [-121.522424, 42.309416], [-121.522894, 42.309805], [-121.526287, 42.31156], [-121.52877626, 42.31210219], [-121.529806, 42.312422], [-121.530305, 42.312409], [-121.531031, 42.312087], [-121.533359, 42.312176], [-121.533766, 42.312419], [-121.534276, 42.312611], [-121.534735, 42.313117], [-121.53562, 42.313397], [-121.535945, 42.313958], [-121.539628, 42.316533], [-121.540726, 42.317468], [-121.5409171, 42.3174275], [-121.54237, 42.317292], [-121.543509, 42.316731], [-121.54441, 42.315283], [-121.54521, 42.315026], [-121.548133, 42.313559], [-121.549118, 42.312846], [-121.550186, 42.312599], [-121.550622, 42.31274], [-121.551014, 42.313023], [-121.5516309, 42.314287], [-121.55164317, 42.3143415], [-121.551733, 42.315117], [-121.55255, 42.31592], [-121.55324, 42.316069], [-121.55447, 42.316049], [-121.554742, 42.316645], [-121.555048, 42.31691], [-121.555302, 42.317901], [-121.554999, 42.318566], [-121.554903, 42.319354], [-121.555399, 42.320679], [-121.555368, 42.322096], [-121.556021, 42.324012], [-121.556031, 42.324463], [-121.555937, 42.324797], [-121.555021, 42.325665], [-121.554858, 42.326053], [-121.554952, 42.326439], [-121.554359, 42.327214], [-121.554067, 42.329915], [-121.553767, 42.330874], [-121.553884, 42.331848], [-121.553717, 42.332458], [-121.55372, 42.333614], [-121.55315, 42.336197], [-121.552874, 42.336637], [-121.55155973, 42.33830482], [-121.550478, 42.340326], [-121.55050328, 42.34048408], [-121.51359206, 42.33895417], [-121.51315786, 42.33863591], [-121.511577, 42.335925], [-121.510764, 42.335072], [-121.510352, 42.333749], [-121.51026, 42.33263], [-121.509377, 42.330462], [-121.508635, 42.32956], [-121.50858, 42.328885], [-121.50804988, 42.32759451], [-121.506112, 42.325813], [-121.505339, 42.32458], [-121.504194, 42.324033], [-121.50332657, 42.32252924], [-121.501044, 42.31918], [-121.499464, 42.317894], [-121.498993, 42.315333], [-121.49845, 42.314174], [-121.496699, 42.312705], [-121.496544, 42.312433], [-121.49650709, 42.31233249], [-121.496482, 42.311482], [-121.496613, 42.300766], [-121.496425, 42.299387], [-121.496435, 42.293609], [-121.496435, 42.293384], [-121.501105, 42.29356]]]}, "properties": {"zone_name": "US-OR-KLA-KLA-1713-A", "level": 3, "fire_name": "Wrights Spring", "county": "Klamath", "addresses": 3, "unmatched_addresses": 0, "unmatched_fraction_pct": 0, "geometry_source": "cached", "geometry_cache_age_days": 0, "overlapping_zips": [{"zip": "97623", "fraction_pct": 99.7}, {"zip": "97625", "fraction_pct": 0.3}]}}, {"type": "Feature", "geometry": {"type": "Polygon", "coordinates": [[[-121.55050328, 42.34048408], [-121.550537, 42.340695], [-121.552209, 42.341755], [-121.553356, 42.343786], [-121.554148, 42.344665], [-121.554535, 42.345437], [-121.555564, 42.346415], [-121.555716, 42.348122], [-121.556656, 42.348565], [-121.556709, 42.348944], [-121.557745, 42.350531], [-121.557863, 42.351906], [-121.559286, 42.353879], [-121.560269, 42.355617], [-121.56053417, 42.35640028], [-121.560551, 42.35645], [-121.560789, 42.35742], [-121.561161, 42.357816], [-121.562552, 42.358715], [-121.564241, 42.360361], [-121.566069, 42.361315], [-121.566466, 42.36225], [-121.56646649, 42.3622534], [-121.56437059, 42.3622034], [-121.56309605, 42.36184118], [-121.56222022, 42.36151278], [-121.55963847, 42.3611409], [-121.55913519, 42.36121817], [-121.55890642, 42.36141135], [-121.55850119, 42.36134857], [-121.5567103, 42.36088493], [-121.55531811, 42.36059515], [-121.55493248, 42.36033435], [-121.55447496, 42.36037299], [-121.55414815, 42.36018463], [-121.55365795, 42.36007355], [-121.55317428, 42.36030054], [-121.55289976, 42.36030537], [-121.55248025, 42.36021857], [-121.55160441, 42.36059045], [-121.55121225, 42.36088989], [-121.55053903, 42.36113137], [-121.54965666, 42.36175438], [-121.54871546, 42.3622325], [-121.54818604, 42.3625271], [-121.54675981, 42.36275853], [-121.54649837, 42.36289376], [-121.54556091, 42.36372235], [-121.54495306, 42.36391069], [-121.54420794, 42.36456266], [-121.54382648, 42.36508551], [-121.54293103, 42.36535112], [-121.54233027, 42.3655053], [-121.54210151, 42.36588198], [-121.54143483, 42.36602686], [-121.5409773, 42.36608481], [-121.54051978, 42.36602203], [-121.53985963, 42.36582403], [-121.53951975, 42.3657854], [-121.539404, 42.36582428], [-121.53911545, 42.36578067], [-121.53884953, 42.36558998], [-121.53853925, 42.36540984], [-121.53824919, 42.36526361], [-121.53780339, 42.36481983], [-121.53734865, 42.36421706], [-121.53653243, 42.36378807], [-121.53644151, 42.36344184], [-121.53646249, 42.36278554], [-121.5366793, 42.36195353], [-121.53704298, 42.36166414], [-121.53763046, 42.3612197], [-121.53743463, 42.36057372], [-121.53733672, 42.35927657], [-121.53606031, 42.35821278], [-121.53569656, 42.35800344], [-121.53461251, 42.35752798], [-121.5331438, 42.35655636], [-121.5330319, 42.3561418], [-121.53267521, 42.35559396], [-121.53212969, 42.35512881], [-121.53205485, 42.35474629], [-121.53216362, 42.35475261], [-121.53164028, 42.35334493], [-121.529975, 42.351765], [-121.528039, 42.350262], [-121.526383, 42.348741], [-121.524158, 42.347851], [-121.523461, 42.346915], [-121.5231116, 42.34633162], [-121.52296939, 42.34524124], [-121.52275487, 42.34430992], [-121.52236281, 42.34361315], [-121.52189104, 42.34330875], [-121.521287, 42.342274], [-121.52113, 42.341176], [-121.520819, 42.340969], [-121.51812204, 42.34033496], [-121.515655, 42.339798], [-121.5139359, 42.3392062], [-121.51359206, 42.33895417], [-121.55050328, 42.34048408]]]}, "properties": {"zone_name": "US-OR-KLA-KLA-1713-B", "level": 3, "fire_name": "Wrights Spring", "county": "Klamath", "addresses": 1, "unmatched_addresses": 0, "unmatched_fraction_pct": 0, "geometry_source": "cached", "geometry_cache_age_days": 0, "overlapping_zips": [{"zip": "97623", "fraction_pct": 97.5}, {"zip": "97625", "fraction_pct": 2.4}]}}, {"type": "Feature", "geometry": {"type": "Polygon", "coordinates": [[[-121.49031256, 42.34100334], [-121.482188, 42.330019], [-121.4807607, 42.328862], [-121.4785583, 42.327392], [-121.4776703, 42.3266171], [-121.4772297, 42.32576], [-121.47697, 42.3234731], [-121.4770067, 42.315093], [-121.4770433, 42.303812], [-121.4770683, 42.301364], [-121.4773637, 42.3005378], [-121.479568, 42.298279], [-121.480127, 42.297766], [-121.485971, 42.293179], [-121.486872, 42.293169], [-121.496435, 42.293384], [-121.496435, 42.293609], [-121.496425, 42.299387], [-121.496613, 42.300766], [-121.496482, 42.311482], [-121.49650709, 42.31233249], [-121.496544, 42.312433], [-121.496699, 42.312705], [-121.49845, 42.314174], [-121.498993, 42.315333], [-121.499464, 42.317894], [-121.501044, 42.31918], [-121.50332657, 42.32252924], [-121.504194, 42.324033], [-121.505339, 42.32458], [-121.506112, 42.325813], [-121.50804988, 42.32759451], [-121.50858, 42.328885], [-121.508635, 42.32956], [-121.509377, 42.330462], [-121.51026, 42.33263], [-121.510352, 42.333749], [-121.510764, 42.335072], [-121.511577, 42.335925], [-121.51315786, 42.33863591], [-121.5139359, 42.3392062], [-121.51471586, 42.3394747], [-121.49031256, 42.34100334]]]}, "properties": {"zone_name": "US-OR-KLA-KLA-1712-B", "level": 3, "fire_name": "Wrights Spring", "county": "Klamath", "addresses": 7, "unmatched_addresses": 0, "unmatched_fraction_pct": 0, "geometry_source": "cached", "geometry_cache_age_days": 0, "overlapping_zips": [{"zip": "97623", "fraction_pct": 100.0}]}}, {"type": "Feature", "geometry": {"type": "Polygon", "coordinates": [[[-121.60028945, 42.50164881], [-121.59988309, 42.50136657], [-121.59894656, 42.50088773], [-121.59690899, 42.49972088], [-121.59613696, 42.49945123], [-121.59551979, 42.49929623], [-121.59458874, 42.49938626], [-121.59378231, 42.499592], [-121.59318822, 42.49994748], [-121.59226318, 42.50009819], [-121.59165743, 42.50037564], [-121.59023716, 42.50094866], [-121.58959713, 42.50086235], [-121.58918864, 42.50088649], [-121.58862351, 42.50102611], [-121.58846353, 42.50104069], [-121.58826777, 42.50115843], [-121.58835803, 42.50124606], [-121.58800056, 42.50129578], [-121.58790187, 42.5014158], [-121.58777574, 42.50150392], [-121.57409851, 42.49524731], [-121.57351716, 42.49367039], [-121.57256354, 42.49297687], [-121.57313169, 42.49191682], [-121.57236236, 42.49081568], [-121.57268824, 42.48961787], [-121.57304047, 42.4887699], [-121.57287489, 42.48805694], [-121.57110528, 42.48890547], [-121.57060078, 42.48885997], [-121.57045914, 42.48834981], [-121.57205703, 42.48704279], [-121.57209164, 42.48645244], [-121.57080842, 42.48524012], [-121.56950709, 42.48561433], [-121.56902516, 42.48486415], [-121.56794267, 42.48421983], [-121.56432995, 42.48435299], [-121.56327193, 42.48516354], [-121.56276867, 42.48430749], [-121.56189641, 42.4843844], [-121.56115345, 42.48613204], [-121.56169376, 42.48950538], [-121.55985251, 42.49111584], [-121.54292909, 42.4819201], [-121.52409521, 42.46232426], [-121.52441339, 42.46223297], [-121.52453898, 42.46225013], [-121.52462736, 42.46228445], [-121.52480877, 42.46219866], [-121.52494367, 42.46219866], [-121.52512508, 42.46208199], [-121.52532509, 42.46195502], [-121.52556232, 42.46171824], [-121.52572513, 42.46156725], [-121.52581351, 42.4614643], [-121.52599492, 42.46133047], [-121.52616237, 42.46129615], [-121.52650193, 42.46117262], [-121.52671591, 42.46111085], [-121.52692057, 42.4610834], [-121.52706477, 42.46110398], [-121.5271392, 42.46124468], [-121.527302, 42.4613991], [-121.52728339, 42.4616702], [-121.52727874, 42.46183148], [-121.52728805, 42.46198933], [-121.52730665, 42.46210601], [-121.52740433, 42.46212316], [-121.52741829, 42.46220209], [-121.52732526, 42.46230504], [-121.52734852, 42.4624423], [-121.52726944, 42.4625845], [-121.52746946, 42.46276294], [-121.52746946, 42.46281098], [-121.52743689, 42.46286931], [-121.52752062, 42.46308207], [-121.52747876, 42.46315413], [-121.52753923, 42.46325707], [-121.52782297, 42.46315413], [-121.52778576, 42.46309922], [-121.52784623, 42.46304432], [-121.52799973, 42.46309579], [-121.52818114, 42.46299628], [-121.52821835, 42.46291735], [-121.52832999, 42.46294481], [-121.52873933, 42.46290706], [-121.52914401, 42.46273548], [-121.52928356, 42.46259822], [-121.52944171, 42.46248498], [-121.5295487, 42.46255704], [-121.5297115, 42.4624541], [-121.52979058, 42.46246782], [-121.52983709, 42.46258107], [-121.52994873, 42.46241635], [-121.53005884, 42.4624013], [-121.53011001, 42.46247336], [-121.52992395, 42.46287142], [-121.52996116, 42.46297779], [-121.53001698, 42.46294691], [-121.53009605, 42.46302927], [-121.53007745, 42.46310819], [-121.53023095, 42.46312878], [-121.53020769, 42.4630327], [-121.53029607, 42.46292289], [-121.53042166, 42.46291603], [-121.53064494, 42.46367782], [-121.53074262, 42.46367782], [-121.530831, 42.46385968], [-121.53071006, 42.46390429], [-121.53071471, 42.46403126], [-121.53077518, 42.4640793], [-121.530831, 42.46423028], [-121.53086356, 42.4646798], [-121.53096124, 42.46475529], [-121.53125894, 42.46466264], [-121.53117521, 42.4645048], [-121.5311473, 42.46434009], [-121.53119382, 42.46420626], [-121.53138918, 42.4641342], [-121.53162641, 42.46397292], [-121.53184503, 42.46397979], [-121.53202179, 42.4639489], [-121.53206831, 42.4638391], [-121.5321846, 42.4635886], [-121.53223576, 42.46354742], [-121.5323381, 42.4635234], [-121.53239857, 42.46342046], [-121.53217529, 42.46339987], [-121.53207761, 42.46332437], [-121.53217529, 42.46319741], [-121.53198923, 42.46286799], [-121.53182643, 42.46285083], [-121.53178456, 42.46274445], [-121.53190085, 42.46268268], [-121.53207761, 42.46260376], [-121.5322032, 42.462717], [-121.53222646, 42.46285426], [-121.53232414, 42.46294005], [-121.53240787, 42.46285426], [-121.53243113, 42.46274102], [-121.53249625, 42.462717], [-121.53261719, 42.4627719], [-121.53268696, 42.46271014], [-121.53278465, 42.46275131], [-121.53293815, 42.46283024], [-121.53303118, 42.46286455], [-121.53297071, 42.46296407], [-121.53311491, 42.46307731], [-121.53317072, 42.46313564], [-121.53318933, 42.46306701], [-121.53327306, 42.46298809], [-121.5334033, 42.46293662], [-121.53351494, 42.4629675], [-121.53353355, 42.46305672], [-121.53354285, 42.46313907], [-121.53363123, 42.46314251], [-121.53395684, 42.4632077], [-121.53418011, 42.46332437], [-121.53441269, 42.46334496], [-121.53447316, 42.46337928], [-121.5346127, 42.46348909], [-121.53465457, 42.46377733], [-121.53457084, 42.46383223], [-121.53434757, 42.46390773], [-121.53420337, 42.46392145], [-121.53404521, 42.46402439], [-121.53388241, 42.46407243], [-121.53375217, 42.46405528], [-121.53359867, 42.46404155], [-121.53347773, 42.46402439], [-121.53327306, 42.46409989], [-121.53306839, 42.46424058], [-121.53297071, 42.46432979], [-121.53287768, 42.46440528], [-121.53298466, 42.46445676], [-121.53319863, 42.46453225], [-121.53330562, 42.46460774], [-121.5333847, 42.46468323], [-121.53339865, 42.464745], [-121.53342191, 42.46483764], [-121.53353355, 42.4649097], [-121.53367774, 42.46481019], [-121.53390102, 42.46475872], [-121.53412894, 42.46472098], [-121.5342964, 42.46470039], [-121.53447781, 42.46470382], [-121.53457084, 42.46468323], [-121.53471039, 42.46463519], [-121.53464061, 42.46458029], [-121.53458479, 42.46453568], [-121.53465922, 42.46445676], [-121.53469643, 42.46439842], [-121.5347569, 42.46431264], [-121.53485924, 42.46418567], [-121.53493831, 42.46411361], [-121.53514298, 42.46398665], [-121.53526392, 42.46390086], [-121.5353523, 42.46392145], [-121.53544998, 42.46393861], [-121.5356593, 42.4639592], [-121.53601282, 42.4639592], [-121.53622679, 42.46400381], [-121.53637564, 42.46407243], [-121.53649193, 42.46415136], [-121.53662682, 42.4643092], [-121.5367059, 42.46439156], [-121.53679893, 42.46450823], [-121.53687335, 42.4644396], [-121.53691642, 42.46439902], [-121.53697224, 42.46444362], [-121.53721878, 42.46452941], [-121.53733972, 42.46461176], [-121.53766997, 42.46493088], [-121.53786534, 42.46509902], [-121.53793976, 42.46519167], [-121.53788395, 42.46525344], [-121.53780952, 42.46525], [-121.53770719, 42.46522942], [-121.53763276, 42.4652054], [-121.53752578, 42.46529118], [-121.53742809, 42.46540785], [-121.53723738, 42.46543873], [-121.5371397, 42.46548677], [-121.53714435, 42.46558285], [-121.53734437, 42.46583334], [-121.53749787, 42.46587794], [-121.53769245, 42.46596378], [-121.53782465, 42.46594325], [-121.53796032, 42.46597661], [-121.53815513, 42.46615112], [-121.5381934, 42.46618191], [-121.53818992, 42.46624094], [-121.53808208, 42.46631536], [-121.53798119, 42.46639234], [-121.53785595, 42.46644623], [-121.53779334, 42.46650526], [-121.53776551, 42.46659251], [-121.53777942, 42.46665666], [-121.53772724, 42.46675161], [-121.53777594, 42.46690045], [-121.53790118, 42.4669954], [-121.53804729, 42.46704673], [-121.53810991, 42.46702106], [-121.53815513, 42.46703389], [-121.53832211, 42.46705186], [-121.53839169, 42.46707752], [-121.53835342, 42.46714681], [-121.53840723, 42.46724929], [-121.53839332, 42.46730318], [-121.53838636, 42.46739556], [-121.53848377, 42.46740839], [-121.5386264, 42.46746742], [-121.53881425, 42.46748281], [-121.53889079, 42.46752387], [-121.53896036, 42.46754184], [-121.5390856, 42.46752131], [-121.5390856, 42.46742379], [-121.53899863, 42.4673699], [-121.53905777, 42.46728265], [-121.53909256, 42.46720053], [-121.53910299, 42.46714408], [-121.5391517, 42.46710045], [-121.53924215, 42.46709532], [-121.53930129, 42.46704143], [-121.53929781, 42.46693108], [-121.5393152, 42.46687719], [-121.53941609, 42.46669499], [-121.5394961, 42.46654359], [-121.53957831, 42.46647241], [-121.53976616, 42.46642108], [-121.53998185, 42.46638259], [-121.54036104, 42.46637489], [-121.54054193, 42.46640569], [-121.54059064, 42.46644675], [-121.54062543, 42.46654426], [-121.54066717, 42.46664178], [-121.54077154, 42.46669567], [-121.54080284, 42.46644931], [-121.54080632, 42.46610544], [-121.54086894, 42.46604385], [-121.54095591, 42.46602332], [-121.54104984, 42.46606695], [-121.54109854, 42.4661234], [-121.54106375, 42.46625685], [-121.5410394, 42.46656992], [-121.54102897, 42.46669054], [-121.5411542, 42.46669054], [-121.54121334, 42.46659302], [-121.54127596, 42.46658276], [-121.54135597, 42.46656736], [-121.54148817, 42.46658789], [-121.54161823, 42.46662184], [-121.54166345, 42.46665777], [-121.54176782, 42.46673989], [-121.54187566, 42.46679891], [-121.54198002, 42.46684254], [-121.54202177, 42.4668759], [-121.54215396, 42.46711969], [-121.5422618, 42.46746355], [-121.54228964, 42.4675816], [-121.54225833, 42.46768938], [-121.54228964, 42.46787927], [-121.54231051, 42.46797679], [-121.54230355, 42.46803581], [-121.54243574, 42.46811023], [-121.54247401, 42.46814359], [-121.54255055, 42.46818465], [-121.54263404, 42.46819491], [-121.54265491, 42.46807943], [-121.54264795, 42.46798705], [-121.54262012, 42.46771247], [-121.54266882, 42.46766372], [-121.54270709, 42.46763292], [-121.54284276, 42.46761239], [-121.54300627, 42.46760983], [-121.54314194, 42.46755337], [-121.54319412, 42.46752514], [-121.54332284, 42.46756364], [-121.5434446, 42.4675893], [-121.54364451, 42.467721], [-121.54373844, 42.46786214], [-121.54377322, 42.46789806], [-121.54386019, 42.46796991], [-121.54391585, 42.46808539], [-121.54397499, 42.46811105], [-121.54404805, 42.46815724], [-121.5440724, 42.468206], [-121.54408632, 42.46825989], [-121.54414893, 42.46827785], [-121.54419416, 42.46831378], [-121.54425678, 42.46839589], [-121.54432635, 42.46836767], [-121.54443072, 42.46821626], [-121.54447246, 42.4681829], [-121.54455247, 42.46819317], [-121.54461857, 42.46815724], [-121.54473337, 42.46818804], [-121.54479947, 42.46813928], [-121.54486905, 42.46813671], [-121.54498037, 42.46805716], [-121.54502211, 42.46799301], [-121.54506734, 42.46797505], [-121.54514735, 42.46794169], [-121.54524476, 42.46784674], [-121.54524476, 42.46770047], [-121.54528998, 42.46758756], [-121.54533868, 42.46748748], [-121.54536651, 42.46745155], [-121.54542913, 42.46749774], [-121.54543957, 42.46742589], [-121.54542913, 42.4673412], [-121.54542913, 42.46727705], [-121.54548827, 42.46721803], [-121.54556828, 42.46722059], [-121.54562742, 42.46727962], [-121.54562047, 42.46738996], [-121.54562394, 42.46749517], [-121.54562742, 42.46762862], [-121.54565873, 42.46775436], [-121.54570048, 42.46775949], [-121.54575614, 42.46778258], [-121.54578397, 42.46783904], [-121.54580484, 42.46790063], [-121.54574918, 42.46794682], [-121.54567961, 42.46798275], [-121.54566917, 42.46805973], [-121.54564482, 42.46816494], [-121.54560307, 42.46827015], [-121.54562047, 42.46834457], [-121.54556481, 42.4683728], [-121.5454674, 42.46839076], [-121.54542217, 42.46844978], [-121.54543261, 42.4685473], [-121.54543261, 42.46865507], [-121.54538739, 42.46877554], [-121.54525519, 42.46884996], [-121.54523084, 42.46889615], [-121.5452204, 42.46899366], [-121.54528998, 42.46900392], [-121.54548131, 42.46907064], [-121.54553697, 42.46910657], [-121.54559264, 42.46918355], [-121.54590414, 42.46926861], [-121.54623314, 42.46946371], [-121.54646537, 42.46965404], [-121.54666535, 42.46987293], [-121.54683952, 42.47012988], [-121.54694919, 42.47025836], [-121.54714917, 42.47025836], [-121.54742011, 42.47024884], [-121.54769104, 42.47022981], [-121.54791037, 42.47019174], [-121.54800069, 42.47012988], [-121.54805875, 42.47022981], [-121.54805229, 42.47032498], [-121.54820067, 42.47041063], [-121.54836839, 42.47052959], [-121.54863933, 42.47087219], [-121.54867158, 42.47106252], [-121.54885866, 42.47130995], [-121.54878888, 42.47171725], [-121.54876953, 42.47191709], [-121.54867922, 42.47209791], [-121.54858891, 42.47223589], [-121.54845344, 42.47240719], [-121.54833087, 42.47254042], [-121.54815669, 42.47269744], [-121.54802122, 42.47283543], [-121.54780189, 42.47310664], [-121.54761482, 42.473316], [-121.54738903, 42.47349681], [-121.54727937, 42.47372044], [-121.54705893, 42.4743391], [-121.54708473, 42.47474353], [-121.54714924, 42.47519554], [-121.5472202, 42.47579505], [-121.5472437, 42.47608434], [-121.54715426, 42.47677703], [-121.54696231, 42.47716347], [-121.54651136, 42.4778424], [-121.54611632, 42.47840863], [-121.54585566, 42.47872222], [-121.54558733, 42.47892562], [-121.54535626, 42.4790658], [-121.54502084, 42.47916475], [-121.54478605, 42.47926645], [-121.54466679, 42.47948634], [-121.544162, 42.48052531], [-121.54406883, 42.48073695], [-121.54382286, 42.48106678], [-121.54365888, 42.4812207], [-121.54345763, 42.48128391], [-121.54349117, 42.4814131], [-121.54343899, 42.48164672], [-121.54348371, 42.48172368], [-121.54363279, 42.48179239], [-121.54390112, 42.48185836], [-121.54415455, 42.48190233], [-121.54432971, 42.48192432], [-121.54452723, 42.48197105], [-121.54488874, 42.48199303], [-121.54518688, 42.4818721], [-121.54529982, 42.48188393], [-121.54555698, 42.48187294], [-121.54566133, 42.48180422], [-121.54585512, 42.48177949], [-121.54598929, 42.48185919], [-121.54616072, 42.48192791], [-121.54625762, 42.48198288], [-121.54628371, 42.48205983], [-121.54629489, 42.48215054], [-121.54651105, 42.48223299], [-121.54682783, 42.4823127], [-121.54696572, 42.48231819], [-121.54733468, 42.48242813], [-121.54754338, 42.4823979], [-121.54762165, 42.48241989], [-121.54781172, 42.48235118], [-121.54795706, 42.48229621], [-121.54810614, 42.48219176], [-121.54821049, 42.48215878], [-121.54838192, 42.4821148], [-121.54857945, 42.4820406], [-121.54854963, 42.48176025], [-121.5483782, 42.48114732], [-121.54843783, 42.48104288], [-121.54828503, 42.48095218], [-121.54820304, 42.48094943], [-121.54810614, 42.48078451], [-121.5480875, 42.48069656], [-121.54800551, 42.48060036], [-121.54798688, 42.48041346], [-121.54792689, 42.48029342], [-121.54799398, 42.48025219], [-121.54812441, 42.48026044], [-121.54831448, 42.48024395], [-121.54841138, 42.48029617], [-121.54851946, 42.48031541], [-121.54857909, 42.48034015], [-121.548594, 42.48045009], [-121.54867599, 42.48048307], [-121.54879152, 42.4805353], [-121.54885115, 42.48059302], [-121.54896296, 42.48060401], [-121.54904867, 42.48062875], [-121.54919685, 42.48062798], [-121.54926394, 42.48065547], [-121.54947637, 42.48067471], [-121.54969998, 42.48065547], [-121.54984533, 42.48063073], [-121.54995713, 42.48056476], [-121.55004285, 42.48052903], [-121.55016583, 42.48045757], [-121.55028882, 42.48041359], [-121.55051988, 42.48034762], [-121.55063893, 42.48030036], [-121.55087372, 42.48025088], [-121.55108615, 42.48019041], [-121.55137685, 42.48006948], [-121.5515371, 42.47999801], [-121.55168245, 42.47994304], [-121.55180916, 42.47987158], [-121.55198805, 42.47979462], [-121.55210358, 42.47976163], [-121.55222284, 42.47976163], [-121.55235328, 42.47974789], [-121.55242409, 42.47960221], [-121.55242409, 42.47952525], [-121.5523831, 42.47945379], [-121.55238607, 42.47940205], [-121.55262459, 42.47939655], [-121.55278484, 42.47930859], [-121.55271776, 42.4791904], [-121.55280721, 42.47901449], [-121.55280721, 42.47894028], [-121.55289665, 42.47884132], [-121.55303082, 42.47875337], [-121.55315008, 42.4786929], [-121.55326188, 42.47857196], [-121.55336996, 42.47836306], [-121.55355074, 42.47823387], [-121.55368863, 42.47815416], [-121.55380789, 42.47818714], [-121.5538228, 42.47808269], [-121.55385261, 42.47797275], [-121.55396069, 42.47750547], [-121.55389734, 42.47736528], [-121.5537259, 42.47715363], [-121.55349914, 42.47704035], [-121.55327553, 42.47661155], [-121.55298483, 42.47632843], [-121.55303701, 42.47623222], [-121.55310782, 42.47612227], [-121.5532718, 42.47611402], [-121.55346187, 42.47608929], [-121.55370411, 42.47603706], [-121.55395009, 42.47601782], [-121.55420724, 42.47592161], [-121.55446812, 42.47580891], [-121.55465819, 42.47574569], [-121.5548408, 42.47569071], [-121.55504205, 42.47572095], [-121.55517249, 42.47577867], [-121.55538119, 42.47571545], [-121.55544828, 42.47556977], [-121.55559735, 42.47537185], [-121.55569425, 42.47522617], [-121.5558836, 42.47507329], [-121.55596186, 42.47495784], [-121.55595441, 42.47484514], [-121.55590304, 42.47471057], [-121.55583969, 42.47457862], [-121.55580242, 42.47445218], [-121.55583223, 42.4743972], [-121.55597013, 42.47436696], [-121.55628318, 42.47446867], [-121.55643598, 42.4745099], [-121.55680867, 42.47438346], [-121.55719626, 42.47424876], [-121.55739378, 42.47408383], [-121.55766584, 42.47383918], [-121.5577718, 42.47356031], [-121.55772335, 42.47308201], [-121.55767118, 42.47270266], [-121.5575343, 42.47215375], [-121.55755463, 42.47215392], [-121.55636776, 42.46881611], [-121.5561871, 42.46811061], [-121.5561871, 42.46731887], [-121.5560277, 42.46516309], [-121.55613908, 42.463671], [-121.5561072, 42.4632163], [-121.55601156, 42.46229907], [-121.55597968, 42.46153861], [-121.55584153, 42.46077031], [-121.55540583, 42.46058999], [-121.55443878, 42.46044887], [-121.5536949, 42.46034695], [-121.55287663, 42.46011959], [-121.55205802, 42.45972735], [-121.55185611, 42.45936671], [-121.55173922, 42.45848861], [-121.55200489, 42.45799468], [-121.55165572, 42.45565637], [-121.55166635, 42.4552565], [-121.55082683, 42.45428426], [-121.55013608, 42.45342962], [-121.54942408, 42.45214371], [-121.54961536, 42.45013639], [-121.54973226, 42.45001877], [-121.55008294, 42.44983842], [-121.55050802, 42.44902293], [-121.55089059, 42.4480898], [-121.55123065, 42.44725076], [-121.5516451, 42.44695277], [-121.55203829, 42.44696062], [-121.552474, 42.44714097], [-121.55283531, 42.44749384], [-121.55327101, 42.44805059], [-121.55377048, 42.44821526], [-121.553898, 42.44832504], [-121.55403615, 42.44870143], [-121.55522636, 42.44944636], [-121.55615345, 42.45018756], [-121.55695047, 42.45069724], [-121.55715238, 42.45137157], [-121.55715238, 42.45220272], [-121.55704611, 42.45288488], [-121.55717363, 42.45323772], [-121.55744993, 42.45408452], [-121.55764122, 42.4552371], [-121.55785375, 42.45542527], [-121.55817256, 42.45551152], [-121.55843823, 42.45551152], [-121.55892707, 42.45524494], [-121.55958594, 42.45486859], [-121.56024481, 42.45439815], [-121.56042546, 42.45461769], [-121.56051048, 42.45530766], [-121.56040421, 42.45619364], [-121.55996192, 42.45722808], [-121.55946246, 42.45867069], [-121.55947309, 42.45914109], [-121.55952622, 42.46063853], [-121.55938807, 42.46186155], [-121.55898425, 42.46477787], [-121.55918616, 42.46560884], [-121.5592566, 42.46662904], [-121.55938412, 42.46722482], [-121.55993672, 42.46819685], [-121.56024926, 42.46925462], [-121.56051493, 42.47029717], [-121.5608975, 42.47098697], [-121.56132258, 42.4717238], [-121.56157762, 42.47214708], [-121.5618858, 42.47205302], [-121.56213022, 42.47179435], [-121.56228963, 42.47173164], [-121.56241715, 42.4719276], [-121.56253405, 42.47206869], [-121.56306539, 42.47211572], [-121.56358611, 42.47188057], [-121.56391554, 42.47171596], [-121.56402181, 42.47154351], [-121.56436187, 42.47130836], [-121.56489322, 42.47090075], [-121.5652217, 42.47067536], [-121.56522211, 42.47066544], [-121.56526847, 42.47062119], [-121.56528096, 42.47044308], [-121.56538504, 42.47032945], [-121.56537255, 42.47016976], [-121.56545581, 42.47014827], [-121.56555157, 42.47026189], [-121.56558487, 42.47016055], [-121.56554324, 42.47007456], [-121.56558487, 42.46998858], [-121.56536838, 42.46977054], [-121.56530594, 42.46967534], [-121.56537255, 42.46963542], [-121.56554741, 42.46957707], [-121.56569728, 42.46965691], [-121.566455, 42.46976132], [-121.56713775, 42.47005], [-121.56744583, 42.47006535], [-121.56766649, 42.47018819], [-121.56789963, 42.4701452], [-121.56831179, 42.47011756], [-121.56851163, 42.46998858], [-121.56880722, 42.46979203], [-121.56888632, 42.46985038], [-121.56914028, 42.47001621], [-121.56930265, 42.47020354], [-121.56939424, 42.47035709], [-121.56948167, 42.47022504], [-121.5696482, 42.4701022], [-121.56984388, 42.47001314], [-121.56988551, 42.46979203], [-121.5698522, 42.46969376], [-121.56991465, 42.46965384], [-121.57003122, 42.46973062], [-121.57013114, 42.46994865], [-121.57019359, 42.4700285], [-121.57030184, 42.47025268], [-121.57030184, 42.470483], [-121.57021441, 42.47071946], [-121.57011865, 42.47100198], [-121.57015196, 42.47128758], [-121.570102, 42.47155168], [-121.57028459, 42.47188435], [-121.57052606, 42.47217915], [-121.57057085, 42.47221895], [-121.57059759, 42.47221896], [-121.57071376, 42.47232179], [-121.57102252, 42.47255333], [-121.57130041, 42.4726748], [-121.57166064, 42.47281144], [-121.5718459, 42.47287597], [-121.57202086, 42.47287597], [-121.57222156, 42.47287597], [-121.57248401, 42.47292152], [-121.57276704, 42.47287976], [-121.57307581, 42.47279246], [-121.57339103, 42.47277638], [-121.57362694, 42.47286991], [-121.57399606, 42.47280943], [-121.57428518, 42.4726015], [-121.57468231, 42.4724095], [-121.57510046, 42.47234912], [-121.57534683, 42.47236939], [-121.57567037, 42.47247328], [-121.57618731, 42.47265993], [-121.57709303, 42.47292228], [-121.57740812, 42.47312895], [-121.57799783, 42.47438588], [-121.57836395, 42.47455215], [-121.57862574, 42.47468554], [-121.57882091, 42.47495517], [-121.57903231, 42.47460872], [-121.57919734, 42.4749166], [-121.58155164, 42.47492729], [-121.58201083, 42.47474698], [-121.58202821, 42.47492716], [-121.58189493, 42.47516514], [-121.5823576, 42.47569887], [-121.58250688, 42.47640597], [-121.58279849, 42.47656615], [-121.58294545, 42.47685525], [-121.58246611, 42.47719847], [-121.5820169, 42.47735499], [-121.58186602, 42.47754708], [-121.58188389, 42.47774806], [-121.58274172, 42.47883973], [-121.58275926, 42.47894854], [-121.58324851, 42.47965469], [-121.5834438, 42.47970822], [-121.58362333, 42.47970429], [-121.58411245, 42.4793885], [-121.58458398, 42.47943676], [-121.58479122, 42.47928453], [-121.58490617, 42.47950148], [-121.58516459, 42.47955137], [-121.58524724, 42.47970961], [-121.58468557, 42.48065981], [-121.58437226, 42.48083338], [-121.58396889, 42.48097041], [-121.58379265, 42.4812345], [-121.5843253, 42.48282145], [-121.58472465, 42.48303233], [-121.58506333, 42.48334389], [-121.58501418, 42.48353718], [-121.58473106, 42.48377418], [-121.58476145, 42.48394562], [-121.58486672, 42.48411705], [-121.58509677, 42.48418636], [-121.58535362, 42.4845225], [-121.58529627, 42.48474683], [-121.58503204, 42.48523748], [-121.58502261, 42.48534306], [-121.58519959, 42.48551062], [-121.58516143, 42.48561472], [-121.58510303, 42.48563517], [-121.58520137, 42.48583473], [-121.58562486, 42.48622663], [-121.5860374, 42.4863075], [-121.58620345, 42.48659235], [-121.58638047, 42.48670352], [-121.58679946, 42.4867011], [-121.58696761, 42.48676597], [-121.58720149, 42.48700048], [-121.58749945, 42.48734429], [-121.58783246, 42.48824196], [-121.5875268, 42.48865756], [-121.58844129, 42.48951307], [-121.58840082, 42.4901454], [-121.58947426, 42.49067852], [-121.59015423, 42.49075444], [-121.59383063, 42.49257779], [-121.59750214, 42.494703], [-121.59766931, 42.49494835], [-121.59780863, 42.49571491], [-121.59833102, 42.49662924], [-121.59883954, 42.49666574], [-121.59943986, 42.49683571], [-121.59998034, 42.4966803], [-121.60004418, 42.49668784], [-121.60016938, 42.4970221], [-121.60046749, 42.49699697], [-121.60067357, 42.49713772], [-121.60103644, 42.4971327], [-121.60105581, 42.49749773], [-121.60117255, 42.49763634], [-121.60127211, 42.4975814], [-121.60137167, 42.49752646], [-121.60150339, 42.49727299], [-121.6018024, 42.49710431], [-121.60219877, 42.4971427], [-121.60160071, 42.49734269], [-121.60168422, 42.49753163], [-121.6016257, 42.49789086], [-121.60186766, 42.49780312], [-121.60196384, 42.49786435], [-121.60215491, 42.49782063], [-121.60229983, 42.49762049], [-121.6023709, 42.49758166], [-121.60237071, 42.49771], [-121.60224909, 42.49788895], [-121.60217134, 42.4982197], [-121.60215302, 42.49842488], [-121.6021319, 42.49870167], [-121.6022962, 42.49878442], [-121.60257935, 42.49895745], [-121.60281465, 42.49920104], [-121.60281793, 42.49939001], [-121.60251915, 42.49977665], [-121.60198769, 42.49996205], [-121.60171856, 42.50020238], [-121.60168022, 42.50046273], [-121.60179604, 42.50051118], [-121.60028945, 42.50164881]]]}, "properties": {"zone_name": "US-OR-KLA-FHZ-1582-A", "level": 3, "fire_name": "Wrights Spring", "county": "Klamath", "addresses": 3, "unmatched_addresses": 0, "unmatched_fraction_pct": 12.8, "geometry_source": "cached", "geometry_cache_age_days": 0, "overlapping_zips": [{"zip": "97624", "fraction_pct": 86.7}, {"zip": "97639", "fraction_pct": 0.5}]}}, {"type": "Feature", "geometry": {"type": "Polygon", "coordinates": [[[-121.58789734, 42.50141896], [-121.58790187, 42.5014158], [-121.58800056, 42.50129578], [-121.58835803, 42.50124606], [-121.58826777, 42.50115843], [-121.58846353, 42.50104069], [-121.58862351, 42.50102611], [-121.58918864, 42.50088649], [-121.58959713, 42.50086235], [-121.59023716, 42.50094866], [-121.59165743, 42.50037564], [-121.59226318, 42.50009819], [-121.59318822, 42.49994748], [-121.59378231, 42.499592], [-121.59458874, 42.49938626], [-121.59551979, 42.49929623], [-121.59613696, 42.49945123], [-121.59690899, 42.49972088], [-121.59894656, 42.50088773], [-121.59988309, 42.50136657], [-121.60239577, 42.50311178], [-121.6028689, 42.50341361], [-121.6030358, 42.50380805], [-121.60320245, 42.50365862], [-121.6044056, 42.50418648], [-121.60537619, 42.50421339], [-121.60690681, 42.50463933], [-121.6076006, 42.50521569], [-121.60855127, 42.5055134], [-121.60901391, 42.50621086], [-121.60999789, 42.50679092], [-121.61012783, 42.50733102], [-121.61095706, 42.50823133], [-121.61197997, 42.5085972], [-121.61237383, 42.50908453], [-121.61251754, 42.50989357], [-121.61216094, 42.51055112], [-121.61206711, 42.51108203], [-121.6122345, 42.51152679], [-121.61178562, 42.51267474], [-121.61091536, 42.51308562], [-121.61064411, 42.51359232], [-121.61074592, 42.51463879], [-121.61039308, 42.51510439], [-121.60990458, 42.51588198], [-121.58789734, 42.50141896]]]}, "properties": {"zone_name": "US-OR-KLA-KLA-1165-B", "level": 3, "fire_name": "Wrights Spring", "county": "Klamath", "addresses": 1, "unmatched_addresses": 0, "unmatched_fraction_pct": 0, "geometry_source": "cached", "geometry_cache_age_days": 0, "overlapping_zips": [{"zip": "97624", "fraction_pct": 100.0}]}}, {"type": "Feature", "geometry": {"type": "Polygon", "coordinates": [[[-121.51205206, 42.44178536], [-121.5136668, 42.439263], [-121.5171126, 42.433912], [-121.5181338, 42.432285], [-121.51846798, 42.43152778], [-121.518631, 42.430486], [-121.51833681, 42.42878274], [-121.51832317, 42.428767], [-121.518144, 42.427395], [-121.51821487, 42.42688323], [-121.51901144, 42.4249649], [-121.51902857, 42.42857477], [-121.52143893, 42.42856792], [-121.52142039, 42.4250164], [-121.52624111, 42.42504377], [-121.52618683, 42.42147081], [-121.52867036, 42.42147765], [-121.52878063, 42.42859714], [-121.52633318, 42.42859714], [-121.52617177, 42.43946411], [-121.53107924, 42.43947096], [-121.53118344, 42.42503562], [-121.54585762, 42.42501585], [-121.54585442, 42.42863132], [-121.54808543, 42.42869149], [-121.54137985, 42.44986931], [-121.51205206, 42.44178536]]]}, "properties": {"zone_name": "US-OR-KLA-KLA-1381-C", "level": 3, "fire_name": "Wrights Spring", "county": "Klamath", "addresses": 9, "unmatched_addresses": 1, "unmatched_fraction_pct": 8.3, "geometry_source": "cached", "geometry_cache_age_days": 0, "overlapping_zips": [{"zip": "97639", "fraction_pct": 89.9}, {"zip": "97624", "fraction_pct": 1.8}]}}, {"type": "Feature", "geometry": {"type": "Polygon", "coordinates": [[[-121.68350419, 42.56506265], [-121.6827986, 42.5646838], [-121.6825033, 42.5645394], [-121.6822257, 42.5644227], [-121.6819135, 42.5642931], [-121.6816207, 42.564204], [-121.6813723, 42.5641394], [-121.6810243, 42.5640656], [-121.6802545, 42.5639472], [-121.6776594, 42.563559], [-121.676706, 42.5634248], [-121.6763735, 42.5633483], [-121.6760759, 42.5632695], [-121.6756751, 42.5631297], [-121.6752929, 42.5629608], [-121.6747846, 42.5626542], [-121.673584, 42.56192], [-121.6731857, 42.5616783], [-121.6726746, 42.5613959], [-121.672093, 42.5611679], [-121.671453, 42.5609995], [-121.670048, 42.5607176], [-121.66894486, 42.56049962], [-121.6686133, 42.5604341], [-121.6630899, 42.5593275], [-121.662317, 42.5591425], [-121.66212805, 42.55907833], [-121.66209043, 42.55906555], [-121.66200853, 42.55903773], [-121.6615974, 42.5588981], [-121.66143878, 42.55883651], [-121.6601636, 42.5583414], [-121.6597362, 42.5582129], [-121.6593513, 42.5581588], [-121.6589718, 42.5581595], [-121.6586195, 42.5582129], [-121.6582467, 42.5583173], [-121.6579998, 42.5584283], [-121.6577225, 42.5585943], [-121.6574784, 42.5587796], [-121.65584173, 42.56022826], [-121.6557783, 42.5602844], [-121.6554706, 42.5605164], [-121.65533355, 42.56059463], [-121.6551262, 42.560713], [-121.6547921, 42.5608844], [-121.6544192, 42.5610217], [-121.6540464, 42.5611343], [-121.6536461, 42.5612256], [-121.653042, 42.5613033], [-121.6525255, 42.5613283], [-121.6520032, 42.5612951], [-121.6515184, 42.5612098], [-121.6510359, 42.5610875], [-121.6505761, 42.5609319], [-121.6482881, 42.5599507], [-121.6462714, 42.5591036], [-121.6450972, 42.5587528], [-121.6444868, 42.5584825], [-121.64438846, 42.55841568], [-121.64437652, 42.55840757], [-121.64433918, 42.55836819], [-121.64401279, 42.55809585], [-121.64353086, 42.55757181], [-121.64313052, 42.55668902], [-121.64174845, 42.55518448], [-121.64121552, 42.55474495], [-121.64105742, 42.55460407], [-121.64090188, 42.55423215], [-121.64046584, 42.55398586], [-121.63976461, 42.55371538], [-121.63950962, 42.55361394], [-121.63924046, 42.55338946], [-121.63913337, 42.55323919], [-121.63823324, 42.55280716], [-121.63766206, 42.55274141], [-121.63739176, 42.55286914], [-121.63706537, 42.55277898], [-121.63740451, 42.55307765], [-121.63738382, 42.55312417], [-121.63681784, 42.55285793], [-121.63634731, 42.5529383], [-121.63617002, 42.55302872], [-121.6356313, 42.55327487], [-121.63489484, 42.55370687], [-121.63451297, 42.55400827], [-121.6343354, 42.55423718], [-121.63403958, 42.55462105], [-121.6340102, 42.55467733], [-121.63403762, 42.55480721], [-121.63405134, 42.55489668], [-121.63413949, 42.55497605], [-121.63432168, 42.55503521], [-121.63441572, 42.55506408], [-121.6344549, 42.55509294], [-121.6345411, 42.55520405], [-121.63461162, 42.55530651], [-121.63471937, 42.55551287], [-121.63483691, 42.55561533], [-121.63490352, 42.55566728], [-121.63489372, 42.55568171], [-121.63468019, 42.55570624], [-121.63464492, 42.55574954], [-121.63462338, 42.55584622], [-121.63457244, 42.55598476], [-121.63450779, 42.55611607], [-121.63439613, 42.55625172], [-121.63419079, 42.55642067], [-121.63398209, 42.55654735], [-121.63386422, 42.55659148], [-121.63307579, 42.55681211], [-121.63301975, 42.55685054], [-121.63302336, 42.5568645], [-121.6329063, 42.5568916], [-121.6321484, 42.557034], [-121.6313706, 42.557134], [-121.6305097, 42.5572325], [-121.629799, 42.5572873], [-121.6291072, 42.5573084], [-121.6282064, 42.5573006], [-121.6271917, 42.5572481], [-121.6261927, 42.5571474], [-121.6252137, 42.556996], [-121.6243715, 42.556835], [-121.6235281, 42.5566234], [-121.6225624, 42.5563376], [-121.6218001, 42.5560579], [-121.6209538, 42.5557225], [-121.6201446, 42.5553357], [-121.62001246, 42.55526274], [-121.6194723, 42.5549645], [-121.6189236, 42.554616], [-121.6184289, 42.5542522], [-121.6180453, 42.5539432], [-121.6171018, 42.5530968], [-121.6158058, 42.5519187], [-121.61580201, 42.5519153], [-121.619291, 42.552067], [-121.619601, 42.551866], [-121.619828, 42.551215], [-121.620361, 42.549337], [-121.621262, 42.5462], [-121.62158993, 42.54540131], [-121.62162605, 42.54540273], [-121.62184876, 42.54513817], [-121.62212528, 42.54512681], [-121.62229003, 42.54528551], [-121.62228549, 42.54541832], [-121.62215431, 42.54562255], [-121.62197842, 42.54593973], [-121.62195057, 42.54610721], [-121.62196106, 42.54627469], [-121.62209701, 42.54654377], [-121.62216585, 42.54675301], [-121.62253628, 42.54702345], [-121.62270407, 42.54729445], [-121.62301307, 42.54749814], [-121.62325536, 42.54779114], [-121.62394979, 42.548177], [-121.62453102, 42.54835435], [-121.62465544, 42.54848122], [-121.62480991, 42.54906981], [-121.62534978, 42.54964065], [-121.62542335, 42.54978342], [-121.62541205, 42.5499262], [-121.62538388, 42.55005868], [-121.62540143, 42.5504028], [-121.62547774, 42.55062186], [-121.62557363, 42.55074473], [-121.62562447, 42.55084347], [-121.62594954, 42.55112017], [-121.62645723, 42.55169313], [-121.62707593, 42.55223723], [-121.62804563, 42.55287779], [-121.62911981, 42.5534943], [-121.62941537, 42.5536587], [-121.62961953, 42.55359704], [-121.63008655, 42.55361386], [-121.63100408, 42.55347677], [-121.63140417, 42.55347315], [-121.63151698, 42.553407], [-121.63167432, 42.55335698], [-121.63190349, 42.55321557], [-121.63223776, 42.55305781], [-121.63289817, 42.55283861], [-121.63338874, 42.5528512], [-121.63416419, 42.55275549], [-121.63523941, 42.55234562], [-121.6354088, 42.55210684], [-121.63567282, 42.55212206], [-121.63616911, 42.55193197], [-121.63838934, 42.55113378], [-121.63952388, 42.55109636], [-121.6405053, 42.55131455], [-121.64340875, 42.55310598], [-121.64410145, 42.55397453], [-121.64457308, 42.55541848], [-121.64494154, 42.5567104], [-121.64556321, 42.55735865], [-121.64653328, 42.55802401], [-121.64754575, 42.55860745], [-121.64874403, 42.55896849], [-121.65116769, 42.56017951], [-121.65208448, 42.56036595], [-121.65311315, 42.56047824], [-121.65365083, 42.56042625], [-121.65403189, 42.56027538], [-121.65467097, 42.559883], [-121.65523222, 42.55915777], [-121.65598366, 42.55823891], [-121.65624333, 42.55795465], [-121.65660928, 42.5577116], [-121.65734118, 42.55722549], [-121.65771257, 42.55710031], [-121.65832448, 42.5569257], [-121.65868277, 42.55690451], [-121.65891801, 42.55700692], [-121.66135951, 42.55772867], [-121.66416527, 42.55869072], [-121.66672967, 42.55911401], [-121.66793466, 42.55914952], [-121.66905865, 42.55900606], [-121.66985026, 42.55888203], [-121.67007843, 42.55862955], [-121.67029213, 42.55830624], [-121.67057291, 42.55814597], [-121.67078404, 42.55808213], [-121.67082587, 42.55785506], [-121.67074027, 42.55775644], [-121.67101277, 42.5577837], [-121.67112353, 42.55802817], [-121.67120437, 42.55833875], [-121.67200164, 42.55827671], [-121.67275169, 42.55808943], [-121.67318877, 42.55805803], [-121.67378914, 42.55801704], [-121.67405702, 42.55804635], [-121.67444198, 42.5581319], [-121.67481713, 42.55791356], [-121.67545089, 42.55744124], [-121.67569744, 42.55736801], [-121.6758859, 42.55743012], [-121.67684179, 42.55655488], [-121.67853259, 42.55593281], [-121.67901661, 42.55597098], [-121.67899068, 42.55603239], [-121.67884058, 42.5562026], [-121.67883742, 42.55635818], [-121.67878103, 42.55638355], [-121.67883188, 42.55645865], [-121.67893356, 42.55651523], [-121.67900546, 42.55644747], [-121.6790714, 42.55644262], [-121.67896087, 42.5566612], [-121.67887879, 42.55674927], [-121.67888806, 42.55682272], [-121.6787537, 42.55697548], [-121.67873054, 42.55712238], [-121.67875703, 42.55731463], [-121.67880337, 42.557384], [-121.67899138, 42.55756371], [-121.67894384, 42.55773022], [-121.67888529, 42.55776673], [-121.67891808, 42.55794659], [-121.67895088, 42.55800505], [-121.67888983, 42.55808254], [-121.67896779, 42.55816589], [-121.67897973, 42.55828029], [-121.67905522, 42.55830108], [-121.67903539, 42.55849885], [-121.67915855, 42.55853573], [-121.67921024, 42.55865336], [-121.67931753, 42.55870663], [-121.67944947, 42.55922345], [-121.67967872, 42.55973588], [-121.68006129, 42.56015241], [-121.68056697, 42.5605309], [-121.68077233, 42.56076829], [-121.68110876, 42.56095887], [-121.68120259, 42.56097073], [-121.68151883, 42.56087436], [-121.68159529, 42.56087175], [-121.6817894, 42.560854], [-121.68197384, 42.5608773], [-121.6822814, 42.56081137], [-121.68240402, 42.5608236], [-121.68245119, 42.56075392], [-121.68315254, 42.56107373], [-121.68324894, 42.56116356], [-121.68352407, 42.56132067], [-121.6839234, 42.56145644], [-121.68434025, 42.56145889], [-121.68478291, 42.56161054], [-121.68481089, 42.56170694], [-121.68502554, 42.56192036], [-121.68506024, 42.56207056], [-121.68551991, 42.5622939], [-121.68603002, 42.56280568], [-121.68607873, 42.56297441], [-121.68608441, 42.56313862], [-121.68600352, 42.56361497], [-121.68587288, 42.56381702], [-121.68562336, 42.56405681], [-121.68523206, 42.56425767], [-121.68494412, 42.56423459], [-121.68472177, 42.56431416], [-121.68461907, 42.56434295], [-121.68451638, 42.56442306], [-121.68435813, 42.5644595], [-121.68414901, 42.56495359], [-121.68408336, 42.56504915], [-121.68375904, 42.56504182], [-121.68359254, 42.56498619], [-121.68350419, 42.56506265]]]}, "properties": {"zone_name": "US-OR-KLA-FHZ-1166", "level": 3, "fire_name": "Wrights Spring", "county": "Klamath", "addresses": 14, "unmatched_addresses": 0, "unmatched_fraction_pct": 0, "geometry_source": "cached", "geometry_cache_age_days": 0, "overlapping_zips": [{"zip": "97624", "fraction_pct": 100.0}]}}]}