{"type": "FeatureCollection", "generated_at": "2026-08-29T15:16:29Z", "date": "2026-08-29", "features": [{"type": "Feature", "geometry": {"type": "Polygon", "coordinates": [[[-118.32678306, 45.76160647], [-118.32704647, 45.76238748], [-118.32781061, 45.7633775], [-118.3290114, 45.7645198], [-118.32955721, 45.76726124], [-118.32999386, 45.7686319], [-118.3272648, 45.76794658], [-118.32388075, 45.76611899], [-118.32158834, 45.76665204], [-118.31733099, 45.76642359], [-118.31471109, 45.76505287], [-118.31154537, 45.76474826], [-118.30663305, 45.76512902], [-118.3041223, 45.76589054], [-118.30270319, 45.76589054], [-118.30051994, 45.76581439], [-118.29800919, 45.76467211], [-118.29648092, 45.76383442], [-118.29629995, 45.76383928], [-118.29671807, 45.76302255], [-118.2975227, 45.76264833], [-118.29899786, 45.7624924], [-118.30127765, 45.76230529], [-118.30306572, 45.76202462], [-118.3045435, 45.76136475], [-118.30628687, 45.76052272], [-118.30749382, 45.75989898], [-118.30825375, 45.75933762], [-118.30910308, 45.75955593], [-118.31187459, 45.75927524], [-118.3146908, 45.75915049], [-118.31764111, 45.75862031], [-118.32126195, 45.75893218], [-118.32157487, 45.76005492], [-118.32188778, 45.76089696], [-118.3225136, 45.76111526], [-118.32327353, 45.76124], [-118.32483809, 45.76148949], [-118.32678306, 45.76160647]]]}, "properties": {"zone_name": "US-OR-UMA-UMC-151-H", "level": 1, "fire_name": "No named fire", "county": "Umatilla", "addresses": 1, "unmatched_addresses": 0, "unmatched_fraction_pct": 0, "geometry_source": "cached", "geometry_cache_age_days": 0, "overlapping_zips": [{"zip": "97886", "fraction_pct": 100.0}]}}, {"type": "Feature", "geometry": {"type": "Polygon", "coordinates": [[[-118.3916971, 45.69794712], [-118.39217171, 45.69785819], [-118.3913698, 45.69711491], [-118.3909838, 45.69670691], [-118.3906318, 45.69617591], [-118.3899758, 45.69474591], [-118.3895358, 45.69340591], [-118.3894748, 45.69310491], [-118.3895168, 45.69279491], [-118.3896088, 45.69237691], [-118.3900808, 45.69089591], [-118.3906518, 45.68869091], [-118.3907368, 45.68855191], [-118.3908798, 45.68841891], [-118.3918238, 45.68768991], [-118.3922058, 45.68728591], [-118.3936988, 45.68506991], [-118.3954308, 45.68286091], [-118.3960588, 45.68198691], [-118.3964788, 45.68151591], [-118.3970258, 45.68103991], [-118.3972558, 45.68075491], [-118.3974398, 45.68031491], [-118.3976178, 45.67961091], [-118.3977688, 45.67854891], [-118.3978318, 45.67837491], [-118.3981958, 45.67775691], [-118.3986718, 45.67614791], [-118.3990138, 45.67515391], [-118.3991398, 45.67491691], [-118.3995618, 45.67439491], [-118.4002298, 45.67367191], [-118.4003768, 45.67327791], [-118.4004798, 45.67267591], [-118.4007368, 45.67164491], [-118.4007488, 45.67146091], [-118.4006788, 45.67100991], [-118.4007598, 45.66933591], [-118.4009038, 45.66888491], [-118.4009388, 45.66862491], [-118.4009378, 45.66850691], [-118.4006228, 45.66792291], [-118.4005478, 45.66761091], [-118.4006688, 45.66707691], [-118.4009128, 45.66668891], [-118.4009418, 45.66657491], [-118.4009208, 45.66630691], [-118.4007558, 45.66568591], [-118.4007658, 45.66539691], [-118.4008878, 45.66483791], [-118.4008938, 45.66440991], [-118.4004948, 45.66276691], [-118.4004638, 45.66251591], [-118.4004778, 45.66129491], [-118.4003378, 45.65840791], [-118.4004118, 45.65708291], [-118.4003918, 45.65651091], [-118.4004218, 45.65639691], [-118.4004858, 45.65632691], [-118.4007558, 45.65617091], [-118.4008678, 45.65603691], [-118.4009918, 45.65556391], [-118.4009578, 45.65538491], [-118.4007828, 45.65508291], [-118.4007708, 45.65495491], [-118.4008008, 45.65492291], [-118.4001168, 45.65458991], [-118.40009637, 45.65458415], [-118.40171386, 45.65283687], [-118.40517114, 45.65275558], [-118.40523471, 45.6564474], [-118.41552584, 45.65638065], [-118.41555717, 45.66006498], [-118.40523837, 45.66009563], [-118.40522213, 45.66193341], [-118.40520588, 45.66377119], [-118.40514176, 45.6710247], [-118.41021225, 45.67101358], [-118.4127475, 45.67100807], [-118.41277153, 45.66735214], [-118.41531318, 45.66733893], [-118.41525252, 45.67465144], [-118.4204266, 45.67464105], [-118.42041547, 45.67827798], [-118.42037283, 45.68195881], [-118.41527653, 45.68197523], [-118.41518029, 45.68564336], [-118.4207206, 45.68564367], [-118.42391515, 45.68564392], [-118.4252773, 45.685644], [-118.42533849, 45.68635647], [-118.42148095, 45.68811122], [-118.41577201, 45.69076796], [-118.40970322, 45.69339653], [-118.40393474, 45.69585874], [-118.39393495, 45.69793626], [-118.39200123, 45.69824123], [-118.3916971, 45.69794712]]]}, "properties": {"zone_name": "US-OR-UMA-UMC-215-C", "level": 1, "fire_name": "No named fire", "county": "Umatilla", "addresses": 11, "unmatched_addresses": 0, "unmatched_fraction_pct": 0, "geometry_source": "cached", "geometry_cache_age_days": 0, "overlapping_zips": [{"zip": "97810", "fraction_pct": 100.0}]}}, {"type": "Feature", "geometry": {"type": "Polygon", "coordinates": [[[-118.336837, 45.79229956], [-118.3365911, 45.7923172], [-118.33624298, 45.79236497], [-118.3358623, 45.7924172], [-118.3352901, 45.7925846], [-118.3347564, 45.7928734], [-118.3342016, 45.7932822], [-118.333208, 45.79422], [-118.33089063, 45.79637806], [-118.3303623, 45.7967764], [-118.3296565, 45.7970896], [-118.3290473, 45.7972735], [-118.3283961, 45.7973426], [-118.3275402, 45.7973301], [-118.3268384, 45.7972101], [-118.3264598, 45.7971116], [-118.3259751, 45.7969428], [-118.315529, 45.792828], [-118.3136535, 45.7921128], [-118.313056, 45.7918923], [-118.3123479, 45.7917148], [-118.3115383, 45.7916176], [-118.3022037, 45.7911915], [-118.3009399, 45.7911498], [-118.2999028, 45.7912384], [-118.2967325, 45.7917682], [-118.2957, 45.7918784], [-118.295025, 45.7918724], [-118.2929883, 45.7917414], [-118.29174, 45.79166], [-118.2897433, 45.7915181], [-118.2888988, 45.7913327], [-118.2882362, 45.7910804], [-118.287694, 45.79075], [-118.284487, 45.78855], [-118.28324817, 45.78772367], [-118.28299728, 45.78755632], [-118.28263718, 45.78731605], [-118.28459042, 45.78738951], [-118.28457922, 45.78694391], [-118.28457278, 45.78669763], [-118.28481882, 45.7867312], [-118.28678258, 45.78617099], [-118.28990676, 45.78554853], [-118.29276314, 45.78508168], [-118.29249536, 45.78305861], [-118.29454838, 45.78439696], [-118.29718161, 45.78492606], [-118.29999337, 45.78299636], [-118.30124304, 45.78228049], [-118.30637561, 45.78150236], [-118.31012461, 45.78168911], [-118.31467698, 45.7810666], [-118.31637296, 45.78112885], [-118.32025586, 45.7802262], [-118.32454044, 45.77904339], [-118.32900908, 45.77909577], [-118.32918755, 45.77943643], [-118.33038437, 45.78197024], [-118.33329092, 45.78235775], [-118.33683862, 45.78271546], [-118.33910402, 45.78468278], [-118.33884756, 45.78736538], [-118.33765075, 45.78998824], [-118.33735154, 45.79147845], [-118.33726606, 45.79204472], [-118.336837, 45.79229956]]]}, "properties": {"zone_name": "US-OR-UMA-UMC-151-F", "level": 1, "fire_name": "No named fire", "county": "Umatilla", "addresses": 11, "unmatched_addresses": 0, "unmatched_fraction_pct": 0, "geometry_source": "cached", "geometry_cache_age_days": 0, "overlapping_zips": [{"zip": "97886", "fraction_pct": 100.0}]}}, {"type": "Feature", "geometry": {"type": "Polygon", "coordinates": [[[-118.28457278, 45.78669763], [-118.28440334, 45.78021243], [-118.27927906, 45.78017788], [-118.27403129, 45.77999417], [-118.27411328, 45.77644414], [-118.27407252, 45.77279339], [-118.27393197, 45.77009576], [-118.27391479, 45.76949145], [-118.27453922, 45.76931723], [-118.27595833, 45.76817502], [-118.27759577, 45.76741354], [-118.27912405, 45.76695664], [-118.28108898, 45.76703279], [-118.28349056, 45.76649974], [-118.28458218, 45.76581439], [-118.28403637, 45.7643675], [-118.28643795, 45.76391058], [-118.28818455, 45.76314903], [-118.28982199, 45.76307288], [-118.29200525, 45.76360596], [-118.29364269, 45.76391058], [-118.29648092, 45.76383442], [-118.29800919, 45.76467211], [-118.30051994, 45.76581439], [-118.30270319, 45.76589054], [-118.3041223, 45.76589054], [-118.30663305, 45.76512902], [-118.31154537, 45.76474826], [-118.31471109, 45.76505287], [-118.31733099, 45.76642359], [-118.32158834, 45.76665204], [-118.32388075, 45.76611899], [-118.3272648, 45.76794658], [-118.32985367, 45.7685967], [-118.33196588, 45.77073412], [-118.33188039, 45.77240373], [-118.33072632, 45.77344721], [-118.32837543, 45.77469936], [-118.32837543, 45.77788628], [-118.32900908, 45.77909577], [-118.32454044, 45.77904339], [-118.32025586, 45.7802262], [-118.31637296, 45.78112885], [-118.31467698, 45.7810666], [-118.31012461, 45.78168911], [-118.30637561, 45.78150236], [-118.30124304, 45.78228049], [-118.29999337, 45.78299636], [-118.29718161, 45.78492606], [-118.29454838, 45.78439696], [-118.29249536, 45.78305861], [-118.29276314, 45.78508168], [-118.28990676, 45.78554853], [-118.28678258, 45.78617099], [-118.28481882, 45.7867312], [-118.28457278, 45.78669763]]]}, "properties": {"zone_name": "US-OR-UMA-UMC-151-G", "level": 1, "fire_name": "No named fire", "county": "Umatilla", "addresses": 5, "unmatched_addresses": 0, "unmatched_fraction_pct": 0, "geometry_source": "cached", "geometry_cache_age_days": 0, "overlapping_zips": [{"zip": "97886", "fraction_pct": 99.7}, {"zip": "97810", "fraction_pct": 0.3}]}}, {"type": "Feature", "geometry": {"type": "Polygon", "coordinates": [[[-118.29346575, 45.8003809], [-118.29401568, 45.79900044], [-118.29393169, 45.79636536], [-118.29435164, 45.79317383], [-118.29508425, 45.79187293], [-118.2957, 45.7918784], [-118.2967325, 45.7917682], [-118.2999028, 45.7912384], [-118.3009399, 45.7911498], [-118.3022037, 45.7911915], [-118.3115383, 45.7916176], [-118.3123479, 45.7917148], [-118.313056, 45.7918923], [-118.3136535, 45.7921128], [-118.315529, 45.792828], [-118.3259751, 45.7969428], [-118.3264598, 45.7971116], [-118.3268384, 45.7972101], [-118.3275402, 45.7973301], [-118.3283961, 45.7973426], [-118.3290473, 45.7972735], [-118.3296565, 45.7970896], [-118.3303623, 45.7967764], [-118.33089063, 45.79637806], [-118.333208, 45.79422], [-118.3342016, 45.7932822], [-118.3347564, 45.7928734], [-118.3352901, 45.7925846], [-118.3358623, 45.7924172], [-118.33624298, 45.79236497], [-118.33634129, 45.79235148], [-118.33746335, 45.79306581], [-118.33830764, 45.79386473], [-118.34011683, 45.79420111], [-118.33848856, 45.79600914], [-118.33842825, 45.79689211], [-118.33710151, 45.79815347], [-118.33547324, 45.79895232], [-118.33179455, 45.80088632], [-118.32902046, 45.80164309], [-118.32775402, 45.80277822], [-118.32594483, 45.80290434], [-118.32425626, 45.80294638], [-118.3228089, 45.80298842], [-118.31961267, 45.80227372], [-118.31750194, 45.80130675], [-118.31581337, 45.80063406], [-118.31249652, 45.80042385], [-118.30850326, 45.80017462], [-118.30524672, 45.80000645], [-118.29957792, 45.79979623], [-118.29734658, 45.80017462], [-118.29662291, 45.80076322], [-118.29481372, 45.80076322], [-118.29348698, 45.80038484], [-118.29346575, 45.8003809]]]}, "properties": {"zone_name": "US-OR-UMA-UMC-117-I", "level": 1, "fire_name": "No named fire", "county": "Umatilla", "addresses": 3, "unmatched_addresses": 0, "unmatched_fraction_pct": 0, "geometry_source": "cached", "geometry_cache_age_days": 0, "overlapping_zips": [{"zip": "97886", "fraction_pct": 100.0}]}}, {"type": "Feature", "geometry": {"type": "Polygon", "coordinates": [[[-118.29387934, 45.80049674], [-118.29481372, 45.80076322], [-118.29662291, 45.80076322], [-118.29734658, 45.80017462], [-118.29957792, 45.79979623], [-118.30524672, 45.80000645], [-118.30850326, 45.80017462], [-118.31249652, 45.80042385], [-118.31581337, 45.80063406], [-118.31750194, 45.80130675], [-118.31961267, 45.80227372], [-118.3228089, 45.80298842], [-118.32425626, 45.80294638], [-118.32594483, 45.80290434], [-118.32775402, 45.80277822], [-118.32902046, 45.80164309], [-118.33179455, 45.80088632], [-118.33547324, 45.79895232], [-118.33665848, 45.79837083], [-118.33726821, 45.80058739], [-118.33703077, 45.80617392], [-118.33679333, 45.80828424], [-118.33569455, 45.80901384], [-118.33426989, 45.81037928], [-118.33426989, 45.8113723], [-118.33361693, 45.81385479], [-118.33183611, 45.81546835], [-118.32904615, 45.81704049], [-118.32780092, 45.81801354], [-118.32629214, 45.81619725], [-118.32139097, 45.81633388], [-118.32094986, 45.81609477], [-118.32011666, 45.81558238], [-118.31585264, 45.81489918], [-118.31251984, 45.81448925], [-118.31046135, 45.81356692], [-118.30673645, 45.81332779], [-118.30428586, 45.81476254], [-118.30016888, 45.81346443], [-118.29600288, 45.81223462], [-118.29365031, 45.8099799], [-118.29433648, 45.80843742], [-118.29428747, 45.80717334], [-118.29378131, 45.80170542], [-118.29387934, 45.80081704], [-118.29387934, 45.80049674]]]}, "properties": {"zone_name": "US-OR-UMA-UMC-075B", "level": 1, "fire_name": "No named fire", "county": "Umatilla", "addresses": 1, "unmatched_addresses": 0, "unmatched_fraction_pct": 0, "geometry_source": "cached", "geometry_cache_age_days": 0, "overlapping_zips": [{"zip": "97886", "fraction_pct": 100.0}]}}, {"type": "Feature", "geometry": {"type": "Polygon", "coordinates": [[[-118.217011, 45.80811719], [-118.2170354, 45.80583978], [-118.21707545, 45.80209153], [-118.21178743, 45.80240519], [-118.20610567, 45.80255455], [-118.20617433, 45.7987491], [-118.21108493, 45.79856973], [-118.21187608, 45.79854084], [-118.21190009, 45.79749356], [-118.21190177, 45.79742012], [-118.21208743, 45.79732856], [-118.21226746, 45.79697712], [-118.21268153, 45.79603574], [-118.21358166, 45.79580981], [-118.21487786, 45.79543325], [-118.21532793, 45.79529518], [-118.21556197, 45.79499393], [-118.21572399, 45.79420315], [-118.21570599, 45.7939019], [-118.21556197, 45.79334959], [-118.21548996, 45.79257134], [-118.21594003, 45.79272197], [-118.21637209, 45.79296047], [-118.21716421, 45.79358809], [-118.2177403, 45.79376382], [-118.21916555, 45.79420133], [-118.21988566, 45.79438961], [-118.22128988, 45.79490425], [-118.22229704, 45.79522402], [-118.22329448, 45.79574795], [-118.22390465, 45.79641126], [-118.22494474, 45.79680276], [-118.22617152, 45.79738343], [-118.22661453, 45.79799053], [-118.22744158, 45.79843073], [-118.22747866, 45.79941302], [-118.22982611, 45.8009792], [-118.23156876, 45.80041053], [-118.23316309, 45.80072072], [-118.23375633, 45.80074656], [-118.23490574, 45.80074656], [-118.23638884, 45.80074656], [-118.23820564, 45.80077241], [-118.23946628, 45.80105675], [-118.23920673, 45.80167711], [-118.24080107, 45.80185805], [-118.24395266, 45.80165127], [-118.24480544, 45.80141863], [-118.24491668, 45.80116014], [-118.24576946, 45.80038468], [-118.24848564, 45.79947141], [-118.24930134, 45.79874762], [-118.25130353, 45.79856667], [-118.25304618, 45.79869592], [-118.25423266, 45.79910952], [-118.25604946, 45.79923876], [-118.25690224, 45.79926461], [-118.25808872, 45.79887687], [-118.25942352, 45.79879932], [-118.26064707, 45.79843742], [-118.26187063, 45.79872177], [-118.26327958, 45.79900612], [-118.26385463, 45.79911162], [-118.26385499, 45.79831748], [-118.26385552, 45.79714374], [-118.26385664, 45.79468663], [-118.27428148, 45.79475862], [-118.2742735, 45.79490878], [-118.27544006, 45.79522456], [-118.27708697, 45.79636324], [-118.27707325, 45.79802817], [-118.27891627, 45.7986666], [-118.28538048, 45.80071987], [-118.28801553, 45.80063375], [-118.29235239, 45.80102604], [-118.29342742, 45.80047712], [-118.29346575, 45.8003809], [-118.29348698, 45.80038484], [-118.29387934, 45.80049674], [-118.29387934, 45.80081704], [-118.29378131, 45.80170542], [-118.29428747, 45.80717334], [-118.29433648, 45.80843742], [-118.29377068, 45.80970931], [-118.27426296, 45.80944399], [-118.26671515, 45.80964897], [-118.26161792, 45.81163041], [-118.25220767, 45.81210868], [-118.24632625, 45.81128879], [-118.24220927, 45.81094717], [-118.23074052, 45.80903403], [-118.2269176, 45.81060554], [-118.22446701, 45.80958065], [-118.22211445, 45.80718916], [-118.217011, 45.80811719]]]}, "properties": {"zone_name": "US-OR-UMA-UMC-75C", "level": 1, "fire_name": "No named fire", "county": "Umatilla", "addresses": 6, "unmatched_addresses": 0, "unmatched_fraction_pct": 0, "geometry_source": "cached", "geometry_cache_age_days": 0, "overlapping_zips": [{"zip": "97886", "fraction_pct": 100.0}]}}, {"type": "Feature", "geometry": {"type": "Polygon", "coordinates": [[[-118.19356961, 45.814636], [-118.193923, 45.814636], [-118.19557275, 45.81464174], [-118.19555063, 45.81566364], [-118.20069169, 45.815651], [-118.2006992, 45.81713189], [-118.2031579, 45.81712591], [-118.20587993, 45.81711924], [-118.2116563, 45.81710508], [-118.21167808, 45.81466099], [-118.21168905, 45.81343013], [-118.21172191, 45.80975508], [-118.21187986, 45.80975009], [-118.21211919, 45.80974251], [-118.21699524, 45.80958803], [-118.217011, 45.80811719], [-118.22211445, 45.80718916], [-118.22446701, 45.80958065], [-118.2269176, 45.81060554], [-118.23074052, 45.80903403], [-118.24220927, 45.81094717], [-118.24632625, 45.81128879], [-118.25220767, 45.81210868], [-118.26161792, 45.81163041], [-118.26671515, 45.80964897], [-118.27426296, 45.80944399], [-118.29377068, 45.80970931], [-118.29365031, 45.8099799], [-118.29376229, 45.81008722], [-118.29052951, 45.81127207], [-118.28453753, 45.81286674], [-118.27614875, 45.81620779], [-118.25969802, 45.81772638], [-118.24673354, 45.81962457], [-118.23910738, 45.82152268], [-118.23267961, 45.8232689], [-118.22243876, 45.82805172], [-118.21874422, 45.82984066], [-118.19356961, 45.814636]]]}, "properties": {"zone_name": "US-OR-UMA-UMC-123-C", "level": 1, "fire_name": "No named fire", "county": "Umatilla", "addresses": 4, "unmatched_addresses": 0, "unmatched_fraction_pct": 0, "geometry_source": "cached", "geometry_cache_age_days": 0, "overlapping_zips": [{"zip": "97886", "fraction_pct": 100.0}]}}, {"type": "Feature", "geometry": {"type": "Polygon", "coordinates": [[[-118.15744022, 45.82551663], [-118.15629013, 45.82544727], [-118.15623778, 45.8254838], [-118.15592393, 45.82548248], [-118.15519243, 45.82555738], [-118.15482657, 45.82562859], [-118.15472227, 45.82570165], [-118.15461768, 45.82570271], [-118.15414727, 45.82581547], [-118.15378203, 45.82599468], [-118.15308279, 45.82575394], [-118.15269579, 45.82529394], [-118.15232278, 45.82463794], [-118.15221279, 45.82403194], [-118.15232279, 45.82373694], [-118.15243501, 45.82354376], [-118.15002306, 45.82178288], [-118.14692272, 45.82153165], [-118.14475969, 45.81967248], [-118.14338977, 45.8178635], [-118.14411078, 45.81555194], [-118.14338977, 45.81238596], [-118.14168322, 45.81035389], [-118.147923, 45.80945], [-118.152971, 45.808385], [-118.160412, 45.807876], [-118.170909, 45.806023], [-118.171573, 45.805467], [-118.17238495, 45.80493874], [-118.172808, 45.8052248], [-118.1801594, 45.8085862], [-118.180618, 45.808745], [-118.1809, 45.808832], [-118.18186591, 45.8090623], [-118.18220655, 45.80911738], [-118.182832, 45.809195], [-118.182971, 45.809241], [-118.183383, 45.809317], [-118.183783, 45.809414], [-118.184076, 45.809495], [-118.184399, 45.809594], [-118.184641, 45.809678], [-118.184891, 45.809786], [-118.185216, 45.809964], [-118.185391, 45.810075], [-118.185685, 45.810316], [-118.185866, 45.810455], [-118.1859824, 45.8106218], [-118.186306, 45.810939], [-118.186337, 45.810977], [-118.186487, 45.811156], [-118.186498, 45.811489], [-118.18672566, 45.81163354], [-118.18674798, 45.81165933], [-118.18677029, 45.81168513], [-118.1867926, 45.81171093], [-118.18703274, 45.81183055], [-118.1871187, 45.81193031], [-118.18738145, 45.81223523], [-118.187813, 45.81269], [-118.187996, 45.812837], [-118.18823793, 45.81301211], [-118.1885466, 45.8131857], [-118.18958374, 45.81355957], [-118.19001654, 45.81371558], [-118.19042064, 45.81386124], [-118.1905079, 45.8138927], [-118.190881, 45.814008], [-118.191314, 45.814166], [-118.1915, 45.814245], [-118.1917052, 45.8143952], [-118.191893, 45.814496], [-118.1920896, 45.8146865], [-118.192423, 45.814636], [-118.19356961, 45.814636], [-118.21874422, 45.82984066], [-118.216011, 45.83116413], [-118.20141549, 45.82994406], [-118.19716663, 45.82819806], [-118.18725261, 45.82485773], [-118.16786037, 45.82447813], [-118.16230416, 45.82576875], [-118.15837633, 45.82582461], [-118.15848612, 45.82566354], [-118.15744022, 45.82551663]]]}, "properties": {"zone_name": "US-OR-UMA-UMC-123-B", "level": 1, "fire_name": "No named fire", "county": "Umatilla", "addresses": 1, "unmatched_addresses": 0, "unmatched_fraction_pct": 0, "geometry_source": "cached", "geometry_cache_age_days": 0, "overlapping_zips": [{"zip": "97862", "fraction_pct": 57.9}, {"zip": "97886", "fraction_pct": 42.1}]}}, {"type": "Feature", "geometry": {"type": "Polygon", "coordinates": [[[-118.38441752, 45.69916575], [-118.38442762, 45.69916583], [-118.38512603, 45.69913036], [-118.38547704, 45.6990721], [-118.38701507, 45.69873841], [-118.38907256, 45.69843889], [-118.3916971, 45.69794712], [-118.39200123, 45.69824123], [-118.39393495, 45.69793626], [-118.40393474, 45.69585874], [-118.40970322, 45.69339653], [-118.41577201, 45.69076796], [-118.42148095, 45.68811122], [-118.42533849, 45.68635647], [-118.42535216, 45.68651565], [-118.42535709, 45.68657301], [-118.42543276, 45.68810771], [-118.425498, 45.69159455], [-118.42556526, 45.69526662], [-118.41538168, 45.69525652], [-118.41558191, 45.70252497], [-118.41572539, 45.7061891], [-118.40544399, 45.70618635], [-118.40554706, 45.70987927], [-118.40565663, 45.7135178], [-118.39534462, 45.71348275], [-118.39526315, 45.70980922], [-118.38456083, 45.70990418], [-118.3846248, 45.7135534], [-118.37926488, 45.71358833], [-118.37920962, 45.7099513], [-118.3791671, 45.70995167], [-118.38441752, 45.69916575]]]}, "properties": {"zone_name": "US-OR-UMA-UMC-215-F", "level": 1, "fire_name": "No named fire", "county": "Umatilla", "addresses": 6, "unmatched_addresses": 0, "unmatched_fraction_pct": 0, "geometry_source": "cached", "geometry_cache_age_days": 0, "overlapping_zips": [{"zip": "97810", "fraction_pct": 100.0}]}}, {"type": "Feature", "geometry": {"type": "Polygon", "coordinates": [[[-118.32994515, 45.76847901], [-118.32955721, 45.76726124], [-118.3290114, 45.7645198], [-118.32781061, 45.7633775], [-118.32704647, 45.76238748], [-118.32660982, 45.76109282], [-118.32715563, 45.76033124], [-118.32890224, 45.76139745], [-118.33097633, 45.76208286], [-118.33370539, 45.76116897], [-118.33425121, 45.76025508], [-118.3345787, 45.75934117], [-118.33501535, 45.75789411], [-118.33534283, 45.75606619], [-118.33534283, 45.75479889], [-118.33641326, 45.75411663], [-118.33674116, 45.75390766], [-118.33763284, 45.75325965], [-118.33772349, 45.75318625], [-118.33830638, 45.7527143], [-118.33840835, 45.75263174], [-118.33938637, 45.75183984], [-118.33988553, 45.75142694], [-118.34026981, 45.75138453], [-118.34102429, 45.75131541], [-118.34134286, 45.75103154], [-118.34134291, 45.75067081], [-118.34265937, 45.74981535], [-118.34289362, 45.74970245], [-118.34361369, 45.7493554], [-118.34411833, 45.74916967], [-118.3441847, 45.74914526], [-118.34506859, 45.74795321], [-118.3453767, 45.74645081], [-118.34551134, 45.74619522], [-118.34586905, 45.74551627], [-118.34617169, 45.7449281], [-118.34667397, 45.743747], [-118.34676373, 45.74353591], [-118.34734456, 45.74362781], [-118.34746911, 45.74364752], [-118.3475195, 45.74351502], [-118.34883996, 45.7431619], [-118.34979971, 45.74270914], [-118.35001913, 45.74268628], [-118.35102331, 45.74254578], [-118.35167684, 45.74244922], [-118.3532349, 45.74172215], [-118.35559374, 45.7406214], [-118.35569197, 45.74053074], [-118.35587144, 45.74047997], [-118.35592597, 45.74045707], [-118.35622419, 45.7403318], [-118.35780028, 45.73966972], [-118.35841404, 45.73970786], [-118.35965514, 45.73978496], [-118.36013929, 45.73972102], [-118.36212681, 45.7394585], [-118.36236908, 45.73942649], [-118.36426171, 45.73917646], [-118.36553296, 45.73905262], [-118.36578003, 45.73899812], [-118.36619903, 45.73890573], [-118.3663425, 45.73887409], [-118.36698854, 45.73902954], [-118.36730723, 45.73910489], [-118.36880242, 45.73925559], [-118.37102809, 45.74045578], [-118.37144838, 45.74080433], [-118.37192641, 45.74120076], [-118.37198165, 45.74130798], [-118.37215448, 45.74164345], [-118.37280148, 45.74229701], [-118.37350861, 45.7428231], [-118.3735447, 45.74290999], [-118.37365263, 45.74317079], [-118.37444679, 45.74363907], [-118.37551093, 45.74424046], [-118.37608629, 45.74444836], [-118.37695356, 45.74476173], [-118.37638144, 45.74524655], [-118.3743282, 45.74647469], [-118.37100391, 45.74736167], [-118.36816848, 45.74824863], [-118.3655286, 45.74947671], [-118.36230208, 45.74995429], [-118.36024884, 45.75145523], [-118.35985775, 45.75336546], [-118.35897779, 45.75582137], [-118.35496908, 45.75684463], [-118.35184034, 45.75739036], [-118.34489843, 45.75698106], [-118.34470288, 45.76086928], [-118.34382292, 45.7644844], [-118.33942312, 45.76680341], [-118.33404559, 45.76816749], [-118.3303302, 45.76864491], [-118.32994515, 45.76847901]]]}, "properties": {"zone_name": "US-OR-UMA-UMC-151-E", "level": 1, "fire_name": "No named fire", "county": "Umatilla", "addresses": 12, "unmatched_addresses": 0, "unmatched_fraction_pct": 0, "geometry_source": "cached", "geometry_cache_age_days": 0, "overlapping_zips": [{"zip": "97886", "fraction_pct": 100.0}]}}, {"type": "Feature", "geometry": {"type": "Polygon", "coordinates": [[[-118.06156769, 45.52195343], [-118.06157871, 45.52017089], [-118.06158959, 45.51841011], [-118.06163361, 45.51835553], [-118.0736517, 45.51839312], [-118.08173072, 45.51841839], [-118.08172876, 45.51825811], [-118.08196811, 45.51857151], [-118.08201981, 45.51863942], [-118.08395154, 45.51975754], [-118.08460586, 45.51913727], [-118.08529866, 45.51849003], [-118.08610694, 45.51857093], [-118.08649183, 45.51919121], [-118.08710766, 45.51924514], [-118.08803141, 45.51857093], [-118.0891476, 45.51803156], [-118.09072566, 45.51846306], [-118.09288106, 45.51878668], [-118.09465157, 45.51795065], [-118.09638359, 45.51722249], [-118.0974228, 45.51706067], [-118.09766401, 45.51712774], [-118.09731944, 45.52862822], [-118.0973113, 45.54345083], [-118.09695838, 45.54339999], [-118.09680637, 45.54337234], [-118.09674726, 45.54336159], [-118.09659107, 45.54334124], [-118.09616861, 45.5432862], [-118.09539442, 45.54328297], [-118.0947847, 45.54330072], [-118.09431054, 45.54331717], [-118.09414171, 45.54327382], [-118.09395289, 45.54322533], [-118.0936607, 45.54301379], [-118.09352204, 45.54284854], [-118.09347907, 45.54281986], [-118.09338408, 45.54273066], [-118.09305663, 45.54244801], [-118.09271132, 45.54211789], [-118.09265294, 45.54204545], [-118.09241615, 45.54175158], [-118.09219175, 45.54126803], [-118.09216858, 45.5412181], [-118.09215709, 45.54117481], [-118.09207718, 45.54087364], [-118.09202537, 45.5406677], [-118.09201545, 45.54062827], [-118.09132753, 45.54066405], [-118.09068571, 45.54069744], [-118.08723101, 45.54087713], [-118.08724885, 45.5443554], [-118.08724915, 45.54441375], [-118.08724883, 45.54444946], [-118.08724334, 45.54507674], [-118.07720136, 45.54492829], [-118.07687875, 45.54437337], [-118.0716831, 45.54437628], [-118.06895145, 45.54437783], [-118.06840295, 45.54437814], [-118.06128086, 45.54394273], [-118.06003855, 45.54386155], [-118.05618982, 45.54361006], [-118.05617874, 45.54366276], [-118.05616868, 45.54371063], [-118.05612848, 45.54369592], [-118.05625741, 45.53646541], [-118.06147737, 45.53656988], [-118.06152225, 45.52930654], [-118.06156769, 45.52195343]]]}, "properties": {"zone_name": "US-OR-UNI-UCO-1421", "level": 1, "fire_name": "No named fire", "county": "Union", "addresses": 34, "unmatched_addresses": 0, "unmatched_fraction_pct": 0, "geometry_source": "cached", "geometry_cache_age_days": 0, "overlapping_zips": [{"zip": "97876", "fraction_pct": 100.0}]}}, {"type": "Feature", "geometry": {"type": "Polygon", "coordinates": [[[-118.02539976, 45.54302428], [-118.0253931, 45.54370203], [-118.02557092, 45.54376336], [-118.02541109, 45.54387478], [-118.0256311, 45.55099547], [-118.02968426, 45.5511541], [-118.03056894, 45.55179638], [-118.03063573, 45.56539422], [-118.03266971, 45.56635966], [-118.03450014, 45.56764107], [-118.03527329, 45.56881286], [-118.03546725, 45.56981264], [-118.0352423, 45.57116549], [-118.03542212, 45.57136518], [-118.03453012, 45.57130486], [-118.033506, 45.570686], [-118.032855, 45.570777], [-118.032269, 45.571074], [-118.03214713, 45.57126481], [-118.031714, 45.571943], [-118.029988, 45.572697], [-118.02950679, 45.5727044], [-118.02946606, 45.57270502], [-118.02940471, 45.57270597], [-118.028557, 45.572719], [-118.02842899, 45.57278315], [-118.027677, 45.573382], [-118.02745556, 45.57376916], [-118.0273241, 45.573999], [-118.025312, 45.576405], [-118.02494, 45.576902], [-118.02398652, 45.57710322], [-118.023019, 45.577541], [-118.02178849, 45.57760368], [-118.021684, 45.577609], [-118.020838, 45.57722], [-118.01825757, 45.57576478], [-118.016381, 45.574613], [-118.01547, 45.573881], [-118.013485, 45.573285], [-118.01263333, 45.57255263], [-118.010296, 45.572415], [-118.008766, 45.572575], [-118.007562, 45.572483], [-118.006161, 45.573145], [-118.005478, 45.573237], [-118.002627, 45.572801], [-118.00059479, 45.57271409], [-117.99703, 45.572543], [-117.996519, 45.572322], [-117.995478, 45.571415], [-117.99405, 45.570926], [-117.993357, 45.569891], [-117.99275364, 45.56938839], [-117.99268632, 45.5693809], [-117.991753, 45.569277], [-117.99091089, 45.56943236], [-117.989197, 45.569646], [-117.989008, 45.568793], [-117.988461, 45.567898], [-117.987766, 45.567308], [-117.98655521, 45.56666002], [-117.9837151, 45.5654089], [-117.98384972, 45.56529009], [-117.98390591, 45.5652405], [-117.984209, 45.564973], [-117.984697, 45.56447], [-117.9871321, 45.5603862], [-117.9881723, 45.5585616], [-117.9882472, 45.5584502], [-117.9883221, 45.5583388], [-117.9889631, 45.5573854], [-117.98908699, 45.55723739], [-117.9898154, 45.5563671], [-117.991653, 45.554476], [-117.9929151, 45.5533303], [-117.99298613, 45.55327944], [-117.9934155, 45.552972], [-117.99401255, 45.552513], [-117.994041, 45.5525226], [-117.9948067, 45.552017], [-117.99488608, 45.55196457], [-117.995915, 45.551285], [-117.9974957, 45.5504782], [-117.9978422, 45.5503013], [-117.9981888, 45.55012435], [-117.99910067, 45.54962949], [-117.9991919, 45.5495803], [-118.0056196, 45.5461729], [-118.0083017, 45.5448387], [-118.0094371, 45.5444583], [-118.00996109, 45.54430414], [-118.0103348, 45.5441942], [-118.0116356, 45.5439194], [-118.0126409, 45.543795], [-118.0134429, 45.54376], [-118.01415209, 45.54375667], [-118.0142099, 45.5437564], [-118.0204816, 45.5437791], [-118.02104261, 45.54378591], [-118.02189657, 45.54379628], [-118.0243038, 45.5438255], [-118.02444285, 45.54379196], [-118.0247063, 45.5437284], [-118.0249659, 45.5435671], [-118.0252606, 45.5433015], [-118.02539976, 45.54302428]]]}, "properties": {"zone_name": "US-OR-UNI-UCO-1438", "level": 1, "fire_name": "No named fire", "county": "Union", "addresses": 9, "unmatched_addresses": 0, "unmatched_fraction_pct": 1.0, "geometry_source": "cached", "geometry_cache_age_days": 0, "overlapping_zips": [{"zip": "97876", "fraction_pct": 99.0}]}}, {"type": "Feature", "geometry": {"type": "Polygon", "coordinates": [[[-118.03542212, 45.57136518], [-118.0352423, 45.57116549], [-118.03546725, 45.56981264], [-118.03527329, 45.56881286], [-118.03450014, 45.56764107], [-118.03266971, 45.56635966], [-118.03063573, 45.56539422], [-118.03056894, 45.55179638], [-118.02968426, 45.5511541], [-118.0256311, 45.55099547], [-118.02541109, 45.54387478], [-118.02557092, 45.54376336], [-118.0253931, 45.54370203], [-118.02539976, 45.54302428], [-118.02542087, 45.53645052], [-118.03287602, 45.53653685], [-118.03461222, 45.53795464], [-118.03697487, 45.53995437], [-118.03914647, 45.54128626], [-118.04024093, 45.5419964], [-118.04201824, 45.54355822], [-118.04330314, 45.54478125], [-118.04434285, 45.54522177], [-118.04653543, 45.54626185], [-118.04766878, 45.54695104], [-118.04829091, 45.54779129], [-118.05037204, 45.54816382], [-118.05172285, 45.54885784], [-118.05265808, 45.54948386], [-118.0547068, 45.55080647], [-118.054582, 45.550825], [-118.053903, 45.550831], [-118.053737, 45.550851], [-118.053494, 45.550862], [-118.05343782, 45.55087078], [-118.05329, 45.550918], [-118.053008, 45.550921], [-118.052912, 45.55093188], [-118.052858, 45.550938], [-118.052676, 45.55096], [-118.052432, 45.550944], [-118.052035, 45.55093], [-118.05180215, 45.55089617], [-118.051229, 45.551057], [-118.050435, 45.55128], [-118.046693, 45.551028], [-118.046205, 45.551257], [-118.045749, 45.55256], [-118.045326, 45.552514], [-118.04438307, 45.55197163], [-118.042495, 45.551713], [-118.041063, 45.551347], [-118.040315, 45.551393], [-118.03965906, 45.55177004], [-118.039404, 45.552262], [-118.03944437, 45.55236034], [-118.039826, 45.55329], [-118.039793, 45.553976], [-118.039957, 45.554456], [-118.040607, 45.555119], [-118.04103, 45.555325], [-118.040965, 45.555897], [-118.04108107, 45.5562926], [-118.04181, 45.558777], [-118.041875, 45.559738], [-118.041646, 45.560926], [-118.042167, 45.561681], [-118.04337165, 45.56237476], [-118.043794, 45.562618], [-118.043923, 45.563807], [-118.044444, 45.564287], [-118.044997, 45.565453], [-118.04498143, 45.56624033], [-118.044964, 45.567122], [-118.04483098, 45.56742069], [-118.044801, 45.567488], [-118.04441, 45.567739], [-118.043532, 45.567533], [-118.04249, 45.567693], [-118.04133404, 45.56738885], [-118.039594, 45.56703], [-118.038943, 45.567144], [-118.0386575, 45.56735875], [-118.038487, 45.567487], [-118.03845344, 45.56753251], [-118.037021, 45.569475], [-118.03688736, 45.56977601], [-118.036696, 45.570207], [-118.035979, 45.571167], [-118.03580864, 45.57124359], [-118.035523, 45.571372], [-118.03542212, 45.57136518]]]}, "properties": {"zone_name": "US-OR-UNI-UCO-1437", "level": 1, "fire_name": "No named fire", "county": "Union", "addresses": 9, "unmatched_addresses": 0, "unmatched_fraction_pct": 0, "geometry_source": "cached", "geometry_cache_age_days": 0, "overlapping_zips": [{"zip": "97876", "fraction_pct": 100.0}]}}, {"type": "Feature", "geometry": {"type": "Polygon", "coordinates": [[[-118.0547068, 45.55080647], [-118.05265808, 45.54948386], [-118.05172285, 45.54885784], [-118.05037204, 45.54816382], [-118.04829091, 45.54779129], [-118.04766878, 45.54695104], [-118.04653543, 45.54626185], [-118.04434285, 45.54522177], [-118.04330314, 45.54478125], [-118.04201824, 45.54355822], [-118.04024093, 45.5419964], [-118.03914647, 45.54128626], [-118.03697487, 45.53995437], [-118.03461222, 45.53795464], [-118.03287602, 45.53653685], [-118.0409307, 45.53644806], [-118.04093447, 45.5365325], [-118.05623337, 45.53644169], [-118.05625741, 45.53646541], [-118.05612848, 45.54369592], [-118.05616868, 45.54371063], [-118.05616122, 45.54374609], [-118.05610657, 45.544006], [-118.05607511, 45.54576801], [-118.0560745, 45.5458022], [-118.05607521, 45.54585911], [-118.0560925, 45.5472483], [-118.05611312, 45.54740922], [-118.05613481, 45.54757839], [-118.056126, 45.547747], [-118.05609622, 45.54808793], [-118.05605592, 45.54854927], [-118.056032, 45.548944], [-118.056006, 45.549371], [-118.056021, 45.549651], [-118.056016, 45.549779], [-118.056004, 45.550119], [-118.0559965, 45.5501715], [-118.05597507, 45.5503215], [-118.055959, 45.550434], [-118.05594157, 45.55051291], [-118.055923, 45.550597], [-118.055899, 45.550633], [-118.055848, 45.550687], [-118.055772, 45.550724], [-118.055657, 45.550734], [-118.05528736, 45.55072138], [-118.055247, 45.55072], [-118.054952, 45.55075], [-118.05485, 45.55076], [-118.0547068, 45.55080647]]]}, "properties": {"zone_name": "US-OR-UNI-UCO-1436", "level": 1, "fire_name": "No named fire", "county": "Union", "addresses": 9, "unmatched_addresses": 0, "unmatched_fraction_pct": 0, "geometry_source": "cached", "geometry_cache_age_days": 0, "overlapping_zips": [{"zip": "97876", "fraction_pct": 100.0}]}}, {"type": "Feature", "geometry": {"type": "Polygon", "coordinates": [[[-118.15243501, 45.82354376], [-118.15232279, 45.82373694], [-118.15221279, 45.82403194], [-118.15232278, 45.82463794], [-118.15269579, 45.82529394], [-118.15308279, 45.82575394], [-118.15378203, 45.82599468], [-118.15372992, 45.82617972], [-118.15378309, 45.82643571], [-118.15393979, 45.82654213], [-118.15394022, 45.82658263], [-118.15404469, 45.82665358], [-118.15404497, 45.82672559], [-118.1542021, 45.82687251], [-118.15430722, 45.82709197], [-118.15430778, 45.82723598], [-118.15441256, 45.82741944], [-118.15446539, 45.82763943], [-118.15441344, 45.82767596], [-118.15430982, 45.82811354], [-118.15404885, 45.8282962], [-118.15404879, 45.8283322], [-118.15378787, 45.82847885], [-118.15378781, 45.82851485], [-118.1536835, 45.82858792], [-118.15347426, 45.82862603], [-118.15342231, 45.82866256], [-118.15274271, 45.82870092], [-118.15148753, 45.82859207], [-118.15143558, 45.8286286], [-118.15086058, 45.8286659], [-118.15075626, 45.82873895], [-118.15065167, 45.82874001], [-118.14997222, 45.82892236], [-118.14986791, 45.82899542], [-118.14965897, 45.82902903], [-118.14950236, 45.82910261], [-118.14892728, 45.8291759], [-118.14861378, 45.82925106], [-118.14856183, 45.82928759], [-118.14830025, 45.82928572], [-118.14803905, 45.82936035], [-118.14668011, 45.82950901], [-118.14647113, 45.82961912], [-118.14600097, 45.82972735], [-118.14573969, 45.82983798], [-118.14553084, 45.82987607], [-118.14537415, 45.82998566], [-118.14526947, 45.82998221], [-118.14490386, 45.83016589], [-118.14459042, 45.83020503], [-118.14427681, 45.83027568], [-118.14422485, 45.8303122], [-118.1435451, 45.83042252], [-118.14323185, 45.83056967], [-118.14307542, 45.83075125], [-118.142972, 45.83130134], [-118.14281571, 45.83141091], [-118.14281557, 45.83148292], [-118.14250284, 45.83177407], [-118.14250278, 45.83181008], [-118.14218944, 45.83199323], [-118.14182389, 45.8321409], [-118.14098754, 45.83228877], [-118.14088285, 45.83228531], [-118.1401515, 45.83243213], [-118.13968114, 45.83247282], [-118.13900121, 45.8323986], [-118.13858291, 45.83250628], [-118.13832229, 45.8327294], [-118.13821887, 45.83320297], [-118.13811453, 45.83327602], [-118.13811465, 45.83342003], [-118.13801052, 45.83364158], [-118.13785421, 45.83375115], [-118.13785407, 45.83382316], [-118.13754104, 45.8340423], [-118.13712308, 45.83422648], [-118.13680965, 45.83444562], [-118.13618344, 45.83495589], [-118.13602697, 45.83513747], [-118.13602723, 45.83520947], [-118.13555749, 45.83557867], [-118.13477382, 45.83590599], [-118.1339376, 45.83590529], [-118.13294426, 45.83605466], [-118.13257863, 45.8361618], [-118.13210842, 45.83631047], [-118.13189938, 45.83642055], [-118.13132471, 45.83663777], [-118.13059356, 45.83707704], [-118.13007128, 45.83729823], [-118.12949659, 45.83751544], [-118.1292877, 45.83755351], [-118.12850412, 45.83780877], [-118.12787687, 45.83795448], [-118.12782448, 45.837991], [-118.12735397, 45.83802715], [-118.12636081, 45.83802794], [-118.12615101, 45.8378815], [-118.12609871, 45.83788201], [-118.12563717, 45.83754453], [-118.12433105, 45.83743138], [-118.12427923, 45.83739589], [-118.12344307, 45.83735911], [-118.12307709, 45.83743021], [-118.12297232, 45.83750325], [-118.12286771, 45.83750428], [-118.12234433, 45.83779295], [-118.121351, 45.83786571], [-118.11962481, 45.83833718], [-118.11957242, 45.8383737], [-118.11941541, 45.83837074], [-118.11920635, 45.8384808], [-118.11889226, 45.83859188], [-118.11863032, 45.83877447], [-118.11732147, 45.83939033], [-118.11601359, 45.83975415], [-118.11533274, 45.84008033], [-118.11496582, 45.84040794], [-118.11496574, 45.84048445], [-118.11444131, 45.8408856], [-118.11412686, 45.84110018], [-118.11355127, 45.84135782], [-118.1131845, 45.84161342], [-118.1126895, 45.84202967], [-118.11218822, 45.8424512], [-118.11182153, 45.84267079], [-118.11182144, 45.84270679], [-118.11082624, 45.84321602], [-118.1103554, 45.84336011], [-118.10967497, 45.84365024], [-118.10915192, 45.84375883], [-118.10909952, 45.84379535], [-118.10868126, 45.84383091], [-118.10841992, 45.84390545], [-118.10815743, 45.84408351], [-118.10789533, 45.84434258], [-118.10789515, 45.84441459], [-118.10763314, 45.84459714], [-118.10731882, 45.8447397], [-118.1072142, 45.84474072], [-118.10700468, 45.84485076], [-118.10679565, 45.84488429], [-118.10674325, 45.8449208], [-118.1058544, 45.84499241], [-118.1053845, 45.84492045], [-118.10486247, 45.84473648], [-118.10402826, 45.84429451], [-118.10340309, 45.84381901], [-118.10340318, 45.843783], [-118.10283298, 45.8435245], [-118.10149362, 45.84349133], [-118.10105247, 45.84352216], [-118.10100007, 45.84355867], [-118.10026886, 45.8434802], [-118.10021664, 45.8434447], [-118.1000079, 45.84341071], [-118.09990338, 45.84333521], [-118.09964233, 45.84326121], [-118.09906922, 45.8429337], [-118.09880819, 45.8428192], [-118.09813017, 45.84241618], [-118.09813067, 45.84238017], [-118.09797444, 45.84223316], [-118.097543, 45.84196405], [-118.0972917, 45.84195158], [-118.09675671, 45.84184275], [-118.09604147, 45.84204921], [-118.09520557, 45.84200772], [-118.09515336, 45.84197222], [-118.09264411, 45.84222126], [-118.08815051, 45.84206614], [-118.08658313, 45.84195055], [-118.08653092, 45.84191504], [-118.08611297, 45.84184251], [-118.08423278, 45.84161734], [-118.08277131, 45.84117217], [-118.08193573, 45.84106307], [-118.08162241, 45.84098953], [-118.08083989, 45.84073141], [-118.08052679, 45.84058586], [-118.07990047, 45.84043427], [-118.07932603, 45.84036319], [-118.07927374, 45.84032318], [-118.07885571, 45.84028663], [-118.07880391, 45.84025112], [-118.07796826, 45.84013749], [-118.07791606, 45.84010198], [-118.07702812, 45.83998884], [-118.0771338, 45.83977183], [-118.07708356, 45.83929526], [-118.07713598, 45.83925876], [-118.07724743, 45.83765106], [-118.0770433, 45.83651889], [-118.07709776, 45.83604583], [-118.07704633, 45.8358618], [-118.07710078, 45.83538874], [-118.07705175, 45.83461963], [-118.07699956, 45.83458412], [-118.07705477, 45.83396254], [-118.07721201, 45.83385305], [-118.07737056, 45.83341501], [-118.07747538, 45.83334202], [-118.07758107, 45.8330845], [-118.07758202, 45.83290447], [-118.07752983, 45.83286896], [-118.07758238, 45.83275596], [-118.0775842, 45.8323914], [-118.07748068, 45.83213586], [-118.07737671, 45.83206483], [-118.07737706, 45.83191631], [-118.07732528, 45.8318808], [-118.07722263, 45.83144073], [-118.07711826, 45.8313697], [-118.07706781, 45.83096514], [-118.07707312, 45.82975898], [-118.07697133, 45.82917489], [-118.07686696, 45.82910386], [-118.0768676, 45.82899135], [-118.07676399, 45.8287718], [-118.07660786, 45.82862476], [-118.0766086, 45.82851674], [-118.0761401, 45.82811162], [-118.0760878, 45.82811211], [-118.07556636, 45.82782], [-118.07499391, 45.82734384], [-118.07499414, 45.82727183], [-118.07489042, 45.82708829], [-118.07489107, 45.82697577], [-118.07478682, 45.82686874], [-118.07463364, 45.82610061], [-118.07458146, 45.8260651], [-118.07448092, 45.82518846], [-118.07442865, 45.82514845], [-118.07437797, 45.8248564], [-118.07427361, 45.82478538], [-118.07427559, 45.82434432], [-118.07443303, 45.82416282], [-118.07453991, 45.82365326], [-118.07464472, 45.82358027], [-118.07464656, 45.82321572], [-118.07443818, 45.82302866], [-118.07438589, 45.82302916], [-118.07417738, 45.82291861], [-118.0740732, 45.82291959], [-118.07386469, 45.82280904], [-118.0738648, 45.82277303], [-118.07376044, 45.822702], [-118.07365726, 45.82248245], [-118.07370926, 45.82244596], [-118.07376254, 45.82222494], [-118.07418239, 45.82186096], [-118.07428768, 45.82160345], [-118.07423822, 45.82101886], [-118.07418604, 45.82098334], [-118.07397939, 45.82050824], [-118.07398094, 45.82010769], [-118.07403346, 45.82003519], [-118.07450495, 45.81974273], [-118.07471518, 45.81952473], [-118.07471541, 45.81945272], [-118.07482021, 45.81937973], [-118.07482034, 45.81930322], [-118.07502992, 45.81919774], [-118.07513449, 45.81919675], [-118.07539528, 45.81930681], [-118.07596743, 45.81985497], [-118.07607147, 45.8199305], [-118.07622833, 45.81992902], [-118.07638564, 45.81978352], [-118.07638769, 45.81934697], [-118.07649249, 45.81927397], [-118.07665045, 45.81901596], [-118.07691233, 45.81886947], [-118.07701659, 45.81887299], [-118.07712139, 45.8188], [-118.07722596, 45.81879901], [-118.07769678, 45.81861905], [-118.07785438, 45.81850956], [-118.07795929, 45.81840056], [-118.07795942, 45.81832405], [-118.07806421, 45.81825105], [-118.07806517, 45.81807103], [-118.07827475, 45.81792503], [-118.07837892, 45.81792405], [-118.07947983, 45.81712608], [-118.07947986, 45.81708557], [-118.07963715, 45.81694007], [-118.07979603, 45.81650203], [-118.07990082, 45.81642903], [-118.07990104, 45.81635703], [-118.08000594, 45.81624802], [-118.08005906, 45.81610351], [-118.08037364, 45.8158125], [-118.08100224, 45.81541052], [-118.08126335, 45.81541255], [-118.08141937, 45.81555509], [-118.08131351, 45.81588462], [-118.08131327, 45.81599713], [-118.08136483, 45.81610465], [-118.08162551, 45.8162507], [-118.08256527, 45.81639931], [-118.0828252, 45.81669388], [-118.08339761, 45.81717], [-118.0837108, 45.81724353], [-118.08391962, 45.81724605], [-118.08423448, 45.81699104], [-118.08423461, 45.81691453], [-118.08433939, 45.81684153], [-118.0843416, 45.81633296], [-118.08428973, 45.81629295], [-118.0840826, 45.81581787], [-118.08377048, 45.8154878], [-118.08324974, 45.8151237], [-118.08319745, 45.8151242], [-118.08283263, 45.81493864], [-118.08263422, 45.81495402], [-118.08239839, 45.81507327], [-118.08212971, 45.81484629], [-118.08162895, 45.81459901], [-118.08082583, 45.81369302], [-118.08013623, 45.81307459], [-118.07953192, 45.81261616], [-118.07944221, 45.81243975], [-118.0791913, 45.81220243], [-118.07881718, 45.81202075], [-118.07849649, 45.81159135], [-118.07831505, 45.8111173], [-118.07814169, 45.81080515], [-118.0781487, 45.81060068], [-118.07829583, 45.81048419], [-118.0783959, 45.80979612], [-118.07854088, 45.80949865], [-118.07845121, 45.80933062], [-118.07834145, 45.80895292], [-118.07842825, 45.80871676], [-118.0783933, 45.80852529], [-118.07816204, 45.80831208], [-118.07811822, 45.80805707], [-118.07831103, 45.8075647], [-118.07834056, 45.8073439], [-118.0785014, 45.80704986], [-118.07868618, 45.80685009], [-118.07884271, 45.80658309], [-118.07925065, 45.80569265], [-118.07929868, 45.80553468], [-118.07939264, 45.80431867], [-118.07954058, 45.80389873], [-118.07973318, 45.80350087], [-118.07990402, 45.80332668], [-118.08016353, 45.80311214], [-118.08052391, 45.80293735], [-118.08076493, 45.80266542], [-118.08110018, 45.80242835], [-118.08148828, 45.80223975], [-118.08187153, 45.80199397], [-118.08206517, 45.80191155], [-118.08297175, 45.80170779], [-118.08328979, 45.8015751], [-118.08339207, 45.80151507], [-118.08375427, 45.80114511], [-118.08424288, 45.80095591], [-118.08494872, 45.80054417], [-118.0858196, 45.80026587], [-118.08600975, 45.8006556], [-118.08603212, 45.80087591], [-118.08595254, 45.80193427], [-118.08584348, 45.80244836], [-118.08542833, 45.80316787], [-118.08550957, 45.80354064], [-118.08559986, 45.8037378], [-118.08605451, 45.80422403], [-118.0864776, 45.80436852], [-118.0878988, 45.80496255], [-118.08845065, 45.80511031], [-118.08888201, 45.80528621], [-118.08933472, 45.80569144], [-118.0894778, 45.80589259], [-118.08971586, 45.80609734], [-118.09001507, 45.806261], [-118.09064805, 45.80648448], [-118.09271878, 45.80692824], [-118.09438759, 45.80738481], [-118.09562243, 45.80755299], [-118.09677356, 45.80763645], [-118.09720104, 45.80769388], [-118.0983676, 45.80813869], [-118.09864786, 45.80811477], [-118.09903241, 45.80803072], [-118.09950208, 45.80784816], [-118.10010407, 45.80758214], [-118.10111908, 45.80699464], [-118.10188139, 45.80702624], [-118.1023002, 45.80713781], [-118.10253917, 45.80732731], [-118.10262849, 45.8077094], [-118.10263102, 45.80803773], [-118.10195231, 45.81057197], [-118.10206641, 45.81082602], [-118.10311456, 45.81188049], [-118.10329198, 45.8122783], [-118.10339322, 45.81297078], [-118.1037432, 45.81314985], [-118.10455037, 45.81235236], [-118.10474506, 45.81223532], [-118.10532737, 45.81174533], [-118.10590431, 45.81121243], [-118.10655441, 45.81073307], [-118.10747307, 45.81017247], [-118.10787284, 45.81004106], [-118.11005326, 45.81027675], [-118.1106784, 45.81017985], [-118.11172966, 45.81007581], [-118.1122744, 45.81035224], [-118.11283525, 45.8105504], [-118.11334695, 45.81063027], [-118.11389673, 45.81059501], [-118.11433478, 45.81044203], [-118.11502312, 45.81003937], [-118.11559148, 45.80975844], [-118.11617176, 45.80932546], [-118.11650993, 45.80899795], [-118.11779621, 45.80819324], [-118.11786504, 45.8079304], [-118.11787012, 45.80547892], [-118.12204786, 45.80655606], [-118.12745544, 45.80781255], [-118.13228621, 45.80932031], [-118.13697278, 45.81017469], [-118.14165934, 45.81032546], [-118.14338977, 45.81238596], [-118.14411078, 45.81555194], [-118.14338977, 45.8178635], [-118.14475969, 45.81967248], [-118.14692272, 45.82153165], [-118.15002306, 45.82178288], [-118.15243501, 45.82354376]]]}, "properties": {"zone_name": "US-OR-UMA-UMC-1406025-B", "level": 1, "fire_name": "No named fire", "county": "Umatilla", "addresses": 2, "unmatched_addresses": 0, "unmatched_fraction_pct": 0, "geometry_source": "cached", "geometry_cache_age_days": 0, "overlapping_zips": [{"zip": "97886", "fraction_pct": 97.9}, {"zip": "97862", "fraction_pct": 2.1}]}}, {"type": "Feature", "geometry": {"type": "Polygon", "coordinates": [[[-117.95346089, 45.69376204], [-117.94938143, 45.69285317], [-117.94863814, 45.69268757], [-117.94853759, 45.69267708], [-117.94651018, 45.69246548], [-117.94627878, 45.69255644], [-117.94600618, 45.69266359], [-117.94473291, 45.6930061], [-117.94417941, 45.693155], [-117.94198724, 45.69212524], [-117.93993505, 45.69133244], [-117.93937867, 45.69057495], [-117.93929477, 45.68962304], [-117.93765758, 45.68925545], [-117.93581893, 45.68903238], [-117.93458075, 45.68813755], [-117.93313639, 45.68710151], [-117.93176714, 45.6864935], [-117.93019487, 45.68593476], [-117.92979706, 45.68533979], [-117.92949805, 45.68489258], [-117.92792349, 45.68419093], [-117.92533608, 45.68387851], [-117.92461588, 45.6837783], [-117.92274792, 45.68351841], [-117.92187944, 45.68343046], [-117.9205698, 45.68329783], [-117.9202064, 45.68323854], [-117.92098675, 45.68292852], [-117.92201338, 45.68262648], [-117.92315076, 45.68229186], [-117.92443642, 45.68172286], [-117.92490471, 45.6815156], [-117.92504542, 45.6814724], [-117.92713577, 45.6808307], [-117.92928938, 45.67957483], [-117.93036851, 45.67908975], [-117.93301179, 45.67868715], [-117.93530899, 45.67790629], [-117.93710533, 45.67765341], [-117.93890169, 45.67740052], [-117.93963169, 45.6771186], [-117.94079194, 45.67667052], [-117.94193006, 45.67566092], [-117.94199641, 45.67509297], [-117.94210829, 45.6741353], [-117.94188372, 45.67289877], [-117.94210956, 45.67272192], [-117.94262137, 45.67232113], [-117.94281521, 45.67180488], [-117.94314161, 45.67093557], [-117.94357156, 45.67027229], [-117.94413491, 45.66940321], [-117.94595128, 45.66834033], [-117.94831178, 45.66732053], [-117.9494528, 45.66650135], [-117.95012614, 45.665875], [-117.95035059, 45.66566622], [-117.95114426, 45.66609671], [-117.95300161, 45.6674625], [-117.95403989, 45.66859695], [-117.95425493, 45.6686211], [-117.95601378, 45.6688186], [-117.9577896, 45.66937528], [-117.95902285, 45.66998412], [-117.9626238, 45.67000146], [-117.9630903, 45.6694736], [-117.96333452, 45.66924539], [-117.96375894, 45.66884878], [-117.96654389, 45.66882525], [-117.96830092, 45.66828644], [-117.97087795, 45.66802641], [-117.97249494, 45.66725058], [-117.97478686, 45.6668938], [-117.9754082, 45.66679708], [-117.97597395, 45.66677637], [-117.97710544, 45.66673494], [-117.97845228, 45.6660566], [-117.97844399, 45.66558037], [-117.97829441, 45.66496504], [-117.97822446, 45.66467728], [-117.9782816, 45.6640576], [-117.9784837, 45.6636145], [-117.97880503, 45.66291], [-117.97879502, 45.66233525], [-117.9787901, 45.66205279], [-117.97888822, 45.66168547], [-117.97904516, 45.66109801], [-117.97965059, 45.66075941], [-117.98020721, 45.66151671], [-117.98062635, 45.66217993], [-117.98030838, 45.66342105], [-117.98066044, 45.66413247], [-117.9814242, 45.66507851], [-117.98197541, 45.66489234], [-117.98243718, 45.66473639], [-117.9828247, 45.66358994], [-117.98314596, 45.66253932], [-117.98334033, 45.66252912], [-117.9842318, 45.66248234], [-117.98495709, 45.66257756], [-117.98525307, 45.66261642], [-117.98564695, 45.66193724], [-117.98578053, 45.6617069], [-117.98691921, 45.6607921], [-117.98800419, 45.66068747], [-117.98813837, 45.66059791], [-117.9889441, 45.66006014], [-117.9891401, 45.65936483], [-117.98919982, 45.65915296], [-117.98905273, 45.65803712], [-117.98904303, 45.65796357], [-117.98966431, 45.65852975], [-117.99010116, 45.66019301], [-117.9905984, 45.66142708], [-117.99130194, 45.66280224], [-117.99210693, 45.6635097], [-117.99226793, 45.66365119], [-117.99269312, 45.66464773], [-117.99306004, 45.66579057], [-117.99319635, 45.66621514], [-117.99433445, 45.66725711], [-117.99438482, 45.66730322], [-117.9944378, 45.66739422], [-117.99508981, 45.66851409], [-117.99487253, 45.66992913], [-117.99461613, 45.67143671], [-117.99457817, 45.67165988], [-117.99465822, 45.67371139], [-117.99449529, 45.67518119], [-117.99442501, 45.67581514], [-117.99464223, 45.67620855], [-117.99528314, 45.6773693], [-117.99565433, 45.67800697], [-117.9957521, 45.67798588], [-117.99639063, 45.67882536], [-117.99642748, 45.67889333], [-117.99722015, 45.68035539], [-117.99735386, 45.68107471], [-117.99757502, 45.68226452], [-117.9974721, 45.68462738], [-117.99755135, 45.68695154], [-117.99746192, 45.68703731], [-117.99692014, 45.68755696], [-117.99601416, 45.68775234], [-117.99586833, 45.68857849], [-117.99408233, 45.68904413], [-117.9932904, 45.68904893], [-117.95363809, 45.68928931], [-117.95355324, 45.69378262], [-117.95346089, 45.69376204]]]}, "properties": {"zone_name": "US-OR-UNI-UCO-1495", "level": 1, "fire_name": "No named fire", "county": "Union", "addresses": 1, "unmatched_addresses": 1, "unmatched_fraction_pct": 99.7, "geometry_source": "cached", "geometry_cache_age_days": 0, "overlapping_zips": [{"zip": "97827", "fraction_pct": 0.3}]}}, {"type": "Feature", "geometry": {"type": "Polygon", "coordinates": [[[-117.9323923, 45.7037813], [-117.93238245, 45.70570477], [-117.93233805, 45.72101298], [-117.93233763, 45.72115674], [-117.93205905, 45.72102051], [-117.93202018, 45.7210231], [-117.92989021, 45.72116492], [-117.92581655, 45.72228253], [-117.92488097, 45.72253921], [-117.92229156, 45.72280647], [-117.92087573, 45.7229526], [-117.92072419, 45.72288998], [-117.91810383, 45.7218071], [-117.91627954, 45.72105263], [-117.91351648, 45.71840751], [-117.91374495, 45.71573843], [-117.91275752, 45.71355537], [-117.91287642, 45.71250657], [-117.91134518, 45.71093092], [-117.91149118, 45.70823921], [-117.90971448, 45.7060556], [-117.90748162, 45.70314715], [-117.90635968, 45.69847723], [-117.90462283, 45.69676962], [-117.90222498, 45.69579431], [-117.90117212, 45.69417497], [-117.90073805, 45.69123172], [-117.89964772, 45.69030836], [-117.89976066, 45.69031288], [-117.90131345, 45.6897385], [-117.90399698, 45.68926005], [-117.90698816, 45.68763598], [-117.90908319, 45.68607613], [-117.91087515, 45.68594755], [-117.91485089, 45.68471551], [-117.91663439, 45.6840725], [-117.9189005, 45.68302549], [-117.9202064, 45.68323854], [-117.9205698, 45.68329783], [-117.92187944, 45.68343046], [-117.92274792, 45.68351841], [-117.92461588, 45.6837783], [-117.92533608, 45.68387851], [-117.92792349, 45.68419093], [-117.92949805, 45.68489258], [-117.92979706, 45.68533979], [-117.93019487, 45.68593476], [-117.93176714, 45.6864935], [-117.93313639, 45.68710151], [-117.93458075, 45.68813755], [-117.93581893, 45.68903238], [-117.93765758, 45.68925545], [-117.93929477, 45.68962304], [-117.93937867, 45.69057495], [-117.93993505, 45.69133244], [-117.94198724, 45.69212524], [-117.94417941, 45.693155], [-117.94473291, 45.6930061], [-117.94600618, 45.69266359], [-117.94627878, 45.69255644], [-117.94651018, 45.69246548], [-117.94853759, 45.69267708], [-117.94863814, 45.69268757], [-117.94938143, 45.69285317], [-117.95346089, 45.69376204], [-117.95355324, 45.69378262], [-117.95307731, 45.70368531], [-117.9323923, 45.7037813]]]}, "properties": {"zone_name": "US-OR-UNI-UCO-1497", "level": 1, "fire_name": "No named fire", "county": "Union", "addresses": 2, "unmatched_addresses": 1, "unmatched_fraction_pct": 54.8, "geometry_source": "cached", "geometry_cache_age_days": 0, "overlapping_zips": [{"zip": "97827", "fraction_pct": 45.2}]}}, {"type": "Feature", "geometry": {"type": "Polygon", "coordinates": [[[-117.92199255, 45.76146055], [-117.92140071, 45.76145921], [-117.92130802, 45.76503391], [-117.91097328, 45.76497846], [-117.91077422, 45.77313411], [-117.91077375, 45.77321697], [-117.90916449, 45.77248458], [-117.90654586, 45.7715409], [-117.90480766, 45.77137607], [-117.90292039, 45.77146245], [-117.90123612, 45.77147575], [-117.90023662, 45.77280533], [-117.89966492, 45.77534608], [-117.89934035, 45.77738477], [-117.898074, 45.778002], [-117.89628115, 45.77762314], [-117.89576477, 45.77602458], [-117.8956366, 45.77562778], [-117.89529376, 45.77334427], [-117.89486373, 45.77199022], [-117.89468663, 45.77049129], [-117.8940639, 45.76985318], [-117.89089789, 45.76977074], [-117.88949605, 45.76909127], [-117.88936439, 45.7690011], [-117.88762222, 45.76780793], [-117.88587349, 45.76654405], [-117.88472227, 45.76487211], [-117.88347107, 45.763891], [-117.88191717, 45.76378906], [-117.8803583, 45.76379417], [-117.87863953, 45.76233078], [-117.87786545, 45.76082453], [-117.87855446, 45.75954207], [-117.8781339, 45.75855833], [-117.87827231, 45.75733481], [-117.87782896, 45.75632911], [-117.87792484, 45.75543571], [-117.87770964, 45.75420654], [-117.87815669, 45.75337113], [-117.87755672, 45.75229518], [-117.87667459, 45.75072942], [-117.87671999, 45.75062178], [-117.87788182, 45.7510748], [-117.87952194, 45.75153848], [-117.88153728, 45.74990355], [-117.88343338, 45.75015382], [-117.88562784, 45.75044347], [-117.88874494, 45.74965719], [-117.89674442, 45.74788003], [-117.90218317, 45.7476467], [-117.90816449, 45.74731353], [-117.91687751, 45.74762497], [-117.92067334, 45.74818864], [-117.9247885, 45.74879957], [-117.93176855, 45.75062267], [-117.93202773, 45.75060659], [-117.93216304, 45.7505982], [-117.93216354, 45.75072584], [-117.93195553, 45.75791388], [-117.93182558, 45.76148173], [-117.92199255, 45.76146055]]]}, "properties": {"zone_name": "US-OR-UNI-UCO-1513", "level": 1, "fire_name": "No named fire", "county": "Union", "addresses": 2, "unmatched_addresses": 2, "unmatched_fraction_pct": 98.8, "geometry_source": "cached", "geometry_cache_age_days": 0, "overlapping_zips": [{"zip": "97827", "fraction_pct": 1.2}]}}, {"type": "Feature", "geometry": {"type": "Polygon", "coordinates": [[[-117.93202773, 45.75060659], [-117.93176855, 45.75062267], [-117.9247885, 45.74879957], [-117.92067334, 45.74818864], [-117.91687751, 45.74762497], [-117.90816449, 45.74731353], [-117.90218317, 45.7476467], [-117.89674442, 45.74788003], [-117.88874494, 45.74965719], [-117.88562784, 45.75044347], [-117.88343338, 45.75015382], [-117.88153728, 45.74990355], [-117.87952194, 45.75153848], [-117.88091342, 45.74657432], [-117.88122896, 45.74630319], [-117.88359821, 45.74426739], [-117.88791213, 45.74175722], [-117.89283198, 45.73968887], [-117.89345293, 45.73942782], [-117.89387796, 45.73928583], [-117.8990009, 45.73757439], [-117.90168758, 45.73545753], [-117.90476209, 45.73209917], [-117.90539287, 45.7290459], [-117.90777451, 45.72493087], [-117.91072294, 45.72224016], [-117.91457752, 45.72261778], [-117.91521814, 45.72268053], [-117.91810383, 45.7218071], [-117.92072419, 45.72288998], [-117.92087573, 45.7229526], [-117.92229156, 45.72280647], [-117.92488097, 45.72253921], [-117.92581655, 45.72228253], [-117.92989021, 45.72116492], [-117.93202018, 45.7210231], [-117.93205905, 45.72102051], [-117.93233763, 45.72115674], [-117.93229771, 45.72997563], [-117.93220442, 45.74110072], [-117.93219327, 45.74243114], [-117.9322332, 45.75059385], [-117.93216304, 45.7505982], [-117.93202773, 45.75060659]]]}, "properties": {"zone_name": "US-OR-UNI-UCO-1505", "level": 1, "fire_name": "No named fire", "county": "Union", "addresses": 1, "unmatched_addresses": 0, "unmatched_fraction_pct": 47.3, "geometry_source": "cached", "geometry_cache_age_days": 0, "overlapping_zips": [{"zip": "97827", "fraction_pct": 52.7}]}}, {"type": "Feature", "geometry": {"type": "Polygon", "coordinates": [[[-118.11512991, 46.00014337], [-118.11488907, 46.00014899], [-118.11459974, 46.0001551], [-118.11408196, 46.00016604], [-118.11140775, 46.00022878], [-118.09800425, 46.00054327], [-118.09802675, 46.00053248], [-118.09749227, 45.99889885], [-118.09617389, 45.99686911], [-118.10034281, 45.9939729], [-118.1028014, 45.99214103], [-118.10319335, 45.98986348], [-118.10376346, 45.98785817], [-118.1051531, 45.98607562], [-118.10621336, 45.98552835], [-118.10621336, 45.9881465], [-118.10775017, 45.99073964], [-118.1103847, 45.99173109], [-118.1135132, 45.99348517], [-118.11450115, 45.99569676], [-118.11472069, 45.9987852], [-118.11512991, 46.00014337]]]}, "properties": {"zone_name": "US-OR-UMA-UMC-032", "level": 1, "fire_name": "No named fire", "county": "Umatilla", "addresses": 28, "unmatched_addresses": 0, "unmatched_fraction_pct": 0, "geometry_source": "cached", "geometry_cache_age_days": 0, "overlapping_zips": [{"zip": "99362", "fraction_pct": 78.4}, {"zip": "97862", "fraction_pct": 21.6}]}}, {"type": "Feature", "geometry": {"type": "Polygon", "coordinates": [[[-118.21064299, 44.74966518], [-118.21626433, 44.7534343], [-118.21843433, 44.75474516], [-118.22310902, 44.75665044], [-118.22499749, 44.75865981], [-118.22666528, 44.76024014], [-118.22721579, 44.76053611], [-118.22852632, 44.7609856], [-118.2294724, 44.76115373], [-118.23080127, 44.76127616], [-118.23308712, 44.76134928], [-118.236224, 44.761744], [-118.23723869, 44.76214523], [-118.2387509, 44.7627432], [-118.238993, 44.7628389], [-118.2382004, 44.76373915], [-118.23815599, 44.76389716], [-118.23824744, 44.76446328], [-118.23820987, 44.76475624], [-118.23815888, 44.76486481], [-118.23806801, 44.76497382], [-118.23781417, 44.76497657], [-118.23776362, 44.76482859], [-118.23785493, 44.76464757], [-118.23778273, 44.76424327], [-118.23752139, 44.76389504], [-118.23733289, 44.76323996], [-118.23710632, 44.76303987], [-118.2366598, 44.76293219], [-118.2361193, 44.76287953], [-118.23586623, 44.76291828], [-118.2356975, 44.76319015], [-118.23551199, 44.76328668], [-118.23519414, 44.76323161], [-118.23496517, 44.76308556], [-118.23481006, 44.76303322], [-118.23458936, 44.76307162], [-118.23422367, 44.76327361], [-118.23400285, 44.76334351], [-118.23384301, 44.76329122], [-118.23371871, 44.76290549], [-118.23345942, 44.76265175], [-118.23315729, 44.76270452], [-118.23290922, 44.76294124], [-118.23253184, 44.76305784], [-118.23207124, 44.76278826], [-118.2319446, 44.76281213], [-118.23185502, 44.76290761], [-118.23187976, 44.76308738], [-118.23150855, 44.76341995], [-118.23138633, 44.7636148], [-118.23142598, 44.76378991], [-118.23175153, 44.76398443], [-118.2323453, 44.76422107], [-118.23245406, 44.76437743], [-118.23238054, 44.76465277], [-118.23208028, 44.76470102], [-118.2318917, 44.76480207], [-118.23179414, 44.76500567], [-118.23185636, 44.76536956], [-118.23171555, 44.7654701], [-118.23163888, 44.76559695], [-118.23164127, 44.76570945], [-118.23180379, 44.76588773], [-118.23219116, 44.76620311], [-118.23228976, 44.76634607], [-118.23230995, 44.76655289], [-118.2315369, 44.76676377], [-118.23145993, 44.76687712], [-118.23151142, 44.7670701], [-118.23193086, 44.76738964], [-118.23219055, 44.76766139], [-118.23216279, 44.76784173], [-118.23199096, 44.7679696], [-118.23191514, 44.76813695], [-118.23191897, 44.76831695], [-118.23206704, 44.7685764], [-118.23222256, 44.76875925], [-118.23240259, 44.76890584], [-118.23263586, 44.76899334], [-118.23346078, 44.76919597], [-118.23357403, 44.76928476], [-118.23365721, 44.7694639], [-118.23396307, 44.77175602], [-118.23367932, 44.77200664], [-118.2333705, 44.77239705], [-118.23334139, 44.77253239], [-118.23341405, 44.77295918], [-118.23327811, 44.77328921], [-118.23302996, 44.77356194], [-118.23271511, 44.77366886], [-118.23231925, 44.77371814], [-118.23209934, 44.77383304], [-118.2320081, 44.77416708], [-118.23198674, 44.77450038], [-118.23209032, 44.77489533], [-118.23192832, 44.77548669], [-118.23166297, 44.77563808], [-118.23138877, 44.77559603], [-118.23098345, 44.77533035], [-118.23070448, 44.77506331], [-118.23016101, 44.7747271], [-118.22980008, 44.77465448], [-118.22964559, 44.77465164], [-118.22928583, 44.77472753], [-118.22887775, 44.77513249], [-118.22868576, 44.77526058], [-118.22795431, 44.7755025], [-118.22764583, 44.77550131], [-118.2272121, 44.77536645], [-118.2269703, 44.77517551], [-118.22653836, 44.77501362], [-118.22605849, 44.77505028], [-118.22599716, 44.77521297], [-118.22599939, 44.7755055], [-118.22621423, 44.77621433], [-118.22650753, 44.77656224], [-118.22654056, 44.77737654], [-118.22659614, 44.77774501], [-118.22677026, 44.77789167], [-118.22671291, 44.77801831], [-118.22623878, 44.77812242], [-118.22597084, 44.77839535], [-118.22566465, 44.7787272], [-118.22556379, 44.77894432], [-118.2248162, 44.77990202], [-118.22456181, 44.77988225], [-118.22393799, 44.77965039], [-118.22389567, 44.77914225], [-118.22378166, 44.77899945], [-118.22321676, 44.77856442], [-118.22303625, 44.7782828], [-118.22290142, 44.77790167], [-118.2228194, 44.77777653], [-118.22254617, 44.77763092], [-118.22233419, 44.77744866], [-118.22233199, 44.77725064], [-118.22252042, 44.77715861], [-118.22282546, 44.77714634], [-118.22333762, 44.77723537], [-118.22376355, 44.77739284], [-118.22395464, 44.7774268], [-118.22409635, 44.77736677], [-118.22404287, 44.77709729], [-118.2242136, 44.77691542], [-118.22443296, 44.77677355], [-118.2247175, 44.77672549], [-118.22517942, 44.77681055], [-118.22536919, 44.7767635], [-118.22534995, 44.77661968], [-118.22491744, 44.77643079], [-118.22435857, 44.77624324], [-118.22408734, 44.77619214], [-118.22363639, 44.77598994], [-118.22271962, 44.77531113], [-118.22210814, 44.7749126], [-118.22154368, 44.77447756], [-118.2211462, 44.7744503], [-118.22067114, 44.77450939], [-118.22013064, 44.77446116], [-118.21902976, 44.77418937], [-118.21833073, 44.77415182], [-118.21771291, 44.77403239], [-118.21676583, 44.77397497], [-118.21631411, 44.77348919], [-118.21552736, 44.77290346], [-118.21537363, 44.77274756], [-118.21515093, 44.77235386], [-118.21492299, 44.77208623], [-118.2137902, 44.77141865], [-118.21308248, 44.77073754], [-118.21280173, 44.77038046], [-118.21253815, 44.76984315], [-118.21203939, 44.76927684], [-118.21135351, 44.76833444], [-118.21100976, 44.76811754], [-118.21018124, 44.76768074], [-118.2092842, 44.76727167], [-118.20843775, 44.76682604], [-118.20839402, 44.76678686], [-118.20798103, 44.76641679], [-118.20685075, 44.7650638], [-118.2062, 44.76444581], [-118.20568464, 44.76431848], [-118.20540297, 44.76421869], [-118.20470081, 44.7641718], [-118.2044604, 44.76435862], [-118.20330883, 44.76581778], [-118.2029016, 44.76651429], [-118.20273854, 44.76690489], [-118.20255021, 44.76703296], [-118.20231652, 44.76700541], [-118.20259952, 44.76601364], [-118.20270496, 44.7649174], [-118.20270095, 44.76419801], [-118.2030087, 44.76343941], [-118.20319646, 44.76254639], [-118.2034, 44.76213], [-118.20431924, 44.76154203], [-118.20471597, 44.76105617], [-118.20515258, 44.76031816], [-118.20519334, 44.76025098], [-118.20452906, 44.76051055], [-118.20217568, 44.7604064], [-118.20184719, 44.76036935], [-118.2017112, 44.76020875], [-118.20116735, 44.76002994], [-118.20050145, 44.75967687], [-118.20003235, 44.75923621], [-118.19917123, 44.75875917], [-118.19888362, 44.75855965], [-118.19786826, 44.75808871], [-118.19730353, 44.75760404], [-118.19651522, 44.75717122], [-118.19599913, 44.75693808], [-118.19565669, 44.7566446], [-118.19516524, 44.75641603], [-118.1951593, 44.75641327], [-118.21035099, 44.75594996], [-118.21064299, 44.74966518]]]}, "properties": {"zone_name": "US-OR-BAK-SMT-632", "level": 1, "fire_name": "No named fire", "county": "Baker", "addresses": 23, "unmatched_addresses": 1, "unmatched_fraction_pct": 2.7, "geometry_source": "cached", "geometry_cache_age_days": 0, "overlapping_zips": [{"zip": "97877", "fraction_pct": 97.3}]}}, {"type": "Feature", "geometry": {"type": "Polygon", "coordinates": [[[-118.21015482, 44.73281482], [-118.21022356, 44.74655972], [-118.18469614, 44.74408443], [-118.18471587, 44.73964643], [-118.18463738, 44.73963555], [-118.18456108, 44.73962498], [-118.18453885, 44.73962189], [-118.18436577, 44.73110789], [-118.19876228, 44.73089418], [-118.1988531, 44.73094572], [-118.20264172, 44.73091768], [-118.21010282, 44.7308949], [-118.21013179, 44.73282238], [-118.21015482, 44.73281482]]]}, "properties": {"zone_name": "US-OR-BAK-SMT-610", "level": 1, "fire_name": "No named fire", "county": "Baker", "addresses": 103, "unmatched_addresses": 0, "unmatched_fraction_pct": 0, "geometry_source": "cached", "geometry_cache_age_days": 0, "overlapping_zips": [{"zip": "97877", "fraction_pct": 99.5}, {"zip": "97814", "fraction_pct": 0.5}]}}, {"type": "Feature", "geometry": {"type": "Polygon", "coordinates": [[[-118.21022356, 44.74655972], [-118.21023773, 44.74939345], [-118.21064299, 44.74966518], [-118.21035099, 44.75594996], [-118.1951593, 44.75641327], [-118.19498048, 44.7563301], [-118.18488505, 44.75647906], [-118.1847007, 44.75041293], [-118.18469896, 44.75010974], [-118.18468229, 44.74720041], [-118.18469614, 44.74408443], [-118.21022356, 44.74655972]]]}, "properties": {"zone_name": "US-OR-BAK-SMT-600", "level": 1, "fire_name": "No named fire", "county": "Baker", "addresses": 116, "unmatched_addresses": 0, "unmatched_fraction_pct": 0, "geometry_source": "cached", "geometry_cache_age_days": 0, "overlapping_zips": [{"zip": "97877", "fraction_pct": 99.5}, {"zip": "97814", "fraction_pct": 0.5}]}}, {"type": "Feature", "geometry": {"type": "Polygon", "coordinates": [[[-118.01653742, 44.84327268], [-118.01837489, 44.8433197], [-118.01912731, 44.84331803], [-118.0198145, 44.84338942], [-118.02047358, 44.84358452], [-118.02061557, 44.84367285], [-118.02111537, 44.84375297], [-118.02151101, 44.84393836], [-118.02187557, 44.84419109], [-118.02273076, 44.8445435], [-118.02364082, 44.8448234], [-118.02433852, 44.8451682], [-118.02459718, 44.84532791], [-118.0253409, 44.84565879], [-118.02623123, 44.84591634], [-118.02628272, 44.8460554], [-118.02650074, 44.84618167], [-118.02803989, 44.84625571], [-118.02874619, 44.84637271], [-118.02946851, 44.84641384], [-118.0299997, 44.84655634], [-118.0307785, 44.84690302], [-118.03129532, 44.84707382], [-118.03190263, 44.84734137], [-118.03254099, 44.84748572], [-118.03281119, 44.84742378], [-118.0339491, 44.84746259], [-118.03416538, 44.84740924], [-118.03474398, 44.84734314], [-118.03492008, 44.84728909], [-118.03536211, 44.84729676], [-118.03596717, 44.84724063], [-118.03627506, 44.84717364], [-118.03654969, 44.84706038], [-118.03681335, 44.84679845], [-118.03707145, 44.84669822], [-118.03768859, 44.84668037], [-118.03844817, 44.84680775], [-118.03870463, 44.84675509], [-118.03914731, 44.84674372], [-118.03933157, 44.84684209], [-118.0403633, 44.84724068], [-118.04102684, 44.847433], [-118.04119804, 44.84752163], [-118.0415731, 44.84752812], [-118.04182499, 44.84760862], [-118.04241372, 44.84763784], [-118.04297272, 44.8477522], [-118.04378786, 44.8478234], [-118.04402636, 44.84790366], [-118.04422729, 44.84790713], [-118.04438933, 44.84787186], [-118.04461607, 44.84790433], [-118.04551781, 44.84818641], [-118.04569781, 44.84801819], [-118.04618655, 44.84783627], [-118.04671026, 44.84780723], [-118.04715555, 44.84771974], [-118.04808793, 44.84749787], [-118.04825095, 44.84743405], [-118.04851982, 44.84741013], [-118.04885827, 44.84731127], [-118.04893012, 44.84716974], [-118.04908072, 44.84707715], [-118.05043717, 44.84699583], [-118.05080143, 44.84692595], [-118.05133236, 44.84707786], [-118.05183942, 44.8471437], [-118.05238861, 44.84715315], [-118.05313645, 44.84723264], [-118.0535491, 44.84731588], [-118.05412735, 44.84725919], [-118.05435344, 44.84731067], [-118.05475983, 44.8471844], [-118.0559846, 44.84703412], [-118.05622959, 44.84692411], [-118.05675426, 44.84686649], [-118.05718969, 44.84667409], [-118.05740951, 44.84651605], [-118.05793968, 44.84629672], [-118.05853313, 44.84615949], [-118.05797322, 44.84659864], [-118.05745872, 44.847094], [-118.05674645, 44.84793326], [-118.05625101, 44.84858597], [-118.05592512, 44.84890854], [-118.055283, 44.84936907], [-118.0549039, 44.84972364], [-118.05489585, 44.84986774], [-118.0549946, 44.84994784], [-118.05586568, 44.8500073], [-118.05648796, 44.84991152], [-118.05677464, 44.84936877], [-118.05693064, 44.84933582], [-118.05785149, 44.8494353], [-118.05825629, 44.84955757], [-118.05891194, 44.84979454], [-118.05921629, 44.84987273], [-118.05966876, 44.85007106], [-118.05982094, 44.85011016], [-118.06011905, 44.85030092], [-118.06051038, 44.85067986], [-118.06080678, 44.85090665], [-118.06140513, 44.85125215], [-118.06150209, 44.85136377], [-118.06186874, 44.852121], [-118.06216202, 44.85247834], [-118.06249569, 44.8539155], [-118.06268168, 44.85428734], [-118.06311822, 44.85477837], [-118.0633, 44.85522226], [-118.06333372, 44.8555505], [-118.06328677, 44.8558795], [-118.06342187, 44.85599977], [-118.06372427, 44.85596994], [-118.06430704, 44.85585199], [-118.06467837, 44.85587103], [-118.06518272, 44.85570429], [-118.06500412, 44.85558443], [-118.06443669, 44.85550421], [-118.06457433, 44.85543992], [-118.06504573, 44.85530949], [-118.06600766, 44.85514298], [-118.06862863, 44.85488892], [-118.07112804, 44.85473496], [-118.07304344, 44.85446042], [-118.07344365, 44.85458718], [-118.07409524, 44.85468456], [-118.0747973, 44.8549435], [-118.07538565, 44.85497847], [-118.07539845, 44.85505036], [-118.0750844, 44.85519735], [-118.07479495, 44.85543412], [-118.0747454, 44.85570463], [-118.07447517, 44.85595472], [-118.07429944, 44.85635245], [-118.07429354, 44.85646053], [-118.0734478, 44.85687806], [-118.07344028, 44.85702666], [-118.07353897, 44.85710225], [-118.07420859, 44.85708244], [-118.074987, 44.85695809], [-118.07524895, 44.85696462], [-118.07648068, 44.85675947], [-118.0767436, 44.85686051], [-118.07656463, 44.85701973], [-118.07592102, 44.85733186], [-118.07585229, 44.85748553], [-118.07602668, 44.85771793], [-118.07622828, 44.85779705], [-118.07766453, 44.85786901], [-118.07864455, 44.85782374], [-118.07933934, 44.85775416], [-118.07943618, 44.85785676], [-118.07938251, 44.8580328], [-118.07902798, 44.85834221], [-118.07886327, 44.85867233], [-118.08039501, 44.85860382], [-118.08068446, 44.85851557], [-118.0838519, 44.85829199], [-118.08406276, 44.85816846], [-118.0843035, 44.85782411], [-118.08451849, 44.85764654], [-118.0853483, 44.85752162], [-118.08699614, 44.85748793], [-118.08725674, 44.85742244], [-118.0876796, 44.85721587], [-118.08889452, 44.85637163], [-118.0890619, 44.856208], [-118.0894116, 44.85606514], [-118.08996782, 44.85601032], [-118.09041144, 44.85615011], [-118.09065867, 44.85634128], [-118.09070011, 44.85652542], [-118.09109538, 44.85682769], [-118.09134671, 44.85694231], [-118.09162912, 44.8574257], [-118.09202489, 44.85773247], [-118.09245824, 44.85793536], [-118.09282124, 44.85816143], [-118.09334962, 44.85839041], [-118.09352323, 44.85857778], [-118.09425255, 44.85895336], [-118.09494015, 44.85923481], [-118.09479809, 44.85893912], [-118.09469368, 44.85822899], [-118.09470072, 44.85799488], [-118.09492287, 44.85740314], [-118.09519719, 44.85708095], [-118.09525654, 44.85693635], [-118.09506487, 44.85667265], [-118.09481032, 44.85657607], [-118.09395488, 44.85643125], [-118.0938165, 44.85632905], [-118.09376873, 44.85620799], [-118.09387484, 44.8558379], [-118.09389426, 44.85540114], [-118.09396714, 44.85507188], [-118.0941735, 44.85456581], [-118.09481364, 44.8541816], [-118.09587713, 44.8537033], [-118.09622244, 44.85349745], [-118.09617245, 44.85325938], [-118.09579211, 44.85288947], [-118.09561709, 44.8526481], [-118.09537363, 44.85209234], [-118.09542414, 44.85166877], [-118.0957243, 44.85164789], [-118.09649666, 44.85198253], [-118.09718923, 44.85219642], [-118.09742582, 44.85234717], [-118.09806808, 44.85249402], [-118.09778645, 44.85197013], [-118.09845834, 44.8515946], [-118.09908521, 44.85193062], [-118.09951107, 44.85188601], [-118.09992052, 44.85147699], [-118.10014157, 44.8511643], [-118.10073402, 44.850668], [-118.10142518, 44.85024725], [-118.10168573, 44.85018173], [-118.10204539, 44.85019176], [-118.10245229, 44.85027334], [-118.10289529, 44.85065163], [-118.10313054, 44.85106343], [-118.1031744, 44.85120704], [-118.10343023, 44.85157813], [-118.10343401, 44.85177613], [-118.10330584, 44.85200241], [-118.102946, 44.85225344], [-118.10298668, 44.85264462], [-118.10320513, 44.85281804], [-118.10334133, 44.85299225], [-118.10342694, 44.85322997], [-118.10336176, 44.85348264], [-118.1034966, 44.85385491], [-118.10364097, 44.85404255], [-118.10408193, 44.85445686], [-118.10451706, 44.85497925], [-118.10498999, 44.85576231], [-118.10528491, 44.856025], [-118.10545712, 44.85609608], [-118.10621003, 44.85669734], [-118.10639095, 44.85675025], [-118.10656426, 44.85703252], [-118.10728264, 44.85749541], [-118.10780218, 44.85765239], [-118.10829139, 44.85773316], [-118.10869341, 44.85784628], [-118.10905484, 44.85798679], [-118.10944645, 44.85850508], [-118.10958393, 44.85886831], [-118.10960469, 44.85908415], [-118.10973524, 44.85931242], [-118.1106884, 44.85982524], [-118.1110556, 44.86010071], [-118.11163948, 44.86045509], [-118.11179, 44.86065166], [-118.11200746, 44.86077106], [-118.11216718, 44.86093154], [-118.11243386, 44.86105946], [-118.11302357, 44.86120224], [-118.11309729, 44.8612942], [-118.11327752, 44.86139494], [-118.11338197, 44.86163614], [-118.11333489, 44.86178501], [-118.11321659, 44.86196263], [-118.11284052, 44.86228562], [-118.11243788, 44.8629873], [-118.11257009, 44.86323894], [-118.11362922, 44.86393504], [-118.11369483, 44.86407582], [-118.11374179, 44.86435597], [-118.11364696, 44.86467366], [-118.11344339, 44.86487979], [-118.11361973, 44.8650723], [-118.11371213, 44.86525343], [-118.11371727, 44.86552291], [-118.11363748, 44.86581092], [-118.11359654, 44.86619935], [-118.11376893, 44.86651152], [-118.11386779, 44.86692224], [-118.11370734, 44.86709916], [-118.11360526, 44.86763623], [-118.11358977, 44.86810491], [-118.11354268, 44.86825378], [-118.11365044, 44.86839526], [-118.11391306, 44.86852934], [-118.11410379, 44.86871211], [-118.1140774, 44.86897686], [-118.11360808, 44.86963904], [-118.11346856, 44.86990206], [-118.11336289, 44.87027177], [-118.11335281, 44.87057674], [-118.11366115, 44.87086048], [-118.11408289, 44.8711063], [-118.11420751, 44.87129412], [-118.11427128, 44.87162685], [-118.11413132, 44.87190312], [-118.11416745, 44.8723891], [-118.11410771, 44.87279926], [-118.11375894, 44.87408089], [-118.11378298, 44.87458925], [-118.11365607, 44.87504507], [-118.11333139, 44.87542181], [-118.11322371, 44.87560289], [-118.11304883, 44.87576663], [-118.11290371, 44.87603809], [-118.11285759, 44.87641661], [-118.11297756, 44.87709956], [-118.11298259, 44.87736056], [-118.11286562, 44.87757324], [-118.11228316, 44.8780425], [-118.11225321, 44.87825433], [-118.11200125, 44.87893641], [-118.11203155, 44.87931868], [-118.11218828, 44.87965021], [-118.11228251, 44.87998235], [-118.11220837, 44.8801181], [-118.11187851, 44.88035086], [-118.11181236, 44.88049103], [-118.11157234, 44.88060139], [-118.11111438, 44.88073637], [-118.11055679, 44.88110186], [-118.11037629, 44.88128365], [-118.11016232, 44.88155578], [-118.10993323, 44.88221513], [-118.1097881, 44.88244608], [-118.10960074, 44.88288898], [-118.10919133, 44.88316301], [-118.10878321, 44.88350454], [-118.10828091, 44.88374347], [-118.10695841, 44.88448094], [-118.10670642, 44.88454639], [-118.10640582, 44.8844908], [-118.10614627, 44.88478136], [-118.10613919, 44.88501097], [-118.10596754, 44.88520167], [-118.10585465, 44.88556733], [-118.10581387, 44.88606282], [-118.10561113, 44.88630332], [-118.10576602, 44.88658087], [-118.10574695, 44.88678359], [-118.10554041, 44.8868261], [-118.10515337, 44.88676234], [-118.10484358, 44.88692346], [-118.10410471, 44.8869402], [-118.10292125, 44.88724323], [-118.10285879, 44.88737605], [-118.10259313, 44.88791831], [-118.1023346, 44.88824591], [-118.10185477, 44.88860885], [-118.10154148, 44.88883106], [-118.10061945, 44.88934963], [-118.10036545, 44.88954063], [-118.09994775, 44.88968982], [-118.0994233, 44.8897396], [-118.09925505, 44.8898344], [-118.09896639, 44.89023959], [-118.09862598, 44.89054628], [-118.09812308, 44.89073712], [-118.09746852, 44.89142501], [-118.09635285, 44.89187488], [-118.09604708, 44.89196737], [-118.09527314, 44.89207151], [-118.09494052, 44.89214402], [-118.09423483, 44.89211761], [-118.09330344, 44.89278158], [-118.09182422, 44.89314231], [-118.0910944, 44.89355887], [-118.090708, 44.89382361], [-118.08974508, 44.89409386], [-118.08924592, 44.8945082], [-118.08856067, 44.89464526], [-118.08734965, 44.89538144], [-118.08663473, 44.89573032], [-118.08618401, 44.89617569], [-118.08544827, 44.89659677], [-118.08479932, 44.89727806], [-118.08460312, 44.89759948], [-118.08442445, 44.89806503], [-118.08429729, 44.89822342], [-118.08377542, 44.89873324], [-118.08350288, 44.8990744], [-118.08299756, 44.8996092], [-118.08260407, 44.89992361], [-118.08222216, 44.90041111], [-118.08145995, 44.90185537], [-118.08161731, 44.90235199], [-118.0816115, 44.90252477], [-118.08133104, 44.90310042], [-118.08116782, 44.90329524], [-118.08045114, 44.90441919], [-118.07934711, 44.90567242], [-118.07907825, 44.90590249], [-118.07854753, 44.90667147], [-118.07833148, 44.90684835], [-118.07816093, 44.9066851], [-118.07844865, 44.90619487], [-118.07851, 44.90573901], [-118.07876499, 44.9052522], [-118.07872054, 44.90499157], [-118.07839081, 44.90514134], [-118.07812688, 44.90516131], [-118.07786185, 44.90506161], [-118.07759536, 44.90500516], [-118.07706961, 44.90503951], [-118.07672501, 44.90512887], [-118.07592716, 44.9056346], [-118.07532329, 44.90581475], [-118.07510265, 44.90584562], [-118.07493341, 44.90579947], [-118.07480221, 44.9057107], [-118.07479469, 44.90557209], [-118.07497707, 44.90522901], [-118.07493384, 44.90506384], [-118.07482294, 44.90509657], [-118.0740721, 44.90565502], [-118.07365053, 44.90585556], [-118.07341624, 44.90592947], [-118.07326934, 44.90594428], [-118.07308849, 44.90588063], [-118.07298314, 44.90574902], [-118.07360017, 44.90517964], [-118.07381153, 44.90506207], [-118.07392477, 44.90496014], [-118.07414198, 44.90466958], [-118.07460975, 44.90418421], [-118.07522032, 44.90380512], [-118.07560412, 44.90363855], [-118.07587994, 44.90341821], [-118.07650911, 44.90284903], [-118.07709386, 44.90214928], [-118.07718533, 44.90196908], [-118.07723241, 44.90165831], [-118.07770922, 44.9005413], [-118.07778125, 44.90021364], [-118.07778942, 44.89997145], [-118.07735547, 44.89981696], [-118.07673837, 44.89966801], [-118.07725432, 44.89883727], [-118.07746973, 44.89859859], [-118.07755104, 44.89835764], [-118.07733428, 44.89791258], [-118.07741472, 44.89769757], [-118.07756771, 44.89750111], [-118.07762377, 44.8972857], [-118.07819145, 44.89672845], [-118.07876219, 44.89608037], [-118.07907628, 44.89580875], [-118.07943593, 44.8956331], [-118.07948789, 44.89553878], [-118.07912542, 44.89507394], [-118.07889588, 44.89464597], [-118.07870666, 44.89446967], [-118.07836883, 44.89436008], [-118.07813026, 44.89420025], [-118.07760001, 44.89400951], [-118.07715737, 44.8941145], [-118.07694692, 44.89420613], [-118.07681918, 44.89437706], [-118.07648508, 44.89451852], [-118.07593943, 44.89442271], [-118.07528786, 44.89421258], [-118.07492828, 44.89402472], [-118.07464505, 44.89374296], [-118.07407007, 44.89379377], [-118.07369236, 44.89386218], [-118.07393655, 44.89341329], [-118.07462482, 44.89289706], [-118.0751322, 44.89268066], [-118.07540826, 44.89245167], [-118.07560103, 44.89216068], [-118.07532533, 44.89201753], [-118.07500285, 44.89217649], [-118.07465073, 44.89249072], [-118.07409342, 44.89274089], [-118.07345332, 44.89327526], [-118.07309309, 44.89346819], [-118.07299214, 44.89320683], [-118.07302266, 44.8930256], [-118.07307755, 44.89284479], [-118.07344137, 44.89218456], [-118.07348174, 44.89207274], [-118.073424, 44.89197656], [-118.07314685, 44.89187664], [-118.07287779, 44.89189803], [-118.07229689, 44.89248532], [-118.07192066, 44.89279049], [-118.07155628, 44.893276], [-118.07149317, 44.89291139], [-118.07137453, 44.89278693], [-118.07102669, 44.89304105], [-118.07101743, 44.89280973], [-118.07110949, 44.89261224], [-118.0711127, 44.89251709], [-118.07080132, 44.89234735], [-118.07007441, 44.89184165], [-118.06999435, 44.8916845], [-118.0699416, 44.89144127], [-118.06968245, 44.89153033], [-118.06951756, 44.89178543], [-118.06949657, 44.89197721], [-118.06937058, 44.89209622], [-118.0688347, 44.89243328], [-118.06853295, 44.89305993], [-118.06840519, 44.89323085], [-118.06811896, 44.89339906], [-118.06803996, 44.89357081], [-118.06787445, 44.8937757], [-118.06766312, 44.89389326], [-118.06750385, 44.89394411], [-118.06733884, 44.89410409], [-118.06711414, 44.89425604], [-118.06701251, 44.89437548], [-118.0669648, 44.89470354], [-118.06604851, 44.89546683], [-118.065993, 44.89566494], [-118.06582924, 44.89581793], [-118.06572291, 44.89607575], [-118.06535295, 44.8965541], [-118.06472066, 44.89685487], [-118.06446347, 44.89688509], [-118.06386729, 44.89684029], [-118.06377182, 44.89677808], [-118.06375683, 44.89650087], [-118.06423623, 44.89603305], [-118.06432656, 44.89588747], [-118.06434374, 44.89574063], [-118.06427705, 44.89554909], [-118.06427044, 44.89538454], [-118.06416601, 44.89522697], [-118.06414176, 44.89486305], [-118.06436326, 44.89462624], [-118.06472676, 44.89433819], [-118.06522229, 44.89411297], [-118.06562927, 44.89398145], [-118.0657939, 44.89380251], [-118.06587496, 44.89357022], [-118.06608144, 44.89323621], [-118.06609373, 44.89299862], [-118.06616719, 44.89286552], [-118.06623841, 44.89256382], [-118.06620594, 44.8924421], [-118.06608785, 44.89232757], [-118.0659843, 44.89214406], [-118.06537835, 44.89176195], [-118.0651277, 44.89175289], [-118.06495416, 44.89158987], [-118.06478497, 44.89154371], [-118.0642611, 44.89152611], [-118.06370302, 44.89143868], [-118.06275104, 44.89145702], [-118.06265646, 44.89136886], [-118.06268437, 44.89126548], [-118.06292816, 44.89126965], [-118.06317342, 44.89123057], [-118.06353104, 44.89111551], [-118.06409892, 44.89083939], [-118.0647917, 44.89062643], [-118.06531732, 44.89059213], [-118.0657109, 44.89049499], [-118.06556756, 44.890406], [-118.06513079, 44.89033796], [-118.0647817, 44.89020218], [-118.06452777, 44.89013725], [-118.06430895, 44.89011621], [-118.06377114, 44.89015029], [-118.06351311, 44.89020646], [-118.06319618, 44.89020105], [-118.06279922, 44.89003847], [-118.06259273, 44.88965413], [-118.06245087, 44.88952189], [-118.06220267, 44.88964746], [-118.06200147, 44.88982577], [-118.06167955, 44.88996739], [-118.06130887, 44.89010818], [-118.06089119, 44.89019623], [-118.06074169, 44.89028888], [-118.0601977, 44.89050459], [-118.05986976, 44.89046435], [-118.05925558, 44.89059231], [-118.05871688, 44.89065232], [-118.05797185, 44.89068282], [-118.05712754, 44.89077852], [-118.05695322, 44.89072795], [-118.05672951, 44.89089662], [-118.05643425, 44.89095104], [-118.05631675, 44.89095497], [-118.05615939, 44.89089874], [-118.05606905, 44.89084365], [-118.05603121, 44.89072403], [-118.05586567, 44.8906617], [-118.05526487, 44.89058], [-118.05493792, 44.89058034], [-118.05378396, 44.89049509], [-118.05349829, 44.89051397], [-118.05237191, 44.89035779], [-118.05205638, 44.89026909], [-118.05184997, 44.89017631], [-118.05152175, 44.88996841], [-118.05131433, 44.88990536], [-118.0508057, 44.88982523], [-118.05050694, 44.8897368], [-118.05025892, 44.88951243], [-118.04907876, 44.88896864], [-118.04900722, 44.88885438], [-118.04889863, 44.88835282], [-118.04888057, 44.88790042], [-118.04882986, 44.88766755], [-118.04877813, 44.8874644], [-118.04867491, 44.88729606], [-118.04862542, 44.88702752], [-118.04867109, 44.88691766], [-118.04880143, 44.88678309], [-118.0488059, 44.88665229], [-118.04889578, 44.88647538], [-118.0488471, 44.88618306], [-118.04889671, 44.88595786], [-118.04901355, 44.88572788], [-118.04895816, 44.88563175], [-118.04838337, 44.88552667], [-118.04825421, 44.88538167], [-118.04796036, 44.88515056], [-118.04739534, 44.88476011], [-118.04708067, 44.88464761], [-118.0468947, 44.8844481], [-118.04677966, 44.88438068], [-118.04631746, 44.88417045], [-118.04570426, 44.88396357], [-118.04550464, 44.88391848], [-118.04435737, 44.88388679], [-118.04366718, 44.88397005], [-118.04317498, 44.88414595], [-118.04301642, 44.88412537], [-118.04237056, 44.884138], [-118.04217094, 44.88409291], [-118.04165358, 44.88378059], [-118.04150313, 44.88352398], [-118.04135948, 44.88306939], [-118.04091425, 44.8826096], [-118.0406423, 44.88223013], [-118.04059652, 44.88161067], [-118.04068702, 44.88141593], [-118.0407287, 44.8811787], [-118.04062184, 44.88111737], [-118.04035399, 44.88110679], [-118.03992821, 44.88130167], [-118.03898915, 44.8815543], [-118.03883938, 44.88152197], [-118.03876869, 44.88138392], [-118.03860504, 44.88126806], [-118.03816781, 44.88130808], [-118.03758123, 44.88130387], [-118.03695604, 44.88120381], [-118.03655846, 44.88106604], [-118.03616251, 44.88088072], [-118.03591653, 44.88072179], [-118.03568117, 44.8807415], [-118.03559331, 44.88085895], [-118.0354558, 44.88095769], [-118.03529562, 44.88098466], [-118.03479527, 44.88091055], [-118.03420931, 44.88088848], [-118.03368647, 44.88098053], [-118.03344333, 44.88098226], [-118.03311357, 44.88106576], [-118.03214269, 44.88102511], [-118.03192423, 44.88091899], [-118.03169584, 44.88073656], [-118.03159962, 44.88060997], [-118.03160455, 44.88046729], [-118.03144382, 44.88002429], [-118.03082488, 44.87925805], [-118.03073052, 44.87907794], [-118.03069093, 44.87876792], [-118.03062761, 44.87865975], [-118.03058617, 44.87840323], [-118.03065958, 44.8779762], [-118.03048698, 44.87642059], [-118.03054155, 44.87629661], [-118.03094709, 44.87620254], [-118.03123269, 44.87618371], [-118.03134363, 44.87612615], [-118.03141556, 44.87598463], [-118.03140373, 44.87584165], [-118.03123789, 44.87554728], [-118.0310567, 44.8754549], [-118.03086549, 44.87540994], [-118.03060197, 44.87527448], [-118.03031148, 44.8751921], [-118.03005655, 44.87505085], [-118.02958432, 44.87489213], [-118.02953715, 44.87480208], [-118.02920031, 44.87460586], [-118.02918767, 44.87448666], [-118.02903042, 44.87418649], [-118.02887641, 44.87403509], [-118.0287094, 44.87389656], [-118.02814195, 44.87358329], [-118.02796262, 44.8734374], [-118.02774511, 44.87318377], [-118.0274998, 44.87300698], [-118.02717896, 44.87259093], [-118.02700447, 44.87182051], [-118.02684277, 44.87140723], [-118.02707805, 44.87066179], [-118.02723558, 44.87046822], [-118.02764396, 44.87029092], [-118.02768383, 44.87010721], [-118.02758544, 44.86980211], [-118.02754505, 44.86951587], [-118.02739373, 44.86928718], [-118.02688162, 44.86931395], [-118.02543351, 44.86950882], [-118.02514588, 44.86958708], [-118.02464091, 44.86964966], [-118.024339, 44.86965629], [-118.02400036, 44.86951356], [-118.02413174, 44.86934929], [-118.02441327, 44.86920548], [-118.02473425, 44.86888985], [-118.02495529, 44.86879852], [-118.02511283, 44.86860496], [-118.0253441, 44.86846028], [-118.02588502, 44.86832694], [-118.02617491, 44.86818327], [-118.02638043, 44.86805598], [-118.02661457, 44.86782806], [-118.02682866, 44.86769497], [-118.02726723, 44.86761338], [-118.02734445, 44.86756119], [-118.02727278, 44.86745286], [-118.02688898, 44.86740454], [-118.02570744, 44.86691994], [-118.02533367, 44.86682419], [-118.02489496, 44.86666782], [-118.02422855, 44.86631117], [-118.02372506, 44.8658479], [-118.02290347, 44.86537551], [-118.02261229, 44.86507299], [-118.02222062, 44.86476871], [-118.02176477, 44.86462392], [-118.0215189, 44.86446496], [-118.02101632, 44.86421823], [-118.02028722, 44.86397943], [-118.02006859, 44.86400178], [-118.01984157, 44.86426551], [-118.0195335, 44.86445048], [-118.01920174, 44.8645934], [-118.01896582, 44.86463091], [-118.01832999, 44.86460194], [-118.01747054, 44.86449766], [-118.01713277, 44.86433113], [-118.01698575, 44.86422148], [-118.01691658, 44.86404181], [-118.01710566, 44.8636644], [-118.01735966, 44.86334761], [-118.01790643, 44.86280395], [-118.01792773, 44.86267345], [-118.01729036, 44.86244813], [-118.01718118, 44.86221422], [-118.01716184, 44.86204732], [-118.01697781, 44.86155629], [-118.01683727, 44.8613936], [-118.01676228, 44.86086484], [-118.01677258, 44.86056817], [-118.01705188, 44.8591482], [-118.01704171, 44.8587351], [-118.016528, 44.85798132], [-118.01739509, 44.85709112], [-118.01737134, 44.85657123], [-118.01787782, 44.85522944], [-118.01852359, 44.85469158], [-118.01805805, 44.854253], [-118.01851808, 44.85304398], [-118.01835557, 44.85214236], [-118.01872322, 44.850747], [-118.01910848, 44.85048658], [-118.02052636, 44.85058559], [-118.02200624, 44.84949828], [-118.0226841, 44.84863442], [-118.02275516, 44.84778965], [-118.02270293, 44.84694844], [-118.015645, 44.8469535], [-118.01612359, 44.84495746], [-118.014465, 44.844351], [-118.014454, 44.843379], [-118.01653742, 44.84327268]]]}, "properties": {"zone_name": "US-OR-BAK-BAB-1242", "level": 1, "fire_name": "No named fire", "county": "Baker", "addresses": 5, "unmatched_addresses": 0, "unmatched_fraction_pct": 0, "geometry_source": "cached", "geometry_cache_age_days": 0, "overlapping_zips": [{"zip": "97833", "fraction_pct": 95.5}, {"zip": "97814", "fraction_pct": 4.5}]}}, {"type": "Feature", "geometry": {"type": "Polygon", "coordinates": [[[-118.00524957, 44.83044991], [-118.00531285, 44.82998363], [-118.0048269, 44.82951105], [-118.00384131, 44.82895827], [-118.00299964, 44.8288451], [-118.00306732, 44.82819983], [-118.00307481, 44.82696652], [-118.00312777, 44.826669], [-118.0030965, 44.82652974], [-118.00315218, 44.82638972], [-118.00419714, 44.82514729], [-118.0046284, 44.82487345], [-118.00502326, 44.82471244], [-118.00534127, 44.82461062], [-118.00713549, 44.82418072], [-118.00781498, 44.82397668], [-118.00823576, 44.82380643], [-118.00934658, 44.82304046], [-118.00986521, 44.82277032], [-118.01061834, 44.82255211], [-118.0112503, 44.82227646], [-118.01176739, 44.82221337], [-118.01320638, 44.82253761], [-118.01495705, 44.82292769], [-118.01557357, 44.82312475], [-118.01654879, 44.82315207], [-118.01698511, 44.82303566], [-118.0172929, 44.8229159], [-118.01774699, 44.82282183], [-118.01813176, 44.82265187], [-118.01874883, 44.82247533], [-118.01999474, 44.82220765], [-118.02030695, 44.82211484], [-118.02320978, 44.82202584], [-118.02293594, 44.82236586], [-118.02217615, 44.82271924], [-118.02171423, 44.82270537], [-118.02109423, 44.82276043], [-118.02075286, 44.8228805], [-118.02019761, 44.82317803], [-118.01955162, 44.8237104], [-118.0193854, 44.82392343], [-118.01936936, 44.82413511], [-118.01954011, 44.82447115], [-118.01975781, 44.82471226], [-118.01997669, 44.82504337], [-118.02002382, 44.82540752], [-118.01998787, 44.82567789], [-118.02004961, 44.82588438], [-118.02030613, 44.82612963], [-118.02067782, 44.82631535], [-118.02119993, 44.82646821], [-118.02311068, 44.82684267], [-118.02340316, 44.82693007], [-118.023737, 44.82718812], [-118.02395624, 44.82751472], [-118.02448551, 44.82784754], [-118.02478637, 44.82787184], [-118.02510468, 44.82776546], [-118.02536243, 44.8275426], [-118.02552365, 44.82731611], [-118.02560567, 44.82705882], [-118.02580403, 44.82676448], [-118.02595721, 44.82664158], [-118.02630516, 44.82657994], [-118.02715066, 44.82671186], [-118.02764494, 44.82669841], [-118.02813674, 44.82654545], [-118.02846341, 44.82637598], [-118.02863339, 44.8261314], [-118.02865984, 44.82597363], [-118.02877419, 44.82586908], [-118.02897678, 44.82581324], [-118.02918988, 44.82581582], [-118.02950922, 44.82576793], [-118.02979723, 44.82562581], [-118.02995095, 44.8255344], [-118.03005453, 44.82531292], [-118.03037871, 44.82502644], [-118.03096135, 44.82471512], [-118.03143131, 44.82458035], [-118.03223821, 44.82405545], [-118.03244319, 44.82380155], [-118.03276127, 44.82371374], [-118.03291519, 44.82367125], [-118.0336404, 44.82364218], [-118.03386145, 44.82351416], [-118.03396723, 44.82332866], [-118.03450435, 44.82290521], [-118.03525066, 44.82237635], [-118.03533001, 44.82212808], [-118.03551991, 44.82200483], [-118.03650153, 44.82159534], [-118.03707658, 44.82123905], [-118.03753, 44.82115391], [-118.03819857, 44.82109832], [-118.03881887, 44.82110618], [-118.04091672, 44.82186572], [-118.04256333, 44.82234579], [-118.04313664, 44.82242156], [-118.0438255, 44.82246027], [-118.04464213, 44.82259233], [-118.0452434, 44.82259583], [-118.04567767, 44.82247933], [-118.0458978, 44.82232428], [-118.04616181, 44.82219133], [-118.04730159, 44.82222589], [-118.04825414, 44.82185258], [-118.04862297, 44.82176817], [-118.04878563, 44.82175767], [-118.04913485, 44.82150692], [-118.0493896, 44.82138755], [-118.04971259, 44.82102001], [-118.04990517, 44.82095973], [-118.04998466, 44.82104901], [-118.0499778, 44.82121561], [-118.0498471, 44.82154988], [-118.04989078, 44.8216485], [-118.05001662, 44.82165634], [-118.05103782, 44.82086379], [-118.05116888, 44.82061503], [-118.0513402, 44.82042892], [-118.05213833, 44.82004349], [-118.0524824, 44.81981527], [-118.05279538, 44.81889871], [-118.05295501, 44.81861368], [-118.05363108, 44.81810335], [-118.05376439, 44.81782756], [-118.05428047, 44.81743122], [-118.05444924, 44.8171056], [-118.05527286, 44.81604028], [-118.0553967, 44.81591761], [-118.05560582, 44.81581216], [-118.05614272, 44.81538861], [-118.05671226, 44.8141771], [-118.05704489, 44.81382296], [-118.05712688, 44.81352964], [-118.0574912, 44.81331022], [-118.0576275, 44.81280936], [-118.05778635, 44.81248383], [-118.05794059, 44.81233837], [-118.0584227, 44.81218537], [-118.05879187, 44.81201541], [-118.05923529, 44.81169174], [-118.05969186, 44.81152547], [-118.06231181, 44.81123556], [-118.06395818, 44.81276403], [-118.06798889, 44.81422518], [-118.07066759, 44.8117426], [-118.0742918, 44.80941311], [-118.076024, 44.80599672], [-118.07616105, 44.80612118], [-118.07629251, 44.80632466], [-118.07753538, 44.80745616], [-118.07779598, 44.8075943], [-118.0778718, 44.80760065], [-118.07791482, 44.80766386], [-118.07823484, 44.80781863], [-118.07839644, 44.80796563], [-118.07846694, 44.80820801], [-118.07853911, 44.80830635], [-118.07873128, 44.80843956], [-118.07906389, 44.80860295], [-118.07910442, 44.80867519], [-118.07931398, 44.80881212], [-118.07945582, 44.80895931], [-118.07977173, 44.80915886], [-118.07998182, 44.80950393], [-118.08090601, 44.81021357], [-118.08118681, 44.81062525], [-118.08183888, 44.81087776], [-118.08195495, 44.81095909], [-118.08203365, 44.81109212], [-118.08218178, 44.81120945], [-118.08248336, 44.81135639], [-118.08253062, 44.81150578], [-118.08273916, 44.81167824], [-118.08362959, 44.81206137], [-118.08404199, 44.812305], [-118.08450367, 44.81252116], [-118.08478362, 44.81255], [-118.08541409, 44.81268354], [-118.08574823, 44.81269386], [-118.08656128, 44.81291117], [-118.0872107, 44.81302201], [-118.08804132, 44.81312211], [-118.08842347, 44.81310047], [-118.08853109, 44.81314895], [-118.08879758, 44.81315541], [-118.08932544, 44.81325389], [-118.09043713, 44.81363035], [-118.09081088, 44.81372262], [-118.09107807, 44.81383577], [-118.09121606, 44.81383895], [-118.09163315, 44.81395198], [-118.09178187, 44.81393706], [-118.09203526, 44.81396164], [-118.0929014, 44.81389034], [-118.09336404, 44.81377789], [-118.09396601, 44.81348856], [-118.09414991, 44.81336978], [-118.09432816, 44.81313693], [-118.09471511, 44.81293408], [-118.09485024, 44.81282746], [-118.09487916, 44.81271734], [-118.09512278, 44.8125374], [-118.09583528, 44.81226236], [-118.09631, 44.81220619], [-118.09635884, 44.81216649], [-118.0964302, 44.81216431], [-118.09650884, 44.81208628], [-118.09670566, 44.81209401], [-118.09679207, 44.81214338], [-118.09688033, 44.81213305], [-118.09708174, 44.81191936], [-118.09716296, 44.81190958], [-118.09735319, 44.81197977], [-118.097813, 44.81234442], [-118.0979797, 44.81242383], [-118.09856112, 44.81255326], [-118.09887452, 44.81259525], [-118.09910132, 44.81259307], [-118.09969899, 44.81280785], [-118.10022591, 44.81289729], [-118.10045205, 44.81298513], [-118.10061496, 44.81301056], [-118.10080795, 44.81312122], [-118.10166046, 44.81347757], [-118.10195866, 44.8135512], [-118.10235634, 44.81355637], [-118.10259221, 44.81349108], [-118.1031737, 44.81343595], [-118.10382694, 44.81353765], [-118.10465743, 44.81379517], [-118.10517983, 44.81381262], [-118.10561026, 44.81373193], [-118.10625118, 44.81347818], [-118.10669407, 44.81318133], [-118.10685653, 44.81301772], [-118.10708957, 44.81290744], [-118.1073563, 44.81296786], [-118.10743539, 44.81301211], [-118.10751836, 44.81315533], [-118.10763707, 44.81356463], [-118.10795742, 44.8140799], [-118.10873071, 44.81476652], [-118.10936475, 44.81509527], [-118.11037021, 44.81522052], [-118.11045083, 44.81532326], [-118.11064377, 44.81538889], [-118.11110832, 44.81568593], [-118.11144219, 44.81576369], [-118.1118187, 44.81596256], [-118.11225976, 44.81604958], [-118.11187784, 44.81698838], [-118.10956492, 44.82009068], [-118.11184995, 44.82308711], [-118.11172322, 44.82311535], [-118.1113945, 44.82312305], [-118.11121928, 44.82317877], [-118.11125162, 44.82338099], [-118.11121386, 44.82349388], [-118.11077419, 44.82385823], [-118.11074623, 44.82396652], [-118.11079244, 44.82404709], [-118.11074631, 44.82411505], [-118.11079828, 44.82418656], [-118.11059355, 44.8244766], [-118.11062444, 44.82470584], [-118.11005154, 44.82476093], [-118.10971285, 44.82462019], [-118.10944553, 44.82471731], [-118.10911331, 44.82491408], [-118.10864623, 44.82510765], [-118.10824311, 44.82511156], [-118.10783685, 44.82497148], [-118.10750186, 44.82502424], [-118.10738932, 44.82513335], [-118.10764526, 44.82553595], [-118.10791858, 44.82573133], [-118.10790149, 44.8257675], [-118.10772386, 44.82576023], [-118.10733083, 44.82569203], [-118.10723407, 44.82573797], [-118.10720308, 44.82583279], [-118.10726966, 44.82590416], [-118.10746784, 44.82601476], [-118.10818737, 44.82610229], [-118.10910068, 44.82607092], [-118.10946485, 44.82632392], [-118.10949941, 44.82643611], [-118.10940274, 44.82648656], [-118.10937347, 44.82667138], [-118.10930706, 44.82671253], [-118.10839184, 44.82654139], [-118.10815455, 44.8265977], [-118.10816478, 44.82661561], [-118.10774384, 44.82680423], [-118.10745682, 44.82715358], [-118.10723242, 44.8273673], [-118.10704341, 44.8277157], [-118.10672099, 44.82793036], [-118.10659409, 44.82811613], [-118.10673424, 44.82862337], [-118.10686914, 44.8288561], [-118.10677504, 44.82904155], [-118.10654969, 44.82920576], [-118.10655296, 44.82937676], [-118.10662084, 44.82951563], [-118.10630194, 44.8299148], [-118.10630617, 44.83030183], [-118.1062097, 44.83038378], [-118.10574365, 44.83061334], [-118.10535669, 44.83086464], [-118.10446084, 44.83115236], [-118.1039916, 44.83121541], [-118.10337434, 44.83122865], [-118.10312454, 44.83118556], [-118.10282232, 44.83094046], [-118.10258074, 44.83087901], [-118.10192711, 44.83058206], [-118.10153205, 44.83045188], [-118.10131828, 44.8304132], [-118.10056586, 44.82981677], [-118.10064844, 44.82934495], [-118.10042433, 44.82900481], [-118.10036789, 44.82885183], [-118.10010493, 44.82895574], [-118.09971851, 44.82905125], [-118.0995616, 44.82905276], [-118.09949471, 44.82900755], [-118.09944479, 44.82887078], [-118.09938795, 44.82856424], [-118.09919947, 44.82839439], [-118.09886931, 44.82837835], [-118.09853738, 44.82831282], [-118.0983354, 44.82825486], [-118.09813753, 44.82815728], [-118.09779832, 44.8281099], [-118.09775604, 44.82807943], [-118.09776982, 44.82804295], [-118.09812666, 44.82778384], [-118.09775613, 44.82735982], [-118.09772658, 44.82696853], [-118.09742739, 44.82669676], [-118.09728679, 44.8266442], [-118.09712584, 44.82667458], [-118.0967203, 44.82656138], [-118.09655493, 44.82654715], [-118.09636515, 44.82646224], [-118.09593762, 44.82648735], [-118.09543377, 44.82656748], [-118.09489414, 44.82669404], [-118.09373222, 44.82655679], [-118.09167111, 44.82619884], [-118.09042948, 44.82613038], [-118.08997974, 44.82613989], [-118.08916112, 44.8262211], [-118.08825267, 44.82626847], [-118.08799823, 44.82619765], [-118.08789957, 44.82613603], [-118.0879086, 44.82599849], [-118.08782896, 44.82590022], [-118.08749635, 44.82584709], [-118.08706311, 44.82600321], [-118.08624258, 44.82598173], [-118.08570258, 44.82588182], [-118.08540242, 44.82572714], [-118.08509167, 44.825681], [-118.08438597, 44.82582489], [-118.08394801, 44.82596191], [-118.08335391, 44.82580931], [-118.08307875, 44.82580323], [-118.08260409, 44.82608229], [-118.08243838, 44.82614729], [-118.08217018, 44.8264069], [-118.08200944, 44.8264935], [-118.08166435, 44.82657317], [-118.08112511, 44.82647438], [-118.08084326, 44.82649505], [-118.08053582, 44.82664145], [-118.08047005, 44.82684748], [-118.08055142, 44.82699741], [-118.08046875, 44.82722774], [-118.0804761, 44.82736719], [-118.08064561, 44.82761764], [-118.0806513, 44.82790114], [-118.08033294, 44.82823271], [-118.08026978, 44.82844935], [-118.07996723, 44.82892931], [-118.0798798, 44.82943423], [-118.07988634, 44.82978523], [-118.07965816, 44.83003494], [-118.07954758, 44.83033754], [-118.07942485, 44.83051874], [-118.07906109, 44.83076973], [-118.07863003, 44.83122839], [-118.07857275, 44.83133695], [-118.07806425, 44.83190436], [-118.0777434, 44.83237998], [-118.07762803, 44.83242608], [-118.07672769, 44.83250209], [-118.07622907, 44.83279485], [-118.07600487, 44.83279246], [-118.07575195, 44.83269132], [-118.07559709, 44.83269728], [-118.07549187, 44.83277929], [-118.07541691, 44.83291502], [-118.07518441, 44.83291271], [-118.07478759, 44.83279043], [-118.07467171, 44.83272401], [-118.07444871, 44.83281477], [-118.07428746, 44.83280948], [-118.07396343, 44.83293272], [-118.07354783, 44.83292565], [-118.07307741, 44.83296308], [-118.0730099, 44.83306797], [-118.07288151, 44.83308093], [-118.07269703, 44.83317625], [-118.07263991, 44.83328888], [-118.07250112, 44.8332941], [-118.07231715, 44.83337427], [-118.0723089, 44.8339346], [-118.0724963, 44.83438466], [-118.07243075, 44.83474709], [-118.07235334, 44.83482909], [-118.07206152, 44.8349453], [-118.07133967, 44.83484968], [-118.07080684, 44.8348406], [-118.07063352, 44.83492096], [-118.07060862, 44.83502657], [-118.07047946, 44.83506224], [-118.07043351, 44.83515992], [-118.07048296, 44.83527437], [-118.07047886, 44.83539548], [-118.07011832, 44.83533632], [-118.07000033, 44.83535703], [-118.0697929, 44.8358155], [-118.0696246, 44.83606257], [-118.06960678, 44.83627434], [-118.06987013, 44.83636971], [-118.06990969, 44.83646127], [-118.06986297, 44.83658166], [-118.06970132, 44.83663192], [-118.06965613, 44.83670689], [-118.06967284, 44.8368435], [-118.06935892, 44.83698206], [-118.06903921, 44.8369766], [-118.068753, 44.83692628], [-118.0686223, 44.83700736], [-118.0685766, 44.83709746], [-118.0686127, 44.83739275], [-118.06861836, 44.837439], [-118.06855534, 44.83772574], [-118.06848412, 44.83774402], [-118.06836172, 44.83777545], [-118.06759404, 44.83808803], [-118.0673253, 44.8381516], [-118.06677357, 44.83838455], [-118.06646722, 44.8386141], [-118.06621686, 44.83907941], [-118.0661171, 44.83919131], [-118.06612145, 44.83915365], [-118.06607216, 44.83925871], [-118.06601722, 44.83962132], [-118.06586893, 44.8399066], [-118.06582425, 44.83996642], [-118.06538845, 44.84023921], [-118.06505897, 44.84052139], [-118.06495729, 44.84100438], [-118.06484455, 44.84118423], [-118.06466749, 44.84168865], [-118.06452534, 44.84179226], [-118.06441414, 44.84192669], [-118.06430924, 44.84218998], [-118.06403688, 44.84235952], [-118.0635714, 44.84256363], [-118.06344298, 44.84257658], [-118.06314918, 44.84243522], [-118.06275406, 44.84245118], [-118.06262436, 44.84250198], [-118.06226082, 44.84284416], [-118.06192605, 44.84296718], [-118.06154293, 44.84319852], [-118.06129247, 44.84347025], [-118.06114884, 44.84375333], [-118.06124017, 44.84422127], [-118.06111718, 44.84468555], [-118.06098888, 44.84491178], [-118.06014972, 44.84553552], [-118.05989899, 44.8456783], [-118.0586417, 44.84614696], [-118.05853313, 44.84615949], [-118.05793968, 44.84629672], [-118.05740951, 44.84651605], [-118.05718969, 44.84667409], [-118.05675426, 44.84686649], [-118.05622959, 44.84692411], [-118.0559846, 44.84703412], [-118.05475983, 44.8471844], [-118.05435344, 44.84731067], [-118.05412735, 44.84725919], [-118.0535491, 44.84731588], [-118.05313645, 44.84723264], [-118.05238861, 44.84715315], [-118.05183942, 44.8471437], [-118.05133236, 44.84707786], [-118.05080143, 44.84692595], [-118.05043717, 44.84699583], [-118.04908072, 44.84707715], [-118.04893012, 44.84716974], [-118.04885827, 44.84731127], [-118.04851982, 44.84741013], [-118.04825095, 44.84743405], [-118.04808793, 44.84749787], [-118.04715555, 44.84771974], [-118.04671026, 44.84780723], [-118.04618655, 44.84783627], [-118.04569781, 44.84801819], [-118.04551781, 44.84818641], [-118.04461607, 44.84790433], [-118.04438933, 44.84787186], [-118.04422729, 44.84790713], [-118.04402636, 44.84790366], [-118.04378786, 44.8478234], [-118.04297272, 44.8477522], [-118.04241372, 44.84763784], [-118.04182499, 44.84760862], [-118.0415731, 44.84752812], [-118.04119804, 44.84752163], [-118.04102684, 44.847433], [-118.0403633, 44.84724068], [-118.03933157, 44.84684209], [-118.03914731, 44.84674372], [-118.03870463, 44.84675509], [-118.03844817, 44.84680775], [-118.03768859, 44.84668037], [-118.03707145, 44.84669822], [-118.03681335, 44.84679845], [-118.03654969, 44.84706038], [-118.03627506, 44.84717364], [-118.03596717, 44.84724063], [-118.03536211, 44.84729676], [-118.03492008, 44.84728909], [-118.03474398, 44.84734314], [-118.03416538, 44.84740924], [-118.0339491, 44.84746259], [-118.03281119, 44.84742378], [-118.03254099, 44.84748572], [-118.03190263, 44.84734137], [-118.03129532, 44.84707382], [-118.0307785, 44.84690302], [-118.0299997, 44.84655634], [-118.02946851, 44.84641384], [-118.02874619, 44.84637271], [-118.02803989, 44.84625571], [-118.02650074, 44.84618167], [-118.02628272, 44.8460554], [-118.02623123, 44.84591634], [-118.0253409, 44.84565879], [-118.02459718, 44.84532791], [-118.02433852, 44.8451682], [-118.02364082, 44.8448234], [-118.02273076, 44.8445435], [-118.02187557, 44.84419109], [-118.02151101, 44.84393836], [-118.02111537, 44.84375297], [-118.02061557, 44.84367285], [-118.02047358, 44.84358452], [-118.0198145, 44.84338942], [-118.01912731, 44.84331803], [-118.01837489, 44.8433197], [-118.01861414, 44.84261956], [-118.018843, 44.8421655], [-118.019014, 44.84177], [-118.020373, 44.8419645], [-118.02048, 44.8402735], [-118.0205455, 44.8392335], [-118.0203345, 44.838663], [-118.0198985, 44.8374855], [-118.018284, 44.837599], [-118.0166755, 44.8377125], [-118.0166725, 44.8359025], [-118.0132275, 44.835951], [-118.010755, 44.835955], [-118.008217, 44.835959], [-118.00818022, 44.835959], [-118.00810953, 44.83098896], [-118.0080585, 44.830914], [-118.0079675, 44.8308135], [-118.0078435, 44.830711], [-118.0075985, 44.8305735], [-118.0073435, 44.8304885], [-118.0071025, 44.8304475], [-118.007004, 44.8304405], [-118.00524957, 44.83044991]]]}, "properties": {"zone_name": "US-OR-BAK-BAB-1252", "level": 1, "fire_name": "No named fire", "county": "Baker", "addresses": 19, "unmatched_addresses": 0, "unmatched_fraction_pct": 0, "geometry_source": "cached", "geometry_cache_age_days": 0, "overlapping_zips": [{"zip": "97814", "fraction_pct": 99.9}, {"zip": "97833", "fraction_pct": 0.1}]}}, {"type": "Feature", "geometry": {"type": "Polygon", "coordinates": [[[-118.40527032, 44.88348086], [-118.4052912, 44.8836918], [-118.405316, 44.8839314], [-118.4053677, 44.8846191], [-118.4053244, 44.8850412], [-118.4051161, 44.8855669], [-118.4047125, 44.886102], [-118.3997534, 44.8919834], [-118.399158, 44.892678], [-118.3984814, 44.8939096], [-118.3983029, 44.8944154], [-118.3981748, 44.894917], [-118.3980668, 44.8954086], [-118.398018, 44.895917], [-118.3980314, 44.8965217], [-118.3980803, 44.897095], [-118.3981971, 44.8977069], [-118.3983371, 44.8984469], [-118.3983284, 44.898782], [-118.3982061, 44.8991584], [-118.3979831, 44.8995894], [-118.3975661, 44.9002215], [-118.3973033, 44.9006807], [-118.3971334, 44.9011197], [-118.3968258, 44.9020534], [-118.3966464, 44.9024569], [-118.3964801, 44.9027145], [-118.3959896, 44.9032645], [-118.3957792, 44.9035626], [-118.3956075, 44.9039429], [-118.3953635, 44.9050387], [-118.3952759, 44.9054447], [-118.3950303, 44.9062512], [-118.394838, 44.9068196], [-118.394458, 44.9077324], [-118.3943772, 44.9080759], [-118.3943671, 44.908294], [-118.3944513, 44.9088259], [-118.3945806, 44.9090654], [-118.394725, 44.9092548], [-118.3955093, 44.9100867], [-118.3958502, 44.9105085], [-118.3962309, 44.9108899], [-118.3966353, 44.9111176], [-118.3976061, 44.9115498], [-118.3988588, 44.9120419], [-118.3994954, 44.912303], [-118.3998068, 44.9124505], [-118.3999946, 44.9126232], [-118.4001584, 44.9128322], [-118.4002646, 44.9129921], [-118.40065296, 44.91359466], [-118.398686, 44.914066], [-118.39799, 44.91413], [-118.397089, 44.914025], [-118.392638, 44.913362], [-118.391223, 44.913015], [-118.389329, 44.912764], [-118.387344, 44.912166], [-118.386568, 44.91211], [-118.385038, 44.912417], [-118.384023, 44.912522], [-118.382847, 44.91232], [-118.379858, 44.911213], [-118.379254, 44.91127], [-118.376709, 44.912255], [-118.37629943, 44.91233963], [-118.376539, 44.911855], [-118.376254, 44.911718], [-118.375711, 44.911635], [-118.374947, 44.911461], [-118.374896, 44.911149], [-118.374482, 44.910902], [-118.37399, 44.910801], [-118.373395, 44.910563], [-118.373149, 44.910572], [-118.372787, 44.910128], [-118.372212, 44.909528], [-118.371611, 44.908785], [-118.370346, 44.907553], [-118.36878, 44.906179], [-118.367946, 44.905609], [-118.367371, 44.905253], [-118.366121, 44.90454], [-118.365891, 44.904276], [-118.365561, 44.903604], [-118.365216, 44.902963], [-118.364454, 44.902006], [-118.36375, 44.901059], [-118.363017, 44.900408], [-118.362701, 44.900123], [-118.362356, 44.899593], [-118.361666, 44.898789], [-118.361249, 44.898473], [-118.360789, 44.89774], [-118.360617, 44.897079], [-118.360459, 44.896641], [-118.359712, 44.896122], [-118.358849, 44.895959], [-118.357944, 44.895938], [-118.357225, 44.895888], [-118.356507, 44.895949], [-118.35586, 44.895898], [-118.355156, 44.895857], [-118.353747, 44.895908], [-118.352986, 44.895867], [-118.35244, 44.895776], [-118.35185, 44.895552], [-118.350255, 44.894462], [-118.349723, 44.894299], [-118.348229, 44.893475], [-118.347467, 44.893047], [-118.346821, 44.892742], [-118.346375, 44.892599], [-118.346102, 44.892446], [-118.344967, 44.89154], [-118.344564, 44.891286], [-118.343965, 44.891118], [-118.343375, 44.891088], [-118.342887, 44.890955], [-118.342513, 44.891077], [-118.341895, 44.891159], [-118.341004, 44.89122], [-118.340429, 44.891108], [-118.339869, 44.891139], [-118.338963, 44.891312], [-118.338719, 44.891179], [-118.338518, 44.891149], [-118.33813, 44.891505], [-118.337627, 44.891312], [-118.337397, 44.891505], [-118.336908, 44.891607], [-118.337081, 44.892035], [-118.336578, 44.892197], [-118.335945, 44.892309], [-118.335744, 44.891912], [-118.334939, 44.892035], [-118.334436, 44.892035], [-118.334149, 44.892197], [-118.333847, 44.892136], [-118.333603, 44.892432], [-118.333301, 44.892564], [-118.3331, 44.892289], [-118.333359, 44.891943], [-118.333129, 44.8918], [-118.328688, 44.893338], [-118.326848, 44.893551], [-118.325799, 44.893837], [-118.325109, 44.892818], [-118.320933, 44.894049], [-118.319927, 44.892614], [-118.322859, 44.891789], [-118.321263, 44.88962], [-118.326552, 44.888001], [-118.325877, 44.886912], [-118.329226, 44.885721], [-118.332157, 44.883918], [-118.332948, 44.883857], [-118.332991, 44.883552], [-118.332524, 44.882241], [-118.332231, 44.881771], [-118.332057, 44.881475], [-118.331854, 44.880971], [-118.331645, 44.880832], [-118.331582, 44.880669], [-118.331401, 44.880471], [-118.331345, 44.880392], [-118.331324, 44.880199], [-118.331296, 44.880095], [-118.331052, 44.879893], [-118.331038, 44.879764], [-118.331087, 44.879522], [-118.331045, 44.878785], [-118.330228, 44.8788], [-118.330075, 44.878162], [-118.330417, 44.876921], [-118.330693, 44.876486], [-118.331095, 44.87555], [-118.331033, 44.875358], [-118.330852, 44.874959], [-118.33065, 44.874711], [-118.330608, 44.874417], [-118.329918, 44.872867], [-118.329748, 44.872709], [-118.32892, 44.871603], [-118.329068, 44.870956], [-118.328666, 44.870666], [-118.32805, 44.8705], [-118.327784, 44.870244], [-118.32771, 44.869921], [-118.326717, 44.868591], [-118.32671425, 44.86858734], [-118.330566, 44.868561], [-118.334351, 44.869957], [-118.33605, 44.870163], [-118.337344, 44.869821], [-118.338213, 44.86941], [-118.338677, 44.868863], [-118.339024, 44.86837], [-118.339893, 44.868055], [-118.340627, 44.868192], [-118.341708, 44.868698], [-118.342172, 44.869109], [-118.343137, 44.870382], [-118.34362, 44.870655], [-118.34445, 44.870738], [-118.350939, 44.870683], [-118.351673, 44.870915], [-118.353874, 44.871572], [-118.354782, 44.871654], [-118.356282, 44.87122], [-118.357115, 44.870933], [-118.357855, 44.870868], [-118.359856, 44.871547], [-118.362078, 44.871866], [-118.364883, 44.871472], [-118.365994, 44.871491], [-118.369512, 44.872503], [-118.370597, 44.872672], [-118.371497, 44.873553], [-118.372211, 44.873722], [-118.372687, 44.874116], [-118.373243, 44.874322], [-118.374301, 44.87436], [-118.375465, 44.874828], [-118.376788, 44.875391], [-118.377952, 44.875766], [-118.379301, 44.875747], [-118.381389, 44.875324], [-118.382051, 44.875418], [-118.382897, 44.875905], [-118.384538, 44.876449], [-118.385437, 44.876393], [-118.387739, 44.876337], [-118.389009, 44.876824], [-118.389776, 44.877068], [-118.390464, 44.877218], [-118.390569, 44.877427], [-118.391116, 44.877445], [-118.391347, 44.877548], [-118.391509, 44.877742], [-118.392331, 44.878646], [-118.39269, 44.879288], [-118.393348, 44.879923], [-118.394476, 44.880529], [-118.394758, 44.88068], [-118.395092, 44.880925], [-118.395297, 44.881016], [-118.395502, 44.881355], [-118.39604, 44.881634], [-118.39663, 44.881912], [-118.397006, 44.881973], [-118.397262, 44.882094], [-118.397845, 44.882434], [-118.398521, 44.882616], [-118.399127, 44.882707], [-118.399503, 44.882695], [-118.399862, 44.882586], [-118.400307, 44.88241], [-118.400537, 44.882289], [-118.4007, 44.882228], [-118.400999, 44.882307], [-118.401409, 44.882253], [-118.402608, 44.882268], [-118.402756, 44.88226], [-118.402878, 44.882328], [-118.403044, 44.882277], [-118.403262, 44.882252], [-118.403314, 44.882287], [-118.403365, 44.882347], [-118.403477, 44.882317], [-118.403598, 44.882293], [-118.403695, 44.882409], [-118.403777, 44.882422], [-118.403986, 44.882347], [-118.404389, 44.882736], [-118.404504, 44.883082], [-118.404931, 44.883259], [-118.40527032, 44.88348086]]]}, "properties": {"zone_name": "US-OR-GRA-GRN-043-L", "level": 1, "fire_name": "No named fire", "county": "Grant", "addresses": 2, "unmatched_addresses": 0, "unmatched_fraction_pct": 0, "geometry_source": "cached", "geometry_cache_age_days": 0, "overlapping_zips": [{"zip": "97877", "fraction_pct": 100.0}]}}, {"type": "Feature", "geometry": {"type": "Polygon", "coordinates": [[[-118.32742242, 44.83843453], [-118.327701, 44.838388], [-118.330205, 44.837851], [-118.339717, 44.835309], [-118.34079, 44.834769], [-118.341351, 44.834543], [-118.341828, 44.834488], [-118.342054, 44.834373], [-118.342988, 44.834164], [-118.343072, 44.834092], [-118.343164, 44.833932], [-118.343161, 44.833428], [-118.343005, 44.833259], [-118.342999, 44.832868], [-118.343158, 44.832761], [-118.343326, 44.832369], [-118.34402, 44.831974], [-118.344327, 44.831602], [-118.344257, 44.831266], [-118.344257, 44.830708], [-118.345024, 44.830208], [-118.345663, 44.830083], [-118.34605, 44.829874], [-118.346288, 44.829092], [-118.346597, 44.828709], [-118.346522, 44.828329], [-118.346513, 44.827645], [-118.346586, 44.827588], [-118.347161, 44.827592], [-118.347855, 44.827814], [-118.348161, 44.827814], [-118.348934, 44.827367], [-118.348939, 44.827209], [-118.349012, 44.827153], [-118.348859, 44.825657], [-118.348785, 44.825584], [-118.348926, 44.825092], [-118.349096, 44.825097], [-118.349414, 44.824866], [-118.349411, 44.824807], [-118.349957, 44.824481], [-118.350111, 44.823582], [-118.351209, 44.822764], [-118.351362, 44.821928], [-118.35152, 44.821818], [-118.351681, 44.821306], [-118.351832, 44.82121], [-118.351992, 44.820861], [-118.352069, 44.820816], [-118.352371, 44.820757], [-118.353306, 44.820315], [-118.353402, 44.820312], [-118.354388, 44.819649], [-118.354558, 44.819593], [-118.355965, 44.819697], [-118.356209, 44.81964], [-118.356601, 44.819255], [-118.35813, 44.818203], [-118.358474, 44.818141], [-118.358608, 44.818041], [-118.35934, 44.817811], [-118.360249, 44.817918], [-118.360416, 44.818029], [-118.361116, 44.817535], [-118.361193, 44.817537], [-118.362455, 44.816758], [-118.362757, 44.816489], [-118.362988, 44.816031], [-118.363006, 44.815803], [-118.363074, 44.815748], [-118.36308, 44.815641], [-118.363613, 44.815153], [-118.364493, 44.814536], [-118.364715, 44.814479], [-118.365108, 44.814143], [-118.36557, 44.813915], [-118.36619, 44.813478], [-118.366437, 44.813368], [-118.366588, 44.813202], [-118.366826, 44.813143], [-118.367129, 44.812919], [-118.367216, 44.812917], [-118.368093, 44.812482], [-118.368719, 44.812245], [-118.369246, 44.811972], [-118.369786, 44.811919], [-118.370328, 44.811641], [-118.370656, 44.811582], [-118.371115, 44.811363], [-118.371283, 44.811363], [-118.371514, 44.811254], [-118.372214, 44.811144], [-118.372529, 44.811142], [-118.37259, 44.811081], [-118.372933, 44.811028], [-118.37338411, 44.81099028], [-118.373613, 44.811352], [-118.373534, 44.811674], [-118.373648, 44.81194], [-118.373787, 44.8122], [-118.374301, 44.812898], [-118.374441, 44.8133], [-118.374537, 44.813523], [-118.374458, 44.814345], [-118.374537, 44.814673], [-118.374371, 44.814976], [-118.3739, 44.815347], [-118.373325, 44.816009], [-118.372671, 44.816274], [-118.372419, 44.816491], [-118.372331, 44.816683], [-118.37241, 44.816849], [-118.37295, 44.817183], [-118.373003, 44.81756], [-118.37309, 44.817703], [-118.373159, 44.818061], [-118.373186, 44.818321], [-118.374022, 44.818983], [-118.37472, 44.819718], [-118.374754, 44.819966], [-118.374894, 44.820108], [-118.375835, 44.820429], [-118.376637, 44.820256], [-118.377465, 44.820157], [-118.37798, 44.820194], [-118.378468, 44.82046], [-118.378912, 44.820942], [-118.379235, 44.82119], [-118.379793, 44.821351], [-118.380141, 44.821499], [-118.380507, 44.822031], [-118.380682, 44.82255], [-118.380525, 44.822748], [-118.379923, 44.822952], [-118.379627, 44.82323], [-118.379583, 44.823514], [-118.37981, 44.823768], [-118.380281, 44.824176], [-118.380289, 44.824497], [-118.379793, 44.824893], [-118.379627, 44.825165], [-118.379758, 44.825524], [-118.379793, 44.825771], [-118.379636, 44.825944], [-118.379287, 44.826272], [-118.379182, 44.826469], [-118.379322, 44.826766], [-118.379653, 44.827298], [-118.379915, 44.827681], [-118.380228, 44.827972], [-118.380226, 44.828214], [-118.380101, 44.828461], [-118.380101, 44.828599], [-118.380352, 44.828798], [-118.380885, 44.829333], [-118.380991, 44.82958], [-118.380856, 44.829841], [-118.380662, 44.829965], [-118.379917, 44.830033], [-118.37859, 44.829951], [-118.378087, 44.82969], [-118.377797, 44.82934], [-118.377477, 44.829285], [-118.377283, 44.829395], [-118.377138, 44.829656], [-118.37707, 44.829827], [-118.376644, 44.830082], [-118.376524, 44.830309], [-118.376321, 44.830336], [-118.375943, 44.83057], [-118.375779, 44.83068], [-118.375721, 44.830899], [-118.37573, 44.83114], [-118.375634, 44.831435], [-118.375459, 44.831606], [-118.375363, 44.831675], [-118.375363, 44.831806], [-118.375576, 44.831854], [-118.375856, 44.831737], [-118.376185, 44.831524], [-118.376379, 44.83138], [-118.376699, 44.831256], [-118.376931, 44.831222], [-118.377299, 44.831298], [-118.377696, 44.831325], [-118.378005, 44.831462], [-118.378141, 44.831709], [-118.378257, 44.831998], [-118.378615, 44.832197], [-118.378886, 44.832224], [-118.379148, 44.832101], [-118.379409, 44.83195], [-118.379777, 44.831909], [-118.380116, 44.831991], [-118.380522, 44.831936], [-118.381026, 44.832066], [-118.381539, 44.832197], [-118.382052, 44.832286], [-118.382507, 44.832499], [-118.382749, 44.832533], [-118.383049, 44.832581], [-118.383417, 44.832664], [-118.383833, 44.833055], [-118.384288, 44.833481], [-118.384511, 44.833597], [-118.384956, 44.833735], [-118.385256, 44.834016], [-118.385566, 44.834208], [-118.385837, 44.83425], [-118.38607, 44.833906], [-118.386186, 44.833549], [-118.385866, 44.833192], [-118.385489, 44.832726], [-118.385421, 44.832423], [-118.385266, 44.831984], [-118.384898, 44.831682], [-118.384627, 44.831497], [-118.384433, 44.831339], [-118.384443, 44.831092], [-118.384753, 44.831023], [-118.385121, 44.830982], [-118.38544, 44.831153], [-118.385595, 44.831229], [-118.385828, 44.831208], [-118.38607, 44.830934], [-118.386263, 44.830824], [-118.386563, 44.83081], [-118.387154, 44.830927], [-118.387376, 44.830831], [-118.387764, 44.830494], [-118.388606, 44.830096], [-118.38879, 44.830048], [-118.389303, 44.83], [-118.389458, 44.829911], [-118.389564, 44.829506], [-118.389893, 44.829121], [-118.390319, 44.828963], [-118.390726, 44.828853], [-118.391307, 44.828668], [-118.391375, 44.828476], [-118.391336, 44.828249], [-118.391249, 44.828009], [-118.391278, 44.827721], [-118.3915, 44.827604], [-118.392246, 44.827515], [-118.392401, 44.827398], [-118.392623, 44.82691], [-118.392943, 44.826656], [-118.393466, 44.826622], [-118.394221, 44.82678], [-118.395876, 44.827027], [-118.396147, 44.826945], [-118.396312, 44.826553], [-118.396593, 44.826134], [-118.396883, 44.825915], [-118.397241, 44.825832], [-118.397541, 44.82588], [-118.39789, 44.826038], [-118.398248, 44.826457], [-118.398558, 44.82667], [-118.398887, 44.826663], [-118.399284, 44.826244], [-118.399274, 44.82586], [-118.39909, 44.825647], [-118.399042, 44.825249], [-118.399319, 44.824789], [-118.399958, 44.824404], [-118.400355, 44.824219], [-118.401169, 44.824116], [-118.401672, 44.823965], [-118.402824, 44.823944], [-118.403695, 44.823903], [-118.404489, 44.823697], [-118.40568, 44.823484], [-118.406251, 44.823539], [-118.407016, 44.823724], [-118.40781, 44.824219], [-118.407819, 44.824439], [-118.407703, 44.824665], [-118.407802, 44.824921], [-118.407734, 44.825278], [-118.407289, 44.826164], [-118.406708, 44.826631], [-118.406437, 44.826906], [-118.406698, 44.826995], [-118.407047, 44.82694], [-118.408334, 44.826349], [-118.408741, 44.825951], [-118.409399, 44.825395], [-118.40998, 44.82499], [-118.41059, 44.824798], [-118.410929, 44.824509], [-118.411219, 44.824084], [-118.411693, 44.823424], [-118.412032, 44.823212], [-118.413339, 44.822703], [-118.414085, 44.822346], [-118.41483, 44.821886], [-118.415111, 44.821749], [-118.415428, 44.821772], [-118.41594409, 44.82183284], [-118.4157511, 44.8220479], [-118.4151039, 44.8225467], [-118.4147036, 44.8229288], [-118.4144642, 44.8234303], [-118.4145091, 44.8240114], [-118.4147074, 44.8245315], [-118.415097, 44.8256415], [-118.4152049, 44.8259484], [-118.4155212, 44.8268998], [-118.4155108, 44.8272847], [-118.4152864, 44.8276881], [-118.4149159, 44.8281617], [-118.4147758, 44.8284685], [-118.4147509, 44.828688], [-118.4149316, 44.8292756], [-118.415469, 44.8303635], [-118.4158687, 44.8311901], [-118.4158679, 44.8315585], [-118.4157687, 44.8318594], [-118.415412, 44.8322939], [-118.4144032, 44.8332452], [-118.4138554, 44.8338246], [-118.4134925, 44.8346044], [-118.4132464, 44.8351537], [-118.4129654, 44.8355302], [-118.4123645, 44.8361433], [-118.4118114, 44.8367279], [-118.411232, 44.8372961], [-118.4104827, 44.8380668], [-118.4098248, 44.8387375], [-118.4089275, 44.8396012], [-118.4082404, 44.8401296], [-118.407287, 44.8408576], [-118.4066831, 44.8414893], [-118.406349, 44.8418944], [-118.4059228, 44.8424341], [-118.4055035, 44.8431781], [-118.4051148, 44.8438435], [-118.4047081, 44.8443149], [-118.4040415, 44.844953], [-118.4030163, 44.8459433], [-118.4026093, 44.846499], [-118.4024198, 44.846922], [-118.4023441, 44.8473954], [-118.4023461, 44.8479764], [-118.4021679, 44.8484123], [-118.4016895, 44.8488815], [-118.4008348, 44.8496846], [-118.4005266, 44.8499081], [-118.4001614, 44.850046], [-118.3996128, 44.8501399], [-118.3992129, 44.8502491], [-118.3988761, 44.8504472], [-118.3985978, 44.8507188], [-118.3982173, 44.8509902], [-118.3977898, 44.8511205], [-118.3974022, 44.8511275], [-118.3967025, 44.8510974], [-118.3962414, 44.8511676], [-118.3945947, 44.8516436], [-118.3941924, 44.8518065], [-118.3939718, 44.8520027], [-118.3933489, 44.8528821], [-118.3931655, 44.8531136], [-118.3927571, 44.8534606], [-118.3920557, 44.8540029], [-118.3919314, 44.8542276], [-118.3918848, 44.8545057], [-118.3919818, 44.8547724], [-118.3922166, 44.8549999], [-118.3926481, 44.8552625], [-118.3933149, 44.8556455], [-118.3939565, 44.8560416], [-118.3942836, 44.8563072], [-118.3944218, 44.8564993], [-118.3944546, 44.8566831], [-118.3944664, 44.8570223], [-118.3944617, 44.8572198], [-118.3945195, 44.8574723], [-118.3947038, 44.8577056], [-118.3950062, 44.8580074], [-118.3951544, 44.8582804], [-118.3951612, 44.8585962], [-118.3950867, 44.8589733], [-118.3951111, 44.8592844], [-118.3952733, 44.8596207], [-118.3955706, 44.8600167], [-118.3957567, 44.8603612], [-118.3958491, 44.8607095], [-118.3958717, 44.8609688], [-118.3958637, 44.8614106], [-118.3958905, 44.8616919], [-118.3959934, 44.8619421], [-118.3962616, 44.8621458], [-118.3965366, 44.8622269], [-118.3968937, 44.8622579], [-118.397253, 44.8622119], [-118.3975408, 44.8620739], [-118.3977378, 44.8618716], [-118.3981272, 44.8613151], [-118.3983701, 44.8610888], [-118.3985818, 44.8609694], [-118.3988872, 44.8608873], [-118.3992843, 44.8609001], [-118.3996023, 44.860994], [-118.3998319, 44.8611205], [-118.3999853, 44.8613093], [-118.4001462, 44.8615555], [-118.4006715, 44.8625769], [-118.4015321, 44.864179], [-118.4016912, 44.8645413], [-118.4020346, 44.8651561], [-118.4022395, 44.8653897], [-118.4025235, 44.8656004], [-118.4028484, 44.8657503], [-118.4038172, 44.8661314], [-118.4045832, 44.8664491], [-118.4051651, 44.866854], [-118.4054664, 44.867213], [-118.4062523, 44.8683276], [-118.4066518, 44.8691933], [-118.4067635, 44.8695796], [-118.4067521, 44.8701043], [-118.4066655, 44.8704977], [-118.4064603, 44.8710695], [-118.4058962, 44.8725382], [-118.4057, 44.8730138], [-118.405315, 44.873785], [-118.4048491, 44.8745021], [-118.4046647, 44.8749073], [-118.404554, 44.8752831], [-118.4044303, 44.8759321], [-118.4044011, 44.8766075], [-118.4044641, 44.877219], [-118.4047268, 44.878268], [-118.4049084, 44.8794746], [-118.4049718, 44.8805179], [-118.4050492, 44.8811726], [-118.4051087, 44.8817502], [-118.4051673, 44.882339], [-118.4052242, 44.8829557], [-118.4052572, 44.8833483], [-118.40527032, 44.88348086], [-118.404931, 44.883259], [-118.404504, 44.883082], [-118.404389, 44.882736], [-118.403986, 44.882347], [-118.403777, 44.882422], [-118.403695, 44.882409], [-118.403598, 44.882293], [-118.403477, 44.882317], [-118.403365, 44.882347], [-118.403314, 44.882287], [-118.403262, 44.882252], [-118.403044, 44.882277], [-118.402878, 44.882328], [-118.402756, 44.88226], [-118.402608, 44.882268], [-118.401409, 44.882253], [-118.400999, 44.882307], [-118.4007, 44.882228], [-118.400537, 44.882289], [-118.400307, 44.88241], [-118.399862, 44.882586], [-118.399503, 44.882695], [-118.399127, 44.882707], [-118.398521, 44.882616], [-118.397845, 44.882434], [-118.397262, 44.882094], [-118.397006, 44.881973], [-118.39663, 44.881912], [-118.39604, 44.881634], [-118.395502, 44.881355], [-118.395297, 44.881016], [-118.395092, 44.880925], [-118.394758, 44.88068], [-118.394476, 44.880529], [-118.393348, 44.879923], [-118.39269, 44.879288], [-118.392331, 44.878646], [-118.391509, 44.877742], [-118.391347, 44.877548], [-118.391116, 44.877445], [-118.390569, 44.877427], [-118.390464, 44.877218], [-118.389776, 44.877068], [-118.389009, 44.876824], [-118.387739, 44.876337], [-118.385437, 44.876393], [-118.384538, 44.876449], [-118.382897, 44.875905], [-118.382051, 44.875418], [-118.381389, 44.875324], [-118.379301, 44.875747], [-118.377952, 44.875766], [-118.376788, 44.875391], [-118.375465, 44.874828], [-118.374301, 44.87436], [-118.373243, 44.874322], [-118.372687, 44.874116], [-118.372211, 44.873722], [-118.371497, 44.873553], [-118.370597, 44.872672], [-118.369512, 44.872503], [-118.365994, 44.871491], [-118.364883, 44.871472], [-118.362078, 44.871866], [-118.359856, 44.871547], [-118.357855, 44.870868], [-118.357115, 44.870933], [-118.356282, 44.87122], [-118.354782, 44.871654], [-118.353874, 44.871572], [-118.351673, 44.870915], [-118.350939, 44.870683], [-118.34445, 44.870738], [-118.34362, 44.870655], [-118.343137, 44.870382], [-118.342172, 44.869109], [-118.341708, 44.868698], [-118.340627, 44.868192], [-118.339893, 44.868055], [-118.339024, 44.86837], [-118.338677, 44.868863], [-118.338213, 44.86941], [-118.337344, 44.869821], [-118.33605, 44.870163], [-118.334351, 44.869957], [-118.330566, 44.868561], [-118.32671425, 44.86858734], [-118.326313, 44.868054], [-118.325849, 44.867383], [-118.32596, 44.866688], [-118.325917, 44.866029], [-118.325874, 44.865815], [-118.326313, 44.86537], [-118.326399, 44.864979], [-118.326279, 44.864009], [-118.327777, 44.862789], [-118.330178, 44.861691], [-118.329472, 44.860263], [-118.329249, 44.859842], [-118.32918, 44.858457], [-118.328706, 44.856968], [-118.328276, 44.85634], [-118.328155, 44.856224], [-118.327846, 44.85587], [-118.327982, 44.855742], [-118.328491, 44.855763], [-118.328251, 44.854892], [-118.328761, 44.854106], [-118.329987, 44.852641], [-118.330407, 44.852003], [-118.331216, 44.850665], [-118.331905, 44.849964], [-118.332714, 44.849285], [-118.332744, 44.84852], [-118.332115, 44.846948], [-118.331695, 44.846417], [-118.330617, 44.845525], [-118.329688, 44.844845], [-118.329118, 44.843995], [-118.328819, 44.842869], [-118.32819, 44.842083], [-118.32816, 44.840426], [-118.3278, 44.839088], [-118.32742242, 44.83843453]]]}, "properties": {"zone_name": "US-OR-GRA-GRN-043-K", "level": 2, "fire_name": "No named fire", "county": "Grant", "addresses": 2, "unmatched_addresses": 0, "unmatched_fraction_pct": 0, "geometry_source": "cached", "geometry_cache_age_days": 0, "overlapping_zips": [{"zip": "97877", "fraction_pct": 100.0}]}}, {"type": "Feature", "geometry": {"type": "Polygon", "coordinates": [[[-118.33066773, 45.69960986], [-118.33117092, 45.70246529], [-118.32769761, 45.70725266], [-118.32806322, 45.70833774], [-118.32879445, 45.71229492], [-118.33081332, 45.71646963], [-118.33055947, 45.7165836], [-118.33011304, 45.71670581], [-118.32959367, 45.71691887], [-118.32645125, 45.71833254], [-118.3255315, 45.71869875], [-118.32499559, 45.719029], [-118.324567, 45.719313], [-118.32407714, 45.71994424], [-118.32396399, 45.72022009], [-118.32377523, 45.7204743], [-118.32358685, 45.72110205], [-118.32331914, 45.72146519], [-118.32303768, 45.72160346], [-118.32263616, 45.72172513], [-118.32206315, 45.72181897], [-118.32200413, 45.72168762], [-118.32201104, 45.72107705], [-118.32194215, 45.72089852], [-118.32209927, 45.72056464], [-118.32226413, 45.72034688], [-118.32233522, 45.72011132], [-118.3224491, 45.7199077], [-118.32193057, 45.71974314], [-118.32166951, 45.7193285], [-118.32191202, 45.71894116], [-118.32115753, 45.71861022], [-118.32103578, 45.71837303], [-118.32090673, 45.71830881], [-118.32053367, 45.71830701], [-118.3201391, 45.71839447], [-118.31964242, 45.71841073], [-118.31946571, 45.71833652], [-118.31921439, 45.71823097], [-118.31899882, 45.71818328], [-118.31858149, 45.71817504], [-118.31807121, 45.71822153], [-118.31701426, 45.71823116], [-118.31676752, 45.71799861], [-118.31684219, 45.71751645], [-118.3169936, 45.71718914], [-118.3175079, 45.71673385], [-118.31755439, 45.71637942], [-118.31742141, 45.71608306], [-118.3172868, 45.71589878], [-118.31739078, 45.7156004], [-118.31778027, 45.71528171], [-118.31780174, 45.71501604], [-118.31764802, 45.71467494], [-118.31872064, 45.71343793], [-118.31886233, 45.71318004], [-118.31852578, 45.71291785], [-118.31851949, 45.71257227], [-118.31904526, 45.71236104], [-118.31940206, 45.71226203], [-118.31940918, 45.71176885], [-118.3194989, 45.71128416], [-118.31967536, 45.71091351], [-118.32019532, 45.71045167], [-118.32019035, 45.70989879], [-118.32042956, 45.70958313], [-118.32078731, 45.7093907], [-118.32136837, 45.70915005], [-118.32163202, 45.70889111], [-118.32201203, 45.70888342], [-118.32220795, 45.70880357], [-118.32264211, 45.70841258], [-118.32281688, 45.70807752], [-118.32321952, 45.70749679], [-118.32353526, 45.7071466], [-118.32358672, 45.70697949], [-118.32344989, 45.70662553], [-118.32340833, 45.70637848], [-118.32313641, 45.70599909], [-118.32291979, 45.70554705], [-118.3227256, 45.70505874], [-118.32256261, 45.70448006], [-118.32252694, 45.70412493], [-118.32254504, 45.70368367], [-118.3224478, 45.70344177], [-118.32246183, 45.70327059], [-118.32240407, 45.70298323], [-118.32254685, 45.70251802], [-118.32259069, 45.70219798], [-118.32261848, 45.70187812], [-118.32257653, 45.70171659], [-118.32213986, 45.70131209], [-118.32154886, 45.70088238], [-118.32109025, 45.70050064], [-118.32079476, 45.7000045], [-118.3207769, 45.69984268], [-118.32082636, 45.69952258], [-118.32100221, 45.69877346], [-118.32115587, 45.69825862], [-118.32128655, 45.69806359], [-118.32137618, 45.69769351], [-118.321507, 45.6974685], [-118.322773, 45.698242], [-118.323788, 45.698935], [-118.32485, 45.699451], [-118.325542, 45.699578], [-118.33066773, 45.69960986]]]}, "properties": {"zone_name": "US-OR-UMA-UMC-1406015G", "level": 2, "fire_name": "No named fire", "county": "Umatilla", "addresses": 4, "unmatched_addresses": 0, "unmatched_fraction_pct": 0, "geometry_source": "cached", "geometry_cache_age_days": 0, "overlapping_zips": [{"zip": "97810", "fraction_pct": 100.0}]}}, {"type": "Feature", "geometry": {"type": "Polygon", "coordinates": [[[-118.30703952, 44.81040806], [-118.307228, 44.810138], [-118.307407, 44.809765], [-118.30787, 44.809385], [-118.308255, 44.809231], [-118.309311, 44.809004], [-118.309534, 44.808842], [-118.309534, 44.808672], [-118.30969, 44.80847], [-118.309824, 44.807821], [-118.309919, 44.807765], [-118.310059, 44.807318], [-118.310165, 44.807274], [-118.310226, 44.806981], [-118.310728, 44.806629], [-118.311152, 44.806459], [-118.311794, 44.806356], [-118.311984, 44.806241], [-118.312502, 44.80619], [-118.312597, 44.80613], [-118.3132, 44.806039], [-118.313339, 44.805913], [-118.313736, 44.805873], [-118.314494, 44.805428], [-118.314729, 44.805428], [-118.314924, 44.805214], [-118.315467, 44.804882], [-118.315575, 44.804882], [-118.316169, 44.804455], [-118.316867, 44.804348], [-118.317006, 44.804242], [-118.317312, 44.804179], [-118.317851, 44.803798], [-118.317924, 44.803638], [-118.31823, 44.80331], [-118.318379, 44.802714], [-118.318688, 44.802497], [-118.319599, 44.802122], [-118.320514, 44.802012], [-118.320674, 44.801908], [-118.321118, 44.801414], [-118.321354, 44.801305], [-118.321424, 44.800605], [-118.321199, 44.800056], [-118.321122, 44.7993], [-118.321438, 44.798593], [-118.321577, 44.798375], [-118.32227, 44.797776], [-118.32227, 44.797618], [-118.322698, 44.797068], [-118.323411, 44.796312], [-118.324936, 44.795776], [-118.3257, 44.795723], [-118.326529, 44.795721], [-118.327605, 44.795615], [-118.328136, 44.795343], [-118.328745, 44.795231], [-118.328965, 44.795066], [-118.329195, 44.795018], [-118.330327, 44.79491], [-118.331122, 44.794887], [-118.331887, 44.79447], [-118.332034, 44.793979], [-118.332334, 44.793653], [-118.333179, 44.793288], [-118.333675, 44.793232], [-118.334214, 44.792728], [-118.334605, 44.79228], [-118.334856, 44.792085], [-118.335083, 44.79205], [-118.335616, 44.792193], [-118.335928, 44.792202], [-118.336289, 44.792298], [-118.336877, 44.792206], [-118.337073, 44.792072], [-118.337262, 44.792033], [-118.337733, 44.791606], [-118.337727, 44.791423], [-118.337966, 44.791171], [-118.338364, 44.790329], [-118.338964, 44.789803], [-118.339172, 44.789703], [-118.339178, 44.789503], [-118.33927, 44.789403], [-118.339423, 44.78886], [-118.339423, 44.788608], [-118.340025, 44.788076], [-118.340098, 44.78768], [-118.340325, 44.787415], [-118.340937, 44.786981], [-118.341206, 44.786976], [-118.341402, 44.786811], [-118.341482, 44.786442], [-118.341488, 44.785795], [-118.341402, 44.785716], [-118.341249, 44.785256], [-118.341402, 44.785026], [-118.341941, 44.784752], [-118.342241, 44.784456], [-118.342388, 44.783757], [-118.342706, 44.783444], [-118.343239, 44.783179], [-118.343661, 44.783131], [-118.344065, 44.782962], [-118.344371, 44.782627], [-118.344365, 44.78188], [-118.344604, 44.781649], [-118.345436, 44.781111], [-118.345436, 44.780993], [-118.345571, 44.780893], [-118.345651, 44.780746], [-118.345957, 44.780528], [-118.346208, 44.78052], [-118.346267, 44.780471], [-118.346731, 44.780361], [-118.347344, 44.779819], [-118.347862, 44.779769], [-118.348095, 44.779654], [-118.34831045, 44.77949353], [-118.3483665, 44.7795258], [-118.3487423, 44.7796311], [-118.3493335, 44.779736], [-118.3497198, 44.7798748], [-118.3500404, 44.7800897], [-118.350307, 44.7804066], [-118.3505488, 44.7807213], [-118.3509738, 44.7811068], [-118.351425, 44.7814825], [-118.3518481, 44.7817363], [-118.353269, 44.7824572], [-118.3546899, 44.7831385], [-118.3550635, 44.7832658], [-118.3554069, 44.7833229], [-118.3558183, 44.7833716], [-118.356228, 44.7834579], [-118.3565164, 44.7835845], [-118.3571183, 44.7839051], [-118.3574978, 44.7840162], [-118.3582071, 44.7841658], [-118.3588279, 44.7842405], [-118.3595405, 44.7842299], [-118.3602468, 44.7842234], [-118.3607084, 44.7842458], [-118.3611347, 44.7842986], [-118.3615492, 44.7843789], [-118.3641176, 44.784924], [-118.3647054, 44.7851093], [-118.3652126, 44.7853609], [-118.3659421, 44.7857224], [-118.3663791, 44.7859993], [-118.3667813, 44.7863681], [-118.3671237, 44.7866649], [-118.3674094, 44.7868294], [-118.3679489, 44.7870435], [-118.3681513, 44.7871044], [-118.3685512, 44.7872249], [-118.3696236, 44.7874585], [-118.3704814, 44.7876593], [-118.3709106, 44.7877405], [-118.371268, 44.7877594], [-118.3716874, 44.7877115], [-118.3733791, 44.7872693], [-118.3736788, 44.7872245], [-118.3739311, 44.7872312], [-118.3741381, 44.7872558], [-118.3751104, 44.7874427], [-118.3754448, 44.7874991], [-118.3760953, 44.7874876], [-118.3777356, 44.7874029], [-118.3781936, 44.7873563], [-118.3787805, 44.7872193], [-118.379368, 44.7870637], [-118.37982, 44.7869757], [-118.3804107, 44.7869523], [-118.3807937, 44.7870042], [-118.3816252, 44.7871819], [-118.3824079, 44.7874085], [-118.382904, 44.787603], [-118.3833448, 44.7878452], [-118.3843534, 44.7884606], [-118.3847266, 44.7886551], [-118.3851273, 44.7888338], [-118.38518797, 44.78885026], [-118.385187, 44.7890264], [-118.3852572, 44.7926252], [-118.390282, 44.7927159], [-118.3902915, 44.7963465], [-118.3952556, 44.7964687], [-118.39537053, 44.79965137], [-118.395273, 44.799669], [-118.395106, 44.799705], [-118.395072, 44.79974], [-118.395127, 44.799831], [-118.395072, 44.79991], [-118.394823, 44.800065], [-118.39433, 44.800192], [-118.394047, 44.800221], [-118.393802, 44.800215], [-118.393701, 44.800297], [-118.39296, 44.80061], [-118.392633, 44.8007], [-118.392005, 44.800949], [-118.391703, 44.801041], [-118.391496, 44.801174], [-118.391344, 44.801367], [-118.391178, 44.801479], [-118.390842, 44.801576], [-118.389599, 44.801778], [-118.389371, 44.80176], [-118.388614, 44.801537], [-118.388343, 44.801494], [-118.387999, 44.801497], [-118.387595, 44.801582], [-118.387076, 44.801747], [-118.386345, 44.802045], [-118.38551, 44.80227], [-118.384731, 44.802536], [-118.383777, 44.802953], [-118.38212, 44.804254], [-118.381879, 44.80459], [-118.380944, 44.80532], [-118.379389, 44.80631], [-118.378772, 44.806864], [-118.378614, 44.807584], [-118.378377, 44.8077], [-118.377898, 44.808154], [-118.376976, 44.808812], [-118.376976, 44.808983], [-118.37689, 44.809147], [-118.376202, 44.809532], [-118.375801, 44.809534], [-118.375259, 44.809802], [-118.374934, 44.810035], [-118.374546, 44.810481], [-118.373531, 44.810978], [-118.37337539, 44.81099101], [-118.373292, 44.81089], [-118.336586, 44.810915], [-118.33681, 44.810497], [-118.337454, 44.809782], [-118.337454, 44.809146], [-118.33737, 44.808749], [-118.336978, 44.808927], [-118.33653, 44.809722], [-118.335129, 44.8101], [-118.332468, 44.810259], [-118.330816, 44.809941], [-118.330143, 44.809603], [-118.328967, 44.809722], [-118.328575, 44.809146], [-118.327846, 44.808053], [-118.32765, 44.807795], [-118.325465, 44.808629], [-118.325661, 44.809146], [-118.325689, 44.809643], [-118.326651, 44.810766], [-118.326539, 44.811223], [-118.324606, 44.811282], [-118.323205, 44.811282], [-118.322701, 44.811402], [-118.321245, 44.812316], [-118.320964, 44.811898], [-118.320824, 44.811302], [-118.318331, 44.811203], [-118.317211, 44.811839], [-118.316819, 44.812316], [-118.316595, 44.811859], [-118.316763, 44.810626], [-118.317715, 44.809732], [-118.318807, 44.80858], [-118.318611, 44.807804], [-118.318443, 44.807029], [-118.317827, 44.80689], [-118.316454, 44.807208], [-118.315026, 44.807228], [-118.314017, 44.807387], [-118.313037, 44.807486], [-118.312673, 44.807944], [-118.312589, 44.808421], [-118.312253, 44.808659], [-118.311412, 44.808739], [-118.310432, 44.809176], [-118.309143, 44.809514], [-118.308079, 44.809772], [-118.307743, 44.810189], [-118.307294, 44.810487], [-118.30703952, 44.81040806]]]}, "properties": {"zone_name": "US-OR-GRA-GRN-043-H", "level": 2, "fire_name": "No named fire", "county": "Grant", "addresses": 1, "unmatched_addresses": 1, "unmatched_fraction_pct": 74.6, "geometry_source": "cached", "geometry_cache_age_days": 0, "overlapping_zips": [{"zip": "97877", "fraction_pct": 25.4}]}}, {"type": "Feature", "geometry": {"type": "Polygon", "coordinates": [[[-118.10629612, 45.77281855], [-118.10630867, 45.77287303], [-118.10651398, 45.77297793], [-118.10681868, 45.77313362], [-118.10721377, 45.77329727], [-118.10752489, 45.77359103], [-118.10758669, 45.77474019], [-118.10758976, 45.77692288], [-118.10793827, 45.77793376], [-118.10865319, 45.77897433], [-118.10985236, 45.78049844], [-118.111229, 45.7825248], [-118.11174811, 45.7828121], [-118.11117021, 45.78338009], [-118.1089599, 45.7855452], [-118.108671, 45.7858037], [-118.1083553, 45.786024], [-118.1079351, 45.7861988], [-118.1075745, 45.7862281], [-118.1074481, 45.7862172], [-118.1073112, 45.7862024], [-118.1070113, 45.7861235], [-118.1065846, 45.7859469], [-118.1062328, 45.7855799], [-118.1055427, 45.7843944], [-118.1050281, 45.7839252], [-118.1041257, 45.783397], [-118.1014577, 45.78208], [-118.1002452, 45.7814247], [-118.0992997, 45.7809947], [-118.0982278, 45.7806748], [-118.0972425, 45.7805389], [-118.0960812, 45.7805447], [-118.0952299, 45.7805953], [-118.0938367, 45.7807188], [-118.0934153, 45.7807628], [-118.0918769, 45.7808655], [-118.09178249, 45.78086385], [-118.0911997, 45.7808537], [-118.0905373, 45.7807011], [-118.0901523, 45.78059], [-118.09001165, 45.78053909], [-118.0897188, 45.7804331], [-118.088239, 45.779861], [-118.0868553, 45.7793479], [-118.0852762, 45.77873735], [-118.083182, 45.777902], [-118.0817887, 45.7773889], [-118.0808718, 45.7769454], [-118.0801948, 45.776452], [-118.0791567, 45.7753911], [-118.0784883, 45.7746726], [-118.07938261, 45.77456443], [-118.07964643, 45.77456883], [-118.07995035, 45.77464527], [-118.08013148, 45.77482671], [-118.0801282, 45.7751716], [-118.08023678, 45.77548267], [-118.08051698, 45.77575497], [-118.08153068, 45.77624171], [-118.08193837, 45.77627229], [-118.08230574, 45.77623678], [-118.0836109, 45.77541995], [-118.08376855, 45.77529174], [-118.08402913, 45.77514144], [-118.08419285, 45.7750847], [-118.0844976, 45.77513735], [-118.08496795, 45.77532797], [-118.08527924, 45.77541952], [-118.0855833, 45.77540763], [-118.08580106, 45.77536055], [-118.08596413, 45.7752915], [-118.08611888, 45.77514601], [-118.08626127, 45.77506815], [-118.0863097, 45.77462214], [-118.08624245, 45.77360118], [-118.0861951, 45.77331382], [-118.08612992, 45.77291818], [-118.08614315, 45.77258502], [-118.08622345, 45.77236234], [-118.086224, 45.772344], [-118.08623355, 45.77233436], [-118.08624575, 45.77230051], [-118.08637949, 45.77208772], [-118.08650189, 45.77197404], [-118.08652308, 45.77193155], [-118.08658081, 45.77181578], [-118.08664517, 45.77107259], [-118.08682845, 45.77054986], [-118.08688038, 45.77040177], [-118.08691678, 45.77029794], [-118.08693003, 45.77019782], [-118.087594, 45.770019], [-118.090043, 45.770081], [-118.0932, 45.769916], [-118.094144, 45.77041], [-118.09441, 45.770781], [-118.095354, 45.771522], [-118.096277, 45.771998], [-118.096336, 45.772389], [-118.096395, 45.773171], [-118.096572, 45.773686], [-118.097781, 45.773953], [-118.09908, 45.773747], [-118.100083, 45.773439], [-118.100526, 45.772883], [-118.100644, 45.772204], [-118.10203, 45.772862], [-118.103004, 45.773439], [-118.103388, 45.773192], [-118.103919, 45.772718], [-118.104892, 45.772595], [-118.106191, 45.772862], [-118.10629612, 45.77281855]]]}, "properties": {"zone_name": "US-OR-UMA-UMC-1406020-B", "level": 2, "fire_name": "No named fire", "county": "Umatilla", "addresses": 69, "unmatched_addresses": 0, "unmatched_fraction_pct": 0, "geometry_source": "cached", "geometry_cache_age_days": 0, "overlapping_zips": [{"zip": "97886", "fraction_pct": 100.0}]}}, {"type": "Feature", "geometry": {"type": "Polygon", "coordinates": [[[-118.19565669, 44.7566446], [-118.19599913, 44.75693808], [-118.19651522, 44.75717122], [-118.19730353, 44.75760404], [-118.19786826, 44.75808871], [-118.19888362, 44.75855965], [-118.19917123, 44.75875917], [-118.20003235, 44.75923621], [-118.20050145, 44.75967687], [-118.20116735, 44.76002994], [-118.2017112, 44.76020875], [-118.20184719, 44.76036935], [-118.20217568, 44.7604064], [-118.20452906, 44.76051055], [-118.20519334, 44.76025098], [-118.20515258, 44.76031816], [-118.20471597, 44.76105617], [-118.20431924, 44.76154203], [-118.2034, 44.76213], [-118.20319646, 44.76254639], [-118.2030087, 44.76343941], [-118.20270095, 44.76419801], [-118.20270496, 44.7649174], [-118.20259952, 44.76601364], [-118.20231652, 44.76700541], [-118.20197251, 44.76782208], [-118.20174133, 44.76824734], [-118.20079316, 44.76920819], [-118.20066, 44.76935], [-118.20054123, 44.76966671], [-118.20053967, 44.77166651], [-118.20029955, 44.77199901], [-118.1999242, 44.7727256], [-118.200103, 44.7736068], [-118.2005284, 44.7742869], [-118.20052431, 44.7747243], [-118.2003399, 44.7750639], [-118.1997042, 44.7756011], [-118.1983629, 44.7760879], [-118.19795366, 44.77661435], [-118.1973254, 44.777815], [-118.1970411, 44.7783831], [-118.19625263, 44.77999997], [-118.19624573, 44.7800185], [-118.19585317, 44.78025237], [-118.19556978, 44.78060895], [-118.19499, 44.78092], [-118.19442, 44.78141], [-118.19385, 44.78172], [-118.19382, 44.78178], [-118.19383, 44.78202], [-118.19377, 44.78216], [-118.19361525, 44.78225848], [-118.1932787, 44.78259783], [-118.19314, 44.78296], [-118.19278218, 44.7835852], [-118.19227663, 44.78446853], [-118.1921654, 44.78461703], [-118.19211033, 44.78469054], [-118.19182397, 44.78465303], [-118.1916511, 44.7845063], [-118.19163254, 44.78429496], [-118.19198941, 44.78238287], [-118.19191567, 44.78223511], [-118.19164027, 44.78192293], [-118.19157843, 44.78166252], [-118.19143289, 44.7814615], [-118.1911599, 44.78126631], [-118.19086614, 44.78123337], [-118.19046362, 44.78103953], [-118.19022804, 44.78078094], [-118.19014449, 44.7807323], [-118.18958668, 44.78074712], [-118.18940268, 44.78078845], [-118.18919551, 44.78084646], [-118.18904, 44.78089], [-118.18832, 44.7812], [-118.18788, 44.78126], [-118.18780304, 44.78128749], [-118.18777578, 44.78129722], [-118.18767962, 44.78135025], [-118.18734654, 44.78153394], [-118.18717715, 44.78162736], [-118.18692244, 44.78163001], [-118.18662344, 44.7815341], [-118.18635574, 44.78157739], [-118.18529689, 44.78193045], [-118.18468062, 44.78208087], [-118.1840132, 44.78229934], [-118.18380847, 44.78240948], [-118.18312572, 44.78251558], [-118.18280373, 44.78260893], [-118.18270025, 44.78255149], [-118.18264917, 44.7824485], [-118.18269733, 44.78227247], [-118.18328143, 44.78133924], [-118.18398305, 44.78062983], [-118.18422828, 44.78043375], [-118.18442179, 44.78016169], [-118.18522873, 44.77944668], [-118.18556939, 44.77906957], [-118.18568448, 44.77874882], [-118.18557832, 44.77830884], [-118.18542252, 44.77812592], [-118.18521573, 44.77797954], [-118.18468377, 44.77786357], [-118.18422562, 44.77788505], [-118.18348, 44.77792], [-118.18255, 44.7777], [-118.18187354, 44.77773183], [-118.1816887, 44.77773597], [-118.18159887, 44.77773797], [-118.18091182, 44.77759205], [-118.17996366, 44.77752084], [-118.17939833, 44.77760911], [-118.17896725, 44.77767642], [-118.17815248, 44.77766273], [-118.17765228, 44.77765432], [-118.17719178, 44.77769348], [-118.17664616, 44.77799616], [-118.17620673, 44.77837426], [-118.17595307, 44.77846689], [-118.17548625, 44.77839068], [-118.1749931, 44.77824273], [-118.17448841, 44.77826593], [-118.17409347, 44.77842302], [-118.17390064, 44.77867255], [-118.17393278, 44.77911829], [-118.17395, 44.77935712], [-118.1739616, 44.77951808], [-118.17387916, 44.77964045], [-118.17348609, 44.77979302], [-118.17332442, 44.77988716], [-118.17533, 44.77958], [-118.17547279, 44.77963625], [-118.17559545, 44.77968457], [-118.17632, 44.77997], [-118.17715, 44.78001], [-118.17741, 44.7799], [-118.17750044, 44.77994366], [-118.1777, 44.78004], [-118.17773, 44.78053], [-118.17749, 44.78076], [-118.17702, 44.78088], [-118.17650669, 44.78127466], [-118.17503, 44.78241], [-118.17495554, 44.78245582], [-118.17485598, 44.78254696], [-118.1746, 44.78254], [-118.17442, 44.78263], [-118.17337392, 44.78334535], [-118.17263, 44.78348], [-118.17181, 44.78341], [-118.17141534, 44.78347349], [-118.17027, 44.7838], [-118.16914, 44.78378], [-118.16902, 44.78361], [-118.16905, 44.78319], [-118.16919, 44.78247], [-118.16964, 44.78141], [-118.16958, 44.78087], [-118.16917708, 44.78007578], [-118.16835704, 44.77944505], [-118.16835195, 44.77848642], [-118.16865377, 44.77801974], [-118.16925, 44.77762], [-118.17048792, 44.77641215], [-118.17130431, 44.7754946], [-118.17181662, 44.77516528], [-118.17230319, 44.7749351], [-118.17253605, 44.77486561], [-118.17281021, 44.77478381], [-118.17289, 44.77476], [-118.17433, 44.77437], [-118.17495226, 44.77415339], [-118.17515807, 44.77410474], [-118.17551851, 44.7739615], [-118.1760179, 44.77383484], [-118.17661876, 44.77371702], [-118.17825, 44.77348], [-118.17834612, 44.77345492], [-118.17875444, 44.77334841], [-118.17948614, 44.77315753], [-118.17963, 44.77312], [-118.18041, 44.7731], [-118.18107, 44.77306], [-118.18162526, 44.77294707], [-118.18166, 44.77294], [-118.18343402, 44.77233232], [-118.18350214, 44.7723149], [-118.18368496, 44.77228588], [-118.18409008, 44.77223462], [-118.18445193, 44.77223986], [-118.18476542, 44.77231313], [-118.18501261, 44.77242758], [-118.18530499, 44.77249206], [-118.18546832, 44.77244], [-118.18566989, 44.77237575], [-118.18594245, 44.77222439], [-118.18641823, 44.77189089], [-118.18704608, 44.77159248], [-118.18705604, 44.77158221], [-118.18732, 44.77131], [-118.18741189, 44.77123343], [-118.18749309, 44.77119104], [-118.18761617, 44.77112679], [-118.18699992, 44.77094416], [-118.18670446, 44.7707672], [-118.18635347, 44.77042428], [-118.18582831, 44.77019569], [-118.18546988, 44.77008689], [-118.1853549, 44.77000707], [-118.18505204, 44.7699697], [-118.18443438, 44.76994911], [-118.18424892, 44.76987902], [-118.18397205, 44.76949031], [-118.18358613, 44.76929178], [-118.18349922, 44.76919366], [-118.18349819, 44.76844652], [-118.18338647, 44.76767608], [-118.18319609, 44.76744877], [-118.18277, 44.76694], [-118.18264, 44.76672], [-118.18259262, 44.76648311], [-118.18259593, 44.76645677], [-118.18285, 44.76589], [-118.18299581, 44.76576363], [-118.183, 44.76576], [-118.1840929, 44.76546856], [-118.18426308, 44.76542318], [-118.18496536, 44.76532121], [-118.18565698, 44.76529152], [-118.18600296, 44.76521648], [-118.18617751, 44.76517862], [-118.18756887, 44.76487682], [-118.18805, 44.76481], [-118.18840999, 44.76478177], [-118.18920937, 44.76487201], [-118.18973626, 44.76497454], [-118.19064712, 44.7652576], [-118.19156513, 44.76536629], [-118.19162684, 44.76537359], [-118.19211449, 44.76543133], [-118.19221612, 44.76543109], [-118.1924998, 44.76543041], [-118.19281837, 44.7653609], [-118.19319068, 44.76518321], [-118.19329443, 44.76511718], [-118.19340533, 44.76500827], [-118.1936103, 44.76458754], [-118.1937069, 44.76428492], [-118.19371, 44.76427], [-118.19371, 44.7641474], [-118.19363452, 44.76370365], [-118.19349467, 44.76341395], [-118.19329758, 44.76319377], [-118.19306418, 44.76304179], [-118.193, 44.763], [-118.1923, 44.76279], [-118.19155, 44.76234], [-118.19116, 44.76208], [-118.19092, 44.76196], [-118.1905, 44.7618], [-118.19042025, 44.76178792], [-118.19030356, 44.76177024], [-118.19017, 44.76175], [-118.18937545, 44.76170536], [-118.18935008, 44.76170394], [-118.18928, 44.7617], [-118.18892, 44.76165], [-118.18834, 44.76166], [-118.18768, 44.76143], [-118.18751, 44.76136], [-118.18737, 44.76128], [-118.18727, 44.76112], [-118.18712, 44.76073], [-118.18701, 44.75955], [-118.18692, 44.75942], [-118.18669, 44.75928], [-118.18632, 44.7592], [-118.18613, 44.75922], [-118.18582, 44.75942], [-118.1856, 44.75951], [-118.18534, 44.75955], [-118.18517, 44.75955], [-118.18451, 44.75951], [-118.18388, 44.75966], [-118.18368818, 44.75968085], [-118.18348229, 44.7596925], [-118.18335296, 44.75968421], [-118.18303, 44.75956], [-118.18287696, 44.75932594], [-118.18285784, 44.75927259], [-118.18282051, 44.75879974], [-118.1828, 44.75854], [-118.18278171, 44.7585191], [-118.18267156, 44.75842715], [-118.18230075, 44.75826896], [-118.18214257, 44.75814007], [-118.18213408, 44.75800387], [-118.18213084, 44.75795198], [-118.18209212, 44.75733044], [-118.18191613, 44.75665713], [-118.18176945, 44.75649211], [-118.18151374, 44.75629956], [-118.18156, 44.75619], [-118.18148, 44.75587], [-118.18115, 44.7552], [-118.18108204, 44.75511058], [-118.18096, 44.75495], [-118.18071, 44.75476], [-118.18051, 44.75455], [-118.18043, 44.75442], [-118.18042, 44.75432], [-118.1805, 44.75415], [-118.18112, 44.75359], [-118.1813, 44.75328], [-118.18137, 44.75303], [-118.18138, 44.75272], [-118.18124, 44.75242], [-118.18107, 44.75218], [-118.18098, 44.75199], [-118.18096, 44.75179], [-118.18108, 44.75154], [-118.18125, 44.75129], [-118.18194, 44.75087], [-118.18225, 44.75073], [-118.18286, 44.75063], [-118.1832, 44.75054], [-118.18402, 44.7505], [-118.1847007, 44.75041293], [-118.18488505, 44.75647906], [-118.19498048, 44.7563301], [-118.19516524, 44.75641603], [-118.19565669, 44.7566446]]]}, "properties": {"zone_name": "US-OR-BAK-SMT-636", "level": 2, "fire_name": "No named fire", "county": "Baker", "addresses": 1, "unmatched_addresses": 0, "unmatched_fraction_pct": 0, "geometry_source": "cached", "geometry_cache_age_days": 0, "overlapping_zips": [{"zip": "97877", "fraction_pct": 92.7}, {"zip": "97814", "fraction_pct": 7.2}]}}, {"type": "Feature", "geometry": {"type": "Polygon", "coordinates": [[[-118.1709091, 45.7812176], [-118.17069359, 45.78102518], [-118.17037004, 45.78081698], [-118.16961472, 45.78047368], [-118.16931071, 45.78023826], [-118.16897355, 45.77985917], [-118.16863838, 45.77955657], [-118.16793847, 45.77899667], [-118.16770339, 45.77876955], [-118.16755852, 45.77868553], [-118.16686185, 45.77812559], [-118.16586383, 45.77745621], [-118.16574091, 45.77734495], [-118.16546343, 45.7765287], [-118.16543686, 45.77621844], [-118.16549663, 45.77609631], [-118.1657695, 45.77590001], [-118.16672725, 45.77544918], [-118.16693391, 45.77531656], [-118.16721134, 45.77522371], [-118.16739706, 45.7750508], [-118.16741397, 45.77489761], [-118.16738579, 45.77472238], [-118.16718685, 45.77453089], [-118.16669336, 45.77424791], [-118.16665166, 45.7739828], [-118.16690549, 45.77347166], [-118.16681109, 45.7732431], [-118.16654841, 45.77307927], [-118.16624321, 45.77280335], [-118.165957, 45.77245524], [-118.16574655, 45.77190383], [-118.16571218, 45.77123811], [-118.16559104, 45.77069029], [-118.1653316, 45.77034679], [-118.166566, 45.770387], [-118.168914, 45.770902], [-118.1695396, 45.77115177], [-118.1694881, 45.77367654], [-118.17158297, 45.77367498], [-118.17481763, 45.77367258], [-118.17739858, 45.77367067], [-118.18014705, 45.77366863], [-118.18013829, 45.77183511], [-118.18012951, 45.77000068], [-118.1843599, 45.77001986], [-118.18525762, 45.77002393], [-118.18605636, 45.77002752], [-118.19038574, 45.77004698], [-118.19565445, 45.77002183], [-118.19565542, 45.76647438], [-118.19809933, 45.76645536], [-118.20092913, 45.76643333], [-118.20093281, 45.76403152], [-118.20093459, 45.76287028], [-118.2056601, 45.76281962], [-118.21163403, 45.76275557], [-118.21176209, 45.76634822], [-118.213575, 45.766322], [-118.214358, 45.766298], [-118.21544406, 45.76630077], [-118.215763, 45.766181], [-118.216416, 45.765699], [-118.216839, 45.765538], [-118.218211, 45.765467], [-118.219778, 45.764984], [-118.220594, 45.765233], [-118.221181, 45.765507], [-118.221802, 45.765575], [-118.221811, 45.76562], [-118.22198522, 45.76626263], [-118.22200928, 45.76807872], [-118.21704853, 45.76810284], [-118.21712105, 45.76990101], [-118.21726281, 45.77341656], [-118.21249049, 45.77343611], [-118.21212449, 45.77343761], [-118.21205683, 45.77697705], [-118.21720755, 45.7769533], [-118.2171792, 45.77876083], [-118.21715209, 45.78048995], [-118.2171484, 45.7807252], [-118.21710052, 45.78291971], [-118.21868553, 45.7829066], [-118.219469, 45.783679], [-118.219666, 45.784045], [-118.219633, 45.784639], [-118.219405, 45.784937], [-118.21946731, 45.78498212], [-118.220222, 45.785462], [-118.220745, 45.785988], [-118.220803, 45.786104], [-118.22083353, 45.78616506], [-118.220986, 45.78647], [-118.221008, 45.786513], [-118.221106, 45.787016], [-118.221433, 45.787473], [-118.21704157, 45.78754544], [-118.21185375, 45.78759719], [-118.2118832, 45.78613124], [-118.20908011, 45.78617835], [-118.208644, 45.786319], [-118.20867775, 45.78647797], [-118.20893156, 45.7876733], [-118.206321, 45.787759], [-118.20624304, 45.78910363], [-118.20645875, 45.78910239], [-118.20663457, 45.78909987], [-118.20852424, 45.78907267], [-118.20847331, 45.7912033], [-118.2084519, 45.7920989], [-118.20752, 45.7919513], [-118.2063667, 45.7916738], [-118.204686, 45.7910981], [-118.20120564, 45.78990948], [-118.2003475, 45.7896164], [-118.1979442, 45.7887867], [-118.19661986, 45.78833409], [-118.19555188, 45.78796909], [-118.190085, 45.78610066], [-118.1844733, 45.7841833], [-118.1807371, 45.78290958], [-118.18055234, 45.78284659], [-118.18041664, 45.78280033], [-118.1776728, 45.7818649], [-118.1766764, 45.7815628], [-118.1754618, 45.7813517], [-118.1734117, 45.7812331], [-118.1717211, 45.7811405], [-118.1709091, 45.7812176]]]}, "properties": {"zone_name": "US-OR-UMA-UMC-157-A", "level": 2, "fire_name": "No named fire", "county": "Umatilla", "addresses": 56, "unmatched_addresses": 0, "unmatched_fraction_pct": 0, "geometry_source": "cached", "geometry_cache_age_days": 0, "overlapping_zips": [{"zip": "97886", "fraction_pct": 100.0}]}}, {"type": "Feature", "geometry": {"type": "Polygon", "coordinates": [[[-118.06399088, 45.98901867], [-118.06425764, 45.98894864], [-118.06382109, 45.98807913], [-118.06277976, 45.98810609], [-118.06251096, 45.98811305], [-118.0620032, 45.98812646], [-118.06208752, 45.98660316], [-118.06466716, 45.98542092], [-118.06933247, 45.98469631], [-118.07826728, 45.98364546], [-118.0844694, 45.98391243], [-118.09176924, 45.9836836], [-118.10281043, 45.98505747], [-118.10621336, 45.98547698], [-118.10621336, 45.98552835], [-118.1051531, 45.98607562], [-118.10376346, 45.98785817], [-118.10319335, 45.98986348], [-118.1028014, 45.99214103], [-118.10034281, 45.9939729], [-118.09617389, 45.99686911], [-118.09621947, 45.99693927], [-118.08995266, 45.99650392], [-118.08425538, 45.99549839], [-118.07446223, 45.99483515], [-118.07071485, 45.99633002], [-118.06748126, 45.9967365], [-118.06286185, 45.99386963], [-118.06399088, 45.98901867]]]}, "properties": {"zone_name": "US-OR-UMA-UMC-039", "level": 2, "fire_name": "No named fire", "county": "Umatilla", "addresses": 65, "unmatched_addresses": 0, "unmatched_fraction_pct": 0, "geometry_source": "cached", "geometry_cache_age_days": 0, "overlapping_zips": [{"zip": "99362", "fraction_pct": 88.5}, {"zip": "97862", "fraction_pct": 11.5}]}}, {"type": "Feature", "geometry": {"type": "Polygon", "coordinates": [[[-118.14168322, 45.81035389], [-118.14165934, 45.81032546], [-118.13697278, 45.81017469], [-118.13228621, 45.80932031], [-118.12745544, 45.80781255], [-118.12204786, 45.80655606], [-118.11847953, 45.80563604], [-118.11892126, 45.80495759], [-118.12007936, 45.80287199], [-118.12017587, 45.8010218], [-118.11824571, 45.80018079], [-118.11761841, 45.79900335], [-118.11747364, 45.79738853], [-118.11834222, 45.79570637], [-118.11998285, 45.79432697], [-118.11954856, 45.79176994], [-118.11867999, 45.78949523], [-118.11559174, 45.78774554], [-118.11129714, 45.7863323], [-118.10994603, 45.78559201], [-118.10925499, 45.78525614], [-118.11117021, 45.78338009], [-118.11174811, 45.7828121], [-118.111229, 45.7825248], [-118.11044967, 45.78137765], [-118.11296766, 45.78017615], [-118.11866204, 45.78058697], [-118.12092016, 45.78407888], [-118.1230801, 45.78544819], [-118.12739998, 45.78599591], [-118.13289801, 45.78579052], [-118.14035963, 45.78613284], [-118.14723216, 45.78551666], [-118.15155204, 45.78688594], [-118.15449742, 45.78832365], [-118.15587193, 45.78880287], [-118.1588376, 45.79007546], [-118.1587923, 45.7900963], [-118.1582495, 45.7902572], [-118.1580412, 45.7903099], [-118.15864578, 45.79090394], [-118.15970478, 45.79194994], [-118.16026178, 45.79265794], [-118.16042978, 45.79303394], [-118.16070378, 45.79382194], [-118.16099678, 45.79415294], [-118.16272578, 45.79558694], [-118.16441378, 45.79750694], [-118.16598578, 45.79912894], [-118.1675844, 45.8003867], [-118.16936478, 45.80183394], [-118.17024165, 45.80289601], [-118.17144679, 45.80413594], [-118.172199, 45.804813], [-118.17228267, 45.80494335], [-118.1723133, 45.80489029], [-118.17238495, 45.80493874], [-118.171573, 45.805467], [-118.170909, 45.806023], [-118.160412, 45.807876], [-118.152971, 45.808385], [-118.147923, 45.80945], [-118.14168322, 45.81035389]]]}, "properties": {"zone_name": "US-OR-UMA-UMC-123-F", "level": 2, "fire_name": "No named fire", "county": "Umatilla", "addresses": 82, "unmatched_addresses": 0, "unmatched_fraction_pct": 0, "geometry_source": "cached", "geometry_cache_age_days": 0, "overlapping_zips": [{"zip": "97886", "fraction_pct": 100.0}]}}, {"type": "Feature", "geometry": {"type": "Polygon", "coordinates": [[[-118.3581382, 45.68874126], [-118.35807989, 45.68877525], [-118.35657868, 45.68986421], [-118.35552888, 45.6910333], [-118.35489172, 45.69192295], [-118.35391162, 45.69350525], [-118.35383498, 45.69405522], [-118.35388433, 45.69486923], [-118.35385444, 45.69858701], [-118.35404257, 45.70017796], [-118.35426531, 45.70072438], [-118.35464221, 45.70102145], [-118.35533651, 45.70134626], [-118.35613395, 45.70181835], [-118.35583543, 45.7018579], [-118.35551595, 45.7019607], [-118.35525083, 45.70215287], [-118.35424498, 45.70297488], [-118.35395275, 45.70327538], [-118.35128967, 45.70526462], [-118.34837496, 45.70738278], [-118.3478421, 45.70783012], [-118.34755648, 45.70815752], [-118.34736691, 45.70843879], [-118.34722918, 45.70887246], [-118.34710595, 45.70974251], [-118.34697066, 45.71002763], [-118.34649426, 45.7104698], [-118.34615542, 45.71067181], [-118.34573482, 45.71082978], [-118.34350072, 45.71149514], [-118.34324281, 45.71167369], [-118.34324274, 45.71167375], [-118.34305758, 45.71020306], [-118.34339966, 45.70629147], [-118.34288655, 45.70360396], [-118.34203136, 45.70196153], [-118.34455416, 45.69790004], [-118.34467102, 45.69471318], [-118.345712, 45.694786], [-118.347018, 45.695593], [-118.349448, 45.696755], [-118.351142, 45.696854], [-118.351586, 45.696368], [-118.351488, 45.694975], [-118.351785, 45.693665], [-118.353345, 45.691215], [-118.353345, 45.68969], [-118.354246, 45.688762], [-118.35529, 45.688199], [-118.356476, 45.688265], [-118.357757, 45.688513], [-118.3581382, 45.68874126]]]}, "properties": {"zone_name": "US-OR-UMA-UMC-1406015-E", "level": 2, "fire_name": "No named fire", "county": "Umatilla", "addresses": 11, "unmatched_addresses": 0, "unmatched_fraction_pct": 0, "geometry_source": "cached", "geometry_cache_age_days": 0, "overlapping_zips": [{"zip": "97810", "fraction_pct": 100.0}]}}, {"type": "Feature", "geometry": {"type": "Polygon", "coordinates": [[[-118.06425764, 45.98894864], [-118.05980583, 45.99011737], [-118.05790824, 45.99259904], [-118.05307834, 45.99615151], [-118.0528923, 45.99871045], [-118.04942488, 46.00061142], [-118.04925203, 46.00061196], [-118.04547129, 46.00060439], [-118.0440771, 46.0006016], [-118.03926721, 46.00059193], [-118.03977642, 45.9999365], [-118.04000273, 45.99943343], [-118.03943695, 45.99806567], [-118.04018378, 45.99676077], [-118.03974837, 45.99495117], [-118.03861681, 45.99359903], [-118.03739472, 45.9924827], [-118.03724174, 45.99214023], [-118.0424198, 45.98980171], [-118.04811347, 45.98873083], [-118.05083952, 45.98892872], [-118.05318311, 45.98830678], [-118.05651365, 45.98827136], [-118.059435, 45.98846359], [-118.06037081, 45.98816959], [-118.06251096, 45.98811305], [-118.06382109, 45.98807913], [-118.06425764, 45.98894864]]]}, "properties": {"zone_name": "US-OR-UMA-UMC-1406043-C", "level": 2, "fire_name": "No named fire", "county": "Umatilla", "addresses": 4, "unmatched_addresses": 0, "unmatched_fraction_pct": 0, "geometry_source": "cached", "geometry_cache_age_days": 0, "overlapping_zips": [{"zip": "99362", "fraction_pct": 100.0}]}}, {"type": "Feature", "geometry": {"type": "Polygon", "coordinates": [[[-118.0547068, 45.55080647], [-118.05525927, 45.55155987], [-118.05794598, 45.55306993], [-118.0597489, 45.55354027], [-118.06098619, 45.553466], [-118.06261236, 45.55366404], [-118.06402641, 45.55406011], [-118.06572328, 45.55482749], [-118.06826857, 45.556684], [-118.06903122, 45.557086], [-118.069191, 45.558156], [-118.069448, 45.559148], [-118.070285, 45.560836], [-118.070741, 45.561431], [-118.071131, 45.561659], [-118.072368, 45.562139], [-118.07314349, 45.56266579], [-118.074223, 45.563602], [-118.075786, 45.564334], [-118.077218, 45.565842], [-118.0799984, 45.5673364], [-118.0802457, 45.56764796], [-118.08041057, 45.56785566], [-118.0804581, 45.5679276], [-118.081579, 45.5696877], [-118.08291507, 45.57055083], [-118.0837582, 45.5712733], [-118.0845537, 45.5716653], [-118.086616, 45.5720011], [-118.0883162, 45.5730935], [-118.0920276, 45.5746496], [-118.0924142, 45.5751254], [-118.09249516, 45.57651183], [-118.0927721, 45.5771124], [-118.09348853, 45.57803101], [-118.093761, 45.579136], [-118.094933, 45.581383], [-118.096692, 45.58328], [-118.097897, 45.584331], [-118.09932962, 45.58710153], [-118.09929746, 45.58721665], [-118.09774406, 45.58721407], [-118.07692429, 45.5881188], [-118.07676183, 45.59177324], [-118.0664883, 45.59102201], [-118.06662341, 45.58805918], [-118.06665446, 45.58737835], [-118.06643762, 45.58736357], [-118.05634984, 45.5866761], [-118.03579294, 45.58775569], [-118.02872205, 45.58773683], [-118.02860295, 45.5877365], [-118.02761451, 45.58717159], [-118.02655397, 45.58553875], [-118.02605905, 45.58519238], [-118.02510456, 45.58432645], [-118.02386727, 45.5815554], [-118.02266532, 45.57965022], [-118.02185224, 45.57784395], [-118.02178849, 45.57760368], [-118.023019, 45.577541], [-118.02398652, 45.57710322], [-118.02494, 45.576902], [-118.025312, 45.576405], [-118.0273241, 45.573999], [-118.02745556, 45.57376916], [-118.027677, 45.573382], [-118.02842899, 45.57278315], [-118.028557, 45.572719], [-118.02940471, 45.57270597], [-118.02946606, 45.57270502], [-118.02950679, 45.5727044], [-118.029988, 45.572697], [-118.031714, 45.571943], [-118.03214713, 45.57126481], [-118.032269, 45.571074], [-118.032855, 45.570777], [-118.033506, 45.570686], [-118.03453012, 45.57130486], [-118.03542212, 45.57136518], [-118.035523, 45.571372], [-118.03580864, 45.57124359], [-118.035979, 45.571167], [-118.036696, 45.570207], [-118.03688736, 45.56977601], [-118.037021, 45.569475], [-118.03845344, 45.56753251], [-118.038487, 45.567487], [-118.0386575, 45.56735875], [-118.038943, 45.567144], [-118.039594, 45.56703], [-118.04133404, 45.56738885], [-118.04249, 45.567693], [-118.043532, 45.567533], [-118.04441, 45.567739], [-118.044801, 45.567488], [-118.04483098, 45.56742069], [-118.044964, 45.567122], [-118.04498143, 45.56624033], [-118.044997, 45.565453], [-118.044444, 45.564287], [-118.043923, 45.563807], [-118.043794, 45.562618], [-118.04337165, 45.56237476], [-118.042167, 45.561681], [-118.041646, 45.560926], [-118.041875, 45.559738], [-118.04181, 45.558777], [-118.04108107, 45.5562926], [-118.040965, 45.555897], [-118.04103, 45.555325], [-118.040607, 45.555119], [-118.039957, 45.554456], [-118.039793, 45.553976], [-118.039826, 45.55329], [-118.03944437, 45.55236034], [-118.039404, 45.552262], [-118.03965906, 45.55177004], [-118.040315, 45.551393], [-118.041063, 45.551347], [-118.042495, 45.551713], [-118.04438307, 45.55197163], [-118.045326, 45.552514], [-118.045749, 45.55256], [-118.046205, 45.551257], [-118.046693, 45.551028], [-118.050435, 45.55128], [-118.051229, 45.551057], [-118.05180215, 45.55089617], [-118.052035, 45.55093], [-118.052432, 45.550944], [-118.052676, 45.55096], [-118.052858, 45.550938], [-118.052912, 45.55093188], [-118.053008, 45.550921], [-118.05329, 45.550918], [-118.05343782, 45.55087078], [-118.053494, 45.550862], [-118.053737, 45.550851], [-118.053903, 45.550831], [-118.054582, 45.550825], [-118.0547068, 45.55080647]]]}, "properties": {"zone_name": "US-OR-UNI-UCO-1450", "level": 2, "fire_name": "No named fire", "county": "Union", "addresses": 2, "unmatched_addresses": 1, "unmatched_fraction_pct": 63.7, "geometry_source": "cached", "geometry_cache_age_days": 0, "overlapping_zips": [{"zip": "97876", "fraction_pct": 36.3}]}}, {"type": "Feature", "geometry": {"type": "Polygon", "coordinates": [[[-118.09787119, 45.5727161], [-118.1073087, 45.57276995], [-118.10725653, 45.57359284], [-118.10725653, 45.57672665], [-118.10673745, 45.57827079], [-118.10651035, 45.58013278], [-118.10563441, 45.57924721], [-118.10352565, 45.57777122], [-118.10307145, 45.57756685], [-118.10219551, 45.57892931], [-118.10261726, 45.58031443], [-118.10239016, 45.58174494], [-118.10041117, 45.58058691], [-118.09833486, 45.58011007], [-118.09661541, 45.57897472], [-118.09544535, 45.57849079], [-118.09476406, 45.57871787], [-118.09392056, 45.57799123], [-118.09348853, 45.57803101], [-118.0927721, 45.5771124], [-118.09249516, 45.57651183], [-118.0924142, 45.5751254], [-118.0920276, 45.5746496], [-118.0883162, 45.5730935], [-118.086616, 45.5720011], [-118.0845537, 45.5716653], [-118.0837582, 45.5712733], [-118.08291507, 45.57055083], [-118.081579, 45.5696877], [-118.0804581, 45.5679276], [-118.08041057, 45.56785566], [-118.0802457, 45.56764796], [-118.0799984, 45.5673364], [-118.077218, 45.565842], [-118.075786, 45.564334], [-118.074223, 45.563602], [-118.07314349, 45.56266579], [-118.072368, 45.562139], [-118.071131, 45.561659], [-118.070741, 45.561431], [-118.070285, 45.560836], [-118.069448, 45.559148], [-118.069191, 45.558156], [-118.06903122, 45.557086], [-118.06826857, 45.556684], [-118.06572328, 45.55482749], [-118.06402641, 45.55406011], [-118.06261236, 45.55366404], [-118.06098619, 45.553466], [-118.0597489, 45.55354027], [-118.05794598, 45.55306993], [-118.05525927, 45.55155987], [-118.0547068, 45.55080647], [-118.05485, 45.55076], [-118.054952, 45.55075], [-118.055247, 45.55072], [-118.05528736, 45.55072138], [-118.055657, 45.550734], [-118.055772, 45.550724], [-118.055848, 45.550687], [-118.055899, 45.550633], [-118.055923, 45.550597], [-118.05594157, 45.55051291], [-118.055959, 45.550434], [-118.05597507, 45.5503215], [-118.0559965, 45.5501715], [-118.056004, 45.550119], [-118.056016, 45.549779], [-118.056021, 45.549651], [-118.056006, 45.549371], [-118.056032, 45.548944], [-118.05605592, 45.54854927], [-118.05609622, 45.54808793], [-118.056126, 45.547747], [-118.05613481, 45.54757839], [-118.05611312, 45.54740922], [-118.0560925, 45.5472483], [-118.05607521, 45.54585911], [-118.0560745, 45.5458022], [-118.05607511, 45.54576801], [-118.05610657, 45.544006], [-118.05616122, 45.54374609], [-118.05616868, 45.54371063], [-118.05617874, 45.54366276], [-118.05618982, 45.54361006], [-118.06003855, 45.54386155], [-118.06128086, 45.54394273], [-118.06840295, 45.54437814], [-118.06895145, 45.54437783], [-118.0716831, 45.54437628], [-118.07687875, 45.54437337], [-118.07720136, 45.54492829], [-118.08724334, 45.54507674], [-118.08724883, 45.54444946], [-118.08724915, 45.54441375], [-118.08724885, 45.5443554], [-118.08723101, 45.54087713], [-118.09068571, 45.54069744], [-118.09132753, 45.54066405], [-118.09201545, 45.54062827], [-118.09202537, 45.5406677], [-118.09207718, 45.54087364], [-118.09215709, 45.54117481], [-118.09216858, 45.5412181], [-118.09219175, 45.54126803], [-118.09241615, 45.54175158], [-118.09265294, 45.54204545], [-118.09271132, 45.54211789], [-118.09305663, 45.54244801], [-118.09338408, 45.54273066], [-118.09347907, 45.54281986], [-118.09352204, 45.54284854], [-118.0936607, 45.54301379], [-118.09395289, 45.54322533], [-118.09414171, 45.54327382], [-118.09431054, 45.54331717], [-118.0947847, 45.54330072], [-118.09539442, 45.54328297], [-118.09616861, 45.5432862], [-118.09659107, 45.54334124], [-118.09674726, 45.54336159], [-118.09680637, 45.54337234], [-118.09695838, 45.54339999], [-118.0973113, 45.54345083], [-118.09745003, 45.54347082], [-118.09754622, 45.54348468], [-118.09760772, 45.54786321], [-118.09761002, 45.54802706], [-118.09784523, 45.57180892], [-118.09787119, 45.5727161]]]}, "properties": {"zone_name": "US-OR-UNI-UCO-1435", "level": 2, "fire_name": "No named fire", "county": "Union", "addresses": 8, "unmatched_addresses": 2, "unmatched_fraction_pct": 26.3, "geometry_source": "cached", "geometry_cache_age_days": 0, "overlapping_zips": [{"zip": "97876", "fraction_pct": 73.7}]}}, {"type": "Feature", "geometry": {"type": "Polygon", "coordinates": [[[-117.98262853, 45.77082209], [-117.99834759, 45.77784781], [-118.02998046, 45.77905303], [-118.04464246, 45.78324491], [-118.04456497, 45.78357988], [-118.04479928, 45.78429476], [-118.04495442, 45.78440054], [-118.04495408, 45.784424], [-118.04493302, 45.78574706], [-118.04492098, 45.78717793], [-118.04491798, 45.78773801], [-118.04491899, 45.78808155], [-118.04463416, 45.78796409], [-118.04463502, 45.78802551], [-118.04439099, 45.78831488], [-118.04107708, 45.79235053], [-118.04067561, 45.79290324], [-118.03995817, 45.79371986], [-118.03945537, 45.7943815], [-118.03877276, 45.79504027], [-118.03813589, 45.79558611], [-118.03744934, 45.79629442], [-118.03724664, 45.79655278], [-118.03712143, 45.79702197], [-118.03718786, 45.7973949], [-118.03755038, 45.79790466], [-118.03821581, 45.79861418], [-118.03834292, 45.79904957], [-118.03833406, 45.79937368], [-118.03827839, 45.79958121], [-118.03795922, 45.80004315], [-118.0371663, 45.80063541], [-118.03681484, 45.80094013], [-118.03652774, 45.80128927], [-118.03634103, 45.801696], [-118.0357505, 45.8020569], [-118.03537159, 45.80209633], [-118.03512992, 45.80207602], [-118.03462577, 45.80195458], [-118.03424866, 45.80191749], [-118.03196166, 45.80185716], [-118.03130794, 45.80186757], [-118.03076339, 45.80182298], [-118.03004137, 45.80164047], [-118.0294927, 45.80154641], [-118.02910171, 45.80156344], [-118.02882035, 45.80176849], [-118.0287659, 45.80206601], [-118.0287726, 45.80288953], [-118.02881614, 45.80339768], [-118.0288911, 45.80373454], [-118.02892703, 45.80385123], [-118.02906681, 45.80401649], [-118.02923854, 45.80436597], [-118.02929333, 45.804568], [-118.02927829, 45.80471215], [-118.02826779, 45.80680045], [-118.0276278, 45.80817434], [-118.02757184, 45.80836836], [-118.0270937, 45.80902972], [-118.02682757, 45.80923464], [-118.02643278, 45.80966122], [-118.02615297, 45.80984375], [-118.02584363, 45.81017056], [-118.02542577, 45.81048034], [-118.02486159, 45.81077344], [-118.02457972, 45.81086597], [-118.02414111, 45.81085641], [-118.02394128, 45.81077269], [-118.0230694, 45.81038446], [-118.02260958, 45.80983053], [-118.02217139, 45.80902887], [-118.02209317, 45.80873254], [-118.02167744, 45.80824241], [-118.02146096, 45.80656092], [-118.01683034, 45.80361606], [-118.01187476, 45.80327626], [-118.01106237, 45.80203031], [-118.00643175, 45.80038787], [-118.00415706, 45.79908522], [-117.99367723, 45.7959134], [-117.99286484, 45.79432743], [-117.99018396, 45.79330785], [-117.98522838, 45.79251483], [-117.98303493, 45.79092876], [-117.98100396, 45.78696339], [-117.97872927, 45.7852072], [-117.97702325, 45.78299773], [-117.9777544, 45.77999498], [-117.97929794, 45.77925843], [-117.98124767, 45.77789862], [-117.98206006, 45.7759155], [-117.98295369, 45.77347901], [-117.98262853, 45.77082209]]]}, "properties": {"zone_name": "US-OR-UNI-UCO-140624N-B", "level": 2, "fire_name": "No named fire", "county": "Union", "addresses": 20, "unmatched_addresses": 15, "unmatched_fraction_pct": 75.2, "geometry_source": "cached", "geometry_cache_age_days": 0, "overlapping_zips": [{"zip": "97827", "fraction_pct": 24.8}]}}, {"type": "Feature", "geometry": {"type": "Polygon", "coordinates": [[[-118.02958446, 45.73228434], [-118.03014496, 45.73259987], [-118.03017419, 45.73257996], [-118.03135855, 45.73327133], [-118.03255981, 45.73409305], [-118.0330983, 45.73454273], [-118.034182, 45.73575599], [-118.03551701, 45.738111], [-118.03582799, 45.73854499], [-118.03674604, 45.7395608], [-118.03762977, 45.74041069], [-118.03858711, 45.74154059], [-118.03918827, 45.74252522], [-118.03989964, 45.74347283], [-118.04035266, 45.74394125], [-118.04140737, 45.7446832], [-118.04198242, 45.74501549], [-118.04243294, 45.74532641], [-118.0429044, 45.74568214], [-118.04350269, 45.74622572], [-118.04458921, 45.74726889], [-118.04511952, 45.74784909], [-118.04559216, 45.7482453], [-118.04659674, 45.7493072], [-118.04912861, 45.75180873], [-118.04941653, 45.75203561], [-118.05001573, 45.75264217], [-118.05056282, 45.7532762], [-118.05138684, 45.75410571], [-118.05178753, 45.75462407], [-118.05287567, 45.75567166], [-118.05334105, 45.75616692], [-118.05421186, 45.75693747], [-118.05497898, 45.75755399], [-118.05525301, 45.757862], [-118.0559962, 45.75854566], [-118.05611521, 45.75863456], [-118.05696075, 45.75906329], [-118.05802913, 45.75948094], [-118.06015007, 45.76005084], [-118.06137608, 45.76047149], [-118.06228949, 45.76102106], [-118.06291887, 45.76153276], [-118.06363021, 45.76250724], [-118.06363394, 45.76268272], [-118.06377423, 45.76308646], [-118.06380267, 45.76350474], [-118.06377198, 45.76442762], [-118.0636731, 45.76518912], [-118.06350802, 45.76597602], [-118.06351123, 45.76673879], [-118.06358576, 45.76704412], [-118.06377819, 45.76742037], [-118.06435301, 45.7682071], [-118.06478837, 45.76854958], [-118.06548263, 45.76897965], [-118.06644603, 45.76955049], [-118.06642695, 45.77209708], [-118.066445, 45.77333808], [-118.05992695, 45.77355903], [-118.05466997, 45.77354098], [-118.05307898, 45.77352995], [-118.04505503, 45.77353898], [-118.04503597, 45.77482393], [-118.04503508, 45.774877], [-118.04482146, 45.77478259], [-118.04479126, 45.77477678], [-118.04448623, 45.77471815], [-118.04427766, 45.77474256], [-118.04403056, 45.77492696], [-118.04400292, 45.77494759], [-118.04357255, 45.7757526], [-118.0434898, 45.77653194], [-118.04335629, 45.77685269], [-118.04302515, 45.77711674], [-118.04259901, 45.77732901], [-118.04247654, 45.77744578], [-118.04246632, 45.77765326], [-118.04243395, 45.77831025], [-118.0425367, 45.77907889], [-118.04283074, 45.77973118], [-118.04289229, 45.77986773], [-118.04304532, 45.78008923], [-118.04375124, 45.78111101], [-118.04476125, 45.78210988], [-118.04494343, 45.78232873], [-118.04494871, 45.78261222], [-118.04464246, 45.78324491], [-118.02998046, 45.77905303], [-117.99834759, 45.77784781], [-117.97671895, 45.76818078], [-117.97669542, 45.76819947], [-117.97602699, 45.76756564], [-117.9759969, 45.76755361], [-117.9755226, 45.767364], [-117.97504598, 45.76719906], [-117.9754263, 45.76721506], [-117.97594902, 45.76730959], [-117.97613913, 45.76734396], [-117.97653345, 45.76746209], [-117.97675109, 45.76728921], [-117.97670025, 45.76718613], [-117.97657513, 45.7671557], [-117.97621373, 45.76681838], [-117.97605913, 45.76667408], [-117.97586459, 45.76659249], [-117.97567005, 45.7665109], [-117.97386829, 45.76593228], [-117.972658, 45.76550608], [-117.97218563, 45.76542911], [-117.97182844, 45.76520264], [-117.97174779, 45.76510578], [-117.97131867, 45.76459043], [-117.97110249, 45.76443026], [-117.97072754, 45.76419943], [-117.96967567, 45.76384386], [-117.96916177, 45.76353838], [-117.96904871, 45.76347117], [-117.96866649, 45.76337252], [-117.96795149, 45.76318797], [-117.96721345, 45.76315375], [-117.96638436, 45.76307531], [-117.96612216, 45.7630505], [-117.96608234, 45.76302252], [-117.96588174, 45.76288153], [-117.96573505, 45.76267125], [-117.96538993, 45.76235015], [-117.96510814, 45.76201951], [-117.96470711, 45.76167187], [-117.96368345, 45.761199], [-117.9633522, 45.76107579], [-117.96228852, 45.76028371], [-117.9620628, 45.76019508], [-117.96199681, 45.76016917], [-117.96067126, 45.75985183], [-117.95997498, 45.75957868], [-117.95922818, 45.7591777], [-117.9591415, 45.75913117], [-117.95904779, 45.75906585], [-117.95787179, 45.75824627], [-117.95761185, 45.75813145], [-117.95781176, 45.75808991], [-117.95797303, 45.7580564], [-117.95802175, 45.75808893], [-117.95828029, 45.75812035], [-117.95827627, 45.75799104], [-117.95816835, 45.75788393], [-117.95793652, 45.757854], [-117.95790658, 45.75785013], [-117.95763993, 45.75767236], [-117.95752645, 45.75738079], [-117.95720616, 45.75716746], [-117.95715393, 45.7571679], [-117.95672957, 45.75695545], [-117.95646638, 45.75688565], [-117.95614751, 45.75670831], [-117.95604305, 45.75670919], [-117.95566992, 45.7564603], [-117.95529984, 45.75631939], [-117.95430943, 45.75637271], [-117.9541503, 45.75630204], [-117.95409503, 45.75619449], [-117.95409009, 45.75604602], [-117.95424225, 45.75589623], [-117.95460292, 45.75574469], [-117.95470535, 45.75567182], [-117.9547019, 45.75556384], [-117.95459392, 45.75545223], [-117.9543273, 45.75527445], [-117.95412406, 45.75519921], [-117.95412257, 45.75515446], [-117.95427472, 45.75500467], [-117.95463539, 45.75485313], [-117.95473782, 45.75478026], [-117.95473437, 45.75467228], [-117.95464841, 45.75458344], [-117.95462639, 45.75456068], [-117.95435977, 45.7543829], [-117.95430754, 45.75438333], [-117.95411609, 45.75428738], [-117.95449982, 45.75410289], [-117.95489469, 45.75400435], [-117.95496636, 45.75398646], [-117.95499988, 45.75398275], [-117.95611098, 45.75385984], [-117.95647407, 45.75378028], [-117.95652731, 45.75381583], [-117.95657853, 45.7537794], [-117.95699486, 45.7537354], [-117.95704607, 45.75369896], [-117.95839952, 45.75356606], [-117.95871391, 45.75359941], [-117.95875805, 45.75356801], [-117.95949787, 45.75362431], [-117.95955152, 45.75365986], [-117.96095821, 45.75356248], [-117.96142574, 45.75348202], [-117.96168444, 45.75340783], [-117.96184113, 45.7534065], [-117.96189226, 45.75336557], [-117.96267031, 45.75321047], [-117.96396498, 45.75286198], [-117.96465394, 45.75276126], [-117.96510886, 45.75269476], [-117.96513449, 45.75267638], [-117.96515967, 45.75265833], [-117.9659927, 45.75257025], [-117.9660437, 45.75253382], [-117.96609471, 45.75249738], [-117.96617201, 45.75249672], [-117.96635585, 45.75249516], [-117.96640657, 45.75245423], [-117.96713278, 45.75229954], [-117.96718643, 45.75233509], [-117.96801763, 45.75221101], [-117.96827521, 45.7520963], [-117.96853075, 45.75190961], [-117.96858297, 45.75190917], [-117.96898655, 45.75171149], [-117.96920014, 45.75160688], [-117.96987615, 45.75152461], [-117.97006506, 45.75153248], [-117.97050381, 45.75155076], [-117.97191193, 45.75149374], [-117.97196518, 45.75152929], [-117.97238354, 45.75155722], [-117.97243719, 45.75159276], [-117.97306698, 45.75169539], [-117.97353654, 45.75168687], [-117.97358774, 45.75165043], [-117.97447605, 45.75166983], [-117.97452931, 45.75170538], [-117.97473924, 45.75173958], [-117.97479044, 45.75170314], [-117.97494712, 45.7517018], [-117.97510474, 45.75173195], [-117.97601033, 45.75230475], [-117.97606256, 45.7523043], [-117.97653917, 45.75251623], [-117.97680237, 45.75258598], [-117.97695897, 45.75258013], [-117.97711771, 45.75265078], [-117.97753656, 45.75268318], [-117.97822201, 45.75288881], [-117.97906026, 45.75298512], [-117.97916718, 45.7530562], [-117.97927163, 45.7530553], [-117.97979906, 45.75323078], [-117.98053193, 45.75342487], [-117.98058906, 45.75344], [-117.98142979, 45.75360827], [-117.98205604, 45.75359837], [-117.98209328, 45.75357185], [-117.98221162, 45.75355652], [-117.98251997, 45.75340534], [-117.98313151, 45.75292301], [-117.98344232, 45.75284382], [-117.98364078, 45.75286078], [-117.98454211, 45.75293782], [-117.98459538, 45.75297336], [-117.98579811, 45.75302595], [-117.98600455, 45.75295216], [-117.98662865, 45.75286574], [-117.98666042, 45.75284294], [-117.98719812, 45.75271228], [-117.98726486, 45.75266159], [-117.98730002, 45.75263489], [-117.98740225, 45.75263401], [-117.98747807, 45.75258145], [-117.98755764, 45.75252465], [-117.98766209, 45.75252374], [-117.98771321, 45.75248279], [-117.98823045, 45.75232979], [-117.98849261, 45.75236351], [-117.98880549, 45.75235629], [-117.98897431, 45.75227362], [-117.98911422, 45.7522051], [-117.98938834, 45.75214665], [-117.98984036, 45.75205027], [-117.99053852, 45.75197218], [-117.99095151, 45.75058244], [-117.99103951, 45.75044666], [-117.9912776, 45.75032308], [-117.99133803, 45.75030438], [-117.99163684, 45.75021194], [-117.99201413, 45.75030316], [-117.99292847, 45.75081724], [-117.99334713, 45.7509531], [-117.99404975, 45.75110448], [-117.9944844, 45.7512807], [-117.99514917, 45.75147291], [-117.99583372, 45.75160193], [-117.99631378, 45.75173275], [-117.99684962, 45.75179106], [-117.99713854, 45.75188304], [-117.99743116, 45.75193448], [-117.99774396, 45.75187773], [-117.99819938, 45.75166221], [-117.99866917, 45.75159959], [-117.99951627, 45.75165066], [-118.00010562, 45.75173549], [-118.00058819, 45.75175825], [-118.00104898, 45.75173169], [-118.00152455, 45.75156551], [-118.00161344, 45.75149215], [-118.00166235, 45.75145179], [-118.00176429, 45.75133814], [-118.00194717, 45.75113426], [-118.00218539, 45.75074962], [-118.00235451, 45.7503881], [-118.00231593, 45.75007341], [-118.00201843, 45.74959613], [-118.00191138, 45.7494244], [-118.00188579, 45.74936565], [-118.00180789, 45.74918678], [-118.00183657, 45.74906052], [-118.00196239, 45.74892891], [-118.00274742, 45.748769], [-118.0030021, 45.74867676], [-118.00324936, 45.748658], [-118.00409049, 45.74840617], [-118.00457768, 45.74832988], [-118.00528349, 45.74832367], [-118.00626667, 45.74822999], [-118.00632432, 45.7482245], [-118.00636491, 45.74822255], [-118.00701477, 45.74819141], [-118.007438, 45.74808867], [-118.00771037, 45.7479809], [-118.00779864, 45.74794597], [-118.00790837, 45.74781022], [-118.00801481, 45.74767854], [-118.00822697, 45.74753046], [-118.00840009, 45.74740962], [-118.00843005, 45.74740144], [-118.0085876, 45.74735846], [-118.00912652, 45.74729969], [-118.0092689, 45.74723228], [-118.00931056, 45.74721256], [-118.00975687, 45.74679682], [-118.00992026, 45.74664462], [-118.00998983, 45.7465472], [-118.01012403, 45.74635929], [-118.01016034, 45.74634542], [-118.01043766, 45.74623951], [-118.0107386, 45.74621884], [-118.0107825, 45.74619428], [-118.01090208, 45.74612739], [-118.01106836, 45.74586261], [-118.01113796, 45.74575177], [-118.0113174, 45.74509762], [-118.01160053, 45.74478008], [-118.01174115, 45.74455832], [-118.0119238, 45.74437218], [-118.01220937, 45.74421214], [-118.0127195, 45.74382958], [-118.01310292, 45.74334914], [-118.01344443, 45.74307076], [-118.01349922, 45.74302609], [-118.01353696, 45.74293575], [-118.01335399, 45.74239283], [-118.0133649, 45.7423384], [-118.01338136, 45.7422563], [-118.01353075, 45.74213452], [-118.01356848, 45.74204418], [-118.01345936, 45.74175778], [-118.0135506, 45.74142326], [-118.01367604, 45.74096334], [-118.0137539, 45.74033709], [-118.01371029, 45.74005044], [-118.01376586, 45.73960298], [-118.01378542, 45.73944552], [-118.01376407, 45.73930522], [-118.01374613, 45.73918729], [-118.01392665, 45.73867193], [-118.01397937, 45.73852142], [-118.01409258, 45.7383179], [-118.0141837, 45.73742601], [-118.01441802, 45.73681187], [-118.01443332, 45.73674359], [-118.01447155, 45.73657288], [-118.01483588, 45.7361511], [-118.01529011, 45.73583654], [-118.0163015, 45.735346], [-118.01662756, 45.73514057], [-118.01712961, 45.73414151], [-118.01714497, 45.73390285], [-118.01719456, 45.73374307], [-118.017222, 45.73365464], [-118.01741737, 45.73346389], [-118.01760499, 45.73315619], [-118.0175279, 45.73295886], [-118.01726569, 45.73275113], [-118.01746344, 45.73252837], [-118.01758531, 45.73239108], [-118.01763644, 45.73226461], [-118.01755935, 45.73206728], [-118.01693288, 45.73154181], [-118.0164692, 45.73124441], [-118.01608013, 45.73091902], [-118.01607502, 45.73024965], [-118.01613411, 45.72985117], [-118.01594353, 45.72768026], [-118.01570924, 45.72700728], [-118.0156548, 45.72672874], [-118.01528756, 45.72615339], [-118.01541957, 45.72574995], [-118.01542109, 45.72571669], [-118.01543051, 45.72551133], [-118.01532789, 45.72522797], [-118.01540651, 45.72499203], [-118.01545105, 45.72485837], [-118.01546199, 45.72461975], [-118.01534828, 45.72430574], [-118.01514198, 45.72402405], [-118.01492286, 45.72387748], [-118.01454907, 45.72372779], [-118.01440665, 45.72355804], [-118.01440291, 45.72335105], [-118.01444696, 45.72321114], [-118.01456705, 45.72301206], [-118.01477997, 45.72281665], [-118.014961, 45.72256752], [-118.01536729, 45.72259147], [-118.01542534, 45.72259489], [-118.01547501, 45.72260608], [-118.01582898, 45.72268581], [-118.01676677, 45.72322201], [-118.01693996, 45.72340499], [-118.01696024, 45.72368223], [-118.0170222, 45.72452936], [-118.01751837, 45.72544753], [-118.01774068, 45.72576958], [-118.01811742, 45.72605875], [-118.01867743, 45.72634402], [-118.01902909, 45.72652316], [-118.0191394, 45.72660744], [-118.0194832, 45.72687014], [-118.0197876, 45.72715545], [-118.02001948, 45.72745978], [-118.020126, 45.72776448], [-118.02030127, 45.72862829], [-118.02031924, 45.72871685], [-118.02055618, 45.7290211], [-118.02060464, 45.72908333], [-118.02078283, 45.72920775], [-118.02107818, 45.72930412], [-118.0236184, 45.72975842], [-118.02372749, 45.72985195], [-118.02498282, 45.73017822], [-118.02578095, 45.7305986], [-118.02661476, 45.73138768], [-118.02727594, 45.73174177], [-118.02789374, 45.73189822], [-118.02850612, 45.73213123], [-118.0286877, 45.73217145], [-118.02956035, 45.73236476], [-118.02958446, 45.73228434]]]}, "properties": {"zone_name": "US-OR-UNI-UCO-140624S", "level": 2, "fire_name": "No named fire", "county": "Union", "addresses": 2, "unmatched_addresses": 1, "unmatched_fraction_pct": 54.0, "geometry_source": "cached", "geometry_cache_age_days": 0, "overlapping_zips": [{"zip": "97827", "fraction_pct": 46.0}]}}, {"type": "Feature", "geometry": {"type": "Polygon", "coordinates": [[[-118.21190177, 45.79742012], [-118.21196464, 45.79467649], [-118.21195597, 45.79410335], [-118.2119286, 45.79363129], [-118.21188933, 45.79363858], [-118.21185003, 45.79364578], [-118.21181069, 45.79365286], [-118.21177132, 45.79365985], [-118.21174176, 45.79366502], [-118.21171218, 45.79367013], [-118.21168258, 45.79367518], [-118.21165296, 45.79368018], [-118.21162332, 45.79368512], [-118.21159366, 45.79368999], [-118.21156398, 45.79369481], [-118.21153429, 45.79369957], [-118.21150457, 45.79370427], [-118.21147483, 45.79370891], [-118.21144508, 45.7937135], [-118.2114153, 45.79371802], [-118.21138551, 45.79372249], [-118.2113557, 45.79372689], [-118.2113251, 45.79373135], [-118.21128576, 45.79373699], [-118.21124638, 45.79374253], [-118.21120698, 45.79374796], [-118.21116755, 45.79375329], [-118.21112809, 45.79375852], [-118.2110886, 45.79376364], [-118.21104909, 45.79376866], [-118.21100955, 45.79377358], [-118.21097932, 45.79377727], [-118.21094907, 45.79378089], [-118.21091881, 45.79378446], [-118.21088854, 45.79378797], [-118.21085825, 45.79379141], [-118.21082795, 45.7937948], [-118.21079764, 45.79379812], [-118.21076731, 45.79380139], [-118.21073697, 45.79380459], [-118.21070662, 45.79380774], [-118.21067625, 45.79381082], [-118.21064587, 45.79381384], [-118.21060999, 45.79381732], [-118.21057409, 45.79382069], [-118.21053817, 45.79382395], [-118.21050223, 45.79382711], [-118.21046627, 45.79383015], [-118.21043029, 45.79383309], [-118.2103943, 45.79383592], [-118.21035828, 45.79383863], [-118.21032225, 45.79384125], [-118.21028621, 45.79384375], [-118.21025015, 45.79384614], [-118.21021407, 45.79384842], [-118.21017799, 45.7938506], [-118.21014189, 45.79385266], [-118.21010577, 45.79385462], [-118.21006965, 45.79385647], [-118.21003351, 45.79385821], [-118.20999736, 45.79385984], [-118.20996121, 45.79386136], [-118.20992504, 45.79386277], [-118.20988887, 45.79386407], [-118.20985268, 45.79386526], [-118.2098165, 45.79386635], [-118.2097803, 45.79386732], [-118.2097441, 45.79386819], [-118.20970789, 45.79386895], [-118.20967168, 45.79386959], [-118.20963547, 45.79387013], [-118.20959925, 45.79387056], [-118.20956303, 45.79387088], [-118.20952681, 45.79387109], [-118.20949059, 45.79387119], [-118.20945437, 45.79387118], [-118.20941815, 45.79387106], [-118.20938193, 45.79387083], [-118.20934571, 45.7938705], [-118.20930949, 45.79387005], [-118.20927328, 45.79386949], [-118.20923707, 45.79386883], [-118.20920086, 45.79386806], [-118.20916467, 45.79386717], [-118.20912847, 45.79386618], [-118.20909744, 45.79386524], [-118.20910139, 45.79381128], [-118.20909638, 45.7921142], [-118.209509, 45.792124], [-118.2105945, 45.7920503], [-118.2117385, 45.7918855], [-118.2138874, 45.7913995], [-118.2154905, 45.791048], [-118.222545, 45.789507], [-118.2309326, 45.7876595], [-118.2318627, 45.7874608], [-118.2329033, 45.7872504], [-118.2339371, 45.78713], [-118.2350843, 45.7870723], [-118.2362086, 45.7871106], [-118.23695, 45.7871953], [-118.2377168, 45.7873334], [-118.2389319, 45.7876165], [-118.2400519, 45.7880058], [-118.243294, 45.789271], [-118.2465579, 45.7904752], [-118.2475638, 45.7907166], [-118.2484501, 45.7907919], [-118.2494209, 45.7906957], [-118.250222, 45.790456], [-118.251065, 45.789954], [-118.2515428, 45.7895588], [-118.252563, 45.788332], [-118.2531489, 45.7878789], [-118.2538891, 45.7875272], [-118.2545338, 45.7873477], [-118.2553122, 45.7872652], [-118.2569772, 45.7872432], [-118.2587572, 45.7872487], [-118.2597005, 45.7873449], [-118.2606401, 45.7875687], [-118.2616835, 45.7879441], [-118.2638364, 45.7888785], [-118.2648429, 45.7892949], [-118.2655652, 45.7895184], [-118.2664894, 45.7897556], [-118.2671294, 45.7898635], [-118.2681995, 45.7899416], [-118.2692348, 45.7899426], [-118.270179, 45.7898705], [-118.2709348, 45.789746], [-118.27205, 45.7895144], [-118.2737337, 45.7888971], [-118.27398642, 45.78881217], [-118.27427401, 45.78882005], [-118.274341, 45.79077444], [-118.27435028, 45.79104694], [-118.27447677, 45.79475997], [-118.26385664, 45.79468663], [-118.26385552, 45.79714374], [-118.26385499, 45.79831748], [-118.26385463, 45.79911162], [-118.26327958, 45.79900612], [-118.26187063, 45.79872177], [-118.26064707, 45.79843742], [-118.25942352, 45.79879932], [-118.25808872, 45.79887687], [-118.25690224, 45.79926461], [-118.25604946, 45.79923876], [-118.25423266, 45.79910952], [-118.25304618, 45.79869592], [-118.25130353, 45.79856667], [-118.24930134, 45.79874762], [-118.24848564, 45.79947141], [-118.24576946, 45.80038468], [-118.24491668, 45.80116014], [-118.24480544, 45.80141863], [-118.24395266, 45.80165127], [-118.24080107, 45.80185805], [-118.23920673, 45.80167711], [-118.23946628, 45.80105675], [-118.23820564, 45.80077241], [-118.23638884, 45.80074656], [-118.23490574, 45.80074656], [-118.23375633, 45.80074656], [-118.23316309, 45.80072072], [-118.23156876, 45.80041053], [-118.22982611, 45.8009792], [-118.22747866, 45.79941302], [-118.22744158, 45.79843073], [-118.22661453, 45.79799053], [-118.22617152, 45.79738343], [-118.22494474, 45.79680276], [-118.22390465, 45.79641126], [-118.22329448, 45.79574795], [-118.22229704, 45.79522402], [-118.22128988, 45.79490425], [-118.21988566, 45.79438961], [-118.21916555, 45.79420133], [-118.2177403, 45.79376382], [-118.21716421, 45.79358809], [-118.21637209, 45.79296047], [-118.21594003, 45.79272197], [-118.21548996, 45.79257134], [-118.21556197, 45.79334959], [-118.21570599, 45.7939019], [-118.21572399, 45.79420315], [-118.21556197, 45.79499393], [-118.21532793, 45.79529518], [-118.21487786, 45.79543325], [-118.21358166, 45.79580981], [-118.21268153, 45.79603574], [-118.21226746, 45.79697712], [-118.21208743, 45.79732856], [-118.21190177, 45.79742012]]]}, "properties": {"zone_name": "US-OR-UMA-UMC-119-B", "level": 2, "fire_name": "No named fire", "county": "Umatilla", "addresses": 134, "unmatched_addresses": 0, "unmatched_fraction_pct": 0, "geometry_source": "cached", "geometry_cache_age_days": 0, "overlapping_zips": [{"zip": "97886", "fraction_pct": 100.0}]}}, {"type": "Feature", "geometry": {"type": "Polygon", "coordinates": [[[-118.1723133, 45.80489029], [-118.17228267, 45.80494335], [-118.172199, 45.804813], [-118.17144679, 45.80413594], [-118.17024165, 45.80289601], [-118.16936478, 45.80183394], [-118.1675844, 45.8003867], [-118.16598578, 45.79912894], [-118.16441378, 45.79750694], [-118.16272578, 45.79558694], [-118.16099678, 45.79415294], [-118.16070378, 45.79382194], [-118.16042978, 45.79303394], [-118.16026178, 45.79265794], [-118.15970478, 45.79194994], [-118.15864578, 45.79090394], [-118.1580412, 45.7903099], [-118.1582495, 45.7902572], [-118.1587923, 45.7900963], [-118.1592898, 45.7898674], [-118.1599649, 45.7894458], [-118.1606327, 45.7889395], [-118.1631679, 45.7868499], [-118.1650384, 45.7853591], [-118.167387, 45.783446], [-118.1689324, 45.7822293], [-118.1696974, 45.781643], [-118.17035867, 45.78136491], [-118.1709091, 45.7812176], [-118.1717211, 45.7811405], [-118.1734117, 45.7812331], [-118.1754618, 45.7813517], [-118.1766764, 45.7815628], [-118.1776728, 45.7818649], [-118.18041664, 45.78280033], [-118.18055234, 45.78284659], [-118.1807371, 45.78290958], [-118.1844733, 45.7841833], [-118.190085, 45.78610066], [-118.19555188, 45.78796909], [-118.19661986, 45.78833409], [-118.1979442, 45.7887867], [-118.2003475, 45.7896164], [-118.20120564, 45.78990948], [-118.204686, 45.7910981], [-118.2063667, 45.7916738], [-118.20752, 45.7919513], [-118.2084519, 45.7920989], [-118.20909638, 45.7921142], [-118.20910139, 45.79381128], [-118.20909744, 45.79386524], [-118.20912847, 45.79386618], [-118.20916467, 45.79386717], [-118.20920086, 45.79386806], [-118.20923707, 45.79386883], [-118.20927328, 45.79386949], [-118.20930949, 45.79387005], [-118.20934571, 45.7938705], [-118.20938193, 45.79387083], [-118.20941815, 45.79387106], [-118.20945437, 45.79387118], [-118.20949059, 45.79387119], [-118.20952681, 45.79387109], [-118.20956303, 45.79387088], [-118.20959925, 45.79387056], [-118.20963547, 45.79387013], [-118.20967168, 45.79386959], [-118.20970789, 45.79386895], [-118.2097441, 45.79386819], [-118.2097803, 45.79386732], [-118.2098165, 45.79386635], [-118.20985268, 45.79386526], [-118.20988887, 45.79386407], [-118.20992504, 45.79386277], [-118.20996121, 45.79386136], [-118.20999736, 45.79385984], [-118.21003351, 45.79385821], [-118.21006965, 45.79385647], [-118.21010577, 45.79385462], [-118.21014189, 45.79385266], [-118.21017799, 45.7938506], [-118.21021407, 45.79384842], [-118.21025015, 45.79384614], [-118.21028621, 45.79384375], [-118.21032225, 45.79384125], [-118.21035828, 45.79383863], [-118.2103943, 45.79383592], [-118.21043029, 45.79383309], [-118.21046627, 45.79383015], [-118.21050223, 45.79382711], [-118.21053817, 45.79382395], [-118.21057409, 45.79382069], [-118.21060999, 45.79381732], [-118.21064587, 45.79381384], [-118.21067625, 45.79381082], [-118.21070662, 45.79380774], [-118.21073697, 45.79380459], [-118.21076731, 45.79380139], [-118.21079764, 45.79379812], [-118.21082795, 45.7937948], [-118.21085825, 45.79379141], [-118.21088854, 45.79378797], [-118.21091881, 45.79378446], [-118.21094907, 45.79378089], [-118.21097932, 45.79377727], [-118.21100955, 45.79377358], [-118.21104909, 45.79376866], [-118.2110886, 45.79376364], [-118.21112809, 45.79375852], [-118.21116755, 45.79375329], [-118.21120698, 45.79374796], [-118.21124638, 45.79374253], [-118.21128576, 45.79373699], [-118.2113251, 45.79373135], [-118.2113557, 45.79372689], [-118.21138551, 45.79372249], [-118.2114153, 45.79371802], [-118.21144508, 45.7937135], [-118.21147483, 45.79370891], [-118.21150457, 45.79370427], [-118.21153429, 45.79369957], [-118.21156398, 45.79369481], [-118.21159366, 45.79368999], [-118.21162332, 45.79368512], [-118.21165296, 45.79368018], [-118.21168258, 45.79367518], [-118.21171218, 45.79367013], [-118.21174176, 45.79366502], [-118.21177132, 45.79365985], [-118.21181069, 45.79365286], [-118.21185003, 45.79364578], [-118.21188933, 45.79363858], [-118.2119286, 45.79363129], [-118.21195597, 45.79410335], [-118.21196464, 45.79467649], [-118.21190009, 45.79749356], [-118.21187608, 45.79854084], [-118.21108493, 45.79856973], [-118.20617433, 45.7987491], [-118.20610567, 45.80255455], [-118.20612556, 45.80255402], [-118.20411002, 45.80360095], [-118.20335979, 45.8042547], [-118.20218755, 45.80487576], [-118.19960862, 45.805268], [-118.19590434, 45.80611784], [-118.19318475, 45.80670619], [-118.19004315, 45.80683694], [-118.18601064, 45.80657545], [-118.18163278, 45.80536307], [-118.17971031, 45.80441515], [-118.1770845, 45.80392484], [-118.17511513, 45.80421903], [-118.17265382, 45.80512055], [-118.1723133, 45.80489029]]]}, "properties": {"zone_name": "US-OR-UMA-UMC-121-A", "level": 2, "fire_name": "No named fire", "county": "Umatilla", "addresses": 51, "unmatched_addresses": 0, "unmatched_fraction_pct": 0, "geometry_source": "cached", "geometry_cache_age_days": 0, "overlapping_zips": [{"zip": "97886", "fraction_pct": 100.0}]}}, {"type": "Feature", "geometry": {"type": "Polygon", "coordinates": [[[-118.20612556, 45.80255402], [-118.21178743, 45.80240519], [-118.21707545, 45.80209153], [-118.2170354, 45.80583978], [-118.21699524, 45.80958803], [-118.21211919, 45.80974251], [-118.21187986, 45.80975009], [-118.21172191, 45.80975508], [-118.21168905, 45.81343013], [-118.21167808, 45.81466099], [-118.2116563, 45.81710508], [-118.20587993, 45.81711924], [-118.2031579, 45.81712591], [-118.2006992, 45.81713189], [-118.20069169, 45.815651], [-118.19555063, 45.81566364], [-118.19557275, 45.81464174], [-118.193923, 45.814636], [-118.192423, 45.814636], [-118.1920896, 45.8146865], [-118.191893, 45.814496], [-118.1917052, 45.8143952], [-118.1915, 45.814245], [-118.191314, 45.814166], [-118.190881, 45.814008], [-118.1905079, 45.8138927], [-118.19042064, 45.81386124], [-118.19001654, 45.81371558], [-118.18958374, 45.81355957], [-118.1885466, 45.8131857], [-118.18823793, 45.81301211], [-118.187996, 45.812837], [-118.187813, 45.81269], [-118.18738145, 45.81223523], [-118.1871187, 45.81193031], [-118.18703274, 45.81183055], [-118.1867926, 45.81171093], [-118.18677029, 45.81168513], [-118.18674798, 45.81165933], [-118.18672566, 45.81163354], [-118.186498, 45.811489], [-118.186487, 45.811156], [-118.186337, 45.810977], [-118.186306, 45.810939], [-118.1859824, 45.8106218], [-118.185866, 45.810455], [-118.185685, 45.810316], [-118.185391, 45.810075], [-118.185216, 45.809964], [-118.184891, 45.809786], [-118.184641, 45.809678], [-118.184399, 45.809594], [-118.184076, 45.809495], [-118.183783, 45.809414], [-118.183383, 45.809317], [-118.182971, 45.809241], [-118.182832, 45.809195], [-118.18220655, 45.80911738], [-118.18186591, 45.8090623], [-118.1809, 45.808832], [-118.180618, 45.808745], [-118.1801594, 45.8085862], [-118.172808, 45.8052248], [-118.17265382, 45.80512055], [-118.17511513, 45.80421903], [-118.1770845, 45.80392484], [-118.17971031, 45.80441515], [-118.18163278, 45.80536307], [-118.18601064, 45.80657545], [-118.19004315, 45.80683694], [-118.19318475, 45.80670619], [-118.19590434, 45.80611784], [-118.19960862, 45.805268], [-118.20218755, 45.80487576], [-118.20335979, 45.8042547], [-118.20411002, 45.80360095], [-118.20612556, 45.80255402]]]}, "properties": {"zone_name": "US-OR-UMA-UMC-121-B", "level": 2, "fire_name": "No named fire", "county": "Umatilla", "addresses": 1, "unmatched_addresses": 0, "unmatched_fraction_pct": 0, "geometry_source": "cached", "geometry_cache_age_days": 0, "overlapping_zips": [{"zip": "97886", "fraction_pct": 99.9}, {"zip": "97862", "fraction_pct": 0.1}]}}, {"type": "Feature", "geometry": {"type": "Polygon", "coordinates": [[[-118.04503597, 45.77482393], [-118.04528488, 45.77491562], [-118.04653381, 45.77543641], [-118.0468998, 45.77549019], [-118.04726744, 45.77549643], [-118.04765316, 45.77537451], [-118.0479733, 45.77537518], [-118.0499766, 45.77662258], [-118.05020081, 45.77683204], [-118.05074993, 45.77747506], [-118.05105772, 45.77777309], [-118.05137693, 45.77799736], [-118.05234118, 45.77847995], [-118.05297546, 45.77885228], [-118.05331363, 45.77911969], [-118.05358525, 45.77953822], [-118.05375908, 45.78002646], [-118.05407018, 45.78028865], [-118.05438624, 45.78040818], [-118.05540327, 45.78054907], [-118.05578643, 45.78069828], [-118.056258, 45.78104881], [-118.0571138, 45.78239384], [-118.05765263, 45.7829109], [-118.05898861, 45.78325496], [-118.05958518, 45.78334114], [-118.06037471, 45.78336397], [-118.06148136, 45.78334793], [-118.06179075, 45.78338106], [-118.06244506, 45.78351899], [-118.06290874, 45.7837172], [-118.06415785, 45.7846279], [-118.06431506, 45.78469431], [-118.06443966, 45.78479537], [-118.06464332, 45.78489586], [-118.06490795, 45.78496692], [-118.06521216, 45.78499677], [-118.06589974, 45.78489413], [-118.06614722, 45.7848932], [-118.06638407, 45.78494], [-118.06721294, 45.78520609], [-118.06749245, 45.78520126], [-118.06782988, 45.78509749], [-118.06854014, 45.78465266], [-118.06897822, 45.7845934], [-118.06941238, 45.78464826], [-118.07085503, 45.78509589], [-118.07113356, 45.78511959], [-118.07155917, 45.78502681], [-118.07185619, 45.78488471], [-118.07253273, 45.78397827], [-118.07293075, 45.783601], [-118.0735565, 45.78320944], [-118.07456759, 45.78273154], [-118.07661814, 45.78154305], [-118.07820571, 45.7807417], [-118.07955684, 45.78027895], [-118.0805049, 45.78004736], [-118.08113779, 45.78006742], [-118.08163093, 45.78018983], [-118.08207576, 45.78040714], [-118.08256873, 45.78059376], [-118.08211035, 45.78042259], [-118.08198804, 45.78066677], [-118.08150818, 45.78125638], [-118.08147768, 45.78167521], [-118.08200114, 45.78323641], [-118.08251791, 45.78455465], [-118.08239093, 45.78497643], [-118.08219808, 45.78535426], [-118.08213123, 45.78559792], [-118.08213012, 45.78583195], [-118.0822971, 45.78648293], [-118.08252167, 45.78807396], [-118.08273386, 45.78890004], [-118.08303973, 45.78939207], [-118.08338751, 45.78968333], [-118.08421887, 45.79028001], [-118.08498033, 45.79067925], [-118.08575294, 45.79125114], [-118.0860594, 45.79150602], [-118.0862381, 45.79170655], [-118.08682302, 45.79267308], [-118.0872581, 45.79370854], [-118.08765616, 45.79445183], [-118.08788046, 45.79508875], [-118.08785037, 45.79558859], [-118.08773845, 45.79595419], [-118.08760131, 45.79638754], [-118.08728362, 45.79700713], [-118.08636154, 45.79783498], [-118.08594032, 45.79813602], [-118.08570304, 45.79836329], [-118.08547467, 45.79867599], [-118.08550444, 45.79931927], [-118.0858196, 45.80026587], [-118.08494872, 45.80054417], [-118.08424288, 45.80095591], [-118.08375427, 45.80114511], [-118.08339207, 45.80151507], [-118.08328979, 45.8015751], [-118.08297175, 45.80170779], [-118.08206517, 45.80191155], [-118.08187153, 45.80199397], [-118.08148828, 45.80223975], [-118.08110018, 45.80242835], [-118.08076493, 45.80266542], [-118.08052391, 45.80293735], [-118.08016353, 45.80311214], [-118.07990402, 45.80332668], [-118.07973318, 45.80350087], [-118.07954058, 45.80389873], [-118.07939264, 45.80431867], [-118.07929868, 45.80553468], [-118.07925065, 45.80569265], [-118.07889811, 45.80646217], [-118.07220607, 45.80487274], [-118.06505827, 45.80496501], [-118.06201384, 45.80422682], [-118.05632208, 45.80219675], [-118.05314529, 45.79453718], [-118.05102742, 45.79241446], [-118.04779172, 45.79134905], [-118.04763628, 45.79099151], [-118.0476961, 45.79023488], [-118.04718944, 45.78847086], [-118.04712319, 45.78808892], [-118.0472221, 45.78718105], [-118.04693416, 45.78711856], [-118.04667972, 45.78694988], [-118.04615418, 45.78668916], [-118.04605104, 45.78669911], [-118.04573159, 45.78662565], [-118.04578086, 45.78644056], [-118.04579683, 45.78591836], [-118.04527243, 45.78496456], [-118.04495344, 45.78446407], [-118.04495408, 45.784424], [-118.04497497, 45.78302706], [-118.04496193, 45.78224101], [-118.04499402, 45.77912807], [-118.04500205, 45.77847005], [-118.04498801, 45.77766494], [-118.04503522, 45.77486889], [-118.04503597, 45.77482393]]]}, "properties": {"zone_name": "US-OR-UMA-UMC-1406030-A", "level": 2, "fire_name": "No named fire", "county": "Umatilla", "addresses": 18, "unmatched_addresses": 0, "unmatched_fraction_pct": 0, "geometry_source": "cached", "geometry_cache_age_days": 0, "overlapping_zips": [{"zip": "97886", "fraction_pct": 99.9}, {"zip": "97827", "fraction_pct": 0.1}]}}, {"type": "Feature", "geometry": {"type": "Polygon", "coordinates": [[[-118.11044967, 45.78137765], [-118.10985236, 45.78049844], [-118.10865319, 45.77897433], [-118.10793827, 45.77793376], [-118.10758976, 45.77692288], [-118.10758669, 45.77474019], [-118.10752489, 45.77359103], [-118.1075013, 45.77350392], [-118.114908, 45.776759], [-118.139542, 45.779258], [-118.15485, 45.777719], [-118.15639, 45.777822], [-118.157164, 45.777615], [-118.159662, 45.777968], [-118.161745, 45.778673], [-118.162905, 45.778445], [-118.163678, 45.777885], [-118.163738, 45.774524], [-118.164392, 45.771308], [-118.165076, 45.770395], [-118.16528603, 45.77028645], [-118.16559104, 45.77069029], [-118.16571218, 45.77123811], [-118.16574655, 45.77190383], [-118.165957, 45.77245524], [-118.16624321, 45.77280335], [-118.16654841, 45.77307927], [-118.16681109, 45.7732431], [-118.16690549, 45.77347166], [-118.16665166, 45.7739828], [-118.16669336, 45.77424791], [-118.16718685, 45.77453089], [-118.16738579, 45.77472238], [-118.16741397, 45.77489761], [-118.16739706, 45.7750508], [-118.16721134, 45.77522371], [-118.16693391, 45.77531656], [-118.16672725, 45.77544918], [-118.1657695, 45.77590001], [-118.16549663, 45.77609631], [-118.16543686, 45.77621844], [-118.16546343, 45.7765287], [-118.16574091, 45.77734495], [-118.16586383, 45.77745621], [-118.16686185, 45.77812559], [-118.16755852, 45.77868553], [-118.16770339, 45.77876955], [-118.16793847, 45.77899667], [-118.16863838, 45.77955657], [-118.16897355, 45.77985917], [-118.16931071, 45.78023826], [-118.16961472, 45.78047368], [-118.17037004, 45.78081698], [-118.17069359, 45.78102518], [-118.1709091, 45.7812176], [-118.17035867, 45.78136491], [-118.1696974, 45.781643], [-118.1689324, 45.7822293], [-118.167387, 45.783446], [-118.1650384, 45.7853591], [-118.1631679, 45.7868499], [-118.1606327, 45.7889395], [-118.1599649, 45.7894458], [-118.1592898, 45.7898674], [-118.1588376, 45.79007546], [-118.15587193, 45.78880287], [-118.15449742, 45.78832365], [-118.15155204, 45.78688594], [-118.14723216, 45.78551666], [-118.14035963, 45.78613284], [-118.13289801, 45.78579052], [-118.12739998, 45.78599591], [-118.1230801, 45.78544819], [-118.12092016, 45.78407888], [-118.11866204, 45.78058697], [-118.11296766, 45.78017615], [-118.11044967, 45.78137765]]]}, "properties": {"zone_name": "US-OR-UMA-UMC-123-E", "level": 2, "fire_name": "No named fire", "county": "Umatilla", "addresses": 39, "unmatched_addresses": 0, "unmatched_fraction_pct": 0, "geometry_source": "cached", "geometry_cache_age_days": 0, "overlapping_zips": [{"zip": "97886", "fraction_pct": 100.0}]}}, {"type": "Feature", "geometry": {"type": "Polygon", "coordinates": [[[-118.11847953, 45.80563604], [-118.11787012, 45.80547892], [-118.11786504, 45.8079304], [-118.11779621, 45.80819324], [-118.11650993, 45.80899795], [-118.11617176, 45.80932546], [-118.11559148, 45.80975844], [-118.11502312, 45.81003937], [-118.11433478, 45.81044203], [-118.11389673, 45.81059501], [-118.11334695, 45.81063027], [-118.11283525, 45.8105504], [-118.1122744, 45.81035224], [-118.11172966, 45.81007581], [-118.1106784, 45.81017985], [-118.11005326, 45.81027675], [-118.10787284, 45.81004106], [-118.10747307, 45.81017247], [-118.10655441, 45.81073307], [-118.10590431, 45.81121243], [-118.10532737, 45.81174533], [-118.10474506, 45.81223532], [-118.10455037, 45.81235236], [-118.1037432, 45.81314985], [-118.10339322, 45.81297078], [-118.10329198, 45.8122783], [-118.10311456, 45.81188049], [-118.10206641, 45.81082602], [-118.10195231, 45.81057197], [-118.10263102, 45.80803773], [-118.10262849, 45.8077094], [-118.10253917, 45.80732731], [-118.1023002, 45.80713781], [-118.10188139, 45.80702624], [-118.10111908, 45.80699464], [-118.10010407, 45.80758214], [-118.09950208, 45.80784816], [-118.09903241, 45.80803072], [-118.09864786, 45.80811477], [-118.0983676, 45.80813869], [-118.09720104, 45.80769388], [-118.09677356, 45.80763645], [-118.09562243, 45.80755299], [-118.09438759, 45.80738481], [-118.09271878, 45.80692824], [-118.09064805, 45.80648448], [-118.09001507, 45.806261], [-118.08971586, 45.80609734], [-118.0894778, 45.80589259], [-118.08933472, 45.80569144], [-118.08888201, 45.80528621], [-118.08845065, 45.80511031], [-118.0878988, 45.80496255], [-118.0864776, 45.80436852], [-118.08605451, 45.80422403], [-118.08559986, 45.8037378], [-118.08550957, 45.80354064], [-118.08542833, 45.80316787], [-118.08584348, 45.80244836], [-118.08595254, 45.80193427], [-118.08603212, 45.80087591], [-118.08600975, 45.8006556], [-118.0858196, 45.80026587], [-118.08550444, 45.79931927], [-118.08547467, 45.79867599], [-118.08570304, 45.79836329], [-118.08594032, 45.79813602], [-118.08636154, 45.79783498], [-118.08728362, 45.79700713], [-118.08760131, 45.79638754], [-118.08773845, 45.79595419], [-118.08785037, 45.79558859], [-118.08788046, 45.79508875], [-118.08765616, 45.79445183], [-118.0872581, 45.79370854], [-118.08682302, 45.79267308], [-118.0862381, 45.79170655], [-118.0860594, 45.79150602], [-118.08575294, 45.79125114], [-118.08498033, 45.79067925], [-118.08421887, 45.79028001], [-118.08338751, 45.78968333], [-118.08303973, 45.78939207], [-118.08273386, 45.78890004], [-118.08252167, 45.78807396], [-118.0822971, 45.78648293], [-118.08213012, 45.78583195], [-118.08213123, 45.78559792], [-118.08219808, 45.78535426], [-118.08239093, 45.78497643], [-118.08251791, 45.78455465], [-118.08200114, 45.78323641], [-118.08147768, 45.78167521], [-118.08150818, 45.78125638], [-118.08198804, 45.78066677], [-118.08211035, 45.78042259], [-118.08256873, 45.78059376], [-118.08297132, 45.78070696], [-118.08335477, 45.78070332], [-118.08351962, 45.78068376], [-118.08430922, 45.7803673], [-118.08449037, 45.78034112], [-118.08562486, 45.78028573], [-118.08673205, 45.78035171], [-118.08737054, 45.78028791], [-118.08775029, 45.78013958], [-118.088239, 45.779861], [-118.0897188, 45.7804331], [-118.09001165, 45.78053909], [-118.0901523, 45.78059], [-118.0905373, 45.7807011], [-118.0911997, 45.7808537], [-118.09178249, 45.78086385], [-118.0918769, 45.7808655], [-118.0934153, 45.7807628], [-118.0938367, 45.7807188], [-118.0952299, 45.7805953], [-118.0960812, 45.7805447], [-118.0972425, 45.7805389], [-118.0982278, 45.7806748], [-118.0992997, 45.7809947], [-118.1002452, 45.7814247], [-118.1014577, 45.78208], [-118.1041257, 45.783397], [-118.1050281, 45.7839252], [-118.1055427, 45.7843944], [-118.1062328, 45.7855799], [-118.1065846, 45.7859469], [-118.1070113, 45.7861235], [-118.1073112, 45.7862024], [-118.1074481, 45.7862172], [-118.1075745, 45.7862281], [-118.1079351, 45.7861988], [-118.1083553, 45.786024], [-118.108671, 45.7858037], [-118.1089599, 45.7855452], [-118.10925499, 45.78525614], [-118.10994603, 45.78559201], [-118.11129714, 45.7863323], [-118.11559174, 45.78774554], [-118.11867999, 45.78949523], [-118.11954856, 45.79176994], [-118.11998285, 45.79432697], [-118.11834222, 45.79570637], [-118.11747364, 45.79738853], [-118.11761841, 45.79900335], [-118.11824571, 45.80018079], [-118.12017587, 45.8010218], [-118.12007936, 45.80287199], [-118.11892126, 45.80495759], [-118.11847953, 45.80563604]]]}, "properties": {"zone_name": "US-OR-UMA-UMC-123-D", "level": 2, "fire_name": "No named fire", "county": "Umatilla", "addresses": 62, "unmatched_addresses": 0, "unmatched_fraction_pct": 0, "geometry_source": "cached", "geometry_cache_age_days": 0, "overlapping_zips": [{"zip": "97886", "fraction_pct": 100.0}]}}, {"type": "Feature", "geometry": {"type": "Polygon", "coordinates": [[[-118.27391479, 45.76949145], [-118.27390981, 45.76931591], [-118.27315456, 45.76899084], [-118.27043956, 45.76686822], [-118.26854968, 45.76687353], [-118.26334182, 45.76676688], [-118.26332028, 45.76633196], [-118.2552201, 45.76612976], [-118.25476478, 45.76598735], [-118.25431291, 45.76594732], [-118.25382709, 45.7659437], [-118.2532674, 45.76598356], [-118.25311339, 45.76395419], [-118.25309887, 45.76281174], [-118.25309482, 45.76249296], [-118.2529133, 45.74817858], [-118.2579552, 45.74838926], [-118.2629971, 45.74859974], [-118.26803901, 45.74881031], [-118.26807172, 45.7452297], [-118.2680734, 45.74163276], [-118.2731536, 45.74182714], [-118.27826641, 45.74189012], [-118.27826495, 45.73829459], [-118.28302971, 45.7383753], [-118.28336449, 45.73838027], [-118.28337921, 45.74195279], [-118.28339386, 45.74553312], [-118.28666183, 45.74553502], [-118.28604092, 45.74565382], [-118.285033, 45.746263], [-118.284582, 45.747129], [-118.2847, 45.747999], [-118.285416, 45.748854], [-118.28553097, 45.74907725], [-118.28855622, 45.74909102], [-118.29371453, 45.74911409], [-118.29364597, 45.74562847], [-118.29880779, 45.74572944], [-118.30396958, 45.74583052], [-118.30681655, 45.74580638], [-118.30685206, 45.74583191], [-118.30770277, 45.74587766], [-118.30774041, 45.74587969], [-118.30843584, 45.74591707], [-118.30914289, 45.74617904], [-118.30976487, 45.74623057], [-118.31113413, 45.74634401], [-118.31135378, 45.74641345], [-118.31218169, 45.74648209], [-118.31287382, 45.74661861], [-118.31329754, 45.74698267], [-118.31369132, 45.74766531], [-118.31386921, 45.74797368], [-118.3146257, 45.74828704], [-118.31527716, 45.74849115], [-118.31543437, 45.74868848], [-118.31558863, 45.74876507], [-118.31595091, 45.74924629], [-118.31604264, 45.74934371], [-118.3166638, 45.75000349], [-118.3187358, 45.75073149], [-118.318919, 45.75079435], [-118.31939848, 45.75076593], [-118.31975227, 45.75074496], [-118.32091184, 45.7506762], [-118.32134382, 45.75079537], [-118.32383709, 45.75126478], [-118.32442815, 45.75144623], [-118.32469398, 45.75156656], [-118.32634774, 45.75231519], [-118.32702628, 45.75262234], [-118.32717301, 45.75279171], [-118.32785617, 45.75331766], [-118.32886325, 45.75413589], [-118.32994101, 45.75440089], [-118.33010335, 45.75444081], [-118.3310266, 45.75470555], [-118.33202748, 45.75531492], [-118.33353108, 45.75556075], [-118.33508286, 45.75492518], [-118.33531867, 45.75481429], [-118.33534283, 45.75479889], [-118.33534283, 45.75606619], [-118.33501535, 45.75789411], [-118.3345787, 45.75934117], [-118.33425121, 45.76025508], [-118.33370539, 45.76116897], [-118.33097633, 45.76208286], [-118.32890224, 45.76139745], [-118.32715563, 45.76033124], [-118.32660982, 45.76109282], [-118.32678306, 45.76160647], [-118.32483809, 45.76148949], [-118.32327353, 45.76124], [-118.3225136, 45.76111526], [-118.32188778, 45.76089696], [-118.32157487, 45.76005492], [-118.32126195, 45.75893218], [-118.31764111, 45.75862031], [-118.3146908, 45.75915049], [-118.31187459, 45.75927524], [-118.30910308, 45.75955593], [-118.30825375, 45.75933762], [-118.30749382, 45.75989898], [-118.30628687, 45.76052272], [-118.3045435, 45.76136475], [-118.30306572, 45.76202462], [-118.30127765, 45.76230529], [-118.29899786, 45.7624924], [-118.2975227, 45.76264833], [-118.29671807, 45.76302255], [-118.29629995, 45.76383928], [-118.29364269, 45.76391058], [-118.29200525, 45.76360596], [-118.28982199, 45.76307288], [-118.28818455, 45.76314903], [-118.28643795, 45.76391058], [-118.28403637, 45.7643675], [-118.28458218, 45.76581439], [-118.28349056, 45.76649974], [-118.28108898, 45.76703279], [-118.27912405, 45.76695664], [-118.27759577, 45.76741354], [-118.27595833, 45.76817502], [-118.27453922, 45.76931723], [-118.27391479, 45.76949145]]]}, "properties": {"zone_name": "US-OR-UMA-UMC-151-D", "level": 2, "fire_name": "No named fire", "county": "Umatilla", "addresses": 11, "unmatched_addresses": 0, "unmatched_fraction_pct": 0, "geometry_source": "cached", "geometry_cache_age_days": 0, "overlapping_zips": [{"zip": "97810", "fraction_pct": 53.2}, {"zip": "97886", "fraction_pct": 46.8}]}}, {"type": "Feature", "geometry": {"type": "Polygon", "coordinates": [[[-118.37663976, 45.64579885], [-118.37674524, 45.64588305], [-118.37770479, 45.64664891], [-118.37773679, 45.64772291], [-118.37740979, 45.64817991], [-118.37715379, 45.64841791], [-118.37704979, 45.64856991], [-118.37696879, 45.64878691], [-118.37696779, 45.64901291], [-118.37719579, 45.64937491], [-118.37769479, 45.65041391], [-118.37806979, 45.65105791], [-118.37837379, 45.65237091], [-118.37858979, 45.65278891], [-118.37892879, 45.65383591], [-118.37917879, 45.65420691], [-118.37960979, 45.65521291], [-118.37971079, 45.65563991], [-118.37940879, 45.65668491], [-118.37931479, 45.65723991], [-118.37936979, 45.65765091], [-118.37961879, 45.65825491], [-118.38008579, 45.65895591], [-118.38050779, 45.65948691], [-118.38084979, 45.65978591], [-118.38104879, 45.65986291], [-118.38134179, 45.65983991], [-118.38395079, 45.65874391], [-118.3877008, 45.65760291], [-118.39458079, 45.65627991], [-118.39506979, 45.65611991], [-118.3983298, 45.65545791], [-118.3989168, 45.65522991], [-118.3993078, 45.65436191], [-118.4001168, 45.65458991], [-118.4008008, 45.65492291], [-118.4007708, 45.65495491], [-118.4007828, 45.65508291], [-118.4009578, 45.65538491], [-118.4009918, 45.65556391], [-118.4008678, 45.65603691], [-118.4007558, 45.65617091], [-118.4004858, 45.65632691], [-118.4004218, 45.65639691], [-118.4003918, 45.65651091], [-118.4004118, 45.65708291], [-118.4003378, 45.65840791], [-118.4004778, 45.66129491], [-118.4004638, 45.66251591], [-118.4004948, 45.66276691], [-118.4008938, 45.66440991], [-118.4008878, 45.66483791], [-118.4007658, 45.66539691], [-118.4007558, 45.66568591], [-118.4009208, 45.66630691], [-118.4009418, 45.66657491], [-118.4009128, 45.66668891], [-118.4006688, 45.66707691], [-118.4005478, 45.66761091], [-118.4006228, 45.66792291], [-118.4009378, 45.66850691], [-118.4009388, 45.66862491], [-118.4009038, 45.66888491], [-118.4007598, 45.66933591], [-118.4006788, 45.67100991], [-118.4007488, 45.67146091], [-118.4007368, 45.67164491], [-118.4004798, 45.67267591], [-118.4003768, 45.67327791], [-118.4002298, 45.67367191], [-118.3995618, 45.67439491], [-118.3991398, 45.67491691], [-118.3990138, 45.67515391], [-118.3986718, 45.67614791], [-118.3981958, 45.67775691], [-118.3978318, 45.67837491], [-118.3977688, 45.67854891], [-118.3976178, 45.67961091], [-118.3974398, 45.68031491], [-118.3972558, 45.68075491], [-118.3970258, 45.68103991], [-118.3964788, 45.68151591], [-118.3960588, 45.68198691], [-118.3954308, 45.68286091], [-118.3936988, 45.68506991], [-118.3922058, 45.68728591], [-118.3918238, 45.68768991], [-118.3908798, 45.68841891], [-118.3907368, 45.68855191], [-118.3906518, 45.68869091], [-118.3900808, 45.69089591], [-118.3896088, 45.69237691], [-118.3895168, 45.69279491], [-118.3894748, 45.69310491], [-118.3895358, 45.69340591], [-118.3899758, 45.69474591], [-118.3906318, 45.69617591], [-118.3909838, 45.69670691], [-118.3913698, 45.69711491], [-118.39217171, 45.69785819], [-118.38907256, 45.69843889], [-118.38701507, 45.69873841], [-118.38547704, 45.6990721], [-118.38512603, 45.69913036], [-118.38442762, 45.69916583], [-118.38234024, 45.69915059], [-118.37975281, 45.69917286], [-118.37805813, 45.6991618], [-118.37608493, 45.69910457], [-118.37173334, 45.69909838], [-118.37046649, 45.69905058], [-118.36842594, 45.69888151], [-118.36763117, 45.69885051], [-118.36655283, 45.69884541], [-118.36597765, 45.69889729], [-118.36526176, 45.69902286], [-118.36461493, 45.69921511], [-118.36415441, 45.69936012], [-118.36333139, 45.69970298], [-118.36309563, 45.69986331], [-118.36303846, 45.69997201], [-118.36311408, 45.70030865], [-118.36307252, 45.70044866], [-118.36292666, 45.70060791], [-118.36257718, 45.7007966], [-118.36195392, 45.70105156], [-118.36068593, 45.70147171], [-118.36016526, 45.70160392], [-118.35940613, 45.70165346], [-118.35886332, 45.70165091], [-118.3580207, 45.70180045], [-118.35683897, 45.70185499], [-118.35632075, 45.70180713], [-118.35613395, 45.70181835], [-118.35533651, 45.70134626], [-118.35464221, 45.70102145], [-118.35426531, 45.70072438], [-118.35404257, 45.70017796], [-118.35385444, 45.69858701], [-118.35388433, 45.69486923], [-118.35383498, 45.69405522], [-118.35391162, 45.69350525], [-118.35489172, 45.69192295], [-118.35552888, 45.6910333], [-118.35657868, 45.68986421], [-118.35807989, 45.68877525], [-118.35880493, 45.68835258], [-118.36275514, 45.68563224], [-118.36331849, 45.68499994], [-118.3636929, 45.68438791], [-118.36388494, 45.68367003], [-118.36402444, 45.68201217], [-118.3640439, 45.67787596], [-118.36414105, 45.67571454], [-118.36409721, 45.67391035], [-118.36426121, 45.67327832], [-118.36489284, 45.67215914], [-118.36559285, 45.67139469], [-118.3660555, 45.67073659], [-118.36631333, 45.67025195], [-118.36636083, 45.66974732], [-118.36509504, 45.66692711], [-118.36424766, 45.66408389], [-118.36391496, 45.6627242], [-118.36367196, 45.66134093], [-118.36309728, 45.65862046], [-118.36313986, 45.65774684], [-118.36293207, 45.6567547], [-118.36240527, 45.65600489], [-118.36134008, 45.655284], [-118.36084506, 45.65461931], [-118.36056028, 45.65385761], [-118.36039376, 45.6530765], [-118.36043529, 45.65252244], [-118.36067718, 45.65133141], [-118.36079248, 45.65051094], [-118.36056735, 45.64932997], [-118.36021285, 45.64805604], [-118.36002051, 45.64764878], [-118.35940184, 45.64690905], [-118.35870136, 45.64641782], [-118.35802973, 45.64585873], [-118.35734958, 45.64525836], [-118.35721031, 45.64414475], [-118.35672671, 45.64270132], [-118.3554736, 45.63912924], [-118.3549636, 45.63783463], [-118.35476731, 45.63714387], [-118.35463268, 45.63651539], [-118.35463101, 45.63521475], [-118.35472408, 45.63410201], [-118.3549035, 45.63286222], [-118.3549995, 45.63187096], [-118.35535733, 45.6293509], [-118.3554289, 45.62859396], [-118.35536676, 45.6279542], [-118.35489427, 45.62549367], [-118.35439659, 45.62328653], [-118.35384537, 45.62121336], [-118.35327528, 45.61840319], [-118.35244831, 45.61493404], [-118.35213586, 45.61425815], [-118.35161259, 45.61349924], [-118.35092522, 45.6127659], [-118.3556676, 45.61270666], [-118.3619536, 45.61806535], [-118.36342688, 45.62405167], [-118.36215003, 45.63682665], [-118.36607878, 45.64197702], [-118.37049861, 45.64417437], [-118.37663976, 45.64579885]]]}, "properties": {"zone_name": "US-OR-UMA-UMC-1406007-B", "level": 2, "fire_name": "No named fire", "county": "Umatilla", "addresses": 6, "unmatched_addresses": 0, "unmatched_fraction_pct": 0, "geometry_source": "cached", "geometry_cache_age_days": 0, "overlapping_zips": [{"zip": "97810", "fraction_pct": 88.7}, {"zip": "97859", "fraction_pct": 11.3}]}}, {"type": "Feature", "geometry": {"type": "Polygon", "coordinates": [[[-118.27398642, 45.78881217], [-118.2737337, 45.7888971], [-118.27205, 45.7895144], [-118.2709348, 45.789746], [-118.270179, 45.7898705], [-118.2692348, 45.7899426], [-118.2681995, 45.7899416], [-118.2671294, 45.7898635], [-118.2664894, 45.7897556], [-118.2655652, 45.7895184], [-118.2648429, 45.7892949], [-118.2638364, 45.7888785], [-118.2616835, 45.7879441], [-118.2606401, 45.7875687], [-118.2597005, 45.7873449], [-118.2587572, 45.7872487], [-118.2569772, 45.7872432], [-118.2553122, 45.7872652], [-118.2545338, 45.7873477], [-118.2538891, 45.7875272], [-118.2531489, 45.7878789], [-118.252563, 45.788332], [-118.2515428, 45.7895588], [-118.251065, 45.789954], [-118.250222, 45.790456], [-118.2494209, 45.7906957], [-118.2484501, 45.7907919], [-118.2475638, 45.7907166], [-118.2465579, 45.7904752], [-118.243294, 45.789271], [-118.2400519, 45.7880058], [-118.2389319, 45.7876165], [-118.2377168, 45.7873334], [-118.23695, 45.7871953], [-118.2362086, 45.7871106], [-118.2350843, 45.7870723], [-118.2339371, 45.78713], [-118.2329033, 45.7872504], [-118.2318627, 45.7874608], [-118.2309326, 45.7876595], [-118.222545, 45.789507], [-118.2154905, 45.791048], [-118.2138874, 45.7913995], [-118.2117385, 45.7918855], [-118.2105945, 45.7920503], [-118.209509, 45.792124], [-118.20909638, 45.7921142], [-118.2084519, 45.7920989], [-118.20847331, 45.7912033], [-118.20852424, 45.78907267], [-118.20663457, 45.78909987], [-118.20645875, 45.78910239], [-118.20624304, 45.78910363], [-118.206321, 45.787759], [-118.20893156, 45.7876733], [-118.20867775, 45.78647797], [-118.208644, 45.786319], [-118.20908011, 45.78617835], [-118.2118832, 45.78613124], [-118.21185375, 45.78759719], [-118.21704157, 45.78754544], [-118.221433, 45.787473], [-118.221106, 45.787016], [-118.221008, 45.786513], [-118.220986, 45.78647], [-118.22083353, 45.78616506], [-118.220803, 45.786104], [-118.220745, 45.785988], [-118.220222, 45.785462], [-118.21946731, 45.78498212], [-118.219405, 45.784937], [-118.219633, 45.784639], [-118.219666, 45.784045], [-118.219469, 45.783679], [-118.21868553, 45.7829066], [-118.21710052, 45.78291971], [-118.2171484, 45.7807252], [-118.21715209, 45.78048995], [-118.2171792, 45.77876083], [-118.21720755, 45.7769533], [-118.21632888, 45.77695735], [-118.21727437, 45.7764298], [-118.219663, 45.77722946], [-118.22300708, 45.77756265], [-118.22463135, 45.77942847], [-118.22616007, 45.77909529], [-118.2294086, 45.77842893], [-118.23294377, 45.77776256], [-118.23686112, 45.77716282], [-118.24010966, 45.77602997], [-118.24856949, 45.77620236], [-118.24962049, 45.77620236], [-118.25267793, 45.77620236], [-118.25774182, 45.77566925], [-118.27409767, 45.77711992], [-118.27403129, 45.77999417], [-118.27927906, 45.78017788], [-118.28440334, 45.78021243], [-118.28457922, 45.78694391], [-118.28459042, 45.78738951], [-118.28263718, 45.78731605], [-118.282396, 45.787155], [-118.2818148, 45.7869077], [-118.2811429, 45.7867662], [-118.2803759, 45.7867684], [-118.2797514, 45.7868761], [-118.2785563, 45.7872764], [-118.2774151, 45.78765992], [-118.27498309, 45.78847723], [-118.27482581, 45.78853009], [-118.27479042, 45.78854198], [-118.27472752, 45.78856312], [-118.27455172, 45.7886222], [-118.27436878, 45.78868368], [-118.27398642, 45.78881217]]]}, "properties": {"zone_name": "US-OR-UMA-UMC-155-A", "level": 2, "fire_name": "No named fire", "county": "Umatilla", "addresses": 87, "unmatched_addresses": 0, "unmatched_fraction_pct": 0, "geometry_source": "cached", "geometry_cache_age_days": 0, "overlapping_zips": [{"zip": "97886", "fraction_pct": 100.0}]}}, {"type": "Feature", "geometry": {"type": "Polygon", "coordinates": [[[-118.21632888, 45.77695735], [-118.21205683, 45.77697705], [-118.21212449, 45.77343761], [-118.21249049, 45.77343611], [-118.21726281, 45.77341656], [-118.21712105, 45.76990101], [-118.21704853, 45.76810284], [-118.22200928, 45.76807872], [-118.22198522, 45.76626263], [-118.221811, 45.76562], [-118.221802, 45.765575], [-118.221181, 45.765507], [-118.220594, 45.765233], [-118.219778, 45.764984], [-118.218211, 45.765467], [-118.216839, 45.765538], [-118.216416, 45.765699], [-118.215763, 45.766181], [-118.21544406, 45.76630077], [-118.214358, 45.766298], [-118.213575, 45.766322], [-118.21176209, 45.76634822], [-118.21163403, 45.76275557], [-118.21163305, 45.76272804], [-118.22468911, 45.76267658], [-118.22473137, 45.76265412], [-118.22724997, 45.76263451], [-118.22721292, 45.75905127], [-118.23244864, 45.75901391], [-118.23762425, 45.75897876], [-118.24279996, 45.75894331], [-118.243061, 45.762469], [-118.24797582, 45.7625148], [-118.25309482, 45.76249296], [-118.25309887, 45.76281174], [-118.25311339, 45.76395419], [-118.2532674, 45.76598356], [-118.25382709, 45.7659437], [-118.25431291, 45.76594732], [-118.25476478, 45.76598735], [-118.2552201, 45.76612976], [-118.26332028, 45.76633196], [-118.26334182, 45.76676688], [-118.26854968, 45.76687353], [-118.27043956, 45.76686822], [-118.27315456, 45.76899084], [-118.27390981, 45.76931591], [-118.27393197, 45.77009576], [-118.27407252, 45.77279339], [-118.27411328, 45.77644414], [-118.27409767, 45.77711992], [-118.25774182, 45.77566925], [-118.25267793, 45.77620236], [-118.24962049, 45.77620236], [-118.24856949, 45.77620236], [-118.24010966, 45.77602997], [-118.23686112, 45.77716282], [-118.23294377, 45.77776256], [-118.2294086, 45.77842893], [-118.22616007, 45.77909529], [-118.22463135, 45.77942847], [-118.22300708, 45.77756265], [-118.219663, 45.77722946], [-118.21727437, 45.7764298], [-118.21632888, 45.77695735]]]}, "properties": {"zone_name": "US-OR-UMA-UMC-155-B", "level": 2, "fire_name": "No named fire", "county": "Umatilla", "addresses": 3, "unmatched_addresses": 0, "unmatched_fraction_pct": 0, "geometry_source": "cached", "geometry_cache_age_days": 0, "overlapping_zips": [{"zip": "97886", "fraction_pct": 91.0}, {"zip": "97810", "fraction_pct": 9.0}]}}, {"type": "Feature", "geometry": {"type": "Polygon", "coordinates": [[[-118.31693401, 45.71815552], [-118.31701426, 45.71823116], [-118.31807121, 45.71822153], [-118.31858149, 45.71817504], [-118.31899882, 45.71818328], [-118.31921439, 45.71823097], [-118.31946571, 45.71833652], [-118.31964242, 45.71841073], [-118.3201391, 45.71839447], [-118.32053367, 45.71830701], [-118.32090673, 45.71830881], [-118.32103578, 45.71837303], [-118.32115753, 45.71861022], [-118.32191202, 45.71894116], [-118.32166951, 45.7193285], [-118.32193057, 45.71974314], [-118.3224491, 45.7199077], [-118.32233522, 45.72011132], [-118.32226413, 45.72034688], [-118.32209927, 45.72056464], [-118.32194215, 45.72089852], [-118.32201104, 45.72107705], [-118.32200413, 45.72168762], [-118.32206315, 45.72181897], [-118.32075325, 45.72191792], [-118.31983679, 45.72266659], [-118.3191265, 45.72343987], [-118.3184134, 45.72373613], [-118.31791938, 45.72375083], [-118.31669144, 45.72356473], [-118.31653726, 45.72354137], [-118.31693401, 45.71815552]]]}, "properties": {"zone_name": "US-OR-UMA-UMC-1406053-B", "level": 2, "fire_name": "No named fire", "county": "Umatilla", "addresses": 1, "unmatched_addresses": 0, "unmatched_fraction_pct": 0, "geometry_source": "cached", "geometry_cache_age_days": 0, "overlapping_zips": [{"zip": "97810", "fraction_pct": 100.0}]}}, {"type": "Feature", "geometry": {"type": "Polygon", "coordinates": [[[-118.34324274, 45.71167375], [-118.34295026, 45.71196516], [-118.34231699, 45.71273319], [-118.34122775, 45.71354256], [-118.3407109, 45.71384116], [-118.33998442, 45.71415572], [-118.33904562, 45.71437374], [-118.33861161, 45.71439233], [-118.33799676, 45.71435452], [-118.33691268, 45.71413769], [-118.33646199, 45.71407995], [-118.33536721, 45.71402074], [-118.33485856, 45.71405819], [-118.3341724, 45.71417871], [-118.33362325, 45.71438764], [-118.33328429, 45.71462112], [-118.33238105, 45.71508621], [-118.33201857, 45.71558099], [-118.33165416, 45.71599478], [-118.33130046, 45.71625093], [-118.33081332, 45.71646963], [-118.32879445, 45.71229492], [-118.32806322, 45.70833774], [-118.32769761, 45.70725266], [-118.33117092, 45.70246529], [-118.33066597, 45.69959988], [-118.334729, 45.699812], [-118.337474, 45.699435], [-118.34022, 45.700959], [-118.342208, 45.702816], [-118.34250407, 45.70286939], [-118.34288655, 45.70360396], [-118.34339966, 45.70629147], [-118.34305758, 45.71020306], [-118.34324274, 45.71167375]]]}, "properties": {"zone_name": "US-OR-UMA-UMC-1406015-C", "level": 2, "fire_name": "No named fire", "county": "Umatilla", "addresses": 3, "unmatched_addresses": 0, "unmatched_fraction_pct": 0, "geometry_source": "cached", "geometry_cache_age_days": 0, "overlapping_zips": [{"zip": "97810", "fraction_pct": 100.0}]}}, {"type": "Feature", "geometry": {"type": "Polygon", "coordinates": [[[-118.33504088, 45.75494237], [-118.33353108, 45.75556075], [-118.33202748, 45.75531492], [-118.3310266, 45.75470555], [-118.33010335, 45.75444081], [-118.32994101, 45.75440089], [-118.32886325, 45.75413589], [-118.32785617, 45.75331766], [-118.32717301, 45.75279171], [-118.32702628, 45.75262234], [-118.32634774, 45.75231519], [-118.32469398, 45.75156656], [-118.32442815, 45.75144623], [-118.32383709, 45.75126478], [-118.32134382, 45.75079537], [-118.32091184, 45.7506762], [-118.31975227, 45.75074496], [-118.31939848, 45.75076593], [-118.318919, 45.75079435], [-118.3187358, 45.75073149], [-118.3166638, 45.75000349], [-118.31604264, 45.74934371], [-118.31595091, 45.74924629], [-118.31558863, 45.74876507], [-118.31543437, 45.74868848], [-118.31527716, 45.74849115], [-118.3146257, 45.74828704], [-118.31386921, 45.74797368], [-118.31369132, 45.74766531], [-118.31329754, 45.74698267], [-118.31287382, 45.74661861], [-118.31218169, 45.74648209], [-118.31135378, 45.74641345], [-118.31113413, 45.74634401], [-118.30976487, 45.74623057], [-118.30914289, 45.74617904], [-118.30843584, 45.74591707], [-118.30774041, 45.74587969], [-118.30770277, 45.74587766], [-118.30685206, 45.74583191], [-118.30681655, 45.74580638], [-118.3065499, 45.74574789], [-118.30646208, 45.74572863], [-118.30585535, 45.74556777], [-118.30531928, 45.74505405], [-118.30559031, 45.74454941], [-118.30666782, 45.74254302], [-118.30775617, 45.74051635], [-118.30819591, 45.73969743], [-118.30839935, 45.73931857], [-118.30867024, 45.738817], [-118.30956888, 45.73715311], [-118.31068453, 45.73508727], [-118.3110154, 45.73447456], [-118.31182184, 45.73298113], [-118.31226033, 45.73212259], [-118.31254425, 45.73156256], [-118.3129574, 45.7307597], [-118.31322433, 45.73024097], [-118.31438269, 45.72798982], [-118.31567795, 45.72547238], [-118.31573386, 45.72536716], [-118.31595876, 45.72494389], [-118.31623869, 45.72441706], [-118.3231614, 45.72437472], [-118.32342988, 45.7253681], [-118.32339317, 45.72875121], [-118.32717478, 45.73269793], [-118.332165, 45.7375731], [-118.33205485, 45.73846997], [-118.33282586, 45.73949494], [-118.332422, 45.74051988], [-118.3334133, 45.74251848], [-118.33477174, 45.74390209], [-118.33447802, 45.74526003], [-118.33333987, 45.74661795], [-118.33326644, 45.74759152], [-118.33403745, 45.74984125], [-118.33504088, 45.75494237]]]}, "properties": {"zone_name": "US-OR-UMA-UMC-149-B", "level": 2, "fire_name": "No named fire", "county": "Umatilla", "addresses": 2, "unmatched_addresses": 0, "unmatched_fraction_pct": 0, "geometry_source": "cached", "geometry_cache_age_days": 0, "overlapping_zips": [{"zip": "97810", "fraction_pct": 67.1}, {"zip": "97886", "fraction_pct": 32.9}]}}, {"type": "Feature", "geometry": {"type": "Polygon", "coordinates": [[[-118.33101427, 45.71637942], [-118.33130046, 45.71625093], [-118.33165416, 45.71599478], [-118.33201857, 45.71558099], [-118.33238105, 45.71508621], [-118.33328429, 45.71462112], [-118.33362325, 45.71438764], [-118.3341724, 45.71417871], [-118.33485856, 45.71405819], [-118.33536721, 45.71402074], [-118.33646199, 45.71407995], [-118.33691268, 45.71413769], [-118.33799676, 45.71435452], [-118.33861161, 45.71439233], [-118.33904562, 45.71437374], [-118.33998442, 45.71415572], [-118.3407109, 45.71384116], [-118.34122775, 45.71354256], [-118.34231699, 45.71273319], [-118.34295026, 45.71196516], [-118.34324281, 45.71167369], [-118.34350072, 45.71149514], [-118.34573482, 45.71082978], [-118.34615542, 45.71067181], [-118.34649426, 45.7104698], [-118.34697066, 45.71002763], [-118.34710595, 45.70974251], [-118.34722918, 45.70887246], [-118.34736691, 45.70843879], [-118.34755648, 45.70815752], [-118.3478421, 45.70783012], [-118.34837496, 45.70738278], [-118.35128967, 45.70526462], [-118.35395275, 45.70327538], [-118.35424498, 45.70297488], [-118.35525083, 45.70215287], [-118.35551595, 45.7019607], [-118.35583543, 45.7018579], [-118.35613395, 45.70181835], [-118.35632075, 45.70180713], [-118.35650736, 45.70182437], [-118.35872959, 45.7030291], [-118.35913883, 45.70466452], [-118.35931322, 45.70818726], [-118.3612685, 45.71067191], [-118.36162091, 45.7119261], [-118.36141629, 45.71351261], [-118.36101841, 45.71489374], [-118.36081379, 45.7160764], [-118.35989023, 45.71711319], [-118.34823623, 45.71701986], [-118.34317063, 45.71701673], [-118.34323165, 45.72425198], [-118.33156808, 45.72432331], [-118.33101427, 45.71637942]]]}, "properties": {"zone_name": "US-OR-UMA-UMC-215-D", "level": 2, "fire_name": "No named fire", "county": "Umatilla", "addresses": 7, "unmatched_addresses": 0, "unmatched_fraction_pct": 0, "geometry_source": "cached", "geometry_cache_age_days": 0, "overlapping_zips": [{"zip": "97810", "fraction_pct": 100.0}]}}, {"type": "Feature", "geometry": {"type": "Polygon", "coordinates": [[[-118.35650736, 45.70182437], [-118.35683897, 45.70185499], [-118.3580207, 45.70180045], [-118.35886332, 45.70165091], [-118.35940613, 45.70165346], [-118.36016526, 45.70160392], [-118.36068593, 45.70147171], [-118.36195392, 45.70105156], [-118.36257718, 45.7007966], [-118.36292666, 45.70060791], [-118.36307252, 45.70044866], [-118.36311408, 45.70030865], [-118.36303846, 45.69997201], [-118.36309563, 45.69986331], [-118.36333139, 45.69970298], [-118.36415441, 45.69936012], [-118.36461493, 45.69921511], [-118.36526176, 45.69902286], [-118.36597765, 45.69889729], [-118.36655283, 45.69884541], [-118.36763117, 45.69885051], [-118.36842594, 45.69888151], [-118.37046649, 45.69905058], [-118.37173334, 45.69909838], [-118.37608493, 45.69910457], [-118.37805813, 45.6991618], [-118.37975281, 45.69917286], [-118.38234024, 45.69915059], [-118.38441752, 45.69916575], [-118.3791671, 45.70995167], [-118.3738598, 45.70999812], [-118.36363631, 45.70995608], [-118.36364043, 45.71714323], [-118.35989023, 45.71711319], [-118.36081379, 45.7160764], [-118.36101841, 45.71489374], [-118.36141629, 45.71351261], [-118.36162091, 45.7119261], [-118.3612685, 45.71067191], [-118.35931322, 45.70818726], [-118.35913883, 45.70466452], [-118.35872959, 45.7030291], [-118.35650736, 45.70182437]]]}, "properties": {"zone_name": "US-OR-UMA-UMC-215-E", "level": 2, "fire_name": "No named fire", "county": "Umatilla", "addresses": 9, "unmatched_addresses": 0, "unmatched_fraction_pct": 0, "geometry_source": "cached", "geometry_cache_age_days": 0, "overlapping_zips": [{"zip": "97810", "fraction_pct": 100.0}]}}, {"type": "Feature", "geometry": {"type": "Polygon", "coordinates": [[[-118.21733096, 45.74003172], [-118.21743987, 45.74016724], [-118.21761877, 45.74054338], [-118.21758226, 45.74082279], [-118.21764515, 45.74111015], [-118.21811674, 45.74149666], [-118.21849555, 45.74155113], [-118.21978355, 45.74142487], [-118.22053135, 45.74130437], [-118.22102546, 45.74130359], [-118.22147594, 45.74138428], [-118.22206616, 45.74175601], [-118.22228255, 45.74193371], [-118.22255488, 45.74207931], [-118.22300003, 45.74222756], [-118.22324575, 45.74238695], [-118.22363495, 45.74278782], [-118.22385911, 45.74289793], [-118.22412698, 45.74296706], [-118.22451414, 45.74301692], [-118.2254946, 45.74288039], [-118.22590543, 45.74276347], [-118.22626041, 45.74270115], [-118.22760428, 45.74224567], [-118.22823034, 45.74219843], [-118.22847303, 45.74221833], [-118.22995109, 45.74266147], [-118.23098281, 45.74292038], [-118.23227115, 45.74330253], [-118.23288906, 45.74335887], [-118.23367769, 45.74335935], [-118.23447929, 45.74331019], [-118.23497985, 45.74325527], [-118.23535059, 45.74316125], [-118.2357652, 45.74310726], [-118.23615218, 45.74309407], [-118.23722124, 45.74315], [-118.23869483, 45.74331405], [-118.23992366, 45.74327371], [-118.24032129, 45.74323339], [-118.24140777, 45.74302357], [-118.24169124, 45.74292597], [-118.24315194, 45.74261755], [-118.2450289, 45.7425296], [-118.24607127, 45.74225271], [-118.24652755, 45.7420137], [-118.24788247, 45.74155786], [-118.24893013, 45.74101535], [-118.2497113, 45.74055676], [-118.24999444, 45.74031964], [-118.25040078, 45.73978863], [-118.25073944, 45.73946539], [-118.2510787, 45.73929516], [-118.251956, 45.73875449], [-118.25314021, 45.73808895], [-118.25355706, 45.73779635], [-118.25436222, 45.73712144], [-118.25691809, 45.73548669], [-118.25928187, 45.73330044], [-118.25976861, 45.73295754], [-118.26056744, 45.73248968], [-118.26119295, 45.73231626], [-118.26179228, 45.73231865], [-118.26247973, 45.73223905], [-118.26417803, 45.73179723], [-118.26483343, 45.73161446], [-118.26529336, 45.73142035], [-118.26573701, 45.73116341], [-118.26615327, 45.73101028], [-118.26666173, 45.73097314], [-118.26742609, 45.73097367], [-118.26920659, 45.73104392], [-118.26956816, 45.73094089], [-118.26981937, 45.73078959], [-118.27030012, 45.73018568], [-118.27103621, 45.72952493], [-118.27171466, 45.72912134], [-118.27202651, 45.72900535], [-118.2730576, 45.72886786], [-118.27428539, 45.72883168], [-118.2746885, 45.72877317], [-118.27519336, 45.72859652], [-118.27600093, 45.72813296], [-118.27725887, 45.72781738], [-118.27869945, 45.72779677], [-118.28011412, 45.72757391], [-118.2807451, 45.72736432], [-118.28391254, 45.72653219], [-118.28500773, 45.72595282], [-118.28558257, 45.72574834], [-118.28699937, 45.72569189], [-118.2873665, 45.72560674], [-118.28801338, 45.72537443], [-118.28884668, 45.725023], [-118.28954413, 45.72449307], [-118.28973451, 45.7243019], [-118.29038905, 45.72344392], [-118.2907701, 45.72307508], [-118.29131711, 45.72276287], [-118.29156107, 45.7227016], [-118.29198586, 45.72285432], [-118.29291807, 45.72331183], [-118.29331095, 45.7234559], [-118.29381926, 45.72360766], [-118.2944093, 45.72366399], [-118.29487709, 45.72359118], [-118.2958409, 45.72336423], [-118.29711483, 45.72274222], [-118.29884079, 45.72221856], [-118.29908016, 45.72220234], [-118.29998651, 45.72252957], [-118.30024291, 45.72258966], [-118.3009666, 45.72259042], [-118.30250176, 45.72244692], [-118.30393946, 45.72241253], [-118.30478038, 45.72251544], [-118.30536936, 45.72271574], [-118.30630434, 45.72292558], [-118.3069906, 45.72283673], [-118.30782542, 45.72266066], [-118.30892194, 45.72213505], [-118.30920533, 45.72207779], [-118.30956518, 45.72209617], [-118.30986775, 45.72224122], [-118.3101547, 45.72231894], [-118.31087237, 45.72288678], [-118.31126792, 45.72314327], [-118.31181038, 45.72327656], [-118.31235609, 45.72325679], [-118.31333361, 45.72307004], [-118.31411155, 45.7230206], [-118.31497728, 45.72311865], [-118.31548127, 45.72322086], [-118.31634633, 45.72351243], [-118.31669144, 45.72356473], [-118.31623869, 45.72441706], [-118.31595876, 45.72494389], [-118.31573386, 45.72536716], [-118.31567795, 45.72547238], [-118.31438269, 45.72798982], [-118.31322433, 45.73024097], [-118.3129574, 45.7307597], [-118.31254425, 45.73156256], [-118.31226033, 45.73212259], [-118.31182184, 45.73298113], [-118.3110154, 45.73447456], [-118.31068453, 45.73508727], [-118.30956888, 45.73715311], [-118.30867024, 45.738817], [-118.30839935, 45.73931857], [-118.30819591, 45.73969743], [-118.30775617, 45.74051635], [-118.30666782, 45.74254302], [-118.30559031, 45.74454941], [-118.30531928, 45.74505405], [-118.30585535, 45.74556777], [-118.30646208, 45.74572863], [-118.3065499, 45.74574789], [-118.30681655, 45.74580638], [-118.30396958, 45.74583052], [-118.29880779, 45.74572944], [-118.29364597, 45.74562847], [-118.29371453, 45.74911409], [-118.28855622, 45.74909102], [-118.28553097, 45.74907725], [-118.285416, 45.748854], [-118.2847, 45.747999], [-118.284582, 45.747129], [-118.285033, 45.746263], [-118.28604092, 45.74565382], [-118.28666183, 45.74553502], [-118.28339386, 45.74553312], [-118.28337921, 45.74195279], [-118.28336449, 45.73838027], [-118.28302971, 45.7383753], [-118.27826495, 45.73829459], [-118.27826641, 45.74189012], [-118.2731536, 45.74182714], [-118.2680734, 45.74163276], [-118.26807172, 45.7452297], [-118.26803901, 45.74881031], [-118.2629971, 45.74859974], [-118.2579552, 45.74838926], [-118.2529133, 45.74817858], [-118.25309482, 45.76249296], [-118.24797582, 45.7625148], [-118.243061, 45.762469], [-118.24279996, 45.75894331], [-118.23762425, 45.75897876], [-118.23244864, 45.75901391], [-118.22721292, 45.75905127], [-118.22724997, 45.76263451], [-118.22473137, 45.76265412], [-118.22468911, 45.76267658], [-118.21163305, 45.76272804], [-118.21157271, 45.76103498], [-118.21150598, 45.75916283], [-118.21154124, 45.75555233], [-118.21157536, 45.75206711], [-118.21429879, 45.752191], [-118.21723922, 45.75216348], [-118.2172832, 45.74866996], [-118.21736869, 45.74187764], [-118.21736442, 45.74139102], [-118.21735356, 45.74015432], [-118.21733122, 45.7401167], [-118.21733096, 45.74003172]]]}, "properties": {"zone_name": "US-OR-UMA-UMC-153", "level": 2, "fire_name": "No named fire", "county": "Umatilla", "addresses": 9, "unmatched_addresses": 0, "unmatched_fraction_pct": 0, "geometry_source": "cached", "geometry_cache_age_days": 0, "overlapping_zips": [{"zip": "97810", "fraction_pct": 64.2}, {"zip": "97886", "fraction_pct": 35.8}]}}, {"type": "Feature", "geometry": {"type": "Polygon", "coordinates": [[[-118.31692223, 45.71831534], [-118.31653726, 45.72354137], [-118.31634633, 45.72351243], [-118.31548127, 45.72322086], [-118.31497728, 45.72311865], [-118.31411155, 45.7230206], [-118.31333361, 45.72307004], [-118.31235609, 45.72325679], [-118.31181038, 45.72327656], [-118.31126792, 45.72314327], [-118.31087237, 45.72288678], [-118.3101547, 45.72231894], [-118.30986775, 45.72224122], [-118.30956518, 45.72209617], [-118.30920533, 45.72207779], [-118.30892194, 45.72213505], [-118.30782542, 45.72266066], [-118.3069906, 45.72283673], [-118.30630434, 45.72292558], [-118.30536936, 45.72271574], [-118.30478038, 45.72251544], [-118.30393946, 45.72241253], [-118.30250176, 45.72244692], [-118.3009666, 45.72259042], [-118.30024291, 45.72258966], [-118.29998651, 45.72252957], [-118.29908016, 45.72220234], [-118.29884079, 45.72221856], [-118.29711483, 45.72274222], [-118.2958409, 45.72336423], [-118.29487709, 45.72359118], [-118.2944093, 45.72366399], [-118.29381926, 45.72360766], [-118.29331095, 45.7234559], [-118.29291807, 45.72331183], [-118.29198586, 45.72285432], [-118.29156107, 45.7227016], [-118.29131711, 45.72276287], [-118.2907701, 45.72307508], [-118.29038905, 45.72344392], [-118.28973451, 45.7243019], [-118.28954413, 45.72449307], [-118.28884668, 45.725023], [-118.28801338, 45.72537443], [-118.2873665, 45.72560674], [-118.28699937, 45.72569189], [-118.28558257, 45.72574834], [-118.28500773, 45.72595282], [-118.28391254, 45.72653219], [-118.2807451, 45.72736432], [-118.28011412, 45.72757391], [-118.27869945, 45.72779677], [-118.27725887, 45.72781738], [-118.27600093, 45.72813296], [-118.27519336, 45.72859652], [-118.2746885, 45.72877317], [-118.27428539, 45.72883168], [-118.2730576, 45.72886786], [-118.27202651, 45.72900535], [-118.27171466, 45.72912134], [-118.27103621, 45.72952493], [-118.27030012, 45.73018568], [-118.26981937, 45.73078959], [-118.26956816, 45.73094089], [-118.26788586, 45.72905137], [-118.26731053, 45.72860456], [-118.26909834, 45.72785749], [-118.2716933, 45.72781723], [-118.2737116, 45.72741469], [-118.27676789, 45.726046], [-118.28022783, 45.72528114], [-118.28241913, 45.72379163], [-118.28420677, 45.72161768], [-118.29252064, 45.72117191], [-118.29390462, 45.72080957], [-118.29592292, 45.71964203], [-118.30128583, 45.71931995], [-118.30556754, 45.71891734], [-118.30885449, 45.71891734], [-118.31208377, 45.7184342], [-118.31560139, 45.71803159], [-118.31692223, 45.71831534]]]}, "properties": {"zone_name": "US-OR-UMA-UMC-1406053-C", "level": 2, "fire_name": "No named fire", "county": "Umatilla", "addresses": 16, "unmatched_addresses": 0, "unmatched_fraction_pct": 0, "geometry_source": "cached", "geometry_cache_age_days": 0, "overlapping_zips": [{"zip": "97810", "fraction_pct": 100.0}]}}, {"type": "Feature", "geometry": {"type": "Polygon", "coordinates": [[[-118.19933033, 45.72965224], [-118.19932029, 45.72899528], [-118.19942127, 45.7287782], [-118.19962656, 45.72855552], [-118.19967405, 45.72834319], [-118.20077972, 45.72916179], [-118.20244169, 45.72959147], [-118.20484231, 45.73049379], [-118.210229, 45.73192723], [-118.21349139, 45.73386067], [-118.21515336, 45.73583701], [-118.21780706, 45.73732892], [-118.21934592, 45.73836], [-118.22051546, 45.73990658], [-118.22242365, 45.73994954], [-118.22507049, 45.7413672], [-118.22882532, 45.74067985], [-118.23030263, 45.7399925], [-118.2333188, 45.7397777], [-118.23639653, 45.74012138], [-118.23990514, 45.74102352], [-118.24249043, 45.74098056], [-118.24501416, 45.73973474], [-118.24810911, 45.7388483], [-118.24970953, 45.73747354], [-118.25180238, 45.73541134], [-118.25438767, 45.73386463], [-118.25838872, 45.73132967], [-118.26405173, 45.73012659], [-118.26730388, 45.72859939], [-118.26788586, 45.72905137], [-118.26956816, 45.73094089], [-118.26920659, 45.73104392], [-118.26742609, 45.73097367], [-118.26666173, 45.73097314], [-118.26615327, 45.73101028], [-118.26573701, 45.73116341], [-118.26529336, 45.73142035], [-118.26483343, 45.73161446], [-118.26417803, 45.73179723], [-118.26247973, 45.73223905], [-118.26179228, 45.73231865], [-118.26119295, 45.73231626], [-118.26056744, 45.73248968], [-118.25976861, 45.73295754], [-118.25928187, 45.73330044], [-118.25691809, 45.73548669], [-118.25436222, 45.73712144], [-118.25355706, 45.73779635], [-118.25314021, 45.73808895], [-118.251956, 45.73875449], [-118.2510787, 45.73929516], [-118.25073944, 45.73946539], [-118.25040078, 45.73978863], [-118.24999444, 45.74031964], [-118.2497113, 45.74055676], [-118.24893013, 45.74101535], [-118.24788247, 45.74155786], [-118.24652755, 45.7420137], [-118.24607127, 45.74225271], [-118.2450289, 45.7425296], [-118.24315194, 45.74261755], [-118.24169124, 45.74292597], [-118.24140777, 45.74302357], [-118.24032129, 45.74323339], [-118.23992366, 45.74327371], [-118.23869483, 45.74331405], [-118.23722124, 45.74315], [-118.23615218, 45.74309407], [-118.2357652, 45.74310726], [-118.23535059, 45.74316125], [-118.23497985, 45.74325527], [-118.23447929, 45.74331019], [-118.23367769, 45.74335935], [-118.23288906, 45.74335887], [-118.23227115, 45.74330253], [-118.23098281, 45.74292038], [-118.22995109, 45.74266147], [-118.22847303, 45.74221833], [-118.22823034, 45.74219843], [-118.22760428, 45.74224567], [-118.22626041, 45.74270115], [-118.22590543, 45.74276347], [-118.2254946, 45.74288039], [-118.22451414, 45.74301692], [-118.22412698, 45.74296706], [-118.22385911, 45.74289793], [-118.22363495, 45.74278782], [-118.22324575, 45.74238695], [-118.22300003, 45.74222756], [-118.22255488, 45.74207931], [-118.22228255, 45.74193371], [-118.22206616, 45.74175601], [-118.22147594, 45.74138428], [-118.22102546, 45.74130359], [-118.22053135, 45.74130437], [-118.21978355, 45.74142487], [-118.21849555, 45.74155113], [-118.21811674, 45.74149666], [-118.21764515, 45.74111015], [-118.21758226, 45.74082279], [-118.21761877, 45.74054338], [-118.21743987, 45.74016724], [-118.21733096, 45.74003172], [-118.21723549, 45.7399129], [-118.21703502, 45.73950549], [-118.21624391, 45.73855532], [-118.2158395, 45.73820859], [-118.21561026, 45.73808501], [-118.21429757, 45.73766243], [-118.21408122, 45.73748472], [-118.21380691, 45.73704209], [-118.21350701, 45.73675274], [-118.21259629, 45.73615485], [-118.21162992, 45.73532352], [-118.21049317, 45.73456149], [-118.2098462, 45.73417681], [-118.20929134, 45.73400267], [-118.20869429, 45.73373446], [-118.20810829, 45.73334462], [-118.2069311, 45.73265949], [-118.2061326, 45.73251041], [-118.20582269, 45.73250018], [-118.20497527, 45.73239211], [-118.20474835, 45.732318], [-118.2042627, 45.73201709], [-118.2040353, 45.73192048], [-118.20247743, 45.73179738], [-118.20190003, 45.73163694], [-118.20127727, 45.73132846], [-118.20054019, 45.73089516], [-118.20015587, 45.73059767], [-118.19970311, 45.7303864], [-118.19933033, 45.72965224]]]}, "properties": {"zone_name": "US-OR-UMA-UMC-1406017-A", "level": 2, "fire_name": "No named fire", "county": "Umatilla", "addresses": 33, "unmatched_addresses": 0, "unmatched_fraction_pct": 0, "geometry_source": "cached", "geometry_cache_age_days": 0, "overlapping_zips": [{"zip": "97810", "fraction_pct": 89.2}, {"zip": "97886", "fraction_pct": 10.8}]}}, {"type": "Feature", "geometry": {"type": "Polygon", "coordinates": [[[-118.088239, 45.779861], [-118.08775029, 45.78013958], [-118.08737054, 45.78028791], [-118.08673205, 45.78035171], [-118.08562486, 45.78028573], [-118.08449037, 45.78034112], [-118.08430922, 45.7803673], [-118.08351962, 45.78068376], [-118.08335477, 45.78070332], [-118.08297132, 45.78070696], [-118.08256873, 45.78059376], [-118.08207576, 45.78040714], [-118.08163093, 45.78018983], [-118.08113779, 45.78006742], [-118.0805049, 45.78004736], [-118.07955684, 45.78027895], [-118.07820571, 45.7807417], [-118.07661814, 45.78154305], [-118.07456759, 45.78273154], [-118.0735565, 45.78320944], [-118.07293075, 45.783601], [-118.07253273, 45.78397827], [-118.07185619, 45.78488471], [-118.07155917, 45.78502681], [-118.07113356, 45.78511959], [-118.07085503, 45.78509589], [-118.06941238, 45.78464826], [-118.06897822, 45.7845934], [-118.06854014, 45.78465266], [-118.06782988, 45.78509749], [-118.06749245, 45.78520126], [-118.06721294, 45.78520609], [-118.06638407, 45.78494], [-118.06614722, 45.7848932], [-118.06589974, 45.78489413], [-118.06521216, 45.78499677], [-118.06490795, 45.78496692], [-118.06464332, 45.78489586], [-118.06443966, 45.78479537], [-118.06431506, 45.78469431], [-118.06415785, 45.7846279], [-118.06290874, 45.7837172], [-118.06244506, 45.78351899], [-118.06179075, 45.78338106], [-118.06148136, 45.78334793], [-118.06037471, 45.78336397], [-118.05958518, 45.78334114], [-118.05898861, 45.78325496], [-118.05765263, 45.7829109], [-118.0571138, 45.78239384], [-118.056258, 45.78104881], [-118.05578643, 45.78069828], [-118.05540327, 45.78054907], [-118.05438624, 45.78040818], [-118.05407018, 45.78028865], [-118.05375908, 45.78002646], [-118.05358525, 45.77953822], [-118.05331363, 45.77911969], [-118.05297546, 45.77885228], [-118.05234118, 45.77847995], [-118.05137693, 45.77799736], [-118.05105772, 45.77777309], [-118.05074993, 45.77747506], [-118.05020081, 45.77683204], [-118.0499766, 45.77662258], [-118.0479733, 45.77537518], [-118.04765316, 45.77537451], [-118.04726744, 45.77549643], [-118.0468998, 45.77549019], [-118.04653381, 45.77543641], [-118.04528488, 45.77491562], [-118.04503597, 45.77482393], [-118.04505503, 45.77353898], [-118.04510199, 45.77353892], [-118.04845287, 45.77353516], [-118.04880004, 45.77353476], [-118.05307898, 45.77352995], [-118.05466679, 45.77354096], [-118.05992695, 45.77355903], [-118.06153318, 45.77350458], [-118.066445, 45.77333808], [-118.06642695, 45.77209708], [-118.06643296, 45.76954204], [-118.06849527, 45.77072648], [-118.06859221, 45.77076645], [-118.06946245, 45.77112518], [-118.06966983, 45.77117772], [-118.0701879, 45.77130897], [-118.0709666, 45.7714431], [-118.0721028, 45.7716115], [-118.0731144, 45.7718378], [-118.0742792, 45.772199], [-118.0752364, 45.7725794], [-118.0763961, 45.7731405], [-118.0774906, 45.7738534], [-118.0784883, 45.7746726], [-118.0791567, 45.7753911], [-118.0801948, 45.776452], [-118.0808718, 45.7769454], [-118.0817887, 45.7773889], [-118.083182, 45.777902], [-118.0852762, 45.77873735], [-118.0868553, 45.7793479], [-118.088239, 45.779861]]]}, "properties": {"zone_name": "US-OR-UMA-UMC-1406024A", "level": 2, "fire_name": "No named fire", "county": "Umatilla", "addresses": 5, "unmatched_addresses": 0, "unmatched_fraction_pct": 0, "geometry_source": "cached", "geometry_cache_age_days": 0, "overlapping_zips": [{"zip": "97886", "fraction_pct": 99.8}, {"zip": "97827", "fraction_pct": 0.2}]}}, {"type": "Feature", "geometry": {"type": "Polygon", "coordinates": [[[-118.16487942, 45.75727713], [-118.16454599, 45.75625536], [-118.16440087, 45.75567534], [-118.16429647, 45.75544688], [-118.16304404, 45.75370895], [-118.16281253, 45.7535898], [-118.16241308, 45.75354886], [-118.16201463, 45.75357541], [-118.16167501, 45.75355187], [-118.16146226, 45.75338751], [-118.16141987, 45.75326193], [-118.16146652, 45.75310844], [-118.16332561, 45.75165386], [-118.16379192, 45.75118106], [-118.16398652, 45.75107107], [-118.16444459, 45.7510529], [-118.16472219, 45.75097356], [-118.16488363, 45.75060287], [-118.16490983, 45.75041359], [-118.16481782, 45.7501625], [-118.16460415, 45.74987664], [-118.16459762, 45.74915664], [-118.1646577, 45.74874199], [-118.16472899, 45.74861525], [-118.16526181, 45.74809676], [-118.16546815, 45.74791464], [-118.1657484, 45.74773176], [-118.16632265, 45.74742887], [-118.16691524, 45.74724267], [-118.1678756, 45.74704846], [-118.16816098, 45.74683856], [-118.16863759, 45.7463476], [-118.16913134, 45.74605893], [-118.16967747, 45.74601897], [-118.17089939, 45.74620742], [-118.17119822, 45.74614585], [-118.17202339, 45.74646103], [-118.17229309, 45.74665524], [-118.17250418, 45.7467608], [-118.17257134, 45.74700717], [-118.17263061, 45.74706017], [-118.17262314, 45.74723384], [-118.17272868, 45.74730477], [-118.17273169, 45.74752526], [-118.17289357, 45.74788813], [-118.17336691, 45.7481398], [-118.17357955, 45.74839414], [-118.17447523, 45.74897449], [-118.17447558, 45.74901049], [-118.1747397, 45.74922829], [-118.17474081, 45.74930029], [-118.17484645, 45.74937571], [-118.17485169, 45.74974019], [-118.17474835, 45.74981326], [-118.17475829, 45.74996168], [-118.1746025, 45.75029181], [-118.17449835, 45.75036489], [-118.17449882, 45.75061692], [-118.17455139, 45.75072889], [-118.17470876, 45.75087578], [-118.17465817, 45.75160538], [-118.17481636, 45.75211681], [-118.17486853, 45.75215228], [-118.17487022, 45.75284534], [-118.17476607, 45.75291841], [-118.17461164, 45.75386961], [-118.17461265, 45.75409012], [-118.1745081, 45.7541632], [-118.17450831, 45.75430722], [-118.17471787, 45.75448958], [-118.17482232, 45.75448851], [-118.17492646, 45.75441543], [-118.17492656, 45.75434342], [-118.17513525, 45.75419726], [-118.17529197, 45.75423615], [-118.17544834, 45.75416253], [-118.17555319, 45.75416145], [-118.17565755, 45.75423239], [-118.17570977, 45.75423185], [-118.17581375, 45.75397875], [-118.1758134, 45.75386624], [-118.17591754, 45.75379316], [-118.17607247, 45.7531345], [-118.17628116, 45.75298833], [-118.17633338, 45.75298779], [-118.17649076, 45.75313469], [-118.17675127, 45.75298799], [-118.17680385, 45.75302345], [-118.1768042, 45.75313596], [-118.17675193, 45.7531725], [-118.17680411, 45.75320797], [-118.17696078, 45.75320636], [-118.17732597, 45.75287856], [-118.17737757, 45.75273401], [-118.17748211, 45.75266092], [-118.17748176, 45.75254841], [-118.17753403, 45.75251187], [-118.17763671, 45.75193025], [-118.17774063, 45.75163665], [-118.17784477, 45.75156357], [-118.17784446, 45.75149156], [-118.17794895, 45.75137797], [-118.17810531, 45.75130435], [-118.17810535, 45.75126835], [-118.1782614, 45.75112272], [-118.17841701, 45.75061256], [-118.17867759, 45.75039385], [-118.17867718, 45.75031735], [-118.17878136, 45.75020826], [-118.17896784, 45.74935124], [-118.17907076, 45.74927818], [-118.17912142, 45.74916514], [-118.17906464, 45.7488732], [-118.17890692, 45.74876682], [-118.17890505, 45.74865882], [-118.17879793, 45.74847541], [-118.17879646, 45.74836742], [-118.17889969, 45.74828984], [-118.17905559, 45.74825223], [-118.17942426, 45.74847345], [-118.1795283, 45.74847237], [-118.17963162, 45.7483993], [-118.17967661, 45.74792179], [-118.17988361, 45.74781164], [-118.17998805, 45.74781056], [-118.18019469, 45.74766441], [-118.1802458, 45.74759187], [-118.18018938, 45.74733593], [-118.1800308, 45.74718905], [-118.17997555, 45.7469691], [-118.18013033, 45.74685949], [-118.18044248, 45.74682026], [-118.18096891, 45.74711185], [-118.18111937, 45.7471103], [-118.18152975, 45.74638579], [-118.18147786, 45.7462695], [-118.18131964, 45.74615863], [-118.18126519, 45.74601518], [-118.18131584, 45.74590214], [-118.18152247, 45.74575599], [-118.18188535, 45.74560822], [-118.18214233, 45.74535354], [-118.18224407, 45.74516796], [-118.18224026, 45.74491148], [-118.18160646, 45.74440499], [-118.18160423, 45.74426099], [-118.18175708, 45.74400289], [-118.18175596, 45.74393089], [-118.18185887, 45.74385782], [-118.18180092, 45.74345338], [-118.18200567, 45.74319923], [-118.1821612, 45.74312562], [-118.18278549, 45.74301114], [-118.18304393, 45.74286445], [-118.18304357, 45.74282845], [-118.18314688, 45.74275537], [-118.18298831, 45.7426085], [-118.18298567, 45.74246451], [-118.18293188, 45.74235256], [-118.18303483, 45.74224348], [-118.18360924, 45.74227804], [-118.18381612, 45.74216338], [-118.18391866, 45.74205431], [-118.18391754, 45.74198231], [-118.18375973, 45.74187143], [-118.18375861, 45.74179944], [-118.18370564, 45.74176398], [-118.18365159, 45.74162053], [-118.18375404, 45.74150696], [-118.18390956, 45.74143334], [-118.18422253, 45.74143459], [-118.1842751, 45.74147005], [-118.18458726, 45.74139481], [-118.18474237, 45.74132119], [-118.18495046, 45.74128303], [-118.18510562, 45.74117341], [-118.18515784, 45.74117286], [-118.18608585, 45.74043416], [-118.18613766, 45.74043362], [-118.18670786, 45.74017567], [-118.18696555, 45.73995697], [-118.18701736, 45.73995643], [-118.18768702, 45.73936891], [-118.1876812, 45.73899993], [-118.18809204, 45.73855912], [-118.18808596, 45.73815864], [-118.1882407, 45.73804902], [-118.18850063, 45.7379743], [-118.18902354, 45.73804537], [-118.18943622, 45.73774854], [-118.18959284, 45.73774691], [-118.18969809, 45.73782232], [-118.19022091, 45.73788888], [-118.19027235, 45.73785234], [-118.19037677, 45.73785126], [-118.19063556, 45.73770454], [-118.1909995, 45.73762874], [-118.19115622, 45.73763161], [-118.19172587, 45.73736914], [-118.19203461, 45.73707789], [-118.19202614, 45.73652892], [-118.19207722, 45.73645638], [-118.19233477, 45.73623317], [-118.19295747, 45.73601064], [-118.19321512, 45.73579193], [-118.19321013, 45.73546345], [-118.19326157, 45.73542691], [-118.19331069, 45.73520587], [-118.1935687, 45.73502316], [-118.19398246, 45.73479831], [-118.19403203, 45.73461777], [-118.19387345, 45.73447091], [-118.193298, 45.73436442], [-118.19313988, 45.73425806], [-118.19313875, 45.73418606], [-118.19417255, 45.73355869], [-118.19494569, 45.73293404], [-118.19509845, 45.73267592], [-118.19509731, 45.73260392], [-118.19535407, 45.73234471], [-118.1953518, 45.73220072], [-118.19545507, 45.73212763], [-118.19544998, 45.73179465], [-118.19534484, 45.73172374], [-118.19534371, 45.73165174], [-118.19497595, 45.73147107], [-118.19413951, 45.73136731], [-118.1939291, 45.731257], [-118.19387463, 45.73111355], [-118.1937694, 45.73103815], [-118.19371457, 45.7308587], [-118.1935038, 45.73071239], [-118.19303238, 45.7306048], [-118.19287654, 45.73064243], [-118.19282397, 45.73060698], [-118.19266813, 45.73064461], [-118.19240712, 45.73064734], [-118.19214415, 45.73050157], [-118.19219101, 45.73013654], [-118.19208471, 45.73002964], [-118.19171734, 45.72988496], [-118.19109049, 45.72981499], [-118.19093276, 45.72974462], [-118.19082753, 45.72966921], [-118.19082677, 45.72963322], [-118.19087897, 45.72963267], [-118.19129243, 45.72937634], [-118.19144904, 45.7293747], [-118.19260022, 45.72962371], [-118.19265318, 45.72965916], [-118.19286159, 45.72965699], [-118.19296722, 45.72973239], [-118.19317639, 45.72976621], [-118.19349156, 45.72991143], [-118.19406734, 45.73005393], [-118.19412031, 45.73008938], [-118.19485034, 45.73008174], [-118.19521471, 45.73001042], [-118.19528659, 45.72970814], [-118.19537565, 45.7296847], [-118.19559636, 45.72952488], [-118.19566181, 45.72931717], [-118.19562806, 45.72903399], [-118.19580727, 45.72890611], [-118.19597254, 45.72887737], [-118.19611834, 45.72872733], [-118.19630873, 45.72867133], [-118.19687344, 45.72872842], [-118.19728106, 45.72887716], [-118.19775727, 45.72911519], [-118.19822942, 45.72929476], [-118.19843782, 45.72929257], [-118.19922593, 45.72965334], [-118.19933033, 45.72965224], [-118.19970311, 45.7303864], [-118.20015587, 45.73059767], [-118.20054019, 45.73089516], [-118.20127727, 45.73132846], [-118.20190003, 45.73163694], [-118.20247743, 45.73179738], [-118.2040353, 45.73192048], [-118.2042627, 45.73201709], [-118.20474835, 45.732318], [-118.20497527, 45.73239211], [-118.20582269, 45.73250018], [-118.2061326, 45.73251041], [-118.2069311, 45.73265949], [-118.20810829, 45.73334462], [-118.20869429, 45.73373446], [-118.20929134, 45.73400267], [-118.2098462, 45.73417681], [-118.21049317, 45.73456149], [-118.21162992, 45.73532352], [-118.21259629, 45.73615485], [-118.21350701, 45.73675274], [-118.21380691, 45.73704209], [-118.21408122, 45.73748472], [-118.21429757, 45.73766243], [-118.21561026, 45.73808501], [-118.2158395, 45.73820859], [-118.21624391, 45.73855532], [-118.21703502, 45.73950549], [-118.21723549, 45.7399129], [-118.21733096, 45.74003172], [-118.21733122, 45.7401167], [-118.21735356, 45.74015432], [-118.21736442, 45.74139102], [-118.21736869, 45.74187764], [-118.2172832, 45.74866996], [-118.21723922, 45.75216348], [-118.21429879, 45.752191], [-118.21157536, 45.75206711], [-118.21154124, 45.75555233], [-118.21150598, 45.75916283], [-118.21157271, 45.76103498], [-118.21163403, 45.76275557], [-118.2056601, 45.76281962], [-118.20093459, 45.76287028], [-118.20093281, 45.76403152], [-118.20092913, 45.76643333], [-118.19809933, 45.76645536], [-118.19565542, 45.76647438], [-118.19565445, 45.77002183], [-118.19038574, 45.77004698], [-118.18605636, 45.77002752], [-118.18525762, 45.77002393], [-118.1843599, 45.77001986], [-118.18012951, 45.77000068], [-118.18013829, 45.77183511], [-118.18014705, 45.77366863], [-118.17739858, 45.77367067], [-118.17481763, 45.77367258], [-118.17158297, 45.77367498], [-118.1694881, 45.77367654], [-118.16954969, 45.77065732], [-118.16956327, 45.76999129], [-118.16963294, 45.76657799], [-118.16963644, 45.76640644], [-118.16964015, 45.76622474], [-118.16970962, 45.7628215], [-118.16978278, 45.75923655], [-118.16871184, 45.75923292], [-118.16466732, 45.75921922], [-118.16456649, 45.75921887], [-118.16454193, 45.75921879], [-118.16462854, 45.75900565], [-118.1648169, 45.75835837], [-118.16495544, 45.75787942], [-118.16487942, 45.75727713]]]}, "properties": {"zone_name": "US-OR-UMA-UMC-243", "level": 3, "fire_name": "No named fire", "county": "Umatilla", "addresses": 1, "unmatched_addresses": 0, "unmatched_fraction_pct": 0, "geometry_source": "cached", "geometry_cache_age_days": 0, "overlapping_zips": [{"zip": "97886", "fraction_pct": 100.0}]}}, {"type": "Feature", "geometry": {"type": "Polygon", "coordinates": [[[-118.0663173, 45.72425404], [-118.06647107, 45.73217804], [-118.06658004, 45.73759197], [-118.06676105, 45.74644994], [-118.06673297, 45.74976094], [-118.06664907, 45.75526897], [-118.06645904, 45.767814], [-118.06644603, 45.76955049], [-118.06548263, 45.76897965], [-118.06478837, 45.76854958], [-118.06435301, 45.7682071], [-118.06377819, 45.76742037], [-118.06358576, 45.76704412], [-118.06351123, 45.76673879], [-118.06350802, 45.76597602], [-118.0636731, 45.76518912], [-118.06377198, 45.76442762], [-118.06380267, 45.76350474], [-118.06377423, 45.76308646], [-118.06363394, 45.76268272], [-118.06363021, 45.76250724], [-118.06291887, 45.76153276], [-118.06228949, 45.76102106], [-118.06137608, 45.76047149], [-118.06015007, 45.76005084], [-118.05802913, 45.75948094], [-118.05696075, 45.75906329], [-118.05611521, 45.75863456], [-118.0559962, 45.75854566], [-118.05525301, 45.757862], [-118.05497898, 45.75755399], [-118.05421186, 45.75693747], [-118.05334105, 45.75616692], [-118.05287567, 45.75567166], [-118.05178753, 45.75462407], [-118.05138684, 45.75410571], [-118.05056282, 45.7532762], [-118.05001573, 45.75264217], [-118.04941653, 45.75203561], [-118.04912861, 45.75180873], [-118.04659674, 45.7493072], [-118.04559216, 45.7482453], [-118.04511952, 45.74784909], [-118.04458921, 45.74726889], [-118.04350269, 45.74622572], [-118.0429044, 45.74568214], [-118.04243294, 45.74532641], [-118.04198242, 45.74501549], [-118.04140737, 45.7446832], [-118.04035266, 45.74394125], [-118.03989964, 45.74347283], [-118.03918827, 45.74252522], [-118.03858711, 45.74154059], [-118.03762977, 45.74041069], [-118.03674604, 45.7395608], [-118.03582799, 45.73854499], [-118.03551701, 45.738111], [-118.034182, 45.73575599], [-118.0330983, 45.73454273], [-118.03255981, 45.73409305], [-118.03135855, 45.73327133], [-118.03017419, 45.73257996], [-118.03014496, 45.73259987], [-118.02958446, 45.73228434], [-118.02956358, 45.72895254], [-118.03137057, 45.72736447], [-118.03160661, 45.72540954], [-118.03462896, 45.72386259], [-118.0373409, 45.72403604], [-118.03885618, 45.72400837], [-118.04236616, 45.72313443], [-118.04443384, 45.72287819], [-118.0477744, 45.72442775], [-118.04910936, 45.72371293], [-118.05048571, 45.72376601], [-118.05376272, 45.7224893], [-118.05569682, 45.72166559], [-118.05856066, 45.72199946], [-118.06004937, 45.72140201], [-118.06118296, 45.72008185], [-118.06628651, 45.72425552], [-118.0663173, 45.72425404]]]}, "properties": {"zone_name": "US-OR-UNI-UCO-140618N", "level": 3, "fire_name": "No named fire", "county": "Union", "addresses": 42, "unmatched_addresses": 13, "unmatched_fraction_pct": 31.3, "geometry_source": "cached", "geometry_cache_age_days": 0, "overlapping_zips": [{"zip": "97827", "fraction_pct": 68.1}, {"zip": "97886", "fraction_pct": 0.6}]}}, {"type": "Feature", "geometry": {"type": "Polygon", "coordinates": [[[-118.32739108, 44.83843977], [-118.327123, 44.837868], [-118.326811, 44.837549], [-118.326548, 44.837155], [-118.326294, 44.83706], [-118.325738, 44.836746], [-118.325182, 44.836514], [-118.324436, 44.836302], [-118.32216, 44.836363], [-118.320599, 44.836574], [-118.318933, 44.836321], [-118.31882843, 44.83629839], [-118.31895402, 44.836267], [-118.31885407, 44.83606694], [-118.31865401, 44.83596699], [-118.31845395, 44.83566698], [-118.31795404, 44.83516707], [-118.31745396, 44.83446693], [-118.31655392, 44.83366701], [-118.315754, 44.83306698], [-118.31395393, 44.83276697], [-118.31255398, 44.83226706], [-118.31145405, 44.83176698], [-118.31015405, 44.83126707], [-118.30885405, 44.83086695], [-118.30825402, 44.83066705], [-118.30825402, 44.83046699], [-118.30828394, 44.83039094], [-118.30845392, 44.82996708], [-118.30875393, 44.82936705], [-118.30865399, 44.82836707], [-118.30880307, 44.82811101], [-118.30935396, 44.82716702], [-118.30975392, 44.82596697], [-118.31005393, 44.82506693], [-118.31055401, 44.82476708], [-118.31095397, 44.82426701], [-118.31065396, 44.82346692], [-118.31115403, 44.82306696], [-118.31115403, 44.822667], [-118.31055401, 44.82246693], [-118.30955402, 44.82156706], [-118.30915406, 44.82126705], [-118.30815408, 44.82126705], [-118.30745394, 44.821367], [-118.30695403, 44.82096704], [-118.30715392, 44.82036701], [-118.30755405, 44.81976699], [-118.30705397, 44.81896707], [-118.30605399, 44.81866705], [-118.30571311, 44.81864268], [-118.306161, 44.815071], [-118.306258, 44.813488], [-118.306282, 44.812559], [-118.306174, 44.811776], [-118.306017, 44.811665], [-118.306096, 44.811285], [-118.30696, 44.810522], [-118.30703952, 44.81040806], [-118.307294, 44.810487], [-118.307743, 44.810189], [-118.308079, 44.809772], [-118.309143, 44.809514], [-118.310432, 44.809176], [-118.311412, 44.808739], [-118.312253, 44.808659], [-118.312589, 44.808421], [-118.312673, 44.807944], [-118.313037, 44.807486], [-118.314017, 44.807387], [-118.315026, 44.807228], [-118.316454, 44.807208], [-118.317827, 44.80689], [-118.318443, 44.807029], [-118.318611, 44.807804], [-118.318807, 44.80858], [-118.317715, 44.809732], [-118.316763, 44.810626], [-118.316595, 44.811859], [-118.316819, 44.812316], [-118.317211, 44.811839], [-118.318331, 44.811203], [-118.320824, 44.811302], [-118.320964, 44.811898], [-118.321245, 44.812316], [-118.322701, 44.811402], [-118.323205, 44.811282], [-118.324606, 44.811282], [-118.326539, 44.811223], [-118.326651, 44.810766], [-118.325689, 44.809643], [-118.325661, 44.809146], [-118.325465, 44.808629], [-118.32765, 44.807795], [-118.327846, 44.808053], [-118.328575, 44.809146], [-118.328967, 44.809722], [-118.330143, 44.809603], [-118.330816, 44.809941], [-118.332468, 44.810259], [-118.335129, 44.8101], [-118.33653, 44.809722], [-118.336978, 44.808927], [-118.33737, 44.808749], [-118.337454, 44.809146], [-118.337454, 44.809782], [-118.33681, 44.810497], [-118.336586, 44.810915], [-118.373292, 44.81089], [-118.37337539, 44.81099101], [-118.372933, 44.811028], [-118.37259, 44.811081], [-118.372529, 44.811142], [-118.372214, 44.811144], [-118.371514, 44.811254], [-118.371283, 44.811363], [-118.371115, 44.811363], [-118.370656, 44.811582], [-118.370328, 44.811641], [-118.369786, 44.811919], [-118.369246, 44.811972], [-118.368719, 44.812245], [-118.368093, 44.812482], [-118.367216, 44.812917], [-118.367129, 44.812919], [-118.366826, 44.813143], [-118.366588, 44.813202], [-118.366437, 44.813368], [-118.36619, 44.813478], [-118.36557, 44.813915], [-118.365108, 44.814143], [-118.364715, 44.814479], [-118.364493, 44.814536], [-118.363613, 44.815153], [-118.36308, 44.815641], [-118.363074, 44.815748], [-118.363006, 44.815803], [-118.362988, 44.816031], [-118.362757, 44.816489], [-118.362455, 44.816758], [-118.361193, 44.817537], [-118.361116, 44.817535], [-118.360416, 44.818029], [-118.360249, 44.817918], [-118.35934, 44.817811], [-118.358608, 44.818041], [-118.358474, 44.818141], [-118.35813, 44.818203], [-118.356601, 44.819255], [-118.356209, 44.81964], [-118.355965, 44.819697], [-118.354558, 44.819593], [-118.354388, 44.819649], [-118.353402, 44.820312], [-118.353306, 44.820315], [-118.352371, 44.820757], [-118.352069, 44.820816], [-118.351992, 44.820861], [-118.351832, 44.82121], [-118.351681, 44.821306], [-118.35152, 44.821818], [-118.351362, 44.821928], [-118.351209, 44.822764], [-118.350111, 44.823582], [-118.349957, 44.824481], [-118.349411, 44.824807], [-118.349414, 44.824866], [-118.349096, 44.825097], [-118.348926, 44.825092], [-118.348785, 44.825584], [-118.348859, 44.825657], [-118.349012, 44.827153], [-118.348939, 44.827209], [-118.348934, 44.827367], [-118.348161, 44.827814], [-118.347855, 44.827814], [-118.347161, 44.827592], [-118.346586, 44.827588], [-118.346513, 44.827645], [-118.346522, 44.828329], [-118.346597, 44.828709], [-118.346288, 44.829092], [-118.34605, 44.829874], [-118.345663, 44.830083], [-118.345024, 44.830208], [-118.344257, 44.830708], [-118.344257, 44.831266], [-118.344327, 44.831602], [-118.34402, 44.831974], [-118.343326, 44.832369], [-118.343158, 44.832761], [-118.342999, 44.832868], [-118.343005, 44.833259], [-118.343161, 44.833428], [-118.343164, 44.833932], [-118.343072, 44.834092], [-118.342988, 44.834164], [-118.342054, 44.834373], [-118.341828, 44.834488], [-118.341351, 44.834543], [-118.34079, 44.834769], [-118.339717, 44.835309], [-118.330205, 44.837851], [-118.327701, 44.838388], [-118.32739108, 44.83843977]]]}, "properties": {"zone_name": "US-OR-GRA-GRN-043-E", "level": 3, "fire_name": "No named fire", "county": "Grant", "addresses": 1, "unmatched_addresses": 0, "unmatched_fraction_pct": 22.8, "geometry_source": "cached", "geometry_cache_age_days": 0, "overlapping_zips": [{"zip": "97877", "fraction_pct": 77.2}]}}, {"type": "Feature", "geometry": {"type": "Polygon", "coordinates": [[[-118.23782709, 44.76497643], [-118.23806801, 44.76497382], [-118.23815888, 44.76486481], [-118.23820987, 44.76475624], [-118.23824744, 44.76446328], [-118.23815599, 44.76389716], [-118.2382004, 44.76373915], [-118.238993, 44.7628389], [-118.245027, 44.765392], [-118.2452291, 44.76547463], [-118.245962, 44.765717], [-118.246545, 44.765825], [-118.247429, 44.765818], [-118.249641, 44.765078], [-118.251117, 44.764556], [-118.254331, 44.764215], [-118.25689213, 44.76447548], [-118.257709, 44.764586], [-118.258857, 44.765122], [-118.25988, 44.765523], [-118.262326, 44.767143], [-118.262811, 44.767676], [-118.263688, 44.769166], [-118.2634061, 44.76935477], [-118.26331537, 44.7694863], [-118.26324328, 44.76976615], [-118.26323287, 44.77001381], [-118.26315803, 44.77016766], [-118.26271134, 44.77047416], [-118.26250293, 44.770697], [-118.26249783, 44.77109763], [-118.26280704, 44.77135076], [-118.26332208, 44.77153411], [-118.26383546, 44.77151493], [-118.26403479, 44.77127418], [-118.26472972, 44.77099644], [-118.26511844, 44.77094713], [-118.26554889, 44.77103688], [-118.26593245, 44.77122167], [-118.26634396, 44.77132963], [-118.2667586, 44.77159959], [-118.26733464, 44.77188125], [-118.26777252, 44.77185839], [-118.26791477, 44.77169929], [-118.26796888, 44.77150065], [-118.26803966, 44.77139634], [-118.26815258, 44.77134108], [-118.26840971, 44.77141474], [-118.26878904, 44.77158606], [-118.26924674, 44.77181953], [-118.2694401, 44.77197491], [-118.26965855, 44.77194098], [-118.26985824, 44.77171822], [-118.2701063, 44.77152192], [-118.2710312, 44.77144863], [-118.27128785, 44.77137376], [-118.27156877, 44.77112759], [-118.2714903, 44.77088092], [-118.27148685, 44.77072343], [-118.27168387, 44.77037917], [-118.2717272, 44.77019415], [-118.2718492, 44.77004877], [-118.27208422, 44.77006866], [-118.27222724, 44.77017959], [-118.27225251, 44.77034134], [-118.27221797, 44.7707648], [-118.27228006, 44.77093064], [-118.27230266, 44.77129496], [-118.27218056, 44.7717239], [-118.2722397, 44.77308699], [-118.27242251, 44.77342702], [-118.27242597, 44.77358451], [-118.27222648, 44.77381628], [-118.27167329, 44.77389445], [-118.27135415, 44.77400152], [-118.27066178, 44.77439629], [-118.27017117, 44.77455477], [-118.26948579, 44.77472892], [-118.26902222, 44.7749141], [-118.26861827, 44.77513462], [-118.26815873, 44.77550429], [-118.26796079, 44.77580804], [-118.26755791, 44.77741481], [-118.26741495, 44.77756042], [-118.26715364, 44.77763983], [-118.26699489, 44.77773161], [-118.26678075, 44.77794552], [-118.26623322, 44.77830266], [-118.2661643, 44.77849246], [-118.26660802, 44.77873508], [-118.26698135, 44.77911802], [-118.26725231, 44.77947958], [-118.26793726, 44.78072772], [-118.26811147, 44.7813604], [-118.26808825, 44.78163521], [-118.26815034, 44.78180105], [-118.26858432, 44.78226432], [-118.26990209, 44.78347392], [-118.27037065, 44.78378377], [-118.27071008, 44.78393302], [-118.27159785, 44.78444524], [-118.27215746, 44.78463705], [-118.27336052, 44.78552832], [-118.27371903, 44.7858979], [-118.27530603, 44.7869649], [-118.27554211, 44.78706578], [-118.27570285, 44.78708199], [-118.27590971, 44.7871832], [-118.27608056, 44.78764038], [-118.27660192, 44.78808464], [-118.27691296, 44.78828821], [-118.27741387, 44.78846714], [-118.27756367, 44.788632], [-118.27753931, 44.78885281], [-118.27732358, 44.78901275], [-118.27715126, 44.78981582], [-118.27700999, 44.79003794], [-118.27700688, 44.79056007], [-118.2769512, 44.79068672], [-118.27677782, 44.79077867], [-118.27650125, 44.79081327], [-118.27572147, 44.79058343], [-118.27535148, 44.79035802], [-118.27499738, 44.79020894], [-118.2745564, 44.79007883], [-118.27423352, 44.79001942], [-118.27392367, 44.78988785], [-118.27306205, 44.78924033], [-118.27276771, 44.78914909], [-118.27228497, 44.78911396], [-118.27197632, 44.78903638], [-118.27074624, 44.78891504], [-118.26894725, 44.78848494], [-118.26877989, 44.78852731], [-118.26852187, 44.78875972], [-118.26833279, 44.78880232], [-118.26754456, 44.78883357], [-118.26742923, 44.78890686], [-118.26732482, 44.78947963], [-118.26721116, 44.78962941], [-118.26669069, 44.78987373], [-118.266634, 44.78995537], [-118.26667169, 44.79034202], [-118.26661599, 44.79046866], [-118.26631382, 44.79068805], [-118.26627342, 44.79084603], [-118.26635013, 44.79101171], [-118.26637448, 44.79145702], [-118.26632064, 44.79166916], [-118.26670165, 44.79225454], [-118.26680473, 44.79232541], [-118.26767463, 44.79277485], [-118.26823362, 44.79293518], [-118.26858554, 44.79300329], [-118.26876298, 44.79309584], [-118.26881047, 44.79326184], [-118.26869264, 44.79388876], [-118.26865973, 44.79438872], [-118.26904947, 44.79482997], [-118.26964323, 44.79525996], [-118.26966357, 44.79552078], [-118.26920742, 44.79603444], [-118.26896222, 44.79618569], [-118.26880283, 44.79625047], [-118.2682202, 44.79632895], [-118.26800373, 44.79645738], [-118.26765996, 44.79678075], [-118.26748664, 44.79687719], [-118.26709292, 44.79690406], [-118.26691842, 44.7969465], [-118.26687733, 44.79707298], [-118.26690031, 44.79745529], [-118.26680617, 44.7978299], [-118.26660618, 44.79804366], [-118.26600107, 44.79843293], [-118.26594556, 44.79856857], [-118.26606158, 44.79876082], [-118.26677181, 44.79893299], [-118.26781072, 44.79893947], [-118.26827378, 44.79897484], [-118.2687882, 44.79904564], [-118.26950851, 44.79919067], [-118.27034833, 44.79941539], [-118.27041025, 44.79957223], [-118.27033025, 44.79992418], [-118.27048036, 44.80010254], [-118.27096772, 44.80034467], [-118.27188726, 44.80096005], [-118.27223006, 44.80125779], [-118.27271152, 44.80189605], [-118.27287982, 44.80223624], [-118.2732652, 44.80247499], [-118.27404493, 44.80271385], [-118.27466803, 44.80301746], [-118.27578169, 44.80325708], [-118.27623081, 44.80375165], [-118.27655675, 44.80394605], [-118.27664832, 44.80412056], [-118.27661965, 44.8048095], [-118.27641159, 44.80532042], [-118.27581362, 44.80603372], [-118.27583141, 44.80617755], [-118.27590708, 44.80629373], [-118.27605425, 44.8063551], [-118.27753999, 44.80611796], [-118.27800914, 44.80617572], [-118.27850624, 44.80619267], [-118.27864167, 44.80636669], [-118.27867339, 44.80647885], [-118.27785488, 44.80713612], [-118.27740788, 44.80742017], [-118.2772074, 44.80761144], [-118.27695132, 44.80791586], [-118.27666372, 44.80813511], [-118.27656536, 44.80831624], [-118.27654049, 44.80851456], [-118.27662446, 44.80873866], [-118.27673283, 44.80888598], [-118.27711353, 44.80916078], [-118.27724118, 44.80950141], [-118.27734585, 44.81016186], [-118.27768142, 44.81043266], [-118.27783603, 44.81063347], [-118.27780558, 44.81129543], [-118.27791366, 44.81144725], [-118.27795521, 44.81196887], [-118.27829, 44.81218567], [-118.27855011, 44.81242131], [-118.27869349, 44.81281127], [-118.27897071, 44.81314123], [-118.27915297, 44.81323371], [-118.27918638, 44.81340436], [-118.27963483, 44.81400695], [-118.27971498, 44.8142536], [-118.27963046, 44.81448859], [-118.27945257, 44.8145761], [-118.27916629, 44.81451629], [-118.27836997, 44.81419664], [-118.2775449, 44.81375578], [-118.27719489, 44.81351215], [-118.27641016, 44.81328687], [-118.27609099, 44.8130969], [-118.27571443, 44.81302909], [-118.27540031, 44.8130506], [-118.27522232, 44.81315161], [-118.27449998, 44.81371326], [-118.27430568, 44.81373793], [-118.27394305, 44.81360245], [-118.27359811, 44.8136063], [-118.273527, 44.81378712], [-118.27351792, 44.81405727], [-118.27338902, 44.81432425], [-118.27289858, 44.81452325], [-118.27233227, 44.81468709], [-118.27226085, 44.81483641], [-118.27212454, 44.81546804], [-118.27104563, 44.81617317], [-118.270674, 44.81633033], [-118.2700309, 44.81708461], [-118.26985742, 44.81737459], [-118.26952065, 44.81775189], [-118.26932841, 44.81787105], [-118.26916323, 44.81787288], [-118.26905783, 44.81784255], [-118.2689881, 44.81740224], [-118.26886206, 44.81711559], [-118.26864622, 44.81686144], [-118.26843344, 44.81672878], [-118.26808858, 44.8167191], [-118.26789712, 44.81689226], [-118.26791706, 44.81711708], [-118.26753236, 44.81758043], [-118.2673803, 44.8180547], [-118.26733068, 44.81846032], [-118.26722921, 44.81882601], [-118.26702362, 44.8188598], [-118.26676754, 44.81907867], [-118.26640833, 44.81929869], [-118.26620284, 44.81933697], [-118.26594597, 44.81944784], [-118.26532903, 44.81948618], [-118.26487697, 44.81934715], [-118.26415727, 44.81866199], [-118.26331781, 44.8182842], [-118.26305969, 44.81813853], [-118.26233953, 44.81806547], [-118.26218542, 44.81806717], [-118.26182533, 44.81813866], [-118.26136461, 44.81858033], [-118.26096684, 44.81882776], [-118.26074709, 44.81906422], [-118.26085561, 44.81992718], [-118.26092457, 44.82102462], [-118.26069588, 44.82154023], [-118.26070283, 44.82185971], [-118.26064698, 44.82205386], [-118.26014396, 44.82236996], [-118.25977138, 44.82246859], [-118.25948479, 44.82239523], [-118.2592093, 44.82214172], [-118.25906689, 44.82182848], [-118.25889658, 44.82130223], [-118.25887859, 44.82101996], [-118.2587583, 44.82076621], [-118.25832313, 44.82014796], [-118.25815531, 44.82000061], [-118.25792454, 44.81960841], [-118.25797834, 44.81931977], [-118.25799791, 44.81883797], [-118.25790322, 44.81862747], [-118.25775179, 44.81855263], [-118.25738535, 44.8182596], [-118.25696635, 44.81760259], [-118.25704491, 44.81708864], [-118.25703583, 44.81667016], [-118.25717582, 44.81620054], [-118.25732001, 44.81594241], [-118.25707293, 44.81561207], [-118.25692181, 44.81555072], [-118.25661914, 44.81551804], [-118.2564133, 44.81541228], [-118.25564096, 44.81522723], [-118.25368551, 44.81497865], [-118.25341798, 44.8150896], [-118.25304435, 44.81515671], [-118.25292629, 44.81523452], [-118.25291351, 44.81533818], [-118.25280957, 44.81539333], [-118.25269033, 44.81541714], [-118.25256856, 44.81534196], [-118.25233311, 44.81485395], [-118.25217392, 44.81441912], [-118.25221205, 44.81409914], [-118.2524216, 44.81339022], [-118.25244268, 44.81297591], [-118.25239345, 44.81278292], [-118.25202843, 44.81255288], [-118.25196653, 44.81246804], [-118.25196283, 44.81229705], [-118.25204766, 44.81205307], [-118.25222189, 44.81179462], [-118.25230458, 44.81145165], [-118.25186936, 44.81089832], [-118.25173876, 44.81094476], [-118.25103687, 44.81061488], [-118.25043361, 44.81022092], [-118.2503257, 44.81007358], [-118.2503897, 44.80955978], [-118.25034058, 44.80937129], [-118.2501886, 44.80928744], [-118.2498746, 44.80931338], [-118.24961715, 44.80919468], [-118.24923313, 44.80894732], [-118.249662, 44.808491], [-118.249969, 44.808252], [-118.250566, 44.808078], [-118.251057, 44.808089], [-118.251609, 44.807839], [-118.252942, 44.80773], [-118.254811, 44.807067], [-118.255762, 44.806338], [-118.256359, 44.805153], [-118.256651, 44.803946], [-118.256298, 44.803609], [-118.255762, 44.803413], [-118.254413, 44.803598], [-118.254122, 44.803446], [-118.253754, 44.802978], [-118.253402, 44.802859], [-118.252681, 44.802804], [-118.252543, 44.802543], [-118.253049, 44.801064], [-118.253892, 44.799977], [-118.25452, 44.799161], [-118.25452, 44.798683], [-118.253907, 44.797726], [-118.253509, 44.797356], [-118.253417, 44.797106], [-118.252896, 44.796976], [-118.252666, 44.797106], [-118.251685, 44.797258], [-118.251057, 44.797585], [-118.24957, 44.796628], [-118.249218, 44.79653], [-118.248957, 44.79666], [-118.248789, 44.79703], [-118.247976, 44.797095], [-118.247762, 44.796812], [-118.247379, 44.796584], [-118.247134, 44.796258], [-118.246183, 44.79641], [-118.245831, 44.79641], [-118.245785, 44.795877], [-118.245662, 44.795551], [-118.245636, 44.795048], [-118.245927, 44.794853], [-118.24631, 44.794352], [-118.246448, 44.793765], [-118.246755, 44.793221], [-118.247245, 44.793069], [-118.247644, 44.793026], [-118.248027, 44.792732], [-118.248778, 44.792569], [-118.249498, 44.792134], [-118.25054, 44.791536], [-118.250509, 44.791307], [-118.249835, 44.791046], [-118.249421, 44.790709], [-118.249437, 44.790024], [-118.249927, 44.789284], [-118.250295, 44.788392], [-118.250295, 44.787925], [-118.249942, 44.787631], [-118.249804, 44.787272], [-118.249559, 44.786685], [-118.248824, 44.786293], [-118.248364, 44.785891], [-118.248057, 44.78514], [-118.24795, 44.78464], [-118.247981, 44.78427], [-118.248226, 44.783922], [-118.24841, 44.783748], [-118.248226, 44.783324], [-118.247858, 44.782987], [-118.247521, 44.782997], [-118.247429, 44.7834], [-118.24749, 44.783683], [-118.246571, 44.784053], [-118.245621, 44.785205], [-118.245176, 44.785467], [-118.244686, 44.785434], [-118.244349, 44.785554], [-118.243935, 44.78576], [-118.243828, 44.785543], [-118.24415, 44.784868], [-118.244732, 44.784259], [-118.244854, 44.783824], [-118.244456, 44.782954], [-118.244165, 44.782736], [-118.244333, 44.782367], [-118.244226, 44.782116], [-118.243337, 44.780844], [-118.243322, 44.780267], [-118.243537, 44.779593], [-118.243153, 44.778755], [-118.242479, 44.777809], [-118.241743, 44.777025], [-118.241468, 44.776634], [-118.241069, 44.776329], [-118.240732, 44.775709], [-118.240701, 44.775481], [-118.240441, 44.775361], [-118.239966, 44.775568], [-118.239445, 44.775796], [-118.239261, 44.775611], [-118.239491, 44.775361], [-118.239889, 44.774317], [-118.239935, 44.77288], [-118.239813, 44.772489], [-118.238908, 44.771999], [-118.238541, 44.771738], [-118.238065, 44.77151], [-118.237376, 44.770596], [-118.237008, 44.770433], [-118.236334, 44.770476], [-118.236242, 44.771042], [-118.23592, 44.771194], [-118.23569, 44.771009], [-118.235552, 44.770661], [-118.235644, 44.770161], [-118.235966, 44.769802], [-118.236441, 44.769442], [-118.236578, 44.769146], [-118.236578, 44.768352], [-118.236885, 44.767732], [-118.23713, 44.767133], [-118.237283, 44.766513], [-118.237421, 44.766121], [-118.237375, 44.765621], [-118.237559, 44.765262], [-118.23782709, 44.76497643]]]}, "properties": {"zone_name": "US-OR-BAK-BAB-1347-B", "level": 3, "fire_name": "No named fire", "county": "Baker", "addresses": 1, "unmatched_addresses": 1, "unmatched_fraction_pct": 79.1, "geometry_source": "cached", "geometry_cache_age_days": 0, "overlapping_zips": [{"zip": "97877", "fraction_pct": 20.9}]}}, {"type": "Feature", "geometry": {"type": "Polygon", "coordinates": [[[-118.29481096, 44.85943599], [-118.29495303, 44.85986503], [-118.29545294, 44.86046505], [-118.29585306, 44.86106508], [-118.29625303, 44.861865], [-118.29615308, 44.86266492], [-118.29545294, 44.863165], [-118.29445295, 44.86376502], [-118.29315295, 44.86436505], [-118.29245298, 44.86476501], [-118.29145299, 44.86536503], [-118.29075302, 44.86616496], [-118.28995293, 44.86656492], [-118.28915301, 44.86636502], [-118.28805308, 44.865765], [-118.286253, 44.86536503], [-118.28545308, 44.86536503], [-118.28405296, 44.86536503], [-118.28315293, 44.86536503], [-118.28265302, 44.86536503], [-118.28125307, 44.865765], [-118.28108293, 44.865826], [-118.28070001, 44.86596005], [-118.28069866, 44.86596053], [-118.28072618, 44.86593361], [-118.28069109, 44.86571474], [-118.28039632, 44.8656849], [-118.27983913, 44.86566997], [-118.27952331, 44.86561526], [-118.27882149, 44.86533173], [-118.27807756, 44.86501337], [-118.27715116, 44.86456071], [-118.2763581, 44.86438163], [-118.27510184, 44.86437168], [-118.27461758, 44.86437666], [-118.27367714, 44.86431696], [-118.27334783, 44.86434563], [-118.274042, 44.863991], [-118.27488063, 44.86392884], [-118.2759369, 44.86368302], [-118.278377, 44.863278], [-118.279663, 44.862729], [-118.27967146, 44.86261396], [-118.27968727, 44.86239888], [-118.27924242, 44.8620483], [-118.27839652, 44.86228113], [-118.27622186, 44.86214957], [-118.27582124, 44.86197402], [-118.27480651, 44.86198534], [-118.27444549, 44.86190463], [-118.27441848, 44.86097722], [-118.27473779, 44.86069359], [-118.274811, 44.86028], [-118.274297, 44.859914], [-118.274233, 44.859617], [-118.273944, 44.859342], [-118.27339598, 44.85904967], [-118.272819, 44.858908], [-118.272498, 44.858999], [-118.272016, 44.858633], [-118.271759, 44.858016], [-118.270988, 44.857467], [-118.270796, 44.856689], [-118.27021324, 44.85632112], [-118.2688205, 44.8555931], [-118.268774, 44.855505], [-118.2660379, 44.8534739], [-118.265239, 44.852412], [-118.26254, 44.851199], [-118.262412, 44.85097], [-118.260998, 44.849872], [-118.260452, 44.848569], [-118.259586, 44.847951], [-118.258688, 44.845596], [-118.257949, 44.844247], [-118.25756926, 44.84401691], [-118.255638, 44.841959], [-118.25551, 44.841205], [-118.254932, 44.84077], [-118.254418, 44.84061], [-118.253841, 44.839718], [-118.252299, 44.83862], [-118.251657, 44.83862], [-118.250934, 44.838774], [-118.250206, 44.838253], [-118.24953, 44.837178], [-118.2486822, 44.83630471], [-118.247664, 44.835008], [-118.247599, 44.834459], [-118.247212, 44.83359], [-118.247212, 44.833156], [-118.246084, 44.829842], [-118.245698, 44.828927], [-118.245697, 44.828606], [-118.243637, 44.825887], [-118.241323, 44.824311], [-118.24081049, 44.82409986], [-118.2395448, 44.8235539], [-118.237595, 44.822415], [-118.235666, 44.821021], [-118.232161, 44.816702], [-118.231487, 44.81629], [-118.22928477, 44.81563179], [-118.227118, 44.815194], [-118.225126, 44.814372], [-118.224258, 44.813915], [-118.223455, 44.813184], [-118.222298, 44.812475], [-118.220692, 44.811996], [-118.219889, 44.811996], [-118.216515, 44.811471], [-118.21893658, 44.81165981], [-118.219405, 44.8116278], [-118.22005365, 44.81152185], [-118.22031465, 44.81136154], [-118.22097678, 44.81086387], [-118.22129093, 44.81069397], [-118.22165334, 44.81056407], [-118.22225428, 44.81044512], [-118.22329988, 44.8103304], [-118.22393738, 44.81042709], [-118.22416228, 44.8105597], [-118.22438928, 44.8107733], [-118.22451992, 44.81095193], [-118.22472922, 44.81107571], [-118.2252375, 44.81107926], [-118.22637729, 44.81091399], [-118.22680428, 44.81079238], [-118.22807776, 44.81054014], [-118.22830779, 44.81028112], [-118.22828821, 44.81004729], [-118.22853579, 44.80957204], [-118.22899741, 44.80935103], [-118.22956256, 44.80924143], [-118.22992142, 44.80905753], [-118.23022846, 44.80883368], [-118.23048495, 44.80872289], [-118.23156416, 44.80849972], [-118.23192262, 44.80831582], [-118.23212702, 44.80809757], [-118.23309927, 44.80739845], [-118.23413962, 44.80689211], [-118.23436897, 44.8067141], [-118.23456465, 44.80651395], [-118.23506843, 44.80577037], [-118.23511907, 44.8056438], [-118.235257, 44.80555229], [-118.23546449, 44.80559055], [-118.23563244, 44.80566524], [-118.23662726, 44.8063791], [-118.2367394, 44.80663444], [-118.23689633, 44.80682177], [-118.23723159, 44.80708819], [-118.23798099, 44.80750314], [-118.23823655, 44.80759038], [-118.23842231, 44.8077954], [-118.23897191, 44.80806849], [-118.23928169, 44.80815964], [-118.23944736, 44.80827487], [-118.23945179, 44.80848186], [-118.23938527, 44.80875263], [-118.23939105, 44.80902261], [-118.23926923, 44.80925798], [-118.23940049, 44.80946359], [-118.23955681, 44.80952941], [-118.2401155, 44.80945132], [-118.24032183, 44.80945358], [-118.24052654, 44.80934334], [-118.24078338, 44.80926854], [-118.24114332, 44.80922862], [-118.24145236, 44.80926576], [-118.24181351, 44.80937435], [-118.24205889, 44.80950221], [-118.2425346, 44.80944302], [-118.24295565, 44.80945194], [-118.24339575, 44.80950116], [-118.24372428, 44.80967311], [-118.24419308, 44.80982553], [-118.244653, 44.81015357], [-118.24483551, 44.81020559], [-118.24510675, 44.81017563], [-118.24531796, 44.80988978], [-118.24548084, 44.8098745], [-118.24568103, 44.80992182], [-118.24586411, 44.81000084], [-118.24619492, 44.8104068], [-118.24663553, 44.81068104], [-118.24681622, 44.81059355], [-118.24686684, 44.81048498], [-118.24709886, 44.8102484], [-118.24728213, 44.80989534], [-118.2472376, 44.80960777], [-118.24730698, 44.80926945], [-118.24783273, 44.80902066], [-118.24798683, 44.80898297], [-118.24850086, 44.80890534], [-118.24914307, 44.80888931], [-118.24961715, 44.80919468], [-118.2498746, 44.80931338], [-118.2501886, 44.80928744], [-118.25034058, 44.80937129], [-118.2503897, 44.80955978], [-118.2503257, 44.81007358], [-118.25043361, 44.81022092], [-118.25103687, 44.81061488], [-118.25173876, 44.81094476], [-118.25186936, 44.81089832], [-118.25230458, 44.81145165], [-118.25222189, 44.81179462], [-118.25204766, 44.81205307], [-118.25196283, 44.81229705], [-118.25196653, 44.81246804], [-118.25202843, 44.81255288], [-118.25239345, 44.81278292], [-118.25244268, 44.81297591], [-118.2524216, 44.81339022], [-118.25221205, 44.81409914], [-118.25217392, 44.81441912], [-118.25233311, 44.81485395], [-118.25256856, 44.81534196], [-118.25269033, 44.81541714], [-118.25280957, 44.81539333], [-118.25291351, 44.81533818], [-118.25292629, 44.81523452], [-118.25304435, 44.81515671], [-118.25341798, 44.8150896], [-118.25368551, 44.81497865], [-118.25564096, 44.81522723], [-118.2564133, 44.81541228], [-118.25661914, 44.81551804], [-118.25692181, 44.81555072], [-118.25707293, 44.81561207], [-118.25732001, 44.81594241], [-118.25717582, 44.81620054], [-118.25703583, 44.81667016], [-118.25704491, 44.81708864], [-118.25696635, 44.81760259], [-118.25738535, 44.8182596], [-118.25775179, 44.81855263], [-118.25790322, 44.81862747], [-118.25799791, 44.81883797], [-118.25797834, 44.81931977], [-118.25792454, 44.81960841], [-118.25815531, 44.82000061], [-118.25832313, 44.82014796], [-118.2587583, 44.82076621], [-118.25887859, 44.82101996], [-118.25889658, 44.82130223], [-118.25906689, 44.82182848], [-118.2592093, 44.82214172], [-118.25948479, 44.82239523], [-118.25977138, 44.82246859], [-118.26014396, 44.82236996], [-118.26064698, 44.82205386], [-118.26070283, 44.82185971], [-118.26069588, 44.82154023], [-118.26092457, 44.82102462], [-118.26085561, 44.81992718], [-118.26074709, 44.81906422], [-118.26096684, 44.81882776], [-118.26136461, 44.81858033], [-118.26182533, 44.81813866], [-118.26218542, 44.81806717], [-118.26233953, 44.81806547], [-118.26305969, 44.81813853], [-118.26331781, 44.8182842], [-118.26415727, 44.81866199], [-118.26487697, 44.81934715], [-118.26532903, 44.81948618], [-118.26594597, 44.81944784], [-118.26620284, 44.81933697], [-118.26640833, 44.81929869], [-118.26676754, 44.81907867], [-118.26702362, 44.8188598], [-118.26722921, 44.81882601], [-118.26733068, 44.81846032], [-118.2673803, 44.8180547], [-118.26753236, 44.81758043], [-118.26791706, 44.81711708], [-118.26789712, 44.81689226], [-118.26808858, 44.8167191], [-118.26843344, 44.81672878], [-118.26864622, 44.81686144], [-118.26886206, 44.81711559], [-118.2689881, 44.81740224], [-118.26905783, 44.81784255], [-118.26916323, 44.81787288], [-118.26932841, 44.81787105], [-118.26952065, 44.81775189], [-118.26985742, 44.81737459], [-118.2700309, 44.81708461], [-118.270674, 44.81633033], [-118.27104563, 44.81617317], [-118.27212454, 44.81546804], [-118.27226085, 44.81483641], [-118.27233227, 44.81468709], [-118.27289858, 44.81452325], [-118.27338902, 44.81432425], [-118.27351792, 44.81405727], [-118.273527, 44.81378712], [-118.27359811, 44.8136063], [-118.27394305, 44.81360245], [-118.27430568, 44.81373793], [-118.27449998, 44.81371326], [-118.27522232, 44.81315161], [-118.27540031, 44.8130506], [-118.27571443, 44.81302909], [-118.27609099, 44.8130969], [-118.27641016, 44.81328687], [-118.27719489, 44.81351215], [-118.2775449, 44.81375578], [-118.27836997, 44.81419664], [-118.27916629, 44.81451629], [-118.27945257, 44.8145761], [-118.27963046, 44.81448859], [-118.27971498, 44.8142536], [-118.27963483, 44.81400695], [-118.27918638, 44.81340436], [-118.27915297, 44.81323371], [-118.27897071, 44.81314123], [-118.27869349, 44.81281127], [-118.27855011, 44.81242131], [-118.27829, 44.81218567], [-118.27795521, 44.81196887], [-118.27791366, 44.81144725], [-118.27780558, 44.81129543], [-118.27783603, 44.81063347], [-118.27768142, 44.81043266], [-118.27734585, 44.81016186], [-118.27724118, 44.80950141], [-118.27711353, 44.80916078], [-118.27673283, 44.80888598], [-118.27662446, 44.80873866], [-118.27654049, 44.80851456], [-118.27656536, 44.80831624], [-118.27666372, 44.80813511], [-118.27695132, 44.80791586], [-118.2772074, 44.80761144], [-118.27740788, 44.80742017], [-118.27785488, 44.80713612], [-118.27867339, 44.80647885], [-118.27864167, 44.80636669], [-118.27850624, 44.80619267], [-118.2789023, 44.80625125], [-118.27956566, 44.80651387], [-118.28151749, 44.80687458], [-118.28213332, 44.80695318], [-118.28298076, 44.80694367], [-118.28340537, 44.80697041], [-118.28380285, 44.80710998], [-118.28401029, 44.80723367], [-118.28427341, 44.80723071], [-118.28463956, 44.80727611], [-118.28558941, 44.80801706], [-118.28600377, 44.80845348], [-118.28621615, 44.80931525], [-118.2865248, 44.80924426], [-118.28675143, 44.80903917], [-118.28679395, 44.80885416], [-118.28664255, 44.80817624], [-118.28648822, 44.80798895], [-118.2864035, 44.80771535], [-118.2863857, 44.8069144], [-118.28644117, 44.80677876], [-118.28677139, 44.80652299], [-118.28707606, 44.80641604], [-118.28738333, 44.80642609], [-118.28745801, 44.80649726], [-118.28714173, 44.80673936], [-118.28705772, 44.80690684], [-118.28715633, 44.80739632], [-118.28730845, 44.80778617], [-118.28754155, 44.80815712], [-118.28765395, 44.80848441], [-118.28789757, 44.8086527], [-118.2882614, 44.80884213], [-118.28852157, 44.80914815], [-118.28859412, 44.8094086], [-118.2884653, 44.80968504], [-118.28846074, 44.80983725], [-118.28860332, 44.8100535], [-118.28917876, 44.81030355], [-118.28960096, 44.81041581], [-118.28990494, 44.81059691], [-118.29008168, 44.81099099], [-118.29020164, 44.81112466], [-118.29018994, 44.81127332], [-118.29002719, 44.81138318], [-118.28977534, 44.81146703], [-118.28907781, 44.81157392], [-118.28739758, 44.81247052], [-118.28721801, 44.81248154], [-118.28689973, 44.81242211], [-118.28636248, 44.81245067], [-118.2861848, 44.81254718], [-118.28602904, 44.81295401], [-118.28625074, 44.81348711], [-118.28727975, 44.81458273], [-118.28758966, 44.81502932], [-118.28775773, 44.81517595], [-118.28809567, 44.81519465], [-118.28848056, 44.81531633], [-118.28881601, 44.81556009], [-118.28901532, 44.81576038], [-118.28910871, 44.81590785], [-118.28916188, 44.81628982], [-118.2895502, 44.81688405], [-118.2899174, 44.81722197], [-118.29052244, 44.81744918], [-118.29061635, 44.81761915], [-118.29093656, 44.81774606], [-118.29138668, 44.817867], [-118.29251559, 44.81831332], [-118.29267651, 44.818298], [-118.29273606, 44.81823881], [-118.29196417, 44.81754991], [-118.29187046, 44.81737094], [-118.29178895, 44.81708381], [-118.29155819, 44.81682087], [-118.29144475, 44.81644858], [-118.29134514, 44.81467639], [-118.29138667, 44.81451839], [-118.29156394, 44.81438587], [-118.29246394, 44.8144072], [-118.29286976, 44.81445662], [-118.29319898, 44.81442139], [-118.29355452, 44.81423733], [-118.29433644, 44.81366138], [-118.29463039, 44.8133925], [-118.29483306, 44.81307065], [-118.29472352, 44.81285585], [-118.2947204, 44.81271636], [-118.29487258, 44.81215203], [-118.29493024, 44.81137274], [-118.29489631, 44.81052697], [-118.29505398, 44.81056906], [-118.29505398, 44.81146993], [-118.29495403, 44.81216806], [-118.29495403, 44.81286804], [-118.29495403, 44.81296799], [-118.29505398, 44.81306793], [-118.29515393, 44.813268], [-118.29555405, 44.81396797], [-118.29555405, 44.81466795], [-118.29585407, 44.81576805], [-118.29625403, 44.81608795], [-118.29635398, 44.81616801], [-118.29687495, 44.81620795], [-118.29792006, 44.81628801], [-118.29895397, 44.81636807], [-118.30015402, 44.81646802], [-118.30135407, 44.81666708], [-118.30265407, 44.81706704], [-118.30325393, 44.81766707], [-118.30415397, 44.81846699], [-118.30465404, 44.81856694], [-118.30605399, 44.81866705], [-118.30705397, 44.81896707], [-118.30755405, 44.81976699], [-118.30715392, 44.82036701], [-118.30695403, 44.82096704], [-118.30745394, 44.821367], [-118.30815408, 44.82126705], [-118.30915406, 44.82126705], [-118.30955402, 44.82156706], [-118.31055401, 44.82246693], [-118.31115403, 44.822667], [-118.31115403, 44.82306696], [-118.31065396, 44.82346692], [-118.31095397, 44.82426701], [-118.31055401, 44.82476708], [-118.31005393, 44.82506693], [-118.30975392, 44.82596697], [-118.30935396, 44.82716702], [-118.30880307, 44.82811101], [-118.30865399, 44.82836707], [-118.30875393, 44.82936705], [-118.30845392, 44.82996708], [-118.30828394, 44.83039094], [-118.30825402, 44.83046699], [-118.30825402, 44.83066705], [-118.30885405, 44.83086695], [-118.31015405, 44.83126707], [-118.31145405, 44.83176698], [-118.31255398, 44.83226706], [-118.31395393, 44.83276697], [-118.315754, 44.83306698], [-118.31655392, 44.83366701], [-118.31745396, 44.83446693], [-118.31795404, 44.83516707], [-118.31845395, 44.83566698], [-118.31865401, 44.83596699], [-118.31885407, 44.83606694], [-118.31895402, 44.836267], [-118.31855406, 44.83636695], [-118.31775397, 44.83656702], [-118.31665404, 44.83686703], [-118.315754, 44.83726699], [-118.314454, 44.83806708], [-118.31395393, 44.83846604], [-118.31295394, 44.83936607], [-118.31215402, 44.840166], [-118.31135393, 44.84056596], [-118.31005393, 44.84086597], [-118.30885405, 44.84126593], [-118.30745394, 44.84296606], [-118.30735399, 44.843066], [-118.30725404, 44.843066], [-118.30715392, 44.84316595], [-118.30705397, 44.84356608], [-118.30695403, 44.84366603], [-118.30655407, 44.84406599], [-118.30655407, 44.84476596], [-118.30675396, 44.84576595], [-118.30665401, 44.84676593], [-118.30595404, 44.84706595], [-118.30525407, 44.84736596], [-118.30295408, 44.848266], [-118.30195393, 44.84866596], [-118.30115401, 44.84916503], [-118.30005407, 44.85006507], [-118.29895397, 44.85046503], [-118.29765397, 44.85126495], [-118.29665399, 44.85186498], [-118.29545394, 44.85226494], [-118.29455407, 44.85266507], [-118.29425406, 44.85276501], [-118.29375398, 44.85296508], [-118.29365403, 44.85306503], [-118.29395404, 44.85356494], [-118.29425406, 44.85436502], [-118.29445395, 44.85526506], [-118.29445395, 44.85586492], [-118.29505398, 44.85646494], [-118.29505398, 44.85746493], [-118.29455407, 44.85826502], [-118.29465402, 44.85896499], [-118.29481096, 44.85943599]]]}, "properties": {"zone_name": "US-OR-BAK-SMT-McCullyForkHeadwaters", "level": 3, "fire_name": "No named fire", "county": "Baker", "addresses": 7, "unmatched_addresses": 1, "unmatched_fraction_pct": 8.1, "geometry_source": "cached", "geometry_cache_age_days": 0, "overlapping_zips": [{"zip": "97877", "fraction_pct": 91.9}]}}, {"type": "Feature", "geometry": {"type": "Polygon", "coordinates": [[[-118.28021799, 44.86613303], [-118.27984193, 44.86626507], [-118.27904702, 44.86646296], [-118.27795594, 44.86666202], [-118.27656201, 44.86676097], [-118.27576794, 44.86676097], [-118.27377198, 44.86725603], [-118.27337904, 44.86764797], [-118.27209592, 44.86814704], [-118.27172504, 44.86825802], [-118.27138793, 44.86834494], [-118.270882, 44.86864796], [-118.26987299, 44.86895499], [-118.26917402, 44.86925801], [-118.26816601, 44.86936297], [-118.26806105, 44.86936297], [-118.26785998, 44.86936297], [-118.26776404, 44.86936297], [-118.26766293, 44.86936598], [-118.26746203, 44.86936598], [-118.267157, 44.86896401], [-118.26694707, 44.86845892], [-118.266446, 44.86808403], [-118.26625295, 44.86796403], [-118.26587104, 44.86796002], [-118.26535208, 44.86796503], [-118.264852, 44.86766502], [-118.26475205, 44.86676498], [-118.26345205, 44.86636502], [-118.26285203, 44.86626507], [-118.26175193, 44.86616496], [-118.26155203, 44.86596506], [-118.26115207, 44.86556493], [-118.26005197, 44.86486496], [-118.25945194, 44.86436505], [-118.25875197, 44.86396492], [-118.258052, 44.86356496], [-118.25765204, 44.86346501], [-118.25685195, 44.86366508], [-118.25595208, 44.86416499], [-118.25495192, 44.864465], [-118.25425195, 44.86476501], [-118.254152, 44.86486496], [-118.25405205, 44.86496507], [-118.25395194, 44.86496507], [-118.25385801, 44.86501204], [-118.25375204, 44.86506502], [-118.25345203, 44.86506502], [-118.25315202, 44.86496507], [-118.25305207, 44.86486496], [-118.25245204, 44.86486496], [-118.25235193, 44.86476501], [-118.25175207, 44.86466506], [-118.25165196, 44.86466506], [-118.25155201, 44.86466506], [-118.25135194, 44.86466506], [-118.25125199, 44.86466506], [-118.25105193, 44.86451497], [-118.25085203, 44.864465], [-118.25075793, 44.86445998], [-118.25050205, 44.86444494], [-118.25045399, 44.86444193], [-118.25040594, 44.86443892], [-118.24977901, 44.86440199], [-118.24915207, 44.86436505], [-118.24776801, 44.86406805], [-118.24573093, 44.86370101], [-118.24379898, 44.86341103], [-118.236652, 44.86156499], [-118.23625204, 44.86196495], [-118.23525205, 44.86236508], [-118.23495204, 44.86256497], [-118.2328431, 44.86342089], [-118.23272192, 44.86347003], [-118.22805192, 44.86536503], [-118.22805192, 44.86576399], [-118.22795197, 44.86616395], [-118.22785203, 44.86666403], [-118.22785203, 44.86686393], [-118.22785203, 44.867364], [-118.22745207, 44.86806398], [-118.22775208, 44.86896401], [-118.22795197, 44.86966399], [-118.22825199, 44.87056402], [-118.22815204, 44.87136395], [-118.22795197, 44.87226398], [-118.22775208, 44.87286401], [-118.227252, 44.87316402], [-118.22665198, 44.87356398], [-118.22645208, 44.87396394], [-118.2263471, 44.87422598], [-118.22601326, 44.87421043], [-118.22526974, 44.87408694], [-118.22389366, 44.87425253], [-118.22342587, 44.87413683], [-118.22273939, 44.87420861], [-118.22206278, 44.87412894], [-118.22217275, 44.87399723], [-118.22303531, 44.87336689], [-118.22347527, 44.87320014], [-118.22358132, 44.87288395], [-118.22358598, 44.87250583], [-118.22364805, 44.87241065], [-118.22355821, 44.87211007], [-118.22331502, 44.87179762], [-118.22311191, 44.87169628], [-118.22286977, 44.87132081], [-118.22270714, 44.87116953], [-118.22167341, 44.87041997], [-118.22152786, 44.87019649], [-118.22144476, 44.86989582], [-118.2213153, 44.8698162], [-118.22039379, 44.86980805], [-118.22030211, 44.86971902], [-118.22025777, 44.86943594], [-118.22007575, 44.86930287], [-118.2197918, 44.86917538], [-118.2194945, 44.86905254], [-118.21837559, 44.86878094], [-118.21795206, 44.86873145], [-118.21767985, 44.86863534], [-118.21745955, 44.86843066], [-118.21691993, 44.86711318], [-118.21690102, 44.86681633], [-118.21682136, 44.86667766], [-118.21674331, 44.86661548], [-118.21642755, 44.86659184], [-118.21584376, 44.86644504], [-118.21567435, 44.86628932], [-118.21540362, 44.86558558], [-118.21533333, 44.86495172], [-118.21512401, 44.86455338], [-118.21512215, 44.86433286], [-118.21532635, 44.86407414], [-118.21555984, 44.86389162], [-118.21559357, 44.86367072], [-118.21543559, 44.86345637], [-118.21546572, 44.86306448], [-118.21543575, 44.86286226], [-118.21507274, 44.86264109], [-118.2148472, 44.86226093], [-118.21466239, 44.86137174], [-118.21457187, 44.86071559], [-118.21442684, 44.86051459], [-118.21417987, 44.86033719], [-118.21392827, 44.8599393], [-118.21389776, 44.85969208], [-118.21371523, 44.85953199], [-118.21365863, 44.85928505], [-118.21356567, 44.85911501], [-118.21343472, 44.85898138], [-118.21339912, 44.85788807], [-118.21347319, 44.85764874], [-118.21346984, 44.8572437], [-118.2133156, 44.85696179], [-118.21302852, 44.8566813], [-118.21298639, 44.85650171], [-118.21309834, 44.856352], [-118.21313736, 44.85577998], [-118.21307908, 44.85543404], [-118.21287162, 44.85531022], [-118.21259474, 44.8549126], [-118.21205666, 44.85456275], [-118.21198649, 44.85434746], [-118.21178336, 44.85405256], [-118.21140436, 44.85368752], [-118.21045366, 44.85319802], [-118.20990521, 44.8529563], [-118.20971025, 44.85280534], [-118.20957819, 44.8526177], [-118.209438, 44.85236264], [-118.20942006, 44.85222331], [-118.20910243, 44.85206915], [-118.20896535, 44.85196258], [-118.20882598, 44.85168951], [-118.20863269, 44.85108845], [-118.20847618, 44.85075255], [-118.20828217, 44.84935935], [-118.20811281, 44.84912711], [-118.20784202, 44.84854487], [-118.20743685, 44.84830611], [-118.20672044, 44.84770609], [-118.20623631, 44.84754917], [-118.20543069, 44.84720212], [-118.20441121, 44.84666829], [-118.20435498, 44.84649335], [-118.20419476, 44.84631951], [-118.20404833, 44.84619954], [-118.20342816, 44.84592703], [-118.20328664, 44.84566298], [-118.20326064, 44.84507814], [-118.20338357, 44.84475279], [-118.20346584, 44.84334767], [-118.20352944, 44.84313547], [-118.20353343, 44.84285187], [-118.20325323, 44.84192766], [-118.20313386, 44.8418344], [-118.2030385, 44.84165988], [-118.20304134, 44.84057965], [-118.20309095, 44.84032259], [-118.20329474, 44.84006389], [-118.20339321, 44.83951376], [-118.20338971, 44.83904121], [-118.203284, 44.83867326], [-118.20297063, 44.83809146], [-118.20296957, 44.83798345], [-118.20307194, 44.83790585], [-118.20312231, 44.8377613], [-118.20311028, 44.83756339], [-118.20285213, 44.83708902], [-118.20290697, 44.83658886], [-118.20281902, 44.83608569], [-118.20286498, 44.83582416], [-118.2027537, 44.83549227], [-118.20282204, 44.83510898], [-118.20247384, 44.83458156], [-118.20247946, 44.83450949], [-118.20258192, 44.8344364], [-118.20258112, 44.83435989], [-118.20274345, 44.83412414], [-118.20226058, 44.83373543], [-118.20224436, 44.83343378], [-118.20231243, 44.83290514], [-118.20200364, 44.83208303], [-118.20215077, 44.83195199], [-118.20240773, 44.83191328], [-118.20261546, 44.83213163], [-118.20282215, 44.83224197], [-118.20292451, 44.83216438], [-118.20287095, 44.83190839], [-118.20286201, 44.83077428], [-118.20275673, 44.83048284], [-118.2027757, 44.83005697], [-118.20282874, 44.8299816], [-118.20281855, 44.82948825], [-118.20277433, 44.82925922], [-118.20261504, 44.82901009], [-118.20253198, 44.82878958], [-118.20188446, 44.8281217], [-118.20174828, 44.82795514], [-118.20175173, 44.8278456], [-118.20184743, 44.82766446], [-118.20250372, 44.82723649], [-118.20279389, 44.82700364], [-118.20315799, 44.82687242], [-118.203447, 44.82667608], [-118.20390277, 44.82649152], [-118.20458301, 44.82611872], [-118.2051496, 44.82568019], [-118.20536552, 44.82535482], [-118.20546321, 44.82510977], [-118.20568882, 44.82488502], [-118.20578508, 44.82468562], [-118.20575599, 44.82438376], [-118.20583825, 44.82422067], [-118.20622974, 44.82403508], [-118.20658728, 44.82370282], [-118.20677462, 44.82346833], [-118.20694567, 44.82334317], [-118.207133, 44.82310868], [-118.20708562, 44.82298006], [-118.20683982, 44.82261998], [-118.20697318, 44.82246683], [-118.20728327, 44.82241694], [-118.20761648, 44.82244962], [-118.20793426, 44.82256425], [-118.20813526, 44.82271356], [-118.20843902, 44.8232755], [-118.20845698, 44.82352237], [-118.20855262, 44.82375222], [-118.20883612, 44.8241403], [-118.20898859, 44.82419751], [-118.20922389, 44.82407337], [-118.20935724, 44.82392022], [-118.2101722, 44.82334859], [-118.21044975, 44.82310638], [-118.21044497, 44.82297972], [-118.21030987, 44.82264751], [-118.21027733, 44.8224552], [-118.21033559, 44.82223693], [-118.21049378, 44.82211157], [-118.21079416, 44.82196105], [-118.2108764, 44.82179796], [-118.21081134, 44.82100234], [-118.2106709, 44.82015074], [-118.210372, 44.81943362], [-118.21030321, 44.81916767], [-118.21004913, 44.81866133], [-118.20990471, 44.81793753], [-118.20978481, 44.81766163], [-118.20972175, 44.81721311], [-118.20972947, 44.81696664], [-118.21002044, 44.81629539], [-118.21010782, 44.81596797], [-118.21038279, 44.81539693], [-118.21055297, 44.81488817], [-118.21057153, 44.8147058], [-118.21052615, 44.81451328], [-118.21051332, 44.81410209], [-118.21063097, 44.81362902], [-118.21086195, 44.81323081], [-118.21103412, 44.81265815], [-118.21106753, 44.81241208], [-118.21123169, 44.81209501], [-118.21127709, 44.81187653], [-118.21129167, 44.81141097], [-118.21112582, 44.81096082], [-118.21110871, 44.81068656], [-118.21119122, 44.81051433], [-118.21137764, 44.81030721], [-118.2118618, 44.81003174], [-118.2121135, 44.8096988], [-118.212692, 44.809871], [-118.21372, 44.810511], [-118.216515, 44.811471], [-118.219889, 44.811996], [-118.220692, 44.811996], [-118.222298, 44.812475], [-118.223455, 44.813184], [-118.224258, 44.813915], [-118.225126, 44.814372], [-118.227118, 44.815194], [-118.22928477, 44.81563179], [-118.231487, 44.81629], [-118.232161, 44.816702], [-118.235666, 44.821021], [-118.237595, 44.822415], [-118.2395448, 44.8235539], [-118.24081049, 44.82409986], [-118.241323, 44.824311], [-118.243637, 44.825887], [-118.245697, 44.828606], [-118.245698, 44.828927], [-118.246084, 44.829842], [-118.247212, 44.833156], [-118.247212, 44.83359], [-118.247599, 44.834459], [-118.247664, 44.835008], [-118.2486822, 44.83630471], [-118.24953, 44.837178], [-118.250206, 44.838253], [-118.250934, 44.838774], [-118.251657, 44.83862], [-118.252299, 44.83862], [-118.253841, 44.839718], [-118.254418, 44.84061], [-118.254932, 44.84077], [-118.25551, 44.841205], [-118.255638, 44.841959], [-118.25756926, 44.84401691], [-118.257949, 44.844247], [-118.258688, 44.845596], [-118.259586, 44.847951], [-118.260452, 44.848569], [-118.260998, 44.849872], [-118.262412, 44.85097], [-118.26254, 44.851199], [-118.265239, 44.852412], [-118.2660379, 44.8534739], [-118.268774, 44.855505], [-118.2688205, 44.8555931], [-118.27021324, 44.85632112], [-118.270796, 44.856689], [-118.270988, 44.857467], [-118.271759, 44.858016], [-118.272016, 44.858633], [-118.272498, 44.858999], [-118.272819, 44.858908], [-118.27339598, 44.85904967], [-118.273944, 44.859342], [-118.274233, 44.859617], [-118.274297, 44.859914], [-118.274811, 44.86028], [-118.27473779, 44.86069359], [-118.27441848, 44.86097722], [-118.27444549, 44.86190463], [-118.27480651, 44.86198534], [-118.27582124, 44.86197402], [-118.27622186, 44.86214957], [-118.27839652, 44.86228113], [-118.27924242, 44.8620483], [-118.27968727, 44.86239888], [-118.27967146, 44.86261396], [-118.279663, 44.862729], [-118.278377, 44.863278], [-118.2759369, 44.86368302], [-118.27488063, 44.86392884], [-118.274042, 44.863991], [-118.27334783, 44.86434563], [-118.27367714, 44.86431696], [-118.27461758, 44.86437666], [-118.27510184, 44.86437168], [-118.2763581, 44.86438163], [-118.27715116, 44.86456071], [-118.27807756, 44.86501337], [-118.27882149, 44.86533173], [-118.27952331, 44.86561526], [-118.27983913, 44.86566997], [-118.28039632, 44.8656849], [-118.28069109, 44.86571474], [-118.28072618, 44.86593361], [-118.28069866, 44.86596053], [-118.28021799, 44.86613303]]]}, "properties": {"zone_name": "US-OR-BAK-BAB-1246", "level": 3, "fire_name": "No named fire", "county": "Baker", "addresses": 1, "unmatched_addresses": 0, "unmatched_fraction_pct": 0.1, "geometry_source": "cached", "geometry_cache_age_days": 0, "overlapping_zips": [{"zip": "97877", "fraction_pct": 99.2}, {"zip": "97814", "fraction_pct": 0.6}]}}, {"type": "Feature", "geometry": {"type": "Polygon", "coordinates": [[[-118.20896535, 44.85196258], [-118.2088462, 44.85265696], [-118.20894318, 44.85283147], [-118.20912568, 44.85299156], [-118.20944978, 44.85319066], [-118.20977763, 44.85358776], [-118.20987435, 44.85391979], [-118.21026533, 44.85427121], [-118.21039937, 44.85455334], [-118.21038954, 44.85468847], [-118.21018586, 44.85474463], [-118.20968441, 44.85463293], [-118.20917324, 44.8543773], [-118.20844457, 44.85406547], [-118.20683917, 44.85254318], [-118.2064262, 44.85208397], [-118.206157, 44.85186178], [-118.20589764, 44.85177], [-118.20475709, 44.85157951], [-118.2044924, 44.8515733], [-118.20432537, 44.85164258], [-118.20395367, 44.85194805], [-118.20329955, 44.85259407], [-118.20303256, 44.8526869], [-118.20254632, 44.85279104], [-118.20235379, 44.85277507], [-118.20210528, 44.85261566], [-118.20215416, 44.85232259], [-118.20233426, 44.85206415], [-118.20235331, 44.85166788], [-118.20230689, 44.85147033], [-118.20221358, 44.85130028], [-118.20184334, 44.85078209], [-118.20143216, 44.85044436], [-118.20121179, 44.85040167], [-118.20104021, 44.85030896], [-118.20093124, 44.85010757], [-118.20056434, 44.84969286], [-118.1992811, 44.84896822], [-118.19908587, 44.84842117], [-118.19918344, 44.84769102], [-118.1988965, 44.84682088], [-118.19884212, 44.84612383], [-118.19862513, 44.84576604], [-118.1982523, 44.84538739], [-118.19808218, 44.84509662], [-118.19805845, 44.84486733], [-118.19755397, 44.84466109], [-118.19741491, 44.84443751], [-118.19741894, 44.84390637], [-118.19765819, 44.84352579], [-118.19785995, 44.84301508], [-118.19805886, 44.84209933], [-118.19805071, 44.84189688], [-118.19792786, 44.84174964], [-118.19748933, 44.84153821], [-118.19732162, 44.84138244], [-118.19730036, 44.84108111], [-118.19719151, 44.84088422], [-118.19671025, 44.84078574], [-118.19650295, 44.84060789], [-118.19724303, 44.83976298], [-118.19725146, 44.83934881], [-118.19720616, 44.83907024], [-118.19676726, 44.83870577], [-118.1956075, 44.8380113], [-118.19545534, 44.83784187], [-118.19535517, 44.83743334], [-118.19564278, 44.83679121], [-118.19576376, 44.83631286], [-118.19533141, 44.83565127], [-118.19501201, 44.83536656], [-118.19515319, 44.83523456], [-118.19569101, 44.83548998], [-118.196362, 44.83570348], [-118.19729215, 44.83617532], [-118.19744671, 44.83617369], [-118.19754847, 44.8360286], [-118.19742661, 44.83581384], [-118.19726661, 44.83566699], [-118.19685569, 44.83539225], [-118.19644151, 44.83496002], [-118.19630063, 44.8344754], [-118.1963931, 44.83388033], [-118.19657919, 44.83339679], [-118.19685149, 44.83310588], [-118.19685947, 44.83343436], [-118.19702521, 44.83410774], [-118.19722703, 44.83438468], [-118.19769173, 44.83456433], [-118.19842995, 44.8346646], [-118.19874323, 44.83463431], [-118.19808794, 44.83443415], [-118.19796596, 44.83415638], [-118.19861419, 44.8331954], [-118.19880861, 44.83330588], [-118.19928444, 44.83383198], [-118.19938729, 44.8332818], [-118.19954549, 44.83296058], [-118.19967587, 44.83251813], [-118.19962607, 44.83219459], [-118.19983927, 44.83239039], [-118.20030573, 44.8330561], [-118.2005652, 44.83330992], [-118.2020215, 44.83407837], [-118.20156807, 44.83296181], [-118.20157112, 44.83280425], [-118.20146246, 44.83236881], [-118.20074527, 44.8309181], [-118.20059195, 44.83073067], [-118.20059566, 44.83060461], [-118.20043966, 44.83042172], [-118.19981825, 44.82994667], [-118.19914727, 44.82969267], [-118.19870831, 44.82966578], [-118.19825025, 44.82942304], [-118.19766914, 44.82906008], [-118.19707941, 44.82856667], [-118.19624721, 44.8274727], [-118.19615652, 44.82723511], [-118.1956888, 44.82677192], [-118.19541329, 44.82658127], [-118.19509438, 44.82649009], [-118.19495638, 44.82639252], [-118.19490805, 44.8262535], [-118.195453, 44.82600096], [-118.195825, 44.82588792], [-118.19661147, 44.82537699], [-118.19709439, 44.82493259], [-118.19786163, 44.82396925], [-118.19820763, 44.82361785], [-118.1985856, 44.82331455], [-118.19994633, 44.82264617], [-118.20049241, 44.82232174], [-118.20080192, 44.82206492], [-118.2010095, 44.82185408], [-118.20131422, 44.82137938], [-118.20158926, 44.82045944], [-118.20211307, 44.81977773], [-118.20245378, 44.81959279], [-118.20273204, 44.81926409], [-118.20290913, 44.81895758], [-118.20298804, 44.81857813], [-118.20456042, 44.81684503], [-118.20484648, 44.81664483], [-118.20538769, 44.81647258], [-118.20575494, 44.81631579], [-118.20593607, 44.81607202], [-118.20598669, 44.8157397], [-118.20643393, 44.81514718], [-118.20666809, 44.8149415], [-118.20695461, 44.81477472], [-118.20722954, 44.81455066], [-118.20784308, 44.81377993], [-118.20789428, 44.81342858], [-118.20798267, 44.81317301], [-118.20841025, 44.81235174], [-118.20827134, 44.81208305], [-118.20819788, 44.81186298], [-118.20816667, 44.81157695], [-118.20788294, 44.81080153], [-118.20783924, 44.81048675], [-118.20793921, 44.81028846], [-118.20781971, 44.80940143], [-118.20756101, 44.8088996], [-118.209673, 44.80882], [-118.211018, 44.808928], [-118.211416, 44.809118], [-118.211793, 44.809666], [-118.2121135, 44.8096988], [-118.2118618, 44.81003174], [-118.21137764, 44.81030721], [-118.21119122, 44.81051433], [-118.21110871, 44.81068656], [-118.21112582, 44.81096082], [-118.21129167, 44.81141097], [-118.21127709, 44.81187653], [-118.21123169, 44.81209501], [-118.21106753, 44.81241208], [-118.21103412, 44.81265815], [-118.21086195, 44.81323081], [-118.21063097, 44.81362902], [-118.21051332, 44.81410209], [-118.21052615, 44.81451328], [-118.21057153, 44.8147058], [-118.21055297, 44.81488817], [-118.21038279, 44.81539693], [-118.21010782, 44.81596797], [-118.21002044, 44.81629539], [-118.20972947, 44.81696664], [-118.20972175, 44.81721311], [-118.20978481, 44.81766163], [-118.20990471, 44.81793753], [-118.21004913, 44.81866133], [-118.21030321, 44.81916767], [-118.210372, 44.81943362], [-118.2106709, 44.82015074], [-118.21081134, 44.82100234], [-118.2108764, 44.82179796], [-118.21079416, 44.82196105], [-118.21049378, 44.82211157], [-118.21033559, 44.82223693], [-118.21027733, 44.8224552], [-118.21030987, 44.82264751], [-118.21044497, 44.82297972], [-118.21044975, 44.82310638], [-118.2101722, 44.82334859], [-118.20935724, 44.82392022], [-118.20922389, 44.82407337], [-118.20898859, 44.82419751], [-118.20883612, 44.8241403], [-118.20855262, 44.82375222], [-118.20845698, 44.82352237], [-118.20843902, 44.8232755], [-118.20813526, 44.82271356], [-118.20793426, 44.82256425], [-118.20761648, 44.82244962], [-118.20728327, 44.82241694], [-118.20697318, 44.82246683], [-118.20683982, 44.82261998], [-118.20708562, 44.82298006], [-118.207133, 44.82310868], [-118.20694567, 44.82334317], [-118.20677462, 44.82346833], [-118.20658728, 44.82370282], [-118.20622974, 44.82403508], [-118.20583825, 44.82422067], [-118.20575599, 44.82438376], [-118.20578508, 44.82468562], [-118.20568882, 44.82488502], [-118.20546321, 44.82510977], [-118.20536552, 44.82535482], [-118.2051496, 44.82568019], [-118.20458301, 44.82611872], [-118.20390277, 44.82649152], [-118.203447, 44.82667608], [-118.20315799, 44.82687242], [-118.20279389, 44.82700364], [-118.20250372, 44.82723649], [-118.20184743, 44.82766446], [-118.20175173, 44.8278456], [-118.20174828, 44.82795514], [-118.20188446, 44.8281217], [-118.20253198, 44.82878958], [-118.20261504, 44.82901009], [-118.20277433, 44.82925922], [-118.20281855, 44.82948825], [-118.20282874, 44.8299816], [-118.2027757, 44.83005697], [-118.20275673, 44.83048284], [-118.20286201, 44.83077428], [-118.20287095, 44.83190839], [-118.20292451, 44.83216438], [-118.20282215, 44.83224197], [-118.20261546, 44.83213163], [-118.20240773, 44.83191328], [-118.20215077, 44.83195199], [-118.20200364, 44.83208303], [-118.20231243, 44.83290514], [-118.20224436, 44.83343378], [-118.20226058, 44.83373543], [-118.20274345, 44.83412414], [-118.20258112, 44.83435989], [-118.20258192, 44.8344364], [-118.20247946, 44.83450949], [-118.20247384, 44.83458156], [-118.20282204, 44.83510898], [-118.2027537, 44.83549227], [-118.20286498, 44.83582416], [-118.20281902, 44.83608569], [-118.20290697, 44.83658886], [-118.20285213, 44.83708902], [-118.20311028, 44.83756339], [-118.20312231, 44.8377613], [-118.20307194, 44.83790585], [-118.20296957, 44.83798345], [-118.20297063, 44.83809146], [-118.203284, 44.83867326], [-118.20338971, 44.83904121], [-118.20339321, 44.83951376], [-118.20329474, 44.84006389], [-118.20309095, 44.84032259], [-118.20304134, 44.84057965], [-118.2030385, 44.84165988], [-118.20313386, 44.8418344], [-118.20325323, 44.84192766], [-118.20353343, 44.84285187], [-118.20352944, 44.84313547], [-118.20346584, 44.84334767], [-118.20338357, 44.84475279], [-118.20326064, 44.84507814], [-118.20328664, 44.84566298], [-118.20342816, 44.84592703], [-118.20404833, 44.84619954], [-118.20419476, 44.84631951], [-118.20435498, 44.84649335], [-118.20441121, 44.84666829], [-118.20543069, 44.84720212], [-118.20623631, 44.84754917], [-118.20672044, 44.84770609], [-118.20743685, 44.84830611], [-118.20784202, 44.84854487], [-118.20811281, 44.84912711], [-118.20828217, 44.84935935], [-118.20847618, 44.85075255], [-118.20863269, 44.85108845], [-118.20882598, 44.85168951], [-118.20896535, 44.85196258]]]}, "properties": {"zone_name": "US-OR-BAK-BAB-1247", "level": 3, "fire_name": "No named fire", "county": "Baker", "addresses": 1, "unmatched_addresses": 0, "unmatched_fraction_pct": 0, "geometry_source": "cached", "geometry_cache_age_days": 0, "overlapping_zips": [{"zip": "97814", "fraction_pct": 53.3}, {"zip": "97877", "fraction_pct": 46.7}]}}, {"type": "Feature", "geometry": {"type": "Polygon", "coordinates": [[[-122.006866792286, 44.8316916823164], [-122.006933617061, 44.8316504882092], [-122.006967515887, 44.8316295910853], [-122.007104753309, 44.8315449889358], [-122.007268815325, 44.8314449491658], [-122.007342479873, 44.8313862271396], [-122.007386857546, 44.8317062711722], [-122.00748762786, 44.832006641515], [-122.007678327618, 44.8323202414153], [-122.007861217424, 44.8325907815065], [-122.007938298265, 44.8327834511199], [-122.00799379798, 44.8330365414275], [-122.007974308131, 44.8332867314073], [-122.008014159194, 44.833469811117], [-122.00816847898, 44.833784970823], [-122.00850694801, 44.8342844105726], [-122.008722148419, 44.8345275915542], [-122.008803609446, 44.8345697716481], [-122.008833668872, 44.8345853312553], [-122.008999668553, 44.8347395415472], [-122.009109429206, 44.8348093611045], [-122.009383958848, 44.8349868415658], [-122.009572049001, 44.8350995610114], [-122.009720088665, 44.8351579212434], [-122.010093059289, 44.8352681916169], [-122.010445299492, 44.8354666014418], [-122.010672659497, 44.8356062208734], [-122.010831019007, 44.8356731014261], [-122.010836328949, 44.8356753412024], [-122.011172659089, 44.8357093104965], [-122.011250699331, 44.8357082511262], [-122.01128367918, 44.8357078007505], [-122.011342349948, 44.8357070012858], [-122.011488089925, 44.8356776612437], [-122.011515469676, 44.8356646614943], [-122.011678399814, 44.8355873012353], [-122.011859959215, 44.8354532111476], [-122.01199798985, 44.8354239811819], [-122.012167519012, 44.8354161705962], [-122.012391159992, 44.8354187409995], [-122.012723879803, 44.8354636602913], [-122.012941708683, 44.8355320705078], [-122.013082349823, 44.835601531097], [-122.01328692945, 44.8357705813058], [-122.013350329848, 44.8358229604926], [-122.013494569638, 44.8360295509308], [-122.013613050238, 44.836137711104], [-122.013776520263, 44.8361959212223], [-122.014017390032, 44.8362639910392], [-122.014235580035, 44.8363488811998], [-122.014352169681, 44.8364322908111], [-122.014416320172, 44.836478180761], [-122.014576320005, 44.8366955305438], [-122.014866410265, 44.837171831258], [-122.014950329981, 44.8372736510746], [-122.014973190308, 44.8373013812269], [-122.01512139077, 44.8374811905439], [-122.01535159035, 44.8377304713368], [-122.01557192014, 44.8378976514397], [-122.01591714989, 44.8381235303537], [-122.016066510077, 44.8382312209526], [-122.016138120178, 44.8383125913668], [-122.016147350368, 44.8383728102787], [-122.016125820446, 44.838433480756], [-122.01601950034, 44.8384952213174], [-122.015867030185, 44.8385631310811], [-122.015775160379, 44.838586280642], [-122.015605421012, 44.8385831109707], [-122.01545096019, 44.83857421092], [-122.015320649677, 44.8386033303621], [-122.015169491062, 44.8387205908446], [-122.015019149914, 44.838870710795], [-122.014968210048, 44.8389866712791], [-122.014957181431, 44.8391514010758], [-122.015017479946, 44.8393920205939], [-122.015123270046, 44.8395991708819], [-122.015296970984, 44.8397559615342], [-122.015462091215, 44.8398744210107], [-122.015573021474, 44.839988171078], [-122.015597960503, 44.8400537413818], [-122.015568561339, 44.8401089410223], [-122.015364620413, 44.8402708413605], [-122.01488613098, 44.8405515413817], [-122.014542370874, 44.8406768612866], [-122.014365550985, 44.8406956709691], [-122.014203520959, 44.8406923810267], [-122.014032980294, 44.8406616511092], [-122.013831530396, 44.8406259712873], [-122.013529840191, 44.84059158067], [-122.01337605131, 44.8406100610671], [-122.013192341343, 44.840661941567], [-122.012971300087, 44.8407581613654], [-122.012795970503, 44.8408373013747], [-122.012527140671, 44.8408792615553], [-122.012106940222, 44.8410275809145], [-122.012048370066, 44.8410551118012], [-122.011794570845, 44.8411744011175], [-122.011613470484, 44.8413248809275], [-122.011516520705, 44.8414524208673], [-122.011429790161, 44.8416210519903], [-122.011428600792, 44.8416233717922], [-122.011423800195, 44.8416439710176], [-122.011387290865, 44.8418040510802], [-122.011387501071, 44.8418053116165], [-122.01141556983, 44.842013461526], [-122.011554721563, 44.8423188616478], [-122.011678580376, 44.8426299710187], [-122.011658971051, 44.842729331496], [-122.011651430593, 44.8427675609823], [-122.011637481553, 44.842804050946], [-122.011600831188, 44.842899902198], [-122.011557411119, 44.8430046711296], [-122.011575180693, 44.8430977316053], [-122.011694299995, 44.8432278510511], [-122.011931870252, 44.843460641502], [-122.011975761038, 44.843521732096], [-122.012172011487, 44.8437949112832], [-122.012311011404, 44.8440948014265], [-122.012315090654, 44.8442484213129], [-122.01230761128, 44.8444049012309], [-122.012307391193, 44.8444058215911], [-122.01226940144, 44.8445672410774], [-122.012137071514, 44.8448105117802], [-122.011949061311, 44.8449940612295], [-122.011599690328, 44.8452016811662], [-122.011269990652, 44.8454201018183], [-122.011126521616, 44.8455372420625], [-122.011039070623, 44.8457304817363], [-122.010949870611, 44.8460061515944], [-122.01094834078, 44.8460108717325], [-122.010946921442, 44.8460170917925], [-122.010904610792, 44.8461931116964], [-122.010915781342, 44.8463246412672], [-122.01099579159, 44.8464333616985], [-122.011020780924, 44.8464544916566], [-122.011129881315, 44.8465467822749], [-122.011233561272, 44.846677131495], [-122.011316341924, 44.8468900322728], [-122.011451421593, 44.8471899916478], [-122.011515961953, 44.8472933617974], [-122.011500571117, 44.8474067724008], [-122.011496561936, 44.8474363217405], [-122.011480481194, 44.8474735023241], [-122.011427390761, 44.8475963220188], [-122.01130723121, 44.8477187013601], [-122.011302481817, 44.8477234920528], [-122.011224571831, 44.847802072221], [-122.01118755136, 44.8478574714268], [-122.011220091035, 44.8479228423447], [-122.011371091546, 44.8480909615778], [-122.011519321652, 44.848302992241], [-122.011590412527, 44.8484120216481], [-122.011639921378, 44.8484879520835], [-122.011646091905, 44.8484934515621], [-122.011718822206, 44.8485582224527], [-122.012030242063, 44.8486693116845], [-122.012427581287, 44.8488176816818], [-122.012842352318, 44.849042551643], [-122.013171521988, 44.8492412019033], [-122.013373841454, 44.8493369921318], [-122.01337447297, 44.8493373213951], [-122.013450801921, 44.8493563123062], [-122.013646303175, 44.8494050113958], [-122.014048632539, 44.8494544918857], [-122.014327522604, 44.8495002020561], [-122.014374132591, 44.8495010013294], [-122.014469503131, 44.8495026514625], [-122.014505012636, 44.849503261585], [-122.014721052072, 44.8495004319666], [-122.014728662599, 44.8495005013855], [-122.014960851947, 44.8494316721333], [-122.014961262478, 44.8494315511276], [-122.014981262569, 44.8494256422298], [-122.014985302293, 44.8494238316028], [-122.015209892792, 44.8493238114078], [-122.015438172672, 44.8492055108362], [-122.015503603262, 44.849168751708], [-122.015628162761, 44.8490987712252], [-122.015850032263, 44.8490299217497], [-122.01603238308, 44.8489922415856], [-122.016133982538, 44.8489712513977], [-122.016305142143, 44.8489542111145], [-122.016337473408, 44.8489509910634], [-122.016387752114, 44.848945981387], [-122.016402031734, 44.8489418009245], [-122.016525612968, 44.8489056715], [-122.016621673414, 44.848829591312], [-122.016631312337, 44.8488219608695], [-122.016759382453, 44.8487054813806], [-122.016861432865, 44.8486104212413], [-122.017041682522, 44.8484433511965], [-122.017343222708, 44.848175971244], [-122.017456281975, 44.8480466011268], [-122.017605201988, 44.8478762017013], [-122.017805793096, 44.8476632911937], [-122.017830332375, 44.8476372410537], [-122.018123863182, 44.847364480694], [-122.018217133461, 44.8472860610633], [-122.018342743091, 44.847180461125], [-122.018622293417, 44.8469626713089], [-122.018810763557, 44.8467955913896], [-122.018976912359, 44.8466616305635], [-122.018984081813, 44.8466578110589], [-122.018990342172, 44.8466544813322], [-122.019220292919, 44.8465322009976], [-122.019510982355, 44.8464405307013], [-122.019717552649, 44.8463774006461], [-122.019986763367, 44.8463519008483], [-122.02033400175, 44.8463582106752], [-122.020662522836, 44.8463866905515], [-122.020919512873, 44.8464765807852], [-122.021208923108, 44.8466329406452], [-122.021216821994, 44.8466372110786], [-122.021485512587, 44.8467627406613], [-122.021513612787, 44.8467758710192], [-122.021531572805, 44.8467840513784], [-122.021700962728, 44.8468612010764], [-122.021817803004, 44.8469035205394], [-122.021956843345, 44.8469126409445], [-122.022141243219, 44.8468882005484], [-122.022317412727, 44.8468419112732], [-122.022472463742, 44.8468028106625], [-122.022478302791, 44.8468013413319], [-122.022616982908, 44.8467940704699], [-122.022945333314, 44.8468222711682], [-122.023003512704, 44.8468272702019], [-122.023373433548, 44.8468168403152], [-122.023481943746, 44.8468047404724], [-122.023687143211, 44.8467818699919], [-122.023765682917, 44.8467731202426], [-122.024717183855, 44.8465903210019], [-122.024788433732, 44.846577030102], [-122.025446323914, 44.8464543203292], [-122.026046134419, 44.8463858899612], [-122.026568573927, 44.8463130202745], [-122.027043784509, 44.8461969000233], [-122.027396623888, 44.8461262701046], [-122.027664953358, 44.8460622996219], [-122.027794104146, 44.8459893104237], [-122.027922423993, 44.845883279467], [-122.028019063853, 44.845750330484], [-122.028077863978, 44.8456397406953], [-122.028183344159, 44.8455450398118], [-122.02833634432, 44.8454990806533], [-122.028644613786, 44.8454894594087], [-122.02909783361, 44.8454888301362], [-122.029099654495, 44.8454888294993], [-122.02914585485, 44.8454882397156], [-122.029674844873, 44.8455140704547], [-122.030230773575, 44.8455340199096], [-122.030577684073, 44.845529309923], [-122.030831894722, 44.845514909909], [-122.031156483882, 44.8455434997516], [-122.031281214959, 44.845591189371], [-122.031494664552, 44.8456928898556], [-122.031529844375, 44.8457096393974], [-122.031617145349, 44.8457512291677], [-122.031891314767, 44.8459121697486], [-122.032259814477, 44.8461376593003], [-122.032684194787, 44.8464337393832], [-122.033030515091, 44.8466924298875], [-122.033305495688, 44.8468807494545], [-122.033868934306, 44.8471859295206], [-122.034196845436, 44.8473351790696], [-122.034437614593, 44.8473977100313], [-122.034670155182, 44.8474384795372], [-122.034839275611, 44.847419739567], [-122.034991788885, 44.8473718132628], [-122.035176444778, 44.847418319293], [-122.035329975843, 44.8474183696077], [-122.035375811482, 44.8473443949406], [-122.035469356646, 44.8473274783707], [-122.035610657149, 44.8472850948927], [-122.03577135138, 44.8472409172471], [-122.035983657418, 44.8473147302757], [-122.036114285036, 44.8473068308627], [-122.036210568265, 44.8472716360126], [-122.036295290176, 44.8472183386384], [-122.036325333433, 44.8471240683451], [-122.03630495515, 44.8469708580106], [-122.036284882295, 44.8469417956601], [-122.036337875711, 44.8469275692358], [-122.036339790919, 44.8469270871028], [-122.037696772512, 44.846999261793], [-122.061309080485, 44.8482525172214], [-122.064001444579, 44.8483951053917], [-122.064261703585, 44.8484088856353], [-122.064428769567, 44.8484502843025], [-122.064557402027, 44.8485286233748], [-122.064675701167, 44.8484649453415], [-122.064833479467, 44.8484172090613], [-122.064851018175, 44.848413248285], [-122.064964742195, 44.848387560234], [-122.065093608217, 44.8483689212002], [-122.06520742656, 44.8483748575924], [-122.065332647219, 44.8483434350216], [-122.065398441627, 44.8482578364841], [-122.065523682049, 44.8482471845836], [-122.06566870517, 44.8482267749635], [-122.06584169105, 44.848201116126], [-122.065984554621, 44.8482647734338], [-122.066067740413, 44.8483568165883], [-122.066152479392, 44.848447674357], [-122.066222180573, 44.8485506518411], [-122.06631158091, 44.8486375351687], [-122.066408987931, 44.8487276358815], [-122.066520460773, 44.8488321719438], [-122.066607537169, 44.8489558357881], [-122.066701836019, 44.8490745349199], [-122.066839203697, 44.8492036734536], [-122.066972253174, 44.8493336058783], [-122.067086693151, 44.8494401680038], [-122.067170362237, 44.8495433551546], [-122.06722378325, 44.8496333016017], [-122.067280408554, 44.849722909731], [-122.06732971169, 44.8498061917139], [-122.067394458663, 44.8499305094394], [-122.06745142353, 44.8500284141881], [-122.06747565828, 44.8501180338032], [-122.067455617764, 44.8502026666388], [-122.067459222703, 44.8503094717116], [-122.067511158801, 44.8504579330129], [-122.067599599738, 44.850584567499], [-122.067685850581, 44.8506888167894], [-122.067768401264, 44.8507926500235], [-122.067858442999, 44.8508638123637], [-122.067963227883, 44.8509515621461], [-122.068005346294, 44.8510224892907], [-122.068026265362, 44.8510577130548], [-122.068076650968, 44.851137100662], [-122.068147665486, 44.8511942925839], [-122.068240635728, 44.8512605169171], [-122.068330485222, 44.8513226073745], [-122.068439307136, 44.8514085783726], [-122.068570919308, 44.8514981334289], [-122.06862763624, 44.8515581825311], [-122.068685111351, 44.8516195816878], [-122.068703906801, 44.8516388151221], [-122.068766369358, 44.8517027303746], [-122.068768229769, 44.8517046332728], [-122.068770005738, 44.8517053121514], [-122.068898626521, 44.8517545518478], [-122.069018364761, 44.8518204876826], [-122.069076420183, 44.8519206328214], [-122.069096074423, 44.8519369449509], [-122.069148562087, 44.8519805082616], [-122.069165890589, 44.8519865404449], [-122.069276987037, 44.8520252216782], [-122.069433436728, 44.852096849301], [-122.069592987404, 44.8521623707968], [-122.069730263454, 44.8522265331993], [-122.069866397746, 44.8522708719627], [-122.069871804706, 44.8522726328267], [-122.069873485453, 44.8522708859732], [-122.069954538645, 44.8521865937026], [-122.069952343162, 44.8520093986694], [-122.069928613266, 44.851862540485], [-122.069955851982, 44.8517410895542], [-122.070040574791, 44.851649785456], [-122.070187307406, 44.8516128922391], [-122.070139971581, 44.8514725887711], [-122.070153063628, 44.8513952198046], [-122.070278332796, 44.8514420894118], [-122.070380159528, 44.8514869592744], [-122.070559211731, 44.851504852186], [-122.070672021266, 44.8515644599453], [-122.070790215303, 44.8516091768691], [-122.070901619872, 44.8516550846627], [-122.07102668692, 44.8517080111079], [-122.071190557594, 44.8518164500821], [-122.071309487351, 44.8518898012664], [-122.071366667814, 44.8519610851619], [-122.071441347458, 44.8520827254079], [-122.071533030414, 44.852166545294], [-122.071659865346, 44.8522328232775], [-122.071802086622, 44.8523026337372], [-122.071934855824, 44.8523645848769], [-122.072070616416, 44.8524159204834], [-122.072162239185, 44.8524504600675], [-122.072279679536, 44.8525215165548], [-122.072419901162, 44.8525659684481], [-122.072601964517, 44.8525797718936], [-122.072768637935, 44.8525925691335], [-122.072898088761, 44.8526491921889], [-122.073020371929, 44.8527005682992], [-122.073147369455, 44.8527461937417], [-122.073250549949, 44.8528083150759], [-122.073383679376, 44.8529012126055], [-122.073516926482, 44.8530144898955], [-122.073649695684, 44.8531205815977], [-122.073740339289, 44.8532034593751], [-122.073826190383, 44.8532999874671], [-122.074040583207, 44.8533459219333], [-122.074182328376, 44.8534123851502], [-122.074300290647, 44.8534729640072], [-122.074432913424, 44.8535293785916], [-122.074527903977, 44.8536083348449], [-122.074571591744, 44.8536875845662], [-122.074599150261, 44.8538049270647], [-122.074626304535, 44.8539172912844], [-122.074633171257, 44.8540212237735], [-122.074618333784, 44.8541447058087], [-122.074619280608, 44.8542637228452], [-122.07460463717, 44.8544259145486], [-122.074582980586, 44.8545694834147], [-122.074555205575, 44.854688469643], [-122.074526522368, 44.8547989127857], [-122.074572080428, 44.8548839080937], [-122.074588515106, 44.8549834219208], [-122.07457005293, 44.8551086524812], [-122.074556142518, 44.8552077067813], [-122.074556608744, 44.8553284454566], [-122.074551295209, 44.8554417058729], [-122.074563864436, 44.8555632317842], [-122.074585831838, 44.8557003438211], [-122.074615494209, 44.855817414125], [-122.074666140326, 44.8559402637873], [-122.074756282672, 44.8560419421785], [-122.074848404904, 44.8561324490474], [-122.074896778284, 44.8562197138414], [-122.074892177113, 44.8563393175356], [-122.074752386678, 44.8564915477593], [-122.074777709288, 44.8566464005273], [-122.074829368705, 44.8567666439468], [-122.074898309013, 44.8568843284951], [-122.074959212993, 44.8570015625936], [-122.074962647252, 44.8570872799512], [-122.07499318009, 44.8571831284502], [-122.075010017214, 44.8572694294695], [-122.074992198232, 44.8573641588355], [-122.075028217081, 44.8574868192574], [-122.075118168086, 44.8576145080811], [-122.075077758271, 44.857752308687], [-122.075025342472, 44.8578663704977], [-122.075037411338, 44.8579558785789], [-122.075104898172, 44.8580462493532], [-122.075196245159, 44.8581661096947], [-122.075287461889, 44.8583105467101], [-122.075328031604, 44.8584358935689], [-122.075338373908, 44.8585239521099], [-122.075369346022, 44.8586050461581], [-122.075408100242, 44.8587187172137], [-122.075434721815, 44.8588399044531], [-122.075446724206, 44.8589394267261], [-122.075449827885, 44.8590224979839], [-122.07544989975, 44.8591014766337], [-122.075459607844, 44.8591661458106], [-122.075462086296, 44.8591826551949], [-122.075472990047, 44.8593038166241], [-122.075453939474, 44.8594361459553], [-122.075430695566, 44.8595215304836], [-122.075421579463, 44.8595550151521], [-122.075393310379, 44.8596976256443], [-122.07540112662, 44.8598070499198], [-122.075408539518, 44.859893687671], [-122.075409846567, 44.8600120624381], [-122.075410544558, 44.8601619740849], [-122.075376635851, 44.8602921498595], [-122.075404047942, 44.8604179935269], [-122.07546649343, 44.860557913528], [-122.075480653574, 44.8606709567155], [-122.075515217153, 44.8607898666617], [-122.075597186626, 44.8608879739001], [-122.075726275431, 44.8609765234413], [-122.075836275036, 44.86107631009], [-122.075912044337, 44.8611602435975], [-122.07597883318, 44.8612388098902], [-122.07604370412, 44.8613198230692], [-122.076111970691, 44.8613936893692], [-122.076140224504, 44.8614868831407], [-122.076168162109, 44.8615850662367], [-122.076187444446, 44.8616810428734], [-122.07619920519, 44.8617972885439], [-122.076227576682, 44.8619029794781], [-122.076230391104, 44.8620156010545], [-122.076228647474, 44.8621210368953], [-122.076215651546, 44.8622159435681], [-122.076210779983, 44.8622948216912], [-122.076221406154, 44.8623778849242], [-122.076246386506, 44.8624935809654], [-122.076255477456, 44.8625990216613], [-122.076278221901, 44.8627051536477], [-122.07630953807, 44.8628285661234], [-122.076310164196, 44.8628310359748], [-122.076346305216, 44.8629568206081], [-122.076406527375, 44.863063264565], [-122.076457881364, 44.8631744830879], [-122.076507407283, 44.8632969299289], [-122.076576706917, 44.8634170594956], [-122.07662623014, 44.8635126535955], [-122.076684086136, 44.8636227098821], [-122.07676400745, 44.8637261301273], [-122.076850433466, 44.8638025707542], [-122.076942128998, 44.8638775595759], [-122.07704943725, 44.8639397211123], [-122.077081877212, 44.864008788983], [-122.076994048028, 44.8640663183122], [-122.07690280884, 44.8641109446661], [-122.076828749033, 44.8641675786805], [-122.076779671374, 44.864241955787], [-122.076772648345, 44.8643466986335], [-122.076841952471, 44.8644478642762], [-122.07692520923, 44.864558220573], [-122.077006783444, 44.8646707439965], [-122.07705186899, 44.8647456177176], [-122.077120989859, 44.864828399176], [-122.077198110227, 44.8649139380662], [-122.07727425143, 44.8649943615833], [-122.077380344262, 44.8651036739201], [-122.077512840376, 44.8652306875071], [-122.077616953321, 44.8653550763538], [-122.077710776064, 44.8654540843762], [-122.077778970771, 44.8655203394261], [-122.077834362688, 44.8655876194759], [-122.077910490417, 44.8656924681116], [-122.077981701666, 44.8658082077901], [-122.078071711959, 44.8659318109875], [-122.078196877821, 44.8660560085862], [-122.078296444392, 44.8661514677832], [-122.078365723365, 44.8662245797778], [-122.078442010994, 44.8663084172803], [-122.078570937203, 44.866406500471], [-122.078684591155, 44.8664955088497], [-122.078815086721, 44.8665898429372], [-122.078918473827, 44.8666758051497], [-122.07902252928, 44.8667572264301], [-122.079143342804, 44.8668626179328], [-122.079307862062, 44.8669196407974], [-122.079505362067, 44.8669622352099], [-122.079647878888, 44.8669779853488], [-122.07978012617, 44.866980846579], [-122.079944443306, 44.8669738087419], [-122.080096584678, 44.866973247192], [-122.080241925803, 44.8669885306431], [-122.080255496652, 44.8669886401517], [-122.080384587253, 44.8669896690229], [-122.080536413316, 44.8669830189237], [-122.080684080179, 44.8669939863344], [-122.080808901986, 44.8670259150743], [-122.080811905054, 44.8670266835438], [-122.080978105958, 44.8670431346466], [-122.081146146611, 44.86705826464], [-122.081319773888, 44.867080350323], [-122.08146605465, 44.8670925630546], [-122.081585646466, 44.8671018655354], [-122.081712432888, 44.8671298105328], [-122.081882430073, 44.867145456211], [-122.082051649316, 44.8671630844934], [-122.082215738281, 44.8671906831096], [-122.082366268973, 44.8672125204385], [-122.08252338791, 44.8672236087737], [-122.08268321347, 44.867238383455], [-122.082841026804, 44.8672611967881], [-122.082981262803, 44.8672751813467], [-122.083129891762, 44.8672327215042], [-122.08327208519, 44.867151529463], [-122.083261720428, 44.8670327676319], [-122.08318936203, 44.8669258598727], [-122.083086998105, 44.8668659222974], [-122.08298438894, 44.8667800374072], [-122.082995133689, 44.8666592514362], [-122.083014445671, 44.8665232720502], [-122.08310873464, 44.8664484885036], [-122.083221486683, 44.8663651732864], [-122.083308298076, 44.8662800739557], [-122.083434652408, 44.8662107235746], [-122.083595060975, 44.8661848365389], [-122.083718498479, 44.8662020665498], [-122.083845560684, 44.8662131238821], [-122.083999229192, 44.8661797583262], [-122.084193585093, 44.8661849244017], [-122.084364866868, 44.8661733144199], [-122.084542694667, 44.8661416507056], [-122.084605110511, 44.8659256707544], [-122.084605163512, 44.8657434021814], [-122.084605387192, 44.8649906534436], [-122.083888734615, 44.8644852745522], [-122.08388889182, 44.8639766497283], [-122.084605047629, 44.8634647706086], [-122.083889205332, 44.8629593999702], [-122.083172515924, 44.8604150103511], [-122.086753555481, 44.8578691016412], [-122.093198947881, 44.8568537657756], [-122.094630641459, 44.8568561384545], [-122.095346613113, 44.8563441902947], [-122.101792490604, 44.8573628801729], [-122.103225018716, 44.8583824053053], [-122.106805373757, 44.8593962464806], [-122.108381821859, 44.8593966922138], [-122.109335418568, 44.859396950739], [-122.113966688405, 44.8593980949998], [-122.114683246659, 44.858890531933], [-122.116937866207, 44.8588910088717], [-122.118264270945, 44.8588912693095], [-122.118869814498, 44.8587185943172], [-122.119248130997, 44.8586107127782], [-122.120148996598, 44.8583538135574], [-122.120456458479, 44.8582661323633], [-122.120759153, 44.8581798092771], [-122.121656603207, 44.857923868395], [-122.121845010465, 44.8578701357696], [-122.121844937701, 44.8576583816668], [-122.121844656528, 44.8568528806378], [-122.121720179674, 44.8567642833633], [-122.121128634568, 44.8563432401959], [-122.118631224654, 44.8563435840654], [-122.118263608887, 44.8563436305515], [-122.1153990126, 44.8548180725617], [-122.116115501684, 44.8543105009634], [-122.118054768549, 44.8543102761667], [-122.11897963444, 44.8543101577185], [-122.119310894489, 44.8541924800089], [-122.121431117087, 44.8534392516385], [-122.121844203777, 44.8532924919878], [-122.122338257421, 44.8535260600882], [-122.123992874224, 44.8543082657324], [-122.124709281562, 44.8538006386948], [-122.125215390596, 44.8538013385639], [-122.125425094214, 44.8538016295923], [-122.125457186528, 44.8538244699021], [-122.126141121564, 44.8543112441299], [-122.12620281157, 44.854311716012], [-122.129319952131, 44.8543100558276], [-122.131154366738, 44.8543090388294], [-122.131709672009, 44.8544400703446], [-122.134453816793, 44.8550875397077], [-122.135327188557, 44.8552935904686], [-122.136069141286, 44.8556027550168], [-122.136046856779, 44.8556061383546], [-122.136025377162, 44.8556090071548], [-122.136013201397, 44.8556162055821], [-122.135994619745, 44.8556190540042], [-122.13597360276, 44.8556119033375], [-122.13594950725, 44.855614585554], [-122.135929989553, 44.8556208612524], [-122.135904469315, 44.8556320091326], [-122.135881845244, 44.8556450495899], [-122.135870413284, 44.855650597419], [-122.13585889778, 44.8556521601338], [-122.135840529928, 44.8556714094151], [-122.135829047662, 44.8556836156517], [-122.135820752618, 44.8556939465021], [-122.135814298223, 44.8557019861349], [-122.135799032253, 44.8557238189066], [-122.135786576213, 44.855743402485], [-122.135776866323, 44.8557604114667], [-122.135773058365, 44.8557746503557], [-122.135769549545, 44.8557892114628], [-122.135767285791, 44.8558033134325], [-122.135767867899, 44.8558161647209], [-122.135765126241, 44.8558299170801], [-122.135761201501, 44.8558454206387], [-122.135757344136, 44.8558611744558], [-122.135754764174, 44.855874423095], [-122.135754259321, 44.8558878277472], [-122.135754617749, 44.8559001364628], [-122.135753536177, 44.8559135309202], [-122.135752369266, 44.8559254683759], [-122.135750542092, 44.855936906578], [-122.135745510628, 44.8559501214493], [-122.135739936582, 44.8559633656104], [-122.135729002288, 44.8559780247369], [-122.135719009429, 44.8559937918906], [-122.135708699465, 44.8560098003868], [-122.135699896873, 44.8560247237731], [-122.135685547185, 44.856041775974], [-122.135678298679, 44.8560475810316], [-122.135668508839, 44.8560600406344], [-122.135657630241, 44.8560748525679], [-122.135658960646, 44.856086945369], [-122.13564306316, 44.8561075336913], [-122.135627051588, 44.8561287734504], [-122.135609791359, 44.8561505678523], [-122.135593066525, 44.8561822192315], [-122.135574308803, 44.8562165782537], [-122.135551450273, 44.8562457702884], [-122.135546324485, 44.8562549872809], [-122.135527370033, 44.8562717273834], [-122.135514389377, 44.856284407906], [-122.135501108684, 44.8563035187912], [-122.135491818307, 44.8563232938479], [-122.135492660029, 44.8563342008835], [-122.135484393731, 44.8563543490917], [-122.135477402144, 44.8563761790689], [-122.135470452777, 44.8563970710389], [-122.135475224627, 44.8564140358886], [-122.135476523591, 44.8564319571987], [-122.135463296797, 44.8564524613408], [-122.135449329791, 44.8564707736305], [-122.135438650619, 44.8564910892677], [-122.135436051793, 44.8565119092384], [-122.135442971515, 44.8565240497072], [-122.135436334762, 44.8565470576874], [-122.135437735236, 44.8565667982737], [-122.135441378802, 44.8565829702664], [-122.135445679936, 44.8566007527031], [-122.135452232248, 44.8566201366672], [-122.135484402715, 44.8566297630573], [-122.135486089751, 44.8566530193442], [-122.135476917952, 44.8566741302702], [-122.135462838656, 44.8566942038549], [-122.135447937402, 44.8567148588231], [-122.13542873771, 44.8567372140163], [-122.135408525616, 44.8567584166092], [-122.13539198314, 44.8567785945983], [-122.135378249696, 44.8567984656472], [-122.13536818048, 44.8568152221483], [-122.135359103004, 44.8568361941946], [-122.13534766206, 44.8568570325073], [-122.135337359282, 44.8568717824673], [-122.135330134133, 44.8568931785947], [-122.135323584516, 44.8569147179917], [-122.135317176833, 44.8569379703428], [-122.135307263025, 44.8569609877095], [-122.135302826246, 44.8569797099292], [-122.13529699079, 44.8569993465707], [-122.135295617266, 44.8570188246453], [-122.135290137543, 44.8570391757493], [-122.135288354387, 44.8570553202275], [-122.1352851483, 44.8570762017625], [-122.135285556135, 44.8570915305059], [-122.135285636983, 44.8570945743486], [-122.135279876087, 44.8571156730137], [-122.135270940545, 44.857136721365], [-122.135259962234, 44.8571615923375], [-122.135249666643, 44.8571838874993], [-122.135239795954, 44.8572033565965], [-122.135232710942, 44.8571920237157], [-122.135221766767, 44.8572089342044], [-122.135206356168, 44.8572289808577], [-122.135196596871, 44.8572382575507], [-122.13517457557, 44.8572514587508], [-122.135152565947, 44.8572724554729], [-122.135137494013, 44.857289315632], [-122.135120612872, 44.8573051015301], [-122.135108521549, 44.8573207721659], [-122.135092841455, 44.8573419255116], [-122.135081043881, 44.8573639728946], [-122.135081543344, 44.8573755056917], [-122.135085680086, 44.8573940978727], [-122.135094270675, 44.8574118845164], [-122.135105787077, 44.8574267648749], [-122.135105293003, 44.8574543216737], [-122.135111884841, 44.8574697299143], [-122.135121939684, 44.8574862448793], [-122.135121129404, 44.8575158323491], [-122.135121484238, 44.8575350071406], [-122.135119183653, 44.8575561132857], [-122.135118789292, 44.8575746812107], [-122.13511904621, 44.8575970984747], [-122.135113310467, 44.8576187840681], [-122.135106550645, 44.8576379766552], [-122.135092907931, 44.8576605129725], [-122.13507806866, 44.8576825888886], [-122.135068331821, 44.8576968139299], [-122.135058842917, 44.8577080823966], [-122.135042773853, 44.8577269342765], [-122.135027034471, 44.8577410249463], [-122.135013900203, 44.8577545157661], [-122.135000447932, 44.8577685440247], [-122.134984998705, 44.8577821730192], [-122.134967523778, 44.8577975544273], [-122.134949279893, 44.8578107758762], [-122.134939768531, 44.8578180396165], [-122.134927063658, 44.8578277434933], [-122.134906135607, 44.8578365609722], [-122.134887593481, 44.8578550982414], [-122.134872741634, 44.8578643264383], [-122.134861459693, 44.8578737972463], [-122.134850163378, 44.857887793637], [-122.13484564575, 44.8578974179048], [-122.134841721011, 44.8579061455873], [-122.134839926177, 44.8579157946863], [-122.134836695835, 44.8579264702698], [-122.134834439267, 44.8579394567181], [-122.134827659682, 44.8579566420752], [-122.134824339508, 44.8579725449575], [-122.134822469216, 44.8579940756727], [-122.134818448357, 44.8580182757488], [-122.134820244987, 44.8580342480227], [-122.134823406159, 44.8580521325323], [-122.134821001369, 44.8580716382689], [-122.134814901808, 44.8580909421408], [-122.134812545527, 44.8581097556889], [-122.13480336744, 44.8581353349725], [-122.134801814253, 44.858153172966], [-122.134798322501, 44.8581732702326], [-122.134795098448, 44.8581933063618], [-122.134793013458, 44.8582154451143], [-122.134797696375, 44.8582347756826], [-122.134793915366, 44.8582529746964], [-122.134785459525, 44.8582703554496], [-122.134770792731, 44.8582887932424], [-122.134753031241, 44.858306840687], [-122.134736130337, 44.8583242424375], [-122.134735858148, 44.8583245321695], [-122.134719288723, 44.8583420351617], [-122.134698823304, 44.8583602067603], [-122.134678373156, 44.8583799301689], [-122.134660688023, 44.8584016995215], [-122.134641368855, 44.8584224837789], [-122.134621896074, 44.8584375561814], [-122.134604873898, 44.8584536378638], [-122.134587798721, 44.8584692234963], [-122.134563175001, 44.8584922943766], [-122.134538575535, 44.8585160115705], [-122.134519213248, 44.8585392830149], [-122.13450305525, 44.858559668604], [-122.134494629053, 44.8585770549956], [-122.134488463017, 44.8585932850066], [-122.134486456181, 44.8586155643316], [-122.134488376779, 44.8586321350038], [-122.134497750699, 44.8586470819077], [-122.134510852627, 44.858663651934], [-122.134512480374, 44.8586661378833], [-122.134522447183, 44.8586813592262], [-122.134532178632, 44.858696141194], [-122.134541225565, 44.8587114701429], [-122.134552995292, 44.8587278376582], [-122.134566314613, 44.8587429927607], [-122.134581291325, 44.8587606885666], [-122.134595604183, 44.8587790739874], [-122.134615277287, 44.8587845922232], [-122.13463200841, 44.8588003076669], [-122.134644201243, 44.8588216635981], [-122.13465540054, 44.85883699124], [-122.134664383692, 44.858855514815], [-122.134670944987, 44.8588643397777], [-122.134679709849, 44.8588859440244], [-122.134687432666, 44.8589068000617], [-122.134695280348, 44.8589264417769], [-122.134701178686, 44.8589430091758], [-122.134709362339, 44.8589628011555], [-122.134717837045, 44.8589835750221], [-122.134730483528, 44.8589906902479], [-122.134735893182, 44.8589967758221], [-122.134743101264, 44.8590048850381], [-122.134755574372, 44.8590181826217], [-122.134757378189, 44.8590201062914], [-122.134769225171, 44.8590402089863], [-122.134781279664, 44.859057673555], [-122.134797494255, 44.8590749279858], [-122.13481449038, 44.8590918442892], [-122.134832258158, 44.8591108256161], [-122.134849786086, 44.859129792928], [-122.134866897195, 44.8591486640822], [-122.134882296116, 44.859168378306], [-122.13489740488, 44.8591869800963], [-122.134911939622, 44.8592047190657], [-122.134924610359, 44.8592229394229], [-122.134937793136, 44.8592409878482], [-122.134955056959, 44.8592609045311], [-122.134971609316, 44.8592793528317], [-122.134986791743, 44.8592964448216], [-122.135000058063, 44.8593152662536], [-122.135016440639, 44.8593331713785], [-122.135031774881, 44.8593504932235], [-122.135046871069, 44.8593673839755], [-122.135060458088, 44.8593854903009], [-122.135071810098, 44.859404583601], [-122.135084424241, 44.8594264073277], [-122.13509599005, 44.8594494727303], [-122.135107897219, 44.8594656693838], [-122.135118897988, 44.8594829542569], [-122.135134267265, 44.8594951698738], [-122.135143218078, 44.8595166108731], [-122.13515301241, 44.8595385650932], [-122.135168177768, 44.8595540224433], [-122.13517993941, 44.8595738925345], [-122.135190173916, 44.859594426759], [-122.135194534339, 44.859613202247], [-122.135202357767, 44.859630082097], [-122.135214582939, 44.8596475216531], [-122.135228927238, 44.8596651375862], [-122.135240103178, 44.8596848974798], [-122.135251752531, 44.8597048133724], [-122.135264849069, 44.8597253017036], [-122.135275732159, 44.8597422642992], [-122.135278227679, 44.8597609270329], [-122.135284771007, 44.8597793426987], [-122.135297013248, 44.8597998144477], [-122.135310417909, 44.8598209796178], [-122.135320249071, 44.8598404987638], [-122.135329585262, 44.8598589506992], [-122.135339634715, 44.8598751606095], [-122.135349418267, 44.8598947618787], [-122.135358567608, 44.8599145458902], [-122.135368901827, 44.8599348959708], [-122.135378537157, 44.8599543947021], [-122.135385781171, 44.8599722881665], [-122.135394682577, 44.8599907738077], [-122.135405101238, 44.8600100222754], [-122.135414414971, 44.8600275534091], [-122.135424833632, 44.8600478321333], [-122.135436180252, 44.8600681165811], [-122.135443362283, 44.860088009418], [-122.135448784514, 44.8601088064385], [-122.135462706604, 44.8601205195239], [-122.13547527673, 44.8601302835042], [-122.135487874703, 44.860150480051], [-122.135500240013, 44.8601699220382], [-122.135509994819, 44.8601906642684], [-122.135517333156, 44.860211100213], [-122.135528847762, 44.8602309134064], [-122.135537009854, 44.8602496090928], [-122.135547528228, 44.8602712548454], [-122.135556285904, 44.8602907846636], [-122.135566102693, 44.8603099031336], [-122.135574786707, 44.8603289248111], [-122.135583868674, 44.8603483654645], [-122.135594880223, 44.860366050589], [-122.135606777511, 44.8603802297581], [-122.13561670659, 44.8604034348637], [-122.135626705737, 44.8604253085151], [-122.135635564024, 44.8604426179333], [-122.135649584929, 44.8604588416877], [-122.135662918623, 44.8604827873016], [-122.13567118492, 44.8605052492792], [-122.135684937229, 44.8605212259573], [-122.135696614429, 44.860539833678], [-122.135708025728, 44.8605596473951], [-122.135722447282, 44.8605758023477], [-122.135729361615, 44.8605988214439], [-122.135742329694, 44.8606171827181], [-122.135755500793, 44.8606332516935], [-122.135764333927, 44.8606558479662], [-122.13577472474, 44.8606771185218], [-122.135785310487, 44.8606968163036], [-122.135797163757, 44.8607160409756], [-122.135809360184, 44.8607358164272], [-122.135825298094, 44.8607494912018], [-122.135835885638, 44.8607672653476], [-122.135849855339, 44.8607798729278], [-122.135859080138, 44.8607911242356], [-122.135870561506, 44.8608007868596], [-122.135882528862, 44.8608083934289], [-122.135891026925, 44.860825464589], [-122.135904872658, 44.8608449375489], [-122.135921481609, 44.8608649058901], [-122.135938283698, 44.8608838605259], [-122.13595330353, 44.8609041491364], [-122.135969380679, 44.8609236354413], [-122.13598393698, 44.8609410274865], [-122.135999880279, 44.8609597878902], [-122.136016423653, 44.8609793607735], [-122.136035719466, 44.8609980473024], [-122.136052019397, 44.8610174431579], [-122.136063891531, 44.8610331923763], [-122.136078502629, 44.8610500921858], [-122.136094851069, 44.8610605850796], [-122.136102656531, 44.8610748188376], [-122.136108116491, 44.8610880115172], [-122.136115270674, 44.8610994563347], [-122.136124978767, 44.8611097874869], [-122.136135035407, 44.8611223026644], [-122.13614366642, 44.8611418926844], [-122.136152414214, 44.8611566447305], [-122.13615804755, 44.8611663875226], [-122.136159972639, 44.8611697176839], [-122.136168369192, 44.8611805302003], [-122.136179811932, 44.8611874490382], [-122.136192175446, 44.861203901173], [-122.136210845132, 44.8612185965331], [-122.136231147956, 44.8612348531794], [-122.136250535396, 44.8612498395224], [-122.136266440068, 44.8612654314022], [-122.136284201558, 44.8612816128999], [-122.136304922099, 44.861299495764], [-122.136323534293, 44.8613169685618], [-122.136333837071, 44.8613224101455], [-122.136344412937, 44.8613279962688], [-122.136365632042, 44.8613420408488], [-122.136391028313, 44.8613542879083], [-122.136412869053, 44.8613704598299], [-122.136432335545, 44.8613857466787], [-122.136449216686, 44.8613996747213], [-122.136466219099, 44.8614151398494], [-122.136481365593, 44.8614316988913], [-122.136495002918, 44.8614472480604], [-122.136505189813, 44.8614658446573], [-122.136517503021, 44.8614801305277], [-122.136520416257, 44.8614880082578], [-122.136525342618, 44.8615013313742], [-122.136525658825, 44.8615148506028], [-122.136539548576, 44.861531813308], [-122.136554122843, 44.8615520883187], [-122.136569976311, 44.8615632942672], [-122.136590033895, 44.8615756075003], [-122.136606431742, 44.8615923740725], [-122.136621150638, 44.8616083689142], [-122.136632517021, 44.8616192513894], [-122.136639116045, 44.8616300167029], [-122.136645817477, 44.8616421153414], [-122.136649737725, 44.8616542776511], [-122.136646001632, 44.8616685539236], [-122.136641829856, 44.8616821138641], [-122.136642261047, 44.8616985461187], [-122.136647512598, 44.8617115820184], [-122.136653844823, 44.8617246503886], [-122.136656421191, 44.8617396206857], [-122.136665902011, 44.8617533875486], [-122.13667963276, 44.8617628749088], [-122.136699460375, 44.8617694937743], [-122.136719334702, 44.8617803615741], [-122.13674283463, 44.861785793563], [-122.136766924751, 44.8617926473812], [-122.136792314734, 44.8617985957612], [-122.136816361736, 44.861805150949], [-122.136839969462, 44.8618097952944], [-122.136865578634, 44.8618152247336], [-122.136889395667, 44.861816530677], [-122.13691418827, 44.8618155348235], [-122.136938894636, 44.8618127134509], [-122.136961719929, 44.8618107230173], [-122.1369848767, 44.8618057596677], [-122.137009200383, 44.8618015221958], [-122.13703374595, 44.8618005900156], [-122.137059806076, 44.8617982722997], [-122.137084211506, 44.8618022550779], [-122.137108775937, 44.8618096214658], [-122.137132715141, 44.8618187993635], [-122.137154528931, 44.8618264293575], [-122.137175340201, 44.8618318708931], [-122.137198857197, 44.8618397110078], [-122.137222131648, 44.8618504565413], [-122.137241109457, 44.8618595338285], [-122.137267397755, 44.8618731510302], [-122.137292371818, 44.8618840347288], [-122.137312944137, 44.8618937092673], [-122.137333721271, 44.8619015767531], [-122.13735200558, 44.861909893772], [-122.137373406145, 44.8619166291429], [-122.1373937988, 44.8619250028289], [-122.137416473177, 44.8619299215968], [-122.137435715988, 44.8619390186103], [-122.137456744651, 44.8619471356895], [-122.137480347885, 44.8619539640191], [-122.137507308123, 44.8619638913289], [-122.137532556173, 44.8619719128946], [-122.137557749425, 44.8619754875148], [-122.137582273432, 44.8619804871435], [-122.137607419972, 44.8619893523782], [-122.13763130348, 44.8619986353082], [-122.137650099829, 44.8620066536854], [-122.137674183662, 44.8620162237792], [-122.137699270015, 44.8620203307051], [-122.137723828158, 44.8620301637672], [-122.137746310294, 44.8620423030724], [-122.137768120491, 44.8620521125716], [-122.137789805822, 44.8620623887938], [-122.137811739088, 44.8620716035818], [-122.137831713128, 44.862085114399], [-122.13785699711, 44.8620921337318], [-122.137878964512, 44.8621037706427], [-122.137899720985, 44.8621160805766], [-122.137916132307, 44.8621290667166], [-122.137926706376, 44.8621434027242], [-122.137944245982, 44.8621595432243], [-122.137958408821, 44.8621754398519], [-122.137971095728, 44.8621914924741], [-122.137980996061, 44.862203471926], [-122.137999976564, 44.8622144803613], [-122.138020844428, 44.8622260402031], [-122.13803370471, 44.8622390084899], [-122.138047037505, 44.8622536380027], [-122.138064291447, 44.862266184768], [-122.138079594248, 44.8622860195398], [-122.138084756866, 44.8623054760874], [-122.138089006796, 44.8623221023665], [-122.138091791573, 44.8623368833997], [-122.138094461366, 44.862352327264], [-122.13809410204, 44.8623721136147], [-122.13809574416, 44.8623935439918], [-122.138094958134, 44.8624075316431], [-122.138093500169, 44.8624271772579], [-122.138097296449, 44.862444203367], [-122.138102618069, 44.8624599827581], [-122.138106906626, 44.8624747357399], [-122.138116188019, 44.8624917917612], [-122.138125075951, 44.8625091387618], [-122.138131183596, 44.8625305321577], [-122.138135765903, 44.8625533785562], [-122.138137554448, 44.8625684766199], [-122.138144587359, 44.8625852486334], [-122.138150622241, 44.8626027356856], [-122.138155642027, 44.8626175828663], [-122.138164099665, 44.8626342962867], [-122.138171365239, 44.862651444586], [-122.138179503976, 44.8626690067517], [-122.138188187989, 44.8626860856376], [-122.138196167724, 44.8627025991065], [-122.138206430976, 44.8627199759696], [-122.138219985656, 44.8627381137136], [-122.13823046091, 44.8627550722381], [-122.138240251648, 44.8627708693722], [-122.138249413566, 44.8627871351311], [-122.138259985838, 44.8628053078737], [-122.138273489314, 44.8628176482203], [-122.138282931506, 44.8628365818381], [-122.138287688984, 44.8628544871413], [-122.138294343703, 44.8628693266164], [-122.138297689029, 44.8628875158879], [-122.138303961067, 44.8629065666397], [-122.138313595498, 44.8629251251987], [-122.138323402406, 44.8629432807062], [-122.138335178421, 44.8629602028771], [-122.138342911119, 44.8629760712678], [-122.138354791339, 44.8629908795121], [-122.138369413217, 44.8630113265605], [-122.138387608593, 44.8630218776753], [-122.138401523496, 44.8630360447293], [-122.138414684714, 44.8630500468691], [-122.138427064396, 44.863068885539], [-122.138440849045, 44.8630871651619], [-122.138456980092, 44.863103230901], [-122.138473448906, 44.8631203497715], [-122.138488255837, 44.8631370433076], [-122.13850096071, 44.8631540641131], [-122.138511548254, 44.8631690575972], [-122.13852956756, 44.8631890856207], [-122.13854617202, 44.8632069379665], [-122.138564468007, 44.8632286430956], [-122.138586631242, 44.8632505309548], [-122.138604252595, 44.8632684609613], [-122.138620567797, 44.8632862547045], [-122.138636323349, 44.863303675325], [-122.138650616443, 44.8633236517275], [-122.138668486629, 44.863338318531], [-122.138682962082, 44.8633587062413], [-122.138697759131, 44.8633778364269], [-122.138716545598, 44.863392770638], [-122.138734635872, 44.8634076405367], [-122.138750796564, 44.8634195808958], [-122.138774534545, 44.8634393318602], [-122.138796818154, 44.8634559049644], [-122.138818922998, 44.8634731014094], [-122.138838870089, 44.8634939500546], [-122.138856659427, 44.863511319675], [-122.138871080082, 44.8635277870637], [-122.138886505054, 44.8635449688427], [-122.138901236526, 44.8635629713431], [-122.138915658978, 44.8635798914216], [-122.138929488542, 44.8635964861337], [-122.138943180663, 44.8636136048574], [-122.138953202269, 44.8636303345433], [-122.13896680366, 44.8636467662418], [-122.138982185513, 44.8636659345346], [-122.139006251379, 44.8636835269532], [-122.139029994751, 44.8636988647617], [-122.139041606374, 44.8637149487949], [-122.139048812659, 44.8637319516015], [-122.139059254676, 44.8637455919186], [-122.139073492075, 44.8637598288331], [-122.139085259107, 44.8637751131374], [-122.139098925177, 44.8637856768464], [-122.139107039659, 44.8637836259932], [-122.13913045245, 44.8637777083806], [-122.139151140651, 44.8637914429205], [-122.13916190157, 44.8638064731679], [-122.139168325423, 44.8638232951211], [-122.139181640252, 44.8638432649761], [-122.139191045613, 44.8638581767815], [-122.139194469093, 44.8638636041174], [-122.139204343374, 44.8638842947166], [-122.139212202735, 44.8639039079919], [-122.139226137401, 44.8639138680745], [-122.13924153183, 44.863922462409], [-122.139260927356, 44.8639276547922], [-122.139279152376, 44.8639387985174], [-122.139295338221, 44.8639507304891], [-122.139311437827, 44.8639589122292], [-122.139322997348, 44.8639746950254], [-122.139324380754, 44.8639765032848], [-122.139336861947, 44.8639928279171], [-122.139353598459, 44.8640128193615], [-122.139373709941, 44.8640249416943], [-122.139389442137, 44.8640402647675], [-122.139396463369, 44.8640561112124], [-122.139404241881, 44.8640702347156], [-122.139413730785, 44.8640844721865], [-122.13943000197, 44.864093537024], [-122.139446000965, 44.8641051907215], [-122.13946213381, 44.8641170029573], [-122.139477024284, 44.864129143096], [-122.139495019335, 44.8641374712539], [-122.139512275972, 44.8641432493902], [-122.1395172733, 44.864144922662], [-122.139538048638, 44.864156550244], [-122.139556919547, 44.8641657373183], [-122.139574456458, 44.8641782995846], [-122.139590304536, 44.8641911114381], [-122.139612039274, 44.8642098605954], [-122.139631522834, 44.8642248448906], [-122.139652441903, 44.8642389594385], [-122.139676722466, 44.8642548567654], [-122.139676876078, 44.8642549611855], [-122.139698175134, 44.8642694755786], [-122.139718331532, 44.8642824529557], [-122.139735465099, 44.8642960167375], [-122.139756891716, 44.8643102566994], [-122.139777778444, 44.8643266977544], [-122.139800733993, 44.8643400272177], [-122.139820766424, 44.8643525219551], [-122.139838801001, 44.8643648899851], [-122.139859324811, 44.8643762558363], [-122.139881559911, 44.8643882023615], [-122.139904177693, 44.8644020227111], [-122.139924651197, 44.8644162454556], [-122.139945690639, 44.8644277437315], [-122.139964047712, 44.8644372733103], [-122.139983542052, 44.8644413807003], [-122.140006538923, 44.8644364984392], [-122.140030237378, 44.8644327622485], [-122.140055248273, 44.8644341827396], [-122.140077365693, 44.864438321965], [-122.140096634556, 44.8644445578627], [-122.140119538901, 44.864453738524], [-122.140142863657, 44.8644676002437], [-122.140165290997, 44.8644837171707], [-122.140186796664, 44.8644983817686], [-122.140208556556, 44.8645089478917], [-122.1402279952, 44.8645198380958], [-122.140251395415, 44.8645313369877], [-122.140267968434, 44.864544268463], [-122.140286430609, 44.8645565816953], [-122.140304528967, 44.8645659355223], [-122.140324093376, 44.8645730806201], [-122.140343523935, 44.8645780450045], [-122.140359531914, 44.8645828674034], [-122.140374293929, 44.864587521712], [-122.140386443643, 44.8645923288292], [-122.140398443339, 44.8645958408897], [-122.140411597369, 44.8645972575565], [-122.140426044076, 44.8645995261335], [-122.140440222186, 44.8646012649725], [-122.140454791063, 44.8646018800287], [-122.140468512829, 44.8646022601411], [-122.140480622119, 44.864602830628], [-122.140492226556, 44.8646041747103], [-122.140504000774, 44.864607986021], [-122.140517839321, 44.8646127931365], [-122.14053372962, 44.8646190672175], [-122.140548965946, 44.8646292009966], [-122.140566845115, 44.8646408966081], [-122.140584807827, 44.8646527106441], [-122.140602797489, 44.8646652167743], [-122.140622580189, 44.8646794993039], [-122.140642609026, 44.8646923759895], [-122.14066198928, 44.8647029478074], [-122.140674512693, 44.8647134209343], [-122.14068653844, 44.8647211371363], [-122.140696383976, 44.8647291557709], [-122.140706164832, 44.8647373851531], [-122.140716624816, 44.864746145544], [-122.140727996589, 44.8647531034289], [-122.140739549822, 44.8647612086507], [-122.140760112259, 44.8647729061454], [-122.140781692487, 44.8647822975028], [-122.140805050481, 44.8647917716298], [-122.140825593155, 44.8647990879724], [-122.140842649467, 44.8648055766016], [-122.140856298469, 44.8648175147607], [-122.140870109168, 44.8648287035194], [-122.140885406579, 44.8648368959586], [-122.14089973381, 44.8648429783681], [-122.140916633815, 44.8648531662273], [-122.140939646856, 44.8648648592465], [-122.140961818176, 44.8648736011537], [-122.14098782081, 44.8648840596055], [-122.141013734511, 44.8648954909343], [-122.141039284394, 44.8649034134029], [-122.141059492895, 44.8649085528515], [-122.141074483082, 44.8649115211503], [-122.141087050513, 44.8649131784822], [-122.141098828325, 44.8649106004811], [-122.141113001943, 44.8649096384263], [-122.141128752105, 44.8649116338463], [-122.141144700795, 44.8649140743201], [-122.141162667999, 44.8649203184433], [-122.141179446731, 44.8649265880339], [-122.141193702995, 44.8649331925283], [-122.141205216702, 44.8649378856472], [-122.141222895547, 44.8649452993864], [-122.141249309609, 44.8649563926153], [-122.141277301114, 44.8649688082681], [-122.141305685182, 44.8649783963338], [-122.141333691059, 44.8649894176092], [-122.141360480617, 44.8649986924151], [-122.141387669028, 44.8650065722106], [-122.141416636102, 44.8650152879916], [-122.141447348604, 44.8650252988179], [-122.141476201592, 44.8650345067646], [-122.141507245572, 44.8650454242473], [-122.141540784173, 44.8650579786813], [-122.14157004859, 44.865069527765], [-122.141596554281, 44.8650794755487], [-122.141624284375, 44.86509132897], [-122.141653269416, 44.8651046729002], [-122.141674250468, 44.8651182167507], [-122.141697802498, 44.8651310729638], [-122.1417184368, 44.865143585357], [-122.141744362179, 44.8651515122484], [-122.141771746422, 44.8651615994548], [-122.141800044252, 44.8651728276219], [-122.141827507547, 44.8651836298361], [-122.141851810569, 44.8651946612594], [-122.141877220315, 44.8652055099484], [-122.141906054439, 44.8652162325693], [-122.141926245872, 44.8652235755992], [-122.141948703754, 44.8652345115103], [-122.141979252762, 44.8652490122857], [-122.14200621839, 44.865262989056], [-122.142031225691, 44.8652775095619], [-122.142060430819, 44.8652877552837], [-122.142086641862, 44.8652973082779], [-122.142113368539, 44.8653049206201], [-122.142138558197, 44.8653131658373], [-122.142167054555, 44.865320252903], [-122.142195910238, 44.8653261614434], [-122.142224588056, 44.8653326372793], [-122.142253817438, 44.8653405635079], [-122.142283325299, 44.8653487259495], [-122.142311684214, 44.8653593390321], [-122.142339309206, 44.8653709631853], [-122.142365602894, 44.8653821034476], [-122.142392716744, 44.8653891771343], [-122.142420758554, 44.8653972001328], [-122.142450485603, 44.8654061960005], [-122.142478693602, 44.8654148747926], [-122.142504715999, 44.865421272305], [-122.142535437483, 44.8654311888299], [-122.142570133114, 44.8654418980382], [-122.142604513437, 44.8654511116485], [-122.142632295634, 44.8654562122099], [-122.142658706103, 44.8654639900716], [-122.142682832157, 44.8654719697645], [-122.142707623862, 44.8654829119953], [-122.142730864177, 44.8654970918143], [-122.142750929845, 44.8655071076504], [-122.142768674267, 44.8655146543853], [-122.142792126584, 44.8655329383251], [-122.142818207372, 44.8655474345685], [-122.142846059637, 44.865562500649], [-122.142866159442, 44.8655803121472], [-122.142888595764, 44.8655928785617], [-122.142913505149, 44.8656034164694], [-122.142936775108, 44.865614247254], [-122.142963720075, 44.8656287332899], [-122.142988072504, 44.8656435325749], [-122.143007983662, 44.865660876079], [-122.143033510189, 44.8656752602324], [-122.143052234673, 44.8656871580995], [-122.143070740866, 44.8656986255603], [-122.143078809534, 44.8657106144695], [-122.143095723912, 44.8657221952568], [-122.143110242484, 44.8657341013911], [-122.143126882876, 44.8657463468796], [-122.143145573224, 44.8657613435086], [-122.143166836347, 44.8657765094936], [-122.143190046119, 44.8657918722122], [-122.14321589065, 44.8658053165772], [-122.143242426883, 44.865815385205], [-122.143257100863, 44.8658264247842], [-122.143271310414, 44.8658344515419], [-122.143283672131, 44.8658410221875], [-122.143296205426, 44.8658478965336], [-122.143308158409, 44.8658548574688], [-122.14332162146, 44.8658618120363], [-122.143336467917, 44.8658682941788], [-122.143348950906, 44.8658740753249], [-122.143360325374, 44.8658808618039], [-122.143373126367, 44.8658874343542], [-122.143387273934, 44.8658931429157], [-122.143401291246, 44.8658996002239], [-122.143412884005, 44.8659059473839], [-122.1434236575, 44.8659122143204], [-122.143433808463, 44.8659180113793], [-122.143443976494, 44.8659238090743], [-122.14345657806, 44.8659292075644], [-122.143466692192, 44.8659321204186], [-122.143541198462, 44.8659400338309], [-122.143660910652, 44.8659080529168], [-122.143779192723, 44.8659040761529], [-122.143834455283, 44.8659132495778], [-122.14385874483, 44.8659172810964], [-122.143928154957, 44.8659212686831], [-122.144002108763, 44.865916494148], [-122.144106720272, 44.865944001042], [-122.144129956994, 44.8659458353438], [-122.144214464208, 44.8659525033901], [-122.144302022998, 44.8659535793948], [-122.144392675587, 44.865943093123], [-122.144487248424, 44.8659226751303], [-122.144569454153, 44.8659099992771], [-122.144683806096, 44.8658884193135], [-122.144744518734, 44.8658676262909], [-122.144796354221, 44.8658421663202], [-122.144881598053, 44.8658265457554], [-122.144987987329, 44.8658122787909], [-122.145060899988, 44.865799783097], [-122.145133072434, 44.8657296400928], [-122.14517203686, 44.8656550675338], [-122.14523428921, 44.865599710279], [-122.145300998103, 44.8655350852567], [-122.145387405254, 44.8654656811324], [-122.145488352536, 44.8653740880874], [-122.145571749432, 44.8653031569711], [-122.145649581265, 44.8652629801423], [-122.145706939594, 44.8652135049578], [-122.145811930193, 44.8651859461423], [-122.145923722835, 44.865149098526], [-122.146020238727, 44.8651006228604], [-122.146102363609, 44.8650390941833], [-122.146087566559, 44.8649866212234], [-122.146081989818, 44.8649668351346], [-122.146144162219, 44.8649183453081], [-122.146211761342, 44.8648940921025], [-122.146237833147, 44.8648323473627], [-122.146296738375, 44.8647559322979], [-122.146314767563, 44.8647325430293], [-122.146429066505, 44.8646794661953], [-122.146544966244, 44.864655326859], [-122.146649220225, 44.8646494749164], [-122.146716212087, 44.8646455146199], [-122.146779371736, 44.864629167888], [-122.146875015364, 44.8646291927194], [-122.146957038736, 44.8646443475421], [-122.147048134194, 44.864675179272], [-122.147167697264, 44.8647132140059], [-122.147286141931, 44.8647531893837], [-122.147396791017, 44.8647796112564], [-122.147509366092, 44.864791625825], [-122.147645128481, 44.864808313783], [-122.147774322389, 44.8648353303095], [-122.147899627489, 44.8648768260448], [-122.147901808599, 44.8648773404993], [-122.14801737147, 44.8649045741085], [-122.14811303037, 44.8649229913124], [-122.148235926189, 44.8649492361045], [-122.14835712509, 44.8649903179028], [-122.148467793042, 44.8650108132669], [-122.148560950134, 44.8650175731063], [-122.148644712644, 44.8650262252156], [-122.148736482737, 44.8650484816769], [-122.148863096683, 44.8650897225791], [-122.148978912879, 44.8651265072002], [-122.149063732706, 44.8651621107232], [-122.149174790527, 44.8652062854459], [-122.149268976189, 44.865256702948], [-122.149325468543, 44.8652749965202], [-122.14937442942, 44.8652911246817], [-122.14941942783, 44.8653380059001], [-122.149493122921, 44.8653607843314], [-122.149595114045, 44.8653755664945], [-122.149681268769, 44.8653880966621], [-122.149748164511, 44.865410393732], [-122.149820466315, 44.8654293347742], [-122.149964839954, 44.8654326812429], [-122.150062502097, 44.8654583916157], [-122.150127918315, 44.865454943914], [-122.150199267904, 44.865479249729], [-122.150264349948, 44.86547506983], [-122.150380923424, 44.8654595873283], [-122.150504508251, 44.8654460811231], [-122.150630112491, 44.8654407137858], [-122.150713309961, 44.8654951524436], [-122.150830203237, 44.8655576547745], [-122.150937744153, 44.8656006443078], [-122.151032401431, 44.8656758803707], [-122.151118614546, 44.8657775880484], [-122.151216491386, 44.8658264623489], [-122.151172468547, 44.8659279781171], [-122.151204834847, 44.8660194091987], [-122.151339435714, 44.8660492367717], [-122.151502505091, 44.8660677745802], [-122.15160408838, 44.8660922138408], [-122.151708265105, 44.8661378407698], [-122.151788768528, 44.8661682858677], [-122.151883735724, 44.8661899898802], [-122.151984429681, 44.866205176763], [-122.152084364562, 44.8662013642847], [-122.152152605082, 44.8662096233806], [-122.152226133985, 44.8662156158722], [-122.152296943687, 44.8662196594667], [-122.152388570049, 44.8662361744687], [-122.152546441774, 44.8662519400867], [-122.152638106764, 44.8662899336676], [-122.152707882505, 44.8663410429338], [-122.152794657965, 44.8663743848389], [-122.152854281846, 44.8664028828314], [-122.152951204675, 44.8664194499889], [-122.153012000857, 44.8664395220862], [-122.153110590959, 44.8664663754929], [-122.153190960533, 44.866495146577], [-122.15329695994, 44.8664904198407], [-122.153413032156, 44.8664891184602], [-122.153334337042, 44.8665559466064], [-122.153436503337, 44.8665681982869], [-122.153504101563, 44.8665675724281], [-122.153580567058, 44.8665822148479], [-122.153436838409, 44.8666971696199], [-122.153561441925, 44.8667040381337], [-122.153677710873, 44.8667075163212], [-122.153595391955, 44.8667935413893], [-122.153504759129, 44.866856259418], [-122.153492327344, 44.8668648622267], [-122.153411644259, 44.8669130034237], [-122.153336226199, 44.8669515434748], [-122.153261621115, 44.8670146299676], [-122.153310325074, 44.8670360605266], [-122.153396465425, 44.8670302814072], [-122.153525866844, 44.8670348049991], [-122.153668669329, 44.8670262786171], [-122.153800893254, 44.8670123506623], [-122.153894568674, 44.8669786952446], [-122.153921872967, 44.8669744390531], [-122.154012846254, 44.8669602589613], [-122.154140566925, 44.8669468078626], [-122.154263227385, 44.8669328843454], [-122.154357216317, 44.8669218316081], [-122.154415163941, 44.8669275126899], [-122.154492124408, 44.8669224243558], [-122.154563912375, 44.8669093151446], [-122.154636551946, 44.8668938877831], [-122.154733935611, 44.8668796720175], [-122.154878294877, 44.8668624587631], [-122.154968810023, 44.8669019226688], [-122.155039317892, 44.8669437142431], [-122.155137706771, 44.8669436582154], [-122.155237457497, 44.8669364554741], [-122.15532571877, 44.8669349624635], [-122.15542072729, 44.8669773091969], [-122.155517386913, 44.867028788399], [-122.15558646107, 44.867061483042], [-122.155682030138, 44.867068937255], [-122.155792521121, 44.8670831523372], [-122.155882241259, 44.8671243898716], [-122.155969770405, 44.8671578605682], [-122.156066661793, 44.8671741492812], [-122.156202364893, 44.8671641171815], [-122.15631187312, 44.8671576491918], [-122.156420617778, 44.8671523316747], [-122.156519818735, 44.8671483237996], [-122.156608407893, 44.8671422473639], [-122.156691344852, 44.8671391403847], [-122.156774649221, 44.8671365414729], [-122.15688264738, 44.8671534916982], [-122.156993267721, 44.8671701337675], [-122.157097051882, 44.8671726741036], [-122.157201534034, 44.8671671235646], [-122.157311903745, 44.8671907238568], [-122.157458120727, 44.8672111967906], [-122.157593272262, 44.8672270487294], [-122.157659912883, 44.8672256448608], [-122.15775575953, 44.8672200720432], [-122.157860194072, 44.8672199491649], [-122.157959028516, 44.8672235069057], [-122.158084236599, 44.867261815636], [-122.158219062045, 44.8672754347432], [-122.158221777652, 44.8672753946327], [-122.158329044582, 44.8672738424201], [-122.158445093442, 44.8672846143163], [-122.158565935712, 44.8673040106005], [-122.158661765292, 44.8673188291917], [-122.158769254105, 44.8673432055271], [-122.158888898921, 44.8673531618314], [-122.158981653568, 44.8673497562636], [-122.159074577097, 44.8673458668236], [-122.159196765942, 44.8673564680778], [-122.159303969092, 44.8673765315716], [-122.159401451571, 44.8673841780192], [-122.159524584546, 44.8673757510099], [-122.159646616185, 44.867373071888], [-122.159736227627, 44.867355420113], [-122.15985859344, 44.8673445705558], [-122.160004761913, 44.8673379300477], [-122.160153035139, 44.8673100367219], [-122.160274042699, 44.8672917030493], [-122.160377618451, 44.8672791179054], [-122.160509703137, 44.8672501040034], [-122.160632125544, 44.8672233216332], [-122.160742604849, 44.8671925708524], [-122.16085181214, 44.8671879243946], [-122.160945043792, 44.867182271989], [-122.161033235895, 44.8671761070589], [-122.161147265342, 44.8671788091103], [-122.161248405762, 44.8671802231669], [-122.161311505224, 44.8671817919356], [-122.161378310237, 44.8671726925672], [-122.161465383937, 44.867169329646], [-122.161550596328, 44.8671589085366], [-122.161671416141, 44.8671014345054], [-122.16160193325, 44.8669960752738], [-122.161736291572, 44.8669704025151], [-122.16184656696, 44.8669652416035], [-122.161970039497, 44.8669642197353], [-122.162059391325, 44.8669201896143], [-122.161978495339, 44.8668130333409], [-122.162126821566, 44.8667789862484], [-122.162221874103, 44.866768298936], [-122.16232336756, 44.8667594299805], [-122.162403861999, 44.8667553514066], [-122.162507080222, 44.8667475953664], [-122.162659802804, 44.8667336412404], [-122.162821910085, 44.8667121653646], [-122.162970246193, 44.8666864173508], [-122.163050006708, 44.8666730858842], [-122.163143153919, 44.8666578271799], [-122.163240595974, 44.8666356311889], [-122.16332929832, 44.8666205908565], [-122.163446342513, 44.8665688298758], [-122.163545038617, 44.8665202796405], [-122.163624705708, 44.866490955928], [-122.163666848373, 44.866486951827], [-122.163716410224, 44.8664822410072], [-122.163836202364, 44.8664345088377], [-122.163985062189, 44.8663774421979], [-122.16410706688, 44.8663429790926], [-122.164200273379, 44.8663044303571], [-122.164283760106, 44.8662778748437], [-122.164369443215, 44.866252016489], [-122.164469553267, 44.8662273971141], [-122.164560666691, 44.8662351054728], [-122.164635206198, 44.8662378604134], [-122.164646807042, 44.8662382577055], [-122.16470369645, 44.8662402040546], [-122.164813396916, 44.8662522195918], [-122.164930955844, 44.8662224137713], [-122.165052290391, 44.8662042191866], [-122.165099413316, 44.8661987175791], [-122.16518622381, 44.8661885828029], [-122.165199148771, 44.8661854795924], [-122.16531234548, 44.8661583045277], [-122.165341920714, 44.866146968316], [-122.165411026312, 44.8661204802188], [-122.165511007006, 44.8661020716749], [-122.16561233158, 44.8660912728165], [-122.165715101544, 44.8660840107566], [-122.165795732527, 44.8660733506927], [-122.165880604457, 44.866080472046], [-122.165972618891, 44.8660885261458], [-122.166058405306, 44.8660780710963], [-122.166155542833, 44.8660704728635], [-122.166257214157, 44.8660486631157], [-122.166359942798, 44.866023955154], [-122.166482407425, 44.866005142282], [-122.166577533624, 44.866007918881], [-122.166685572207, 44.8660306346517], [-122.166773731072, 44.8660846149732], [-122.166878319226, 44.8661205668083], [-122.166980761304, 44.8661655799487], [-122.166998282944, 44.8661745890668], [-122.167063066747, 44.8662078947771], [-122.167187220207, 44.8662459749764], [-122.16730513936, 44.8662794410902], [-122.167396371362, 44.8663113403023], [-122.167511175157, 44.8663197731975], [-122.167614994352, 44.866337979206], [-122.167718063455, 44.8663785977803], [-122.167764686916, 44.8664029248525], [-122.167794133691, 44.8664182893139], [-122.167869591277, 44.8664658788798], [-122.167971397348, 44.8665002273086], [-122.167982614611, 44.8665026530713], [-122.168037375911, 44.8665144985594], [-122.16811304999, 44.8665336913646], [-122.168205534244, 44.8665450052163], [-122.168293723652, 44.866554549725], [-122.168394715849, 44.8665783056189], [-122.168489868099, 44.8666017495288], [-122.168511195002, 44.8666059172491], [-122.16860712699, 44.8666246586165], [-122.168695204109, 44.8666521377947], [-122.168778025184, 44.8666638107114], [-122.168873377759, 44.8666689678299], [-122.168880450195, 44.8666700266308], [-122.168995683385, 44.8666872736869], [-122.169115818681, 44.8666909447898], [-122.16923382497, 44.8666775044517], [-122.169367850017, 44.8666711650169], [-122.169494179197, 44.8666709752859], [-122.169576741558, 44.8666633274702], [-122.169674045273, 44.8666678262604], [-122.169775223422, 44.8666774738911], [-122.169884071386, 44.8666892028305], [-122.169981025657, 44.8666968035283], [-122.169999028793, 44.8666967958882], [-122.170100807017, 44.8666967532305], [-122.170103841526, 44.8666967519572], [-122.17022405228, 44.8666986721869], [-122.170310897809, 44.8666983850438], [-122.170402494527, 44.8667139544376], [-122.170481053097, 44.8667521151604], [-122.170546039919, 44.8667766591827], [-122.170650105253, 44.8667981095673], [-122.170726771073, 44.8668247889933], [-122.170817265558, 44.8668658185187], [-122.170893289981, 44.8669005525362], [-122.170993992921, 44.8669097748266], [-122.171092772567, 44.8669030578669], [-122.171174945958, 44.8668941188975], [-122.171267008003, 44.8668933485162], [-122.171391320466, 44.8669051971072], [-122.171511651595, 44.8669011096301], [-122.171615359399, 44.8669002189166], [-122.171706072175, 44.8669016291599], [-122.171795488682, 44.8669088077118], [-122.171876009172, 44.8669185208799], [-122.171980476053, 44.8669355921383], [-122.17204119498, 44.8669629470159], [-122.172074349102, 44.866977882207], [-122.172167619381, 44.8670159217862], [-122.172243338377, 44.8670220116055], [-122.172332087435, 44.8670069993879], [-122.172442556859, 44.8669989626069], [-122.172577617664, 44.8669859349079], [-122.172727017377, 44.8669756818483], [-122.172863061837, 44.8669312245249], [-122.172972455079, 44.8668949433965], [-122.173068737409, 44.8668699021783], [-122.173138916494, 44.8668582318502], [-122.173155119407, 44.8668555374238], [-122.173233148869, 44.866831369076], [-122.173323706236, 44.866804815079], [-122.173400715212, 44.8667767470446], [-122.173469736369, 44.8667579821696], [-122.173550859629, 44.8667506571624], [-122.173644577269, 44.8667299707769], [-122.173730591856, 44.8667058482174], [-122.173806115917, 44.8666866962172], [-122.173936331209, 44.866653972074], [-122.174097559938, 44.8666339796367], [-122.174217706912, 44.8666013057614], [-122.174261084761, 44.866594808421], [-122.174321232359, 44.8665857987321], [-122.174416121402, 44.8665837556189], [-122.174510563983, 44.8665794089892], [-122.17462889097, 44.8665756188196], [-122.174746340304, 44.8665726174991], [-122.174844746252, 44.8665809752276], [-122.174941003429, 44.8666030840143], [-122.175039960044, 44.866613926071], [-122.175134531983, 44.8666308573498], [-122.175249830749, 44.8666796564341], [-122.175354678516, 44.8667190007692], [-122.175496571008, 44.8667593987832], [-122.17556136649, 44.8668172214197], [-122.175643395252, 44.8668544105016], [-122.175750376517, 44.8668998324526], [-122.175856739742, 44.8669454822985], [-122.175945077372, 44.8669840013175], [-122.176051613971, 44.8670046837917], [-122.176059371822, 44.8670056680952], [-122.176166915433, 44.8670193140034], [-122.176263198662, 44.8670357606516], [-122.176353066123, 44.867033191659], [-122.176509687393, 44.8670323996325], [-122.176612727749, 44.8670438922924], [-122.17670555965, 44.8670437974275], [-122.176789515299, 44.8670403600076], [-122.176884213001, 44.8670444831288], [-122.176991136774, 44.8670530521655], [-122.177085453591, 44.8670428920726], [-122.177195790064, 44.8670147241959], [-122.177298620214, 44.8669916637342], [-122.177406943563, 44.8669675113605], [-122.177524816003, 44.8669522883882], [-122.177623623498, 44.8669226790272], [-122.177709526693, 44.8669028732301], [-122.177803538083, 44.8668707171275], [-122.177898666078, 44.8668363918402], [-122.177994223468, 44.8668146893447], [-122.178095716926, 44.8668085931367], [-122.178189830723, 44.8667977409297], [-122.178269803241, 44.8667940507332], [-122.178304484499, 44.8667924513933], [-122.178381827649, 44.8667761358317], [-122.178465995299, 44.8667692921571], [-122.178582605606, 44.8667593039178], [-122.178722790401, 44.8667534254486], [-122.178834757317, 44.8667452218219], [-122.178931745723, 44.8667171633086], [-122.179014480561, 44.8666876416886], [-122.17909565233, 44.866658852237], [-122.179187609272, 44.8666481362516], [-122.179267780318, 44.8666615734131], [-122.179360221452, 44.8666466292265], [-122.179452290684, 44.8666297960014], [-122.179561675841, 44.8666308656266], [-122.179686973755, 44.8666293827949], [-122.17978794619, 44.866600914202], [-122.179874968686, 44.866575459649], [-122.180008304726, 44.8665515624104], [-122.180146407226, 44.8665441144972], [-122.180253392983, 44.8665588747093], [-122.180367749417, 44.8665493976896], [-122.180466071821, 44.8665529726623], [-122.180604837278, 44.8665859095148], [-122.180758923502, 44.8665901593682], [-122.180855394479, 44.8665929149285], [-122.180946401004, 44.8665860196608], [-122.181065468203, 44.8665787111855], [-122.181187908576, 44.8665513675856], [-122.181280148488, 44.8665324988578], [-122.181348258753, 44.8664916276288], [-122.181445107022, 44.8664349016716], [-122.181555861212, 44.8663794159198], [-122.181624896741, 44.866355207261], [-122.181686952361, 44.8663197916614], [-122.181847421115, 44.8663060456277], [-122.181970865805, 44.866290896336], [-122.182095694799, 44.8662694419423], [-122.182237725632, 44.8662275066241], [-122.182344691626, 44.8661986042489], [-122.182392878156, 44.8662326784255], [-122.18251545687, 44.8661790458738], [-122.182572840352, 44.8661774738943], [-122.182729527198, 44.8661589233874], [-122.182877270418, 44.8661192756064], [-122.182786046501, 44.866061049882], [-122.182779604682, 44.8660569381507], [-122.182794846398, 44.8660499059309], [-122.182863799282, 44.8660180848867], [-122.182930228799, 44.8659426569909], [-122.18306690747, 44.8659013511207], [-122.183147822321, 44.8658929824699], [-122.183228557508, 44.8658591493978], [-122.183275003104, 44.8658656913895], [-122.183317206854, 44.8658716368019], [-122.18340376582, 44.8658602082136], [-122.18349268466, 44.8658561531335], [-122.183609326408, 44.8658334653083], [-122.183688496731, 44.8658014658709], [-122.183769522074, 44.8657844394813], [-122.183828969885, 44.865758702513], [-122.183930465139, 44.8657052879051], [-122.184028580931, 44.8656657900709], [-122.184079713935, 44.8656490584298], [-122.184132460314, 44.865629247101], [-122.184209199795, 44.8656246794668], [-122.18428520176, 44.8656140505159], [-122.184348269781, 44.865632900444], [-122.18441957715, 44.8656296342102], [-122.184520844232, 44.8656084323371], [-122.184617364616, 44.8655936133056], [-122.184714803078, 44.8655940812751], [-122.184862782555, 44.8655587651681], [-122.184932516075, 44.865545041237], [-122.185001858829, 44.8654896564985], [-122.185100837902, 44.8654488322813], [-122.185194025536, 44.8654357316483], [-122.185295340229, 44.8654163353713], [-122.185434783914, 44.8653858866922], [-122.185460953634, 44.8653801710768], [-122.185465747943, 44.8653792160335], [-122.185557203626, 44.8653610065382], [-122.185578022082, 44.8653660256105], [-122.185657798768, 44.8653852633673], [-122.185744756586, 44.8653736735985], [-122.185870024855, 44.8653634087912], [-122.185968529618, 44.8653497994188], [-122.186077676721, 44.8653824752778], [-122.186194018432, 44.8654056236115], [-122.186253571346, 44.8654031475036], [-122.186358351739, 44.8653987905977], [-122.186421445811, 44.8653976388158], [-122.186761615351, 44.8655095601961], [-122.186737578231, 44.8655162289296], [-122.186435921263, 44.865599926118], [-122.186609029314, 44.865606126235], [-122.186775662307, 44.8655852528871], [-122.186951863257, 44.8655605663741], [-122.187069511118, 44.8655369603199], [-122.187230161332, 44.8655392543276], [-122.187102874548, 44.8655302667577], [-122.187131094224, 44.8655246046389], [-122.187295765297, 44.8654959979736], [-122.18747994149, 44.865496338605], [-122.187613401497, 44.8654663732194], [-122.187776784386, 44.8654510893642], [-122.187856546698, 44.8654337483436], [-122.187873141276, 44.8654240387451], [-122.188333454198, 44.8653844815053], [-122.188496306182, 44.8654736207133], [-122.188741700765, 44.8656079408101], [-122.189306579382, 44.8657199852997], [-122.189976601311, 44.8657247458438], [-122.190591321155, 44.8659496650296], [-122.191669609415, 44.8661778673667], [-122.192956889827, 44.8662274938903], [-122.193212977955, 44.8663013252428], [-122.194707233802, 44.8663163885792], [-122.195070357095, 44.866247007681], [-122.195111502629, 44.866261117913], [-122.195224074111, 44.8662882120701], [-122.195316234073, 44.8662803337234], [-122.195408981532, 44.8662679514611], [-122.19551281061, 44.8662731983878], [-122.19561657411, 44.8662814982213], [-122.19572205968, 44.8662838877021], [-122.195816327988, 44.8662787451929], [-122.195915058228, 44.8662866375469], [-122.196033261248, 44.8662855577283], [-122.196140081715, 44.866280466154], [-122.196249541432, 44.8662750021182], [-122.196361252327, 44.8662774750051], [-122.196423717579, 44.8662963412698], [-122.196490251301, 44.8663114262548], [-122.196593942037, 44.8663438800016], [-122.196704400681, 44.8663989220187], [-122.196928869908, 44.8665213479945], [-122.19703528254, 44.8665804085804], [-122.197156277524, 44.866615182881], [-122.197175487098, 44.8666191678727], [-122.197261929282, 44.8666371019235], [-122.197354759387, 44.8666405571945], [-122.197429230623, 44.8666234355508], [-122.19751023261, 44.8665948186079], [-122.197594047223, 44.8665741391699], [-122.197715900098, 44.8665610967311], [-122.197839413958, 44.8665699701739], [-122.197954356093, 44.8666106293322], [-122.198059414066, 44.8666495153037], [-122.198138932036, 44.8666709440885], [-122.198231525884, 44.8666805267772], [-122.19833583556, 44.8666864733788], [-122.198444697, 44.8667211457465], [-122.198540182524, 44.8667695130851], [-122.198650381555, 44.8668150503421], [-122.198746650411, 44.8668635774083], [-122.198807771783, 44.8669362727475], [-122.198850053687, 44.8670144084039], [-122.198878215871, 44.867105542342], [-122.198906731093, 44.8671869426409], [-122.198950067619, 44.8672963813325], [-122.199009325885, 44.8674393883965], [-122.199102645572, 44.8675027856873], [-122.199218616278, 44.8674951519889], [-122.199320493316, 44.867490296727], [-122.199389471354, 44.8674713321695], [-122.199480361996, 44.8674874189687], [-122.19939315265, 44.8675490144261], [-122.199319454864, 44.8675947573479], [-122.199330169968, 44.8677029970515], [-122.199409641227, 44.8677492784731], [-122.199497738108, 44.8677475550092], [-122.19958282204, 44.8677344771828], [-122.199662846661, 44.8677279182134], [-122.199605977015, 44.867800720058], [-122.199521066458, 44.8678628041413], [-122.199606873534, 44.8679355542453], [-122.199733968079, 44.8679629462111], [-122.19981312852, 44.8679642055383], [-122.199927708634, 44.8679493953899], [-122.200092924985, 44.8678979354745], [-122.200192007364, 44.867847638706], [-122.200263277004, 44.8678030897391], [-122.20037636322, 44.8677699288389], [-122.20047248565, 44.867772166094], [-122.200544187379, 44.8677723997516], [-122.200624300035, 44.867769690088], [-122.200724783786, 44.8677556483493], [-122.200828186163, 44.8677353245899], [-122.20090531192, 44.8677000836502], [-122.200994953904, 44.8676770387432], [-122.201071705064, 44.8676743672753], [-122.201103244015, 44.8676698545571], [-122.201174847828, 44.8676596054393], [-122.201275472615, 44.8676232751097], [-122.201370886274, 44.8676172687578], [-122.201453431567, 44.8676109790868], [-122.201543118467, 44.8676100514574], [-122.201659481737, 44.8676077887291], [-122.201778092592, 44.8676091110945], [-122.201889747792, 44.8676423026475], [-122.202028049719, 44.8676557408503], [-122.202129784823, 44.8677144660207], [-122.202236430118, 44.8677899934619], [-122.202328657454, 44.867826241556], [-122.202425119447, 44.8678641487843], [-122.202522183312, 44.8679343178375], [-122.202635193171, 44.8679827592834], [-122.202755173059, 44.8680339873765], [-122.202865476294, 44.8680675957006], [-122.20294500774, 44.868090604798], [-122.203030933393, 44.8680926160245], [-122.203140526061, 44.8681160580443], [-122.203224210418, 44.8681041804159], [-122.203327319047, 44.8681211067996], [-122.203413635467, 44.8681433143145], [-122.203511982126, 44.8681638091927], [-122.203621299012, 44.8682104932523], [-122.203722720604, 44.8682265823916], [-122.203828615806, 44.8682512983211], [-122.203875378506, 44.8683261533784], [-122.203884332015, 44.8684056184086], [-122.203918980035, 44.8685044938519], [-122.203948119587, 44.8685731112203], [-122.203958107954, 44.8686514859487], [-122.203971665329, 44.8687569573855], [-122.203955374381, 44.8688745970531], [-122.203981974395, 44.8689627892425], [-122.204022140766, 44.8690817750139], [-122.204025216598, 44.8691937662661], [-122.204001122883, 44.8692629863593], [-122.203959584785, 44.8693568244164], [-122.203953884076, 44.8693697038757], [-122.203938842685, 44.8694626065194], [-122.203936447776, 44.8694774016355], [-122.20397571673, 44.869539827701], [-122.203995412293, 44.8695711368425], [-122.204053393155, 44.8696894617891], [-122.204054734339, 44.8696921961916], [-122.204111257235, 44.8698092641491], [-122.204152106326, 44.8698870559368], [-122.20417218008, 44.8699676062013], [-122.204039828594, 44.8699438300603], [-122.203963708052, 44.8699470960493], [-122.203915213399, 44.8699491766051], [-122.203937161038, 44.87004357761], [-122.203959006269, 44.8701065754038], [-122.203970266652, 44.8701390499301], [-122.204027514488, 44.8702144213957], [-122.204080480954, 44.8702651770245], [-122.204062436495, 44.8703580483008], [-122.203964229075, 44.870440440341], [-122.20394911492, 44.8704420472192], [-122.20385519426, 44.8704520316362], [-122.20377688093, 44.8704883722765], [-122.203694129923, 44.8705591760421], [-122.203629417087, 44.8706450094558], [-122.203649790877, 44.8707200931358], [-122.203673795658, 44.8708005072677], [-122.203674231341, 44.8709252151283], [-122.203692331496, 44.871035200583], [-122.20372556467, 44.8711154532067], [-122.203754847952, 44.8712055162045], [-122.203746435229, 44.871325824076], [-122.203724909798, 44.8714561076627], [-122.203716833045, 44.8715449121519], [-122.203716328192, 44.8716278697272], [-122.203720710174, 44.8717372032082], [-122.203751876325, 44.8718448233262], [-122.203757315624, 44.8719145380706], [-122.203796011453, 44.8720302900666], [-122.203845986529, 44.8721398099496], [-122.203878443558, 44.8722194855287], [-122.203895952621, 44.8722450203463], [-122.203927351436, 44.8722908161952], [-122.20400551834, 44.872359853674], [-122.204091424231, 44.8724432143268], [-122.204144460765, 44.8725365977478], [-122.204166866545, 44.8726177611846], [-122.204152631841, 44.872683520342], [-122.204150898991, 44.8727647281346], [-122.204150746277, 44.8728392730211], [-122.204150626801, 44.8728974384135], [-122.204181395896, 44.8730128497556], [-122.204185146363, 44.8730639816998], [-122.204186591752, 44.8730836803362], [-122.204189107035, 44.8731179624281], [-122.204152448584, 44.8732359363144], [-122.204128010815, 44.8732914778443], [-122.20411144139, 44.8733291376525], [-122.204066650492, 44.873388988285], [-122.204022324022, 44.8734563266179], [-122.203958445721, 44.8735409334287], [-122.20391710076, 44.873609323891], [-122.20385787663, 44.8736677546055], [-122.203853833313, 44.8736733127936], [-122.20381124149, 44.8737318567585], [-122.203767022819, 44.8738077347107], [-122.203694882711, 44.8739027908155], [-122.203663212606, 44.8739822271386], [-122.203656615379, 44.8739987730166], [-122.203613277954, 44.8740731902579], [-122.203457029485, 44.8742266849837], [-122.203376428146, 44.8743379570565], [-122.203356728991, 44.874461652705], [-122.203372323744, 44.8745939573802], [-122.203348701645, 44.8747447509306], [-122.203298743637, 44.8748548837776], [-122.203227591677, 44.8749512673519], [-122.203141373173, 44.8750105675577], [-122.203093217185, 44.8750812600863], [-122.203021882867, 44.8751417308427], [-122.202944738245, 44.8752015203875], [-122.202848497237, 44.8753012760129], [-122.202720453173, 44.8753843332101], [-122.202567051465, 44.875436011783], [-122.202756613058, 44.8754271409802], [-122.203093745395, 44.8754568739197], [-122.203189571381, 44.8754625490664], [-122.203357293133, 44.875472484232], [-122.203460270607, 44.8754912182563], [-122.203528736605, 44.8755504109598], [-122.203559752736, 44.8756085220489], [-122.203562554582, 44.8756810478344], [-122.203510168428, 44.8758375970379], [-122.203459182747, 44.8760304078401], [-122.203396042861, 44.8762468686841], [-122.203227949206, 44.8764538756051], [-122.202678359017, 44.8774000973571], [-122.202393515817, 44.8780282576892], [-122.2022670465, 44.8788195659949], [-122.202076802187, 44.8793583672921], [-122.201918986158, 44.8801269509262], [-122.201316307332, 44.8808474062492], [-122.200588040437, 44.8819495727511], [-122.199922761612, 44.8835292923221], [-122.199571285876, 44.8839151035992], [-122.199468809661, 44.8840275904535], [-122.199226023786, 44.8842940878833], [-122.19935263324, 44.8842949783276], [-122.200208262379, 44.8839994079758], [-122.201697757155, 44.8831906455622], [-122.202394956715, 44.8825608701262], [-122.202847153358, 44.8822023299317], [-122.203250288511, 44.8818826835508], [-122.203720126269, 44.8816489408714], [-122.203883765178, 44.8815675298369], [-122.204105940107, 44.8815240697495], [-122.20461227911, 44.8815906175574], [-122.205626883105, 44.8818137434256], [-122.206229175655, 44.8820384902591], [-122.206982033932, 44.8823413211476], [-122.209158266488, 44.8824643554474], [-122.211406055246, 44.8825913905556], [-122.215194344224, 44.8841471096434], [-122.216237129267, 44.8834040853925], [-122.217882368557, 44.8833504115571], [-122.221469800526, 44.8849337944263], [-122.222900682026, 44.8838393408134], [-122.224438866389, 44.8849539969097], [-122.226551346408, 44.8852728452707], [-122.231454256007, 44.8864303890115], [-122.232582942449, 44.8876408588806], [-122.232097952807, 44.8891241738744], [-122.236262198409, 44.8927042079185], [-122.239892636324, 44.8934895951817], [-122.244484011081, 44.8972244014561], [-122.246321522181, 44.8986573852592], [-122.249099095972, 44.89918312543], [-122.253940456601, 44.8998461082049], [-122.256279984909, 44.8993669800648], [-122.260319333246, 44.8976902874391], [-122.26039213631, 44.902159563941], [-122.248296845626, 44.9020640741223], [-122.248416822818, 44.9102381810753], [-122.245259929111, 44.9102413639798], [-122.245558869573, 44.9427967327892], [-122.240460166767, 44.9427629360453], [-122.240489744697, 44.9463643090179], [-122.235390617886, 44.9463302829432], [-122.23532899256, 44.9599345107631], [-122.235313254076, 44.9607552508823], [-122.229974754988, 44.9609132675318], [-122.229857613777, 44.9645736826524], [-122.224626181295, 44.9646974269881], [-122.219394714677, 44.9648209219038], [-122.219284071879, 44.9685245888266], [-122.214054933694, 44.9686691866405], [-122.21414206309, 44.9721901279774], [-122.214227972574, 44.975709938086], [-122.209207019855, 44.9757132768666], [-122.209261888054, 44.9792267578516], [-122.209317244937, 44.9827408908686], [-122.204232376187, 44.9827291334972], [-122.204181739053, 44.9860097125799], [-122.204131085749, 44.9892898586944], [-122.204123595596, 44.9897750163913], [-122.204080438733, 44.992570003878], [-122.204068189306, 44.9933632370396], [-122.204043518873, 44.994960833227], [-122.201288667069, 44.9962172837898], [-122.198434486748, 44.9969000531085], [-122.194438190171, 44.9977524774206], [-122.190960742536, 44.999937640688], [-122.186595017392, 45.0004616352058], [-122.178715565251, 44.99877655835], [-122.174372959149, 44.9955374405755], [-122.170277800281, 44.9928120115772], [-122.166160038002, 44.9916720056859], [-122.15905768877, 44.9959806945374], [-122.154588419314, 44.9959476958633], [-122.148616167777, 44.9993126534862], [-122.144525174396, 45.0038807033389], [-122.138496105316, 45.0051511151224], [-122.138154425708, 45.0113650214301], [-122.132574013908, 45.0182206901925], [-122.129272788782, 45.0276702816322], [-122.123672676928, 45.0411928117778], [-122.125404303605, 45.0427193596793], [-122.124833715296, 45.0472818631676], [-122.126237138892, 45.0506048581513], [-122.126646460742, 45.0551609058739], [-122.125485076522, 45.0562837303748], [-122.123521953098, 45.0581815452414], [-122.123778845218, 45.0601117474062], [-122.124834131216, 45.0611980808317], [-122.125964045655, 45.0623611811734], [-122.125305805131, 45.063269513711], [-122.125324008592, 45.0667709113405], [-122.123971550914, 45.0677088199407], [-122.122718614892, 45.068577668546], [-122.122125636075, 45.0698924265123], [-122.123492453322, 45.0713243464095], [-122.124662953646, 45.0725505297762], [-122.124203886688, 45.0744752358636], [-122.125511767266, 45.0779357680043], [-122.125552420524, 45.0799657899942], [-122.124100790636, 45.08122323293], [-122.12284220421, 45.0839029377339], [-122.121681656322, 45.0849852119832], [-122.120349593994, 45.0876387241204], [-122.122937586429, 45.0914446651604], [-122.120397046601, 45.0938804364087], [-122.118919199381, 45.0968121152897], [-122.11975307312, 45.0984930516141], [-122.124080170707, 45.1013171642364], [-122.126419499589, 45.1029588444014], [-122.129224305808, 45.1022698699864], [-122.130291482806, 45.1014791779387], [-122.132993429229, 45.1014739810286], [-122.134151631616, 45.1063191663143], [-122.132768132654, 45.1101361217618], [-122.131379726195, 45.1124591428437], [-122.133034590934, 45.1132330625941], [-122.134203285644, 45.113779591193], [-122.135520941689, 45.1146014526273], [-122.135614890196, 45.1174924525773], [-122.136873081363, 45.1192231514437], [-122.136429449258, 45.1212657314603], [-122.136072125489, 45.123666187414], [-122.137843332837, 45.1248486762161], [-122.138575863137, 45.1262254226496], [-122.139092468985, 45.1271963075271], [-122.142010619236, 45.1283873717161], [-122.147738969191, 45.1297053429447], [-122.148339089614, 45.1299332140474], [-122.148797905044, 45.1301074262758], [-122.148901835631, 45.1300878747528], [-122.149045588534, 45.1302014705923], [-122.149129863983, 45.1303596295481], [-122.149582925703, 45.1314792204506], [-122.149967356136, 45.1319771800202], [-122.150554136577, 45.1323371203848], [-122.151352041772, 45.1326510843719], [-122.154308421627, 45.1338142992916], [-122.155146168901, 45.1345136413126], [-122.155221666911, 45.1355899032062], [-122.155526048469, 45.1358622103505], [-122.155526041282, 45.135970230208], [-122.156058567972, 45.136779823845], [-122.156058597617, 45.1374774559528], [-122.156057960711, 45.1376483069264], [-122.155990022025, 45.1380238930006], [-122.155980269016, 45.1380778077578], [-122.155902102111, 45.138509926836], [-122.155441473881, 45.1392580588042], [-122.155218201211, 45.1410404055867], [-122.155217421473, 45.1418460519543], [-122.155064750096, 45.1427090835001], [-122.154530489657, 45.1432497254263], [-122.153984148674, 45.1436056339402], [-122.153350752855, 45.1440832496341], [-122.153158300484, 45.1442747375532], [-122.152929331596, 45.1446511068248], [-122.152829466784, 45.1450059326461], [-122.152832362054, 45.1451859861786], [-122.152922631062, 45.145371192773], [-122.15346184571, 45.1460008135225], [-122.153766303624, 45.1466466931417], [-122.153994422706, 45.1476700786499], [-122.15406988119, 45.1483727695164], [-122.153993561222, 45.1484262126242], [-122.153993546848, 45.1485882427433], [-122.153840881759, 45.1489651809745], [-122.153307341769, 45.1495598321911], [-122.153001979251, 45.1504757358029], [-122.152925654792, 45.1505291794731], [-122.152924800494, 45.1510692727228], [-122.153076595115, 45.1521461014387], [-122.153000270656, 45.1521995435426], [-122.152923892297, 45.1527390767791], [-122.152572072506, 45.1535691186208], [-122.152236777224, 45.1540887231031], [-122.151550517348, 45.1547362404963], [-122.150864253878, 45.1557573218753], [-122.150863325918, 45.1566754855512], [-122.150931733526, 45.1569194205522], [-122.151015104371, 45.1572167152593], [-122.151069061678, 45.1577105068124], [-122.151091399186, 45.1579149125435], [-122.151100667105, 45.1579396127206], [-122.151245830363, 45.158326424725], [-122.151502345191, 45.1590099411213], [-122.151699486768, 45.1595352374373], [-122.151534934273, 45.1601177863258], [-122.151307635353, 45.1605071799439], [-122.151013487403, 45.1609112212367], [-122.150909250491, 45.1610279677288], [-122.150754978315, 45.1611071878835], [-122.150575600025, 45.1612241373003], [-122.150359999865, 45.1610499992381], [-122.150150000701, 45.1609300001888], [-122.149940000639, 45.160840000261], [-122.149730000576, 45.1607699997965], [-122.149460000239, 45.160699999246], [-122.149240000131, 45.1606599999787], [-122.148920000464, 45.1606399997011], [-122.148778641571, 45.1606444171819], [-122.148503670856, 45.1606652098678], [-122.148220000856, 45.1607099996919], [-122.147889999346, 45.1607999991917], [-122.147390000652, 45.160979999665], [-122.147210000727, 45.1610499992381], [-122.146800000648, 45.1612199998339], [-122.146770000511, 45.161229999555], [-122.146159999517, 45.1614800002483], [-122.146090000096, 45.1615099992697], [-122.146029999821, 45.1615400001754], [-122.145670000869, 45.1616899994002], [-122.145010000545, 45.1619700000211], [-122.144460000724, 45.1622499998994], [-122.144029999656, 45.1624999992839], [-122.143609999531, 45.1627799997244], [-122.143219999544, 45.1631000001714], [-122.142669999723, 45.1636099998212], [-122.142310000771, 45.163949999796], [-122.141930000829, 45.164319999717], [-122.141380001009, 45.1648100003988], [-122.141010001113, 45.1651599992102], [-122.140670000456, 45.1654899991963], [-122.14042000021, 45.1656899998314], [-122.14020999925, 45.1658600011491], [-122.139970000847, 45.1660199999141], [-122.139719999703, 45.1661599992564], [-122.139480000402, 45.1662599997523], [-122.13920000002, 45.1663399992625], [-122.13891000049, 45.1664099992169], [-122.138620000062, 45.166459999584], [-122.138040000103, 45.1665399994467], [-122.137460000145, 45.1666299992371], [-122.137360000586, 45.1666499999454], [-122.136950000507, 45.1667299995413], [-122.136670001023, 45.1668099996582], [-122.13641999988, 45.1668799996683], [-122.136170000533, 45.1669799995335], [-122.13589000015, 45.1670899998159], [-122.135169999552, 45.1674399998192], [-122.134620000629, 45.1676800000081], [-122.134130000184, 45.1678799999209], [-122.133799999573, 45.1680000001648], [-122.133440000621, 45.1681299999327], [-122.133020000497, 45.1682400005276], [-122.132550000144, 45.168340001172], [-122.13215000011, 45.1684199996611], [-122.131619998584, 45.1684799992458], [-122.131159999175, 45.1685099996478], [-122.130820000315, 45.1685199993561], [-122.130380000099, 45.1685300003293], [-122.129770000902, 45.1685099996478], [-122.129210001035, 45.1684399997408], [-122.128780000865, 45.1683699997477], [-122.128460001198, 45.1683099994137], [-122.128110000495, 45.1682300001368], [-122.127450000171, 45.1680800003981], [-122.126599999876, 45.1678599990112], [-122.125979999735, 45.1677299992605], [-122.125360000492, 45.1676300000786], [-122.124740000351, 45.1675599990901], [-122.124429999831, 45.1675199995723], [-122.124120001108, 45.1674700001356], [-122.123820000634, 45.1673900003123], [-122.123520001059, 45.1672799993426], [-122.123259999869, 45.167180000004], [-122.123009999624, 45.1670500006014], [-122.122790000414, 45.1668999996554], [-122.122589999499, 45.1667299995413], [-122.122420000518, 45.1665300000242], [-122.122269999832, 45.1663400011626], [-122.122159999329, 45.1661300001502], [-122.122070000714, 45.1659299991598], [-122.12201000044, 45.1657199998027], [-122.121979999404, 45.1655099996715], [-122.121969999358, 45.1652899997592], [-122.121960000211, 45.1650000005633], [-122.121940000119, 45.1644099992146], [-122.121930000074, 45.1632999990631], [-122.121930000972, 45.1628599990545], [-122.121920000028, 45.1624199994482], [-122.121900000835, 45.1621999996375], [-122.12184000056, 45.1620199998515], [-122.121670000681, 45.1615899997498], [-122.121530000041, 45.1612899997455], [-122.121350000116, 45.1610399994853], [-122.121160001043, 45.1608299998379], [-122.120970001072, 45.1606599993453], [-122.120710000781, 45.1604499995641], [-122.120290000657, 45.160179999613], [-122.119810001156, 45.1599299995497], [-122.119020001136, 45.159609999667], [-122.118219999273, 45.1592900011542], [-122.117690000442, 45.1590799994908], [-122.117199999997, 45.1588699995871], [-122.117159999814, 45.1588500005815], [-122.116659999323, 45.1585800006497], [-122.11642000092, 45.1584399997825], [-122.116341780117, 45.1583965447457], [-122.116063303277, 45.1587587659561], [-122.116052098591, 45.1589146926392], [-122.116065640694, 45.1590121752625], [-122.116080854561, 45.1590643997924], [-122.116027739874, 45.1591201297221], [-122.115960866589, 45.1591704779105], [-122.115861499444, 45.1592414317625], [-122.115782907636, 45.1592767940033], [-122.115709853942, 45.159303234273], [-122.115699878151, 45.1593071235716], [-122.115621674416, 45.1593160480539], [-122.115592527678, 45.1592963855596], [-122.115569749097, 45.1592280117654], [-122.115543938703, 45.1591523894593], [-122.115453440624, 45.1591312224928], [-122.115340327459, 45.1591424292801], [-122.115304496357, 45.1591400405851], [-122.115217544827, 45.1591342420925], [-122.115086715088, 45.1591536360651], [-122.115014055754, 45.1591652704185], [-122.114931640717, 45.1591807953437], [-122.11485244614, 45.1592270400729], [-122.114734634785, 45.1592561401668], [-122.114586698427, 45.1592841393333], [-122.114486923447, 45.1592734279213], [-122.114452691347, 45.1592697539889], [-122.114345964304, 45.1591901695865], [-122.114257507198, 45.1591136623166], [-122.114190937544, 45.1590662411993], [-122.114140077628, 45.1590339155358], [-122.114078795457, 45.1589941684747], [-122.113998574106, 45.1589511661369], [-122.11393034167, 45.1588988312845], [-122.11383106795, 45.1588374780788], [-122.113737104171, 45.1587916029635], [-122.113658491702, 45.1587611514999], [-122.113583088914, 45.1587247836655], [-122.113501211069, 45.1586702448559], [-122.113425404039, 45.1586282070085], [-122.113348736423, 45.1585887364795], [-122.113233476283, 45.1585043762166], [-122.113119284241, 45.1584259290476], [-122.11302139752, 45.1583717415149], [-122.112917731037, 45.1583118896452], [-122.112814274761, 45.1582684927879], [-122.112723117319, 45.1582397215826], [-122.112636049907, 45.1582015468203], [-122.112541438443, 45.1581746480559], [-122.11249698621, 45.1581603764521], [-122.112447424359, 45.1581271159369], [-122.11244387242, 45.1581247329004], [-122.112382570487, 45.1581097435858], [-122.112338371578, 45.1580870996605], [-122.112227985698, 45.1580264879847], [-122.112139723526, 45.157972670641], [-122.11205734532, 45.1579288820523], [-122.111976314586, 45.1578804242548], [-122.111871972571, 45.1578448242362], [-122.111763675273, 45.1577717218719], [-122.111672536696, 45.1576912422067], [-122.111591026262, 45.1575960840046], [-122.111489066579, 45.1575272685517], [-122.111510445585, 45.1576973854451], [-122.111538429004, 45.1578414086602], [-122.111582625218, 45.1579697935062], [-122.111660966395, 45.1580827035188], [-122.111709886849, 45.1581684560933], [-122.111741679125, 45.1582400604774], [-122.1117740589, 45.1583151975069], [-122.111832844652, 45.1584141412493], [-122.111894946984, 45.1585140311868], [-122.111939533067, 45.1586367477303], [-122.111966066605, 45.1587420703143], [-122.111976287637, 45.1588742379413], [-122.111976010057, 45.1590130848816], [-122.112003587438, 45.1591317507802], [-122.112043168108, 45.1592243365632], [-122.112041452326, 45.1593140546304], [-122.112019633146, 45.1594038295655], [-122.11200141082, 45.1595067069431], [-122.111962924298, 45.1595814825123], [-122.111890919837, 45.1595073669814], [-122.111883915673, 45.1595001572351], [-122.111844387105, 45.1594675239685], [-122.111810273582, 45.1594393601991], [-122.111753561142, 45.159364426718], [-122.111686124613, 45.1592973870224], [-122.111616345279, 45.1592065851177], [-122.111548265557, 45.1591226489063], [-122.11150908823, 45.1591030477887], [-122.111458062126, 45.1590775164108], [-122.111400047128, 45.1590270313174], [-122.111292478364, 45.1589623628245], [-122.111208811974, 45.1588797843508], [-122.111129543735, 45.158834667499], [-122.111058217501, 45.1587816230845], [-122.110980040715, 45.1587416737793], [-122.11097314345, 45.15873744365], [-122.110916809201, 45.1587029102512], [-122.110835508972, 45.1586247256014], [-122.110746985391, 45.1585306217436], [-122.110724051402, 45.1585100556855], [-122.110570895832, 45.1583992793336], [-122.110565697282, 45.158396311004], [-122.110476326589, 45.1583728842526], [-122.110431579708, 45.158313484032], [-122.110417708822, 45.1582950722505], [-122.110337449741, 45.1582349251134], [-122.110252644287, 45.1582284747105], [-122.110299435733, 45.1583338442908], [-122.110357877431, 45.1584380772742], [-122.110377312482, 45.1584765888712], [-122.110404816201, 45.1585310828915], [-122.110446773813, 45.1586294479249], [-122.110478334324, 45.1587079606916], [-122.110521672646, 45.158802755975], [-122.110575735955, 45.1589440576706], [-122.110611434106, 45.1590567313802], [-122.110623492192, 45.1591387325354], [-122.110639957413, 45.1592125292935], [-122.110654237033, 45.1593220004529], [-122.110646456724, 45.1594376543593], [-122.11063432318, 45.1595148674729], [-122.11061546844, 45.1595951995062], [-122.110551068218, 45.1596659114916], [-122.110511347411, 45.1595971511133], [-122.110466779294, 45.1595377908085], [-122.110400946259, 45.1594663831531], [-122.11033147864, 45.1593768648579], [-122.11026087016, 45.159283548337], [-122.110208987062, 45.1592193444448], [-122.11015128378, 45.159145895453], [-122.110084353003, 45.1590652162952], [-122.110028821847, 45.1590095135496], [-122.109970566999, 45.1589481889679], [-122.109900815513, 45.1588774159149], [-122.109838475127, 45.1588068138033], [-122.109756585604, 45.1587457664512], [-122.10967654122, 45.1586829910008], [-122.109593961791, 45.1586493703612], [-122.109578300563, 45.1586429947516], [-122.109572407614, 45.1587479055864], [-122.109623850537, 45.1588315516003], [-122.109628324148, 45.1588388241419], [-122.109658335065, 45.1589773848537], [-122.109670041011, 45.1590814779368], [-122.109675421021, 45.1591726955761], [-122.109674981745, 45.1592622369957], [-122.109651428817, 45.1593530521139], [-122.109628742762, 45.1594705707881], [-122.109579289608, 45.1595763536036], [-122.109513091856, 45.1596030072012], [-122.109480778557, 45.1594760195907], [-122.109426441262, 45.159385538489], [-122.109361431982, 45.159289858631], [-122.109279413101, 45.159179135737], [-122.109197348407, 45.1590821614172], [-122.109135367347, 45.1590177596649], [-122.109082498798, 45.1589502907225], [-122.109054307867, 45.1589268052889], [-122.109016482506, 45.1588952935177], [-122.108943735138, 45.1588396146768], [-122.108881679518, 45.15878969757], [-122.108816425895, 45.1587399311789], [-122.108738572503, 45.1586776776793], [-122.108667843649, 45.1586284344148], [-122.108611595638, 45.1586317422581], [-122.108640890597, 45.1587218514591], [-122.108651381123, 45.1588067042178], [-122.108678318005, 45.1589182829803], [-122.108698822052, 45.1590260501198], [-122.108703113304, 45.1590486030902], [-122.10870678382, 45.1591731700209], [-122.108661258998, 45.1592780748121], [-122.10859954923, 45.1591965248649], [-122.108516224199, 45.1591108986249], [-122.108425735104, 45.1590349372733], [-122.108384329057, 45.1590037530501], [-122.108337776563, 45.1589686940576], [-122.108236743043, 45.1589097353329], [-122.108154105223, 45.1588673277325], [-122.108079722023, 45.1588236101434], [-122.107986772442, 45.1587851032151], [-122.107967555681, 45.1588507550101], [-122.107972789266, 45.1589315193526], [-122.107968609405, 45.1590561593848], [-122.107960804842, 45.1590671425829], [-122.107908467197, 45.1591407823411], [-122.107819577103, 45.1591692534753], [-122.107740699631, 45.1591283112108], [-122.107643922329, 45.1590621010425], [-122.107618893468, 45.1590443495464], [-122.10756332099, 45.1590049382156], [-122.107465550151, 45.1589427337805], [-122.107348631722, 45.1588941273531], [-122.107251450178, 45.1588884054819], [-122.107148428686, 45.1588890104179], [-122.107042593671, 45.158902300006], [-122.106971636645, 45.1589585153095], [-122.106905444283, 45.1590015360115], [-122.106823266401, 45.1590704123944], [-122.106714274706, 45.1591198605109], [-122.106623014856, 45.159140138768], [-122.106527427822, 45.1591494363715], [-122.106509062664, 45.1591512220331], [-122.106394577771, 45.1591734715373], [-122.106300166631, 45.1591887709564], [-122.106208930138, 45.1591585445755], [-122.106305246604, 45.1590670988756], [-122.106401081574, 45.1589585412805], [-122.106262652985, 45.1589796012598], [-122.106199356792, 45.1589957609421], [-122.106176230563, 45.1590016658666], [-122.106102870544, 45.159033052158], [-122.106015839064, 45.1590227011259], [-122.105915387652, 45.1590102413716], [-122.105792273543, 45.1590135225883], [-122.105765149811, 45.1590201204937], [-122.105662567595, 45.1590450697667], [-122.105572874407, 45.1590786439318], [-122.105489402951, 45.1591140151418], [-122.105370948403, 45.1591327231078], [-122.105253464035, 45.1591847663641], [-122.105119421022, 45.159205985886], [-122.104993571542, 45.1591680265064], [-122.10487390337, 45.159182097058], [-122.104780413003, 45.1591456560135], [-122.104672533422, 45.1591293665188], [-122.104571742448, 45.1591040201168], [-122.104448959816, 45.1590925479112], [-122.104337316294, 45.159082550982], [-122.104228652484, 45.1590872048562], [-122.104127185976, 45.1591395775418], [-122.104062008711, 45.1591838675161], [-122.103998656822, 45.1592299272792], [-122.103936979393, 45.1592731384408], [-122.103901254293, 45.1592859401932], [-122.103852527875, 45.1593034040339], [-122.103738397816, 45.1593682545691], [-122.103635220916, 45.1594308506359], [-122.103550237595, 45.159471614688], [-122.103446379772, 45.1594279786422], [-122.103328059073, 45.1593631231075], [-122.103233490728, 45.1592817481105], [-122.103150679533, 45.1592107746722], [-122.10304573385, 45.1591454539467], [-122.102950150409, 45.1590947497437], [-122.102827090198, 45.1590956023521], [-122.102655434724, 45.1591300050246], [-122.102577110614, 45.1591387756092], [-122.102548190252, 45.159142015645], [-122.102441012255, 45.1591528005605], [-122.102361322707, 45.1592040608698], [-122.102259091732, 45.1592301489822], [-122.102158689728, 45.1592453635056], [-122.102057413663, 45.1592481645636], [-122.102011753195, 45.1592419771517], [-122.101934100127, 45.1592314513289], [-122.101852094721, 45.1592265193876], [-122.101757141898, 45.1592387649928], [-122.101650832572, 45.1592449986459], [-122.101567693492, 45.1592128105396], [-122.101464678289, 45.1591657163588], [-122.10138624728, 45.1591860047346], [-122.101291600781, 45.1592315697816], [-122.101196810553, 45.159299624953], [-122.101085414966, 45.1593619385829], [-122.101002794214, 45.1592966383007], [-122.100963235104, 45.1592209084013], [-122.100884320801, 45.1591190801149], [-122.100788624172, 45.1590418341595], [-122.100703144982, 45.159004262969], [-122.100599394058, 45.1589723426719], [-122.100480048381, 45.1589385290037], [-122.100371734015, 45.1589014828675], [-122.100242068492, 45.1588855169914], [-122.100157156138, 45.1588778346194], [-122.100066521516, 45.158851699471], [-122.099951841689, 45.1588076372776], [-122.099835963509, 45.1587854072673], [-122.099759587845, 45.1587004233542], [-122.099664544291, 45.1586212144222], [-122.099568100264, 45.1585548560721], [-122.099425465763, 45.1585082079262], [-122.099344059534, 45.1584398749937], [-122.099277075756, 45.1584064195401], [-122.099170354104, 45.1583380731831], [-122.099073201306, 45.1582608996489], [-122.098972799301, 45.1582698451989], [-122.098853666525, 45.1582419310495], [-122.098726747152, 45.1582060367032], [-122.098622406035, 45.158192015953], [-122.09853898219, 45.1581835777832], [-122.098426573303, 45.1581778476058], [-122.098305095026, 45.1581108983643], [-122.098186502137, 45.1580322447823], [-122.098061175476, 45.1580158270124], [-122.097957834184, 45.1580154672124], [-122.097839181108, 45.1579760741735], [-122.097700358159, 45.1579099906236], [-122.097617931444, 45.1578280523122], [-122.09755792578, 45.1577607086517], [-122.097439319416, 45.1576750390795], [-122.097299229842, 45.157625157693], [-122.09721638541, 45.1576268642205], [-122.09711336302, 45.1576608826394], [-122.097050893277, 45.157693913483], [-122.096979036139, 45.1577286558995], [-122.09688965826, 45.1577648381344], [-122.096777898855, 45.1578247843297], [-122.096656591258, 45.1578805553794], [-122.096570122123, 45.1578945629038], [-122.096505951869, 45.1578727588506], [-122.096421865067, 45.1578168547682], [-122.096272141062, 45.1578161776071], [-122.096148398132, 45.1578454785926], [-122.096041379137, 45.1578521108397], [-122.09595049658, 45.1578469640386], [-122.095868902603, 45.1578629321061], [-122.095765651142, 45.1578787044324], [-122.095636805781, 45.1578713000102], [-122.095515928476, 45.1578462355683], [-122.095395105969, 45.1578237125278], [-122.095303282875, 45.1578178530898], [-122.095211108541, 45.1578275487173], [-122.095125032869, 45.1578375990766], [-122.095008569885, 45.1578571670565], [-122.0949025588, 45.1578206250791], [-122.094789669315, 45.1578125149829], [-122.09470497615, 45.1578060721336], [-122.094563699004, 45.1577968078839], [-122.094433620256, 45.1578047222454], [-122.094342071148, 45.1578171828967], [-122.09426800685, 45.1578655317942], [-122.094162168241, 45.157880699173], [-122.094057184829, 45.1578795545251], [-122.093957395476, 45.1578782540479], [-122.093839273304, 45.1578778011297], [-122.093721437695, 45.1578547517027], [-122.093624044149, 45.1578321083095], [-122.093505433293, 45.1578122261284], [-122.093404458164, 45.1578083253256], [-122.093316923628, 45.1577977130883], [-122.092784544261, 45.1580156762511], [-122.092733493003, 45.1582364998655], [-122.092664365846, 45.1583608956407], [-122.092642391257, 45.1584734077079], [-122.092587092765, 45.1585777544561], [-122.092542392596, 45.1587028906145], [-122.092511782503, 45.1588107531776], [-122.092469840163, 45.158935738699], [-122.092469572465, 45.1589362505188], [-122.092408381922, 45.1590535527831], [-122.092391715479, 45.1590800571337], [-122.092333206408, 45.1591731092109], [-122.092291501222, 45.1592749374007], [-122.09223745588, 45.159375283803], [-122.092166780027, 45.1595302295103], [-122.092070304558, 45.159613088919], [-122.091990595247, 45.159672910284], [-122.091920072107, 45.1597369565742], [-122.091865043109, 45.1597838330161], [-122.091841071566, 45.1598042522919], [-122.091778707824, 45.1598633152405], [-122.091721516581, 45.1599134189018], [-122.091659938865, 45.1599502673836], [-122.091567133913, 45.1600090882112], [-122.0914502604, 45.1600722960985], [-122.091401605847, 45.1601336220041], [-122.091339985911, 45.1601699800713], [-122.091222072148, 45.1602100550604], [-122.091110522051, 45.1602295468478], [-122.091001150369, 45.1602379321403], [-122.090934107302, 45.1602344837697], [-122.090838010923, 45.1601803746015], [-122.090857489992, 45.1600647716101], [-122.090866986981, 45.1599990319006], [-122.090880718628, 45.1598926937185], [-122.090880814748, 45.1598848645266], [-122.090881711267, 45.1598128188081], [-122.090891507395, 45.1597309073035], [-122.090875883895, 45.1596405190876], [-122.090852621123, 45.1595541010896], [-122.090813760004, 45.1594667619469], [-122.090782501327, 45.1593835742059], [-122.090770030914, 45.1592948165377], [-122.090731891142, 45.1592252107065], [-122.090701291828, 45.1591498386046], [-122.090698814275, 45.1591437347959], [-122.090671920512, 45.1590707316476], [-122.090614241484, 45.1589982769645], [-122.090642008409, 45.1588782476229], [-122.090621102816, 45.1587608366791], [-122.090613837242, 45.1586442888769], [-122.090622177201, 45.1585403115489], [-122.090622413458, 45.158539529878], [-122.090658391884, 45.1584208209386], [-122.090660390635, 45.1582781154923], [-122.090561614581, 45.1581585432508], [-122.090488789958, 45.1580675976384], [-122.090421105495, 45.158002453602], [-122.09031357985, 45.1579333649888], [-122.090244494015, 45.1578370657096], [-122.090172084413, 45.1577619160139], [-122.090098074013, 45.1576688001871], [-122.090003988064, 45.1575954201435], [-122.089948440738, 45.1575374868298], [-122.089899947883, 45.1574542709338], [-122.089821772893, 45.1573815671468], [-122.089730482501, 45.1573390969637], [-122.08971826182, 45.1573992197081], [-122.089769985915, 45.1575107157101], [-122.089771925378, 45.1576189320976], [-122.089800452278, 45.1576953210181], [-122.089772611691, 45.1577698690209], [-122.089713744192, 45.1578559698316], [-122.089700194004, 45.1579740059559], [-122.089706195649, 45.1580924105034], [-122.089709063969, 45.1582315095609], [-122.089719623666, 45.1583326116028], [-122.08967243696, 45.15837402509], [-122.089605235791, 45.1582943336507], [-122.089547388778, 45.1582297815142], [-122.089509484365, 45.1581486791821], [-122.089470342971, 45.1580809355603], [-122.089426201555, 45.1580113649863], [-122.089347298032, 45.1579298822723], [-122.089289114151, 45.1578516496863], [-122.089252314665, 45.1577999232058], [-122.089203054648, 45.1577314595659], [-122.089159758546, 45.1576635938248], [-122.089125424936, 45.1576014785093], [-122.089078414301, 45.1575402892387], [-122.088990585117, 45.157532272854], [-122.088977789514, 45.1576664126972], [-122.088980235627, 45.1577893337712], [-122.088980428764, 45.1579183008766], [-122.088981896612, 45.1579922062686], [-122.088976884911, 45.1580756842606], [-122.089001525699, 45.1581725804789], [-122.089002300945, 45.1582773148145], [-122.088916063576, 45.1581888848163], [-122.088857273332, 45.1581146585206], [-122.088806503247, 45.1580232067112], [-122.088770333481, 45.1579477747418], [-122.088763314045, 45.1578798642832], [-122.088722300562, 45.1578220250097], [-122.088689422223, 45.1577552020409], [-122.088653726767, 45.1576771453153], [-122.088597579367, 45.1575971203374], [-122.088517135233, 45.1575151796758], [-122.08843539483, 45.1574306974665], [-122.088348885272, 45.1573495971643], [-122.088278322606, 45.1572992403989], [-122.088208750783, 45.1572557629546], [-122.088137310463, 45.157220125805], [-122.088074532598, 45.1571760123065], [-122.088007660211, 45.1572462357299], [-122.087922908656, 45.1572675921674], [-122.087821202298, 45.1572522421892], [-122.087702489035, 45.1572112079624], [-122.087629600631, 45.1571693381724], [-122.087555099751, 45.1571203906974], [-122.087475380558, 45.1570830355171], [-122.087389886994, 45.1570531177817], [-122.087275130809, 45.1570591356637], [-122.087351526236, 45.1571433960792], [-122.087389732483, 45.1572439432412], [-122.087435579801, 45.1573689809756], [-122.08747175855, 45.1574526131773], [-122.087499543442, 45.1575150871912], [-122.087554598491, 45.1575905976484], [-122.087611129472, 45.157696054558], [-122.087626656851, 45.1577867391473], [-122.087652425025, 45.1579078368875], [-122.087604008527, 45.1580251913116], [-122.087561237939, 45.1581060214362], [-122.087562063491, 45.1582038418042], [-122.087544959568, 45.1583227450305], [-122.087525644891, 45.1584235333547], [-122.087459464207, 45.1585054676425], [-122.087391589301, 45.1585794590548], [-122.087314970194, 45.1586455538637], [-122.087240304024, 45.1587376843581], [-122.087170795981, 45.1588311594999], [-122.087095000629, 45.1588988179822], [-122.087010845555, 45.1589438448347], [-122.086931202718, 45.1589841810299], [-122.086848748155, 45.1590344026506], [-122.08674473672, 45.1590722233961], [-122.086666552747, 45.1591007490403], [-122.086573751388, 45.1591270817072], [-122.086488725847, 45.1591602941309], [-122.08640869404, 45.1591803367348], [-122.086312385658, 45.159216981724], [-122.086223282663, 45.1592507071792], [-122.086140974526, 45.1592781273873], [-122.08605598312, 45.1593072591269], [-122.08597892294, 45.1593359366781], [-122.085878981771, 45.159409257471], [-122.085768815978, 45.1594803288444], [-122.085685801764, 45.1595211264331], [-122.08561601704, 45.159544132746], [-122.085547415397, 45.1595691337311], [-122.085542135099, 45.1595710574681], [-122.085475528614, 45.1595954231081], [-122.085365190345, 45.1596304411753], [-122.085231550675, 45.1596700851765], [-122.085143873306, 45.1596904994256], [-122.085120810858, 45.1596958690282], [-122.085018166659, 45.1597110023479], [-122.084913342248, 45.1597065949297], [-122.084806458899, 45.1596970250414], [-122.084690445073, 45.1596850139045], [-122.084560413936, 45.1596718321824], [-122.084416406809, 45.1596676901693], [-122.084312911007, 45.1596575634874], [-122.084239943552, 45.159682338921], [-122.084158617272, 45.1596977427197], [-122.084053269144, 45.1597123027833], [-122.083942404462, 45.159744927675], [-122.08385008999, 45.1597722919033], [-122.083827982451, 45.1597933876874], [-122.083778619127, 45.1598404933847], [-122.083727910128, 45.1599695698647], [-122.083753434858, 45.1600398487541], [-122.083798775526, 45.1601142796726], [-122.083730263714, 45.1601515866256], [-122.083647306094, 45.1601813690811], [-122.083564617969, 45.1602193524893], [-122.083478513551, 45.1602279556818], [-122.083377727966, 45.1602419410926], [-122.08327372731, 45.1602501540914], [-122.083171241214, 45.1602671463679], [-122.083072974505, 45.1602837611179], [-122.082946420746, 45.1602936400192], [-122.082807829563, 45.160299902061], [-122.082697195747, 45.1603082461705], [-122.082601376049, 45.1603043290695], [-122.08249559134, 45.1603066581737], [-122.082413709003, 45.1603110718798], [-122.082319693122, 45.1603113138481], [-122.082199291026, 45.1603141161206], [-122.082121160055, 45.1603329617791], [-122.082049509529, 45.1603422857918], [-122.081955736193, 45.1603613449051], [-122.08182706241, 45.1603851388585], [-122.081685801434, 45.1604070078264], [-122.08155650961, 45.1604186482581], [-122.081454995491, 45.1604420000578], [-122.081349463208, 45.1604571173438], [-122.081216404748, 45.1604950327918], [-122.08108564328, 45.1605244046099], [-122.080974262067, 45.1605326378375], [-122.080870945928, 45.1605459473118], [-122.080759812649, 45.1605475270674], [-122.080627053328, 45.1605527534357], [-122.080523969852, 45.1605670314079], [-122.080435126471, 45.1605689380087], [-122.080327688861, 45.1605817876101], [-122.080189080609, 45.1605982274439], [-122.080045519047, 45.1606411430267], [-122.079907352767, 45.1606443158344], [-122.079811523187, 45.1606515659749], [-122.079723636511, 45.160663035333], [-122.079643002833, 45.1606699225208], [-122.079565008405, 45.1606885469978], [-122.079439237977, 45.1606999853107], [-122.079297091262, 45.1607281326215], [-122.079189975249, 45.1607434727955], [-122.079101693314, 45.1607640760526], [-122.079016974996, 45.1607902888679], [-122.07892150115, 45.1608072037061], [-122.078808175083, 45.1608431249177], [-122.078683611093, 45.1609022228942], [-122.07855374794, 45.1609382979665], [-122.078438473428, 45.160966471763], [-122.078315077247, 45.1609851240135], [-122.078215768493, 45.1610002025169], [-122.078103838408, 45.1610043431663], [-122.077995813301, 45.1610182846808], [-122.077910750928, 45.1610550304679], [-122.077790187135, 45.1611041474856], [-122.077669128371, 45.1611668550267], [-122.077586145598, 45.1611949767702], [-122.07756899676, 45.1611983345043], [-122.077510920677, 45.1612097068398], [-122.077428728421, 45.1612216935855], [-122.077340676455, 45.1612412838396], [-122.07726610371, 45.161256901311], [-122.077219928508, 45.1612956225629], [-122.077106792885, 45.1613358145752], [-122.076996503124, 45.1613673344979], [-122.076915046589, 45.1613910684903], [-122.0768330322, 45.1614024452212], [-122.07671849251, 45.1614248762691], [-122.076604087567, 45.1614423755587], [-122.076505121969, 45.1614595809396], [-122.076363601379, 45.1614944154385], [-122.076221729548, 45.1615277170601], [-122.076112368645, 45.1615493873317], [-122.076012252305, 45.1615791405531], [-122.075894711343, 45.161627118247], [-122.075785913684, 45.1616393696704], [-122.075692176281, 45.1616662870682], [-122.075582932159, 45.1616988278644], [-122.075477531929, 45.1617048294205], [-122.075342508853, 45.1617134678596], [-122.075217949354, 45.1617279742016], [-122.075104869426, 45.1617379009916], [-122.075007212673, 45.1617401584619], [-122.074907820375, 45.1617484776575], [-122.074823288009, 45.1617609241448], [-122.074786960139, 45.1617662732831], [-122.074709304376, 45.1617986791062], [-122.074637057369, 45.1618173469194], [-122.074542289598, 45.1618268176398], [-122.074452967414, 45.1618367235101], [-122.074382501767, 45.161832446105], [-122.074304386066, 45.1618344419741], [-122.074223661658, 45.1618453967667], [-122.074132672202, 45.1618823656133], [-122.074041633337, 45.1619078317602], [-122.073963540095, 45.161928054552], [-122.073858128186, 45.1619477794789], [-122.073750695966, 45.1619733963473], [-122.073664823313, 45.1619939009817], [-122.073575281043, 45.1620141889839], [-122.073471288472, 45.162063796064], [-122.073365762477, 45.1621335941495], [-122.073279587092, 45.1621793512945], [-122.073173572414, 45.162222870587], [-122.073054418078, 45.1622880908737], [-122.072945793794, 45.1623572647832], [-122.072852010576, 45.1624136033582], [-122.072776886266, 45.1624578432824], [-122.072684159467, 45.1625026266301], [-122.0725926957, 45.1625504730658], [-122.072515842132, 45.1626010107764], [-122.07242581567, 45.1626577076142], [-122.072357461063, 45.1627088830619], [-122.072281504014, 45.1627645644556], [-122.072200706843, 45.1628250152755], [-122.072140144223, 45.1628976608118], [-122.072111803274, 45.1629824142426], [-122.072094283431, 45.1630575114484], [-122.071960451521, 45.1631814583901], [-122.071875037009, 45.1632489596924], [-122.071807836738, 45.163335002819], [-122.071645131179, 45.1634821229948], [-122.071522761772, 45.1635313861332], [-122.071376553773, 45.1635557418454], [-122.071293161369, 45.163584802992], [-122.071192558142, 45.1635947535272], [-122.07108979267, 45.1635878388238], [-122.07097855878, 45.1636079489096], [-122.070870591164, 45.1636622961433], [-122.070777922756, 45.1637007408703], [-122.070682280026, 45.1637377515834], [-122.070590576409, 45.1637872868568], [-122.070493873667, 45.163844855953], [-122.070415072552, 45.1638908733117], [-122.070316013529, 45.1639681272607], [-122.070246608791, 45.1640501232475], [-122.070154703053, 45.164105789396], [-122.070081932329, 45.1641553370171], [-122.070011906856, 45.1641865507231], [-122.069938695058, 45.1642161632233], [-122.069601033614, 45.1642977249872], [-122.069502480343, 45.1643303269851], [-122.069403419523, 45.1643221348426], [-122.069297852206, 45.164319798302], [-122.069201034479, 45.1643318090952], [-122.0690838762, 45.1643549331743], [-122.068982669305, 45.1643891762264], [-122.068882716459, 45.1644297593848], [-122.068785431608, 45.1644690890575], [-122.068646252028, 45.1645049066198], [-122.068551494139, 45.1645539110889], [-122.068479194131, 45.164606756316], [-122.068383972711, 45.1646665319017], [-122.068317117393, 45.164703916946], [-122.068277069599, 45.1647263105917], [-122.068169181035, 45.1647698526403], [-122.068066685956, 45.164769287036], [-122.06798828549, 45.1647412975322], [-122.067901204603, 45.1647085627605], [-122.067811347023, 45.1646897058818], [-122.067735378296, 45.1646615497608], [-122.067641046208, 45.1646124769796], [-122.067540121384, 45.1645820229266], [-122.06744485954, 45.1645789687798], [-122.067353805405, 45.1645705948937], [-122.067246077639, 45.1645585746502], [-122.067110125706, 45.1645474500006], [-122.066989251096, 45.1645169072399], [-122.066829665386, 45.1644896371302], [-122.066702507959, 45.1644578041456], [-122.066619703951, 45.1644469499292], [-122.066512711007, 45.1644516907715], [-122.066395819528, 45.1644321484914], [-122.066309269545, 45.1644176441046], [-122.066226838338, 45.1644230050277], [-122.066138537539, 45.1644385912247], [-122.066060429923, 45.1644168542805], [-122.06599921872, 45.1644153417704], [-122.065935471572, 45.1643971365423], [-122.065828021386, 45.1643725753412], [-122.065711246687, 45.1643588347957], [-122.065624599687, 45.1643894688478], [-122.065524514788, 45.1643697016965], [-122.065438738254, 45.1643600496187], [-122.065321022121, 45.1643451366833], [-122.065205147534, 45.1643413072664], [-122.065092128692, 45.1643150637825], [-122.064998596104, 45.1642945511162], [-122.064913250763, 45.1642791111908], [-122.0648299958, 45.1642639037121], [-122.064743701838, 45.1642512848585], [-122.064657480638, 45.1642509529668], [-122.064561290834, 45.1642561910296], [-122.064479282734, 45.1642618065871], [-122.064380802226, 45.1642383436111], [-122.064249752399, 45.1642135163213], [-122.064135336676, 45.1641908507532], [-122.064030750319, 45.1641817971911], [-122.063936252043, 45.1641423001071], [-122.063845365892, 45.1641063607073], [-122.063771009641, 45.1640821040382], [-122.063702400811, 45.1640705967321], [-122.063629235726, 45.1640468321867], [-122.063561066173, 45.164030325576], [-122.063456978381, 45.163995209505], [-122.063350157015, 45.1639516649641], [-122.063234711823, 45.1639256366516], [-122.063119051035, 45.1639063209429], [-122.062992681431, 45.1638788035207], [-122.062869047197, 45.1638679023234], [-122.062777009406, 45.1638637314796], [-122.062690001283, 45.1638421570961], [-122.062604686484, 45.1638407649141], [-122.06248805282, 45.1638189549023], [-122.062380559515, 45.1637841294254], [-122.062305770276, 45.1637818486007], [-122.062213476466, 45.1637686937954], [-122.062117416917, 45.1637567588899], [-122.062033203453, 45.1637411611053], [-122.061934552265, 45.1637262663762], [-122.061814487935, 45.1637187138679], [-122.06172411113, 45.1637042226007], [-122.061651107741, 45.1636705960566], [-122.061551534882, 45.1636386258025], [-122.06147150038, 45.1636361454547], [-122.061346265348, 45.1636084771555], [-122.061218128758, 45.1635883081648], [-122.06113342661, 45.1635703199247], [-122.061043412723, 45.163552528663], [-122.060916518503, 45.1635220867112], [-122.060790174051, 45.1634831813892], [-122.060682912511, 45.1634425063483], [-122.060563821058, 45.1634008279874], [-122.060476377251, 45.1633548609043], [-122.060378369257, 45.1633260099264], [-122.060275398969, 45.1632997260712], [-122.060181306731, 45.1632519024334], [-122.060073754137, 45.1632230476031], [-122.059956992015, 45.1632041186592], [-122.059867930343, 45.1631889216612], [-122.059758666458, 45.1631719302561], [-122.059632767571, 45.1631316445301], [-122.059550812471, 45.1631024514064], [-122.05945358691, 45.1630726362745], [-122.059365991288, 45.1630487642692], [-122.05927806868, 45.1630144254022], [-122.059199185818, 45.1630118069472], [-122.059073897785, 45.1629690426313], [-122.058953405858, 45.162959795056], [-122.058827785449, 45.1629233133567], [-122.058675270378, 45.1629015783678], [-122.058582454646, 45.162873817236], [-122.058503796363, 45.1628630735622], [-122.058370291441, 45.1628198220523], [-122.05823990457, 45.1627695600638], [-122.05810502792, 45.162712198269], [-122.057959177451, 45.1626610310585], [-122.057819657409, 45.1626342237087], [-122.057704204132, 45.1625998434209], [-122.057577936038, 45.1625499695127], [-122.05745396224, 45.1625353138975], [-122.057391124188, 45.1625222405129], [-122.057242523975, 45.1624738740312], [-122.057156202164, 45.1624361904582], [-122.05707365777, 45.1624052715917], [-122.056956950445, 45.1623626841732], [-122.05687263008, 45.1623334836881], [-122.056781939763, 45.1622915353196], [-122.056668481644, 45.162265422006], [-122.056556999819, 45.1622450872215], [-122.056430661656, 45.1622208766318], [-122.056352458818, 45.1621974653877], [-122.056261378632, 45.1622051004402], [-122.056141767053, 45.1622014013607], [-122.05603815986, 45.1621837787904], [-122.055941042096, 45.1621720532097], [-122.055843766229, 45.1621620815236], [-122.055746309801, 45.162152022426], [-122.055655597923, 45.1621383098481], [-122.055553788259, 45.1621496857964], [-122.055455641924, 45.162149143602], [-122.055349942555, 45.1621394993822], [-122.055269987104, 45.1621466973933], [-122.05517954562, 45.1621463775239], [-122.055081052536, 45.1621368751863], [-122.054986503954, 45.1621183392261], [-122.054906008616, 45.1621150550212], [-122.05477283607, 45.1620902306065], [-122.054649281786, 45.1620341172042], [-122.054542057077, 45.1619686590993], [-122.054438899041, 45.1619261879013], [-122.054358099175, 45.161906568746], [-122.054281582475, 45.1618788495676], [-122.054192903486, 45.1618784169502], [-122.054102207778, 45.1618701877175], [-122.053996200286, 45.1618620420934], [-122.053885208941, 45.1618553875104], [-122.053780185105, 45.1618550442033], [-122.053698651315, 45.1618657741322], [-122.053624015688, 45.1618672607402], [-122.053523916415, 45.161850980258], [-122.053395012664, 45.1618682881276], [-122.053282117789, 45.1618947829345], [-122.053199973144, 45.1618576912149], [-122.05311755092, 45.1618342658866], [-122.053025595774, 45.16181208963], [-122.052921331913, 45.1617969480007], [-122.05281563434, 45.1617800809619], [-122.052716142329, 45.1617998642135], [-122.052638226953, 45.1618043278432], [-122.05243422584, 45.1618158185051], [-122.052307099854, 45.1618411871369], [-122.052198456705, 45.16190831505], [-122.052113485961, 45.1619621597134], [-122.052052689779, 45.1620169481009], [-122.051951835024, 45.162093202544], [-122.051860788075, 45.162148758492], [-122.05177791849, 45.1621992648887], [-122.051714153376, 45.1622457035232], [-122.051612147879, 45.1623280623951], [-122.051497316236, 45.1623459104121], [-122.05140619293, 45.1623429378543], [-122.051292626115, 45.1623448798663], [-122.051170140826, 45.1623656700314], [-122.051098812796, 45.1624131327408], [-122.05100906571, 45.1624306196922], [-122.050896367566, 45.1624404412151], [-122.050810160739, 45.162434025492], [-122.050728245165, 45.1624379323121], [-122.050617370601, 45.162451496602], [-122.050529570164, 45.1624657348274], [-122.050399456381, 45.1624983302729], [-122.050251851502, 45.1625136281658], [-122.050126728759, 45.1625147594193], [-122.050016197352, 45.1625051424976], [-122.04992004348, 45.1625024492779], [-122.049810860444, 45.1624897438917], [-122.049682625937, 45.1624993392803], [-122.04960416708, 45.162515130592], [-122.049526935322, 45.1625346830307], [-122.049412463904, 45.1625795898309], [-122.049302790388, 45.1626214277758], [-122.049199728472, 45.1626401801949], [-122.04905247663, 45.1626731878832], [-122.048951399093, 45.1627222452332], [-122.04889928423, 45.1627488739234], [-122.048831665343, 45.1627893068682], [-122.047872892542, 45.1631895765897], [-122.047398032303, 45.1633676307034], [-122.047298373206, 45.1634068737015], [-122.047221328297, 45.1634235135049], [-122.047118976949, 45.1634704635539], [-122.046969421827, 45.1635193352677], [-122.046867654383, 45.1635284966113], [-122.046764598756, 45.1635523709491], [-122.046762933279, 45.1635525749004], [-122.046662354307, 45.1635649076169], [-122.046189927604, 45.1636467135342], [-122.046072576187, 45.1636692127378], [-122.045962452614, 45.1636745281274], [-122.04586686019, 45.1636868874198], [-122.045800930136, 45.1636921572039], [-122.045701468668, 45.1637007662058], [-122.045612706135, 45.1636983067626], [-122.045533038145, 45.1637028779193], [-122.045432558886, 45.1637171969056], [-122.045299558817, 45.1637194498638], [-122.045189573585, 45.1637028880535], [-122.045073480707, 45.1636891948505], [-122.044926905297, 45.1637156058369], [-122.044826799737, 45.1637041427939], [-122.044759167376, 45.1637030920043], [-122.044683215717, 45.1636929179022], [-122.044655653607, 45.1636960816726], [-122.044572685208, 45.1637056008515], [-122.044467523031, 45.1637080108903], [-122.044384513309, 45.1637162981292], [-122.044289061021, 45.163711603463], [-122.044187263933, 45.1637363220289], [-122.044099281138, 45.1637312644336], [-122.043994957089, 45.1637003222013], [-122.04389213143, 45.1636674550868], [-122.043781011626, 45.1636170209311], [-122.043693678312, 45.163576390323], [-122.043599433361, 45.1635568122728], [-122.04351530883, 45.163537914476], [-122.043447212039, 45.1635049288239], [-122.043353975896, 45.1634430833668], [-122.0432387463, 45.1634012656604], [-122.043203056233, 45.1633872189528], [-122.043158201555, 45.1633695669799], [-122.043075066068, 45.1633456304931], [-122.042985472594, 45.1633324420173], [-122.04286132093, 45.1633350598242], [-122.042661425118, 45.1632126365264], [-122.042548991977, 45.1631457514731], [-122.042444644572, 45.1630866374553], [-122.042353722489, 45.163037153511], [-122.042268881102, 45.1629621158175], [-122.042182659902, 45.1628966220418], [-122.042069045477, 45.1628089624566], [-122.0419575376, 45.1627352419307], [-122.041865320147, 45.1626899856171], [-122.041773971364, 45.1626287296034], [-122.041708163481, 45.1625769371523], [-122.041641872305, 45.1625294473432], [-122.04155531783, 45.1624620832699], [-122.041463829809, 45.162396659227], [-122.041401517271, 45.1623570019213], [-122.041341641862, 45.1623191542196], [-122.041258411154, 45.1622860069775], [-122.041152735141, 45.1622502177902], [-122.041078717555, 45.1622377809109], [-122.040985202934, 45.1622201817878], [-122.040861504021, 45.1622077487023], [-122.040765669051, 45.1621711506084], [-122.040638207994, 45.1621431731296], [-122.040521662366, 45.1621392954259], [-122.040461085373, 45.1621416396568], [-122.040399731337, 45.1621403373767], [-122.040317999918, 45.1621488484355], [-122.040202394825, 45.1621512528394], [-122.04008501556, 45.1621510666185], [-122.039965305167, 45.1621522586859], [-122.039834281392, 45.1621515600407], [-122.039739802878, 45.1621696608413], [-122.039641070842, 45.1621982850126], [-122.039535794579, 45.1622357571862], [-122.039449000254, 45.1622529059546], [-122.03933309243, 45.1622908050059], [-122.039201059846, 45.162321990597], [-122.039116637972, 45.162332720438], [-122.039029268726, 45.1623365829269], [-122.038907070898, 45.1623308557007], [-122.038761255463, 45.1623073646931], [-122.038639786168, 45.1622638606668], [-122.038572649677, 45.1622376840001], [-122.038486352121, 45.1621896833845], [-122.038342026991, 45.162146088058], [-122.038233729694, 45.1621089040248], [-122.038118067109, 45.1620628643244], [-122.037993893886, 45.1620193911482], [-122.037927676371, 45.1619921990188], [-122.037854822103, 45.161956303868], [-122.037730114382, 45.1619055837976], [-122.037634029681, 45.1618659996254], [-122.03755518904, 45.1618198989215], [-122.037483782857, 45.1617845268576], [-122.037416136123, 45.16175028224], [-122.037348047417, 45.1616896117534], [-122.037349604198, 45.1616042191882], [-122.037350198882, 45.1615716498344], [-122.037242292352, 45.1614851099833], [-122.03717362064, 45.1614590020008], [-122.037105809514, 45.1614336331988], [-122.037021103773, 45.1613999191703], [-122.036939111842, 45.1613175348869], [-122.036841402987, 45.1612423251734], [-122.036748775003, 45.1611900120613], [-122.036647904078, 45.1611762207084], [-122.036635266579, 45.1611759679756], [-122.036543149736, 45.1611741323376], [-122.036437895931, 45.1611484200974], [-122.036327016876, 45.1611272956779], [-122.036203989004, 45.1611030909473], [-122.036130247201, 45.1610317574632], [-122.036047391091, 45.1609979969574], [-122.035957439188, 45.1610073069261], [-122.035854866854, 45.1610012501893], [-122.035743909645, 45.1609853906823], [-122.035661139773, 45.1609860437358], [-122.035577369178, 45.1610002639584], [-122.035442046065, 45.1610313793132], [-122.035327329407, 45.1610481211571], [-122.035254176, 45.1610520128702], [-122.035175775533, 45.1610489876714], [-122.035114407125, 45.1610331490804], [-122.035032734096, 45.1610122494813], [-122.034954445919, 45.1610073525321], [-122.034890750873, 45.1609947443588], [-122.034786030668, 45.1609716467861], [-122.034687085731, 45.1609472348617], [-122.034600764818, 45.1609281658097], [-122.034502382227, 45.1609173235892], [-122.034394416408, 45.1609010358679], [-122.0343093729, 45.1608677858203], [-122.034216109807, 45.1608380753], [-122.034114195938, 45.1608192982178], [-122.034014414669, 45.1607758982029], [-122.033995267079, 45.1607670284233], [-122.033909116847, 45.1607271261164], [-122.033773292474, 45.1607014434453], [-122.033681920335, 45.1606948685377], [-122.033581232666, 45.1606803967708], [-122.033492214113, 45.1606612782226], [-122.033374285079, 45.1606427601515], [-122.03325132548, 45.1606114406227], [-122.033119127606, 45.1605573267451], [-122.03301840131, 45.1605245566314], [-122.032930558652, 45.1604759135481], [-122.032836620026, 45.1604314896588], [-122.032735089737, 45.1604168778383], [-122.032607707732, 45.1604187705089], [-122.032513977515, 45.1604017985471], [-122.032414146839, 45.1603720719482], [-122.032314790474, 45.1603903183683], [-122.03224255245, 45.1603928964047], [-122.03215763291, 45.160374301602], [-122.032075364298, 45.1603142447059], [-122.032001540748, 45.1602644859805], [-122.031937739701, 45.1602006752845], [-122.031902613777, 45.1601249934603], [-122.031898139269, 45.1600859198604], [-122.031893910898, 45.1600489853201], [-122.031852336867, 45.1599816835571], [-122.031785312665, 45.1599291672236], [-122.031706659772, 45.1599116560675], [-122.031621175192, 45.1598906547082], [-122.031537359681, 45.1598447082298], [-122.031446552582, 45.159787835666], [-122.031376312412, 45.1597011714864], [-122.031372518826, 45.1596964929586], [-122.03135945283, 45.1596803708475], [-122.031293280232, 45.1595775412909], [-122.031231791449, 45.159515566784], [-122.03115874584, 45.1594630373521], [-122.031048926796, 45.1593776876906], [-122.030928815754, 45.159311458809], [-122.030866534657, 45.1592473810021], [-122.030804582344, 45.1591869909969], [-122.03076338291, 45.1590936228565], [-122.030701706379, 45.1590102812783], [-122.030643780315, 45.1589203460962], [-122.030574909177, 45.1588061303196], [-122.03051898905, 45.158745212189], [-122.03046792881, 45.1587023680241], [-122.030388350652, 45.1586567227399], [-122.030333667506, 45.1585597766694], [-122.030285375873, 45.1584326347069], [-122.030215467181, 45.1583333958103], [-122.030128391683, 45.1582576050865], [-122.030043988674, 45.1581788636576], [-122.029938805836, 45.1581242926531], [-122.02983715697, 45.1580634333379], [-122.0297470811, 45.1580134921135], [-122.029637213547, 45.1579627736007], [-122.029556506207, 45.1578966336581], [-122.029487140996, 45.1578481948368], [-122.029438295102, 45.1577597014608], [-122.029337363092, 45.1576744506004], [-122.02922754315, 45.1576083172912], [-122.029156925687, 45.1575200167468], [-122.02910430687, 45.157433339616], [-122.029067756217, 45.1573569218386], [-122.029038745125, 45.1572897296514], [-122.029000537081, 45.157178707045], [-122.028950138001, 45.1570479531716], [-122.028899060692, 45.1569381995531], [-122.028829966772, 45.1568195157835], [-122.028740415518, 45.1566980692248], [-122.028683359921, 45.1565785538469], [-122.028682044787, 45.1564536873148], [-122.028684599596, 45.1563301609302], [-122.028661056549, 45.1562052412757], [-122.028643306737, 45.1560896036134], [-122.028585358215, 45.1559982214033], [-122.028491239028, 45.155928503221], [-122.028409308182, 45.1558601697287], [-122.028355164025, 45.1558025722931], [-122.028304512518, 45.1557519740732], [-122.028234140295, 45.1556929448716], [-122.02815184114, 45.1556309198956], [-122.028071476957, 45.1555720654084], [-122.028008902111, 45.1555296249171], [-122.027914384071, 45.1554796238254], [-122.02779585137, 45.1554012326728], [-122.027710816845, 45.1553484891326], [-122.027570711101, 45.1551345206446], [-122.027506786088, 45.1550565939942], [-122.027476667373, 45.154954936275], [-122.027421034707, 45.1548890741087], [-122.027366803413, 45.1548420061281], [-122.027304986745, 45.1547724195634], [-122.02724810632, 45.1547173695476], [-122.027185332946, 45.1546602752132], [-122.027096455429, 45.1545713277428], [-122.027002735992, 45.1545022881827], [-122.026952061128, 45.1544519890827], [-122.026864676611, 45.1543741071102], [-122.02675952701, 45.1542809743445], [-122.026678518734, 45.154158518922], [-122.026561003824, 45.154055483017], [-122.0264687172, 45.1539619189535], [-122.026380973356, 45.1538669952525], [-122.026341011801, 45.1537618993188], [-122.026312610665, 45.1536615987789], [-122.026242230357, 45.1535656888516], [-122.026166941655, 45.1534713910232], [-122.026101359249, 45.1533977211321], [-122.026047908591, 45.1533327858809], [-122.025980780185, 45.1532126616162], [-122.025916286538, 45.1531021302685], [-122.025825453388, 45.1530386226028], [-122.025743611475, 45.1529801867202], [-122.025673930955, 45.1529014430668], [-122.025608986354, 45.1528346276314], [-122.025548486616, 45.1527528929806], [-122.025494931754, 45.1526723998921], [-122.025471628557, 45.1525927847359], [-122.025409952924, 45.152514888186], [-122.025335053193, 45.1524501647891], [-122.025263986572, 45.1523738961734], [-122.025199737266, 45.152272905194], [-122.025130389123, 45.152201866643], [-122.025043807699, 45.1521396801219], [-122.024966047732, 45.1520782309462], [-122.024867657954, 45.1520226271679], [-122.024771398081, 45.1519783208576], [-122.024693049717, 45.1519355723341], [-122.024627504142, 45.1518941148896], [-122.02455471096, 45.151852597864], [-122.024463610112, 45.1518052942403], [-122.024393358263, 45.1517648604694], [-122.024309929028, 45.1517331217384], [-122.024197717771, 45.1517049326065], [-122.024072755827, 45.1516878256434], [-122.023960228363, 45.1516563580166], [-122.023874495847, 45.1516183479941], [-122.02376351079, 45.1515735839665], [-122.023655127255, 45.1515580759744], [-122.023542364432, 45.1515366014625], [-122.023425046252, 45.1515065376391], [-122.023324332533, 45.1514829680465], [-122.023224865674, 45.1514719605797], [-122.023146670922, 45.1514677292772], [-122.023056785495, 45.1514362051453], [-122.022936843336, 45.1513867820373], [-122.022835436117, 45.1513520528594], [-122.022724859794, 45.1513004820279], [-122.022631686533, 45.1512277222416], [-122.022538513272, 45.1511796515321], [-122.022429825207, 45.1511203971268], [-122.02233127463, 45.1510727856344], [-122.022255669721, 45.1510458435927], [-122.022185774504, 45.1510203193747], [-122.022087245487, 45.1509762644297], [-122.022020391965, 45.1509364832393], [-122.021945201179, 45.15090851925], [-122.021850823277, 45.1508568922665], [-122.021816711551, 45.1508463642612], [-122.021752605976, 45.1508265772064], [-122.021671104525, 45.15080994196], [-122.021561192056, 45.150803343104], [-122.021460905935, 45.1507801007562], [-122.021368973247, 45.1507451222307], [-122.021289475039, 45.1507080523953], [-122.021206562335, 45.1506746494202], [-122.021095945588, 45.1506315197993], [-122.020993877208, 45.1506057065047], [-122.020911352577, 45.1506022296757], [-122.020835124237, 45.1505699182166], [-122.020758015547, 45.1505094410903], [-122.020692000154, 45.1504474706585], [-122.02062515831, 45.1503740946202], [-122.020549160837, 45.1503131288297], [-122.020484167726, 45.1502468425309], [-122.020482009973, 45.1502446403564], [-122.02039903259, 45.1501664510702], [-122.020344388072, 45.1500890364947], [-122.02025289466, 45.1499892160493], [-122.020175558697, 45.14989935976], [-122.020112037925, 45.1498216172805], [-122.020063137234, 45.1497482955548], [-122.020031665657, 45.1496515579693], [-122.019951153251, 45.149526701601], [-122.019885261825, 45.1494168992853], [-122.019847950299, 45.1493209891836], [-122.019762208801, 45.1492374464157], [-122.019751398474, 45.1491444788482], [-122.019751728156, 45.1490377618202], [-122.019742175471, 45.1489709697315], [-122.019703549711, 45.1489168948498], [-122.019643092194, 45.1488305518203], [-122.019616622436, 45.1487030561678], [-122.019656949605, 45.1485729271733], [-122.019676916459, 45.1484500381707], [-122.019654540324, 45.148332705209], [-122.019604270601, 45.1482293806388], [-122.019582122637, 45.1481428731093], [-122.019514093221, 45.1480340292407], [-122.019458686931, 45.1479003349269], [-122.019397950936, 45.1478086741218], [-122.019288565779, 45.1477214360869], [-122.019230521137, 45.1476341161885], [-122.019184900195, 45.147570912244], [-122.019137002922, 45.1475133419104], [-122.019061484251, 45.1474679987456], [-122.018976908766, 45.147431583789], [-122.018898387925, 45.1474070406173], [-122.018843274486, 45.147369524479], [-122.018788442219, 45.1473280161954], [-122.01872487743, 45.1472864033426], [-122.01864953393, 45.1472091312102], [-122.0185655154, 45.1471531393709], [-122.018443584371, 45.1470871674504], [-122.018301446639, 45.1470089966414], [-122.018189505775, 45.1469197869678], [-122.018103077963, 45.1468544363139], [-122.018036140898, 45.1467904617107], [-122.018016690575, 45.1467521443269], [-122.017978672076, 45.1466772461154], [-122.017958405185, 45.1465690704071], [-122.017907621625, 45.1464928103945], [-122.017856922507, 45.1464412674789], [-122.017793486177, 45.1463822495414], [-122.017714111936, 45.1463339821368], [-122.017627702091, 45.1463272604815], [-122.017544275551, 45.1462994431223], [-122.017472897215, 45.1462697269067], [-122.017417521467, 45.1462171124027], [-122.017331615577, 45.1461563734234], [-122.017215036711, 45.1461095256868], [-122.017078796418, 45.1460586001686], [-122.016970197287, 45.1460070042729], [-122.016856417571, 45.1459514205485], [-122.016733050137, 45.1458744393229], [-122.016598632526, 45.1458126653322], [-122.016475033326, 45.1457634926833], [-122.01640182063, 45.1457370271238], [-122.016322794038, 45.1457142388929], [-122.016216113708, 45.1456860708605], [-122.016115193376, 45.1456256348042], [-122.016040274779, 45.145568099254], [-122.015939774859, 45.1455247706235], [-122.015855256865, 45.1454674953771], [-122.015773225408, 45.1454016330176], [-122.015706979148, 45.1453550349294], [-122.015638323606, 45.1452937900587], [-122.015540522224, 45.1452415681149], [-122.015439150039, 45.1451971659295], [-122.015329639118, 45.145147706999], [-122.015225969941, 45.1450497058209], [-122.015108288842, 45.1449887641143], [-122.014901076252, 45.1448869376409], [-122.014876231546, 45.144796715959], [-122.014784940255, 45.1447721387057], [-122.014695981889, 45.1447438979776], [-122.014611392929, 45.1447374270397], [-122.014517169537, 45.1447452095256], [-122.01441605966, 45.1447382057318], [-122.014340227477, 45.144742263928], [-122.014235042842, 45.1447264398125], [-122.014159080404, 45.1446919264351], [-122.014038505831, 45.1446607001487], [-122.013952583771, 45.1445736511776], [-122.01386567536, 45.1444762255896], [-122.01373006838, 45.1443684885924], [-122.013628733026, 45.1443564564838], [-122.013564419042, 45.1442952650301], [-122.013503113515, 45.144260771667], [-122.013427976628, 45.1442521001691], [-122.013347901702, 45.1442237483027], [-122.013252989302, 45.1441971933237], [-122.013143825131, 45.1441512493982], [-122.013030804492, 45.1441065029496], [-122.012921843339, 45.1440902408362], [-122.012812830084, 45.1440678226064], [-122.012730050331, 45.1440329622477], [-122.012645679661, 45.1439970209352], [-122.012542202724, 45.1439831753662], [-122.012448173368, 45.1439788668414], [-122.012376297365, 45.1439985669349], [-122.012297483674, 45.1440331941475], [-122.012192538889, 45.1440603378226], [-122.012098011867, 45.1440468052702], [-122.011998949251, 45.1440102132528], [-122.011908613767, 45.1439735451792], [-122.01182484946, 45.1439622004505], [-122.011719522892, 45.1439657999706], [-122.011606803188, 45.1439729084044], [-122.011542591611, 45.1439657834969], [-122.011479006161, 45.1439527711133], [-122.011391034145, 45.1439524219959], [-122.011326486599, 45.1439583227768], [-122.011316145193, 45.1439592681182], [-122.011240160296, 45.1439642165873], [-122.011151712173, 45.1439586934368], [-122.011082219401, 45.1440050994164], [-122.011071223124, 45.1440075951917], [-122.010951930448, 45.1440346596782], [-122.010837171568, 45.1440481136663], [-122.010735891012, 45.1440500265223], [-122.010602966401, 45.1440508350034], [-122.010436549901, 45.1440443557499], [-122.010327314763, 45.1440319643182], [-122.010229931098, 45.1440435491696], [-122.010130903516, 45.1440428591728], [-122.010042225424, 45.1440314916481], [-122.009962524197, 45.1440121850355], [-122.009817710383, 45.1439428082775], [-122.009776673544, 45.1439185810408], [-122.009709284627, 45.1438787993599], [-122.00965601453, 45.1437810183971], [-122.009591625986, 45.1437314410202], [-122.009530138101, 45.1436618656006], [-122.009480791846, 45.1435898950467], [-122.009427311544, 45.1435240292507], [-122.009347332738, 45.1434383021608], [-122.009259024752, 45.1433960059681], [-122.009184735875, 45.1433311119117], [-122.009155059131, 45.1432278980287], [-122.009114912522, 45.1431639250581], [-122.008861451068, 45.1429982203793], [-122.008776496494, 45.1429382598551], [-122.008620286652, 45.1428702377347], [-122.008537766512, 45.1428457445558], [-122.008471704406, 45.1428149645936], [-122.008380414014, 45.1427679880207], [-122.008271887646, 45.1427066592671], [-122.008174970206, 45.1426522008045], [-122.008068210825, 45.1425795921857], [-122.008061439324, 45.1425747886958], [-122.007996999576, 45.1425290696662], [-122.00795313484, 45.1424623941411], [-122.007847576506, 45.1424001444029], [-122.007737606546, 45.1423563070984], [-122.007676142017, 45.1423186209927], [-122.007634723395, 45.1422932265616], [-122.007537854464, 45.142220523709], [-122.007448896098, 45.1421492590968], [-122.007340429918, 45.1421108720624], [-122.007231021404, 45.1421080340453], [-122.007135613134, 45.1420791710423], [-122.007036430144, 45.1420076642074], [-122.006946311155, 45.1419238281221], [-122.006882035798, 45.1418926066558], [-122.006791399379, 45.1418328743431], [-122.006651500248, 45.1417519330626], [-122.006571326507, 45.1417073602467], [-122.006519279916, 45.1416714909694], [-122.00640370357, 45.1416325884699], [-122.006280372967, 45.1416045261383], [-122.006197029969, 45.1415702725615], [-122.006103998642, 45.1415273052318], [-122.006000007868, 45.1414844557258], [-122.00591107735, 45.1414676612452], [-122.005846623228, 45.141412772628], [-122.005769029449, 45.1413522857859], [-122.005700434992, 45.1413082354076], [-122.005603298364, 45.141239213364], [-122.005502555898, 45.1411601094244], [-122.005392832974, 45.1411352885535], [-122.005285300143, 45.1410976320553], [-122.005189377139, 45.1410524421971], [-122.005110339767, 45.1410312634385], [-122.005029267711, 45.1410028218945], [-122.004956456562, 45.1409602774088], [-122.004889682092, 45.140907967221], [-122.00480801086, 45.1408803880009], [-122.004706338637, 45.1408536464414], [-122.004595091273, 45.1408145982798], [-122.004506507504, 45.1407945283065], [-122.004407952436, 45.1407669667735], [-122.004291940407, 45.1407468834769], [-122.004163363642, 45.1407281143482], [-122.004064248924, 45.1407286548455], [-122.003969287117, 45.1407447265576], [-122.003876386943, 45.1407722690921], [-122.003789960928, 45.1407887856087], [-122.003683541109, 45.1408336157675], [-122.003599111151, 45.1408986026437], [-122.003531139227, 45.140954039221], [-122.003510405212, 45.1409708148437], [-122.003448066622, 45.1410212557374], [-122.003304320906, 45.141017189039], [-122.003188981715, 45.1409994959196], [-122.003078524867, 45.1409811045235], [-122.002948864734, 45.1409771506102], [-122.002861590709, 45.1409661087989], [-122.002758465013, 45.1409506467111], [-122.002661195434, 45.1409266513827], [-122.002554208779, 45.1409120516691], [-122.002522424587, 45.1409030431986], [-122.002451313051, 45.1408828889821], [-122.002362433737, 45.1408772863279], [-122.002264799442, 45.1408739875923], [-122.002167370861, 45.1408888401383], [-122.002117524244, 45.1408891880072], [-122.002038151801, 45.140887139446], [-122.001951330527, 45.1408695502034], [-122.001882487237, 45.1408463424571], [-122.001788297981, 45.1408515459202], [-122.00168592148, 45.1408463152105], [-122.001559362331, 45.1408198321607], [-122.001412666547, 45.1408500936142], [-122.001312499901, 45.1408555207524], [-122.001228545151, 45.1408489650989], [-122.001129713402, 45.1408234065336], [-122.001034319505, 45.1408254398897], [-122.000987940385, 45.1408418081188], [-122.000950284805, 45.1408550993809], [-122.000858245218, 45.1408792449125], [-122.000760474379, 45.1408745179499], [-122.000666813332, 45.1408894617401], [-122.000569936317, 45.1408883097808], [-122.000488230949, 45.1408895282724], [-122.000396364736, 45.1408980291987], [-122.000314865981, 45.1408914627782], [-122.000250447792, 45.1409360672803], [-122.000150846186, 45.1408955706722], [-122.000060349006, 45.1408999098448], [-121.99998680034, 45.1408397582886], [-121.999914132922, 45.1407855939535], [-121.999835853728, 45.1407316633811], [-121.999701897851, 45.1406959309905], [-121.999599144956, 45.1406391761833], [-121.999489494796, 45.1406079622508], [-121.99939288997, 45.1405468542167], [-121.999306129782, 45.1405380433856], [-121.999195537289, 45.1405310264021], [-121.999081230262, 45.1405125683221], [-121.998969155549, 45.1405028773525], [-121.998874638408, 45.1404414460463], [-121.998777802715, 45.1403681927279], [-121.998650711764, 45.1403059964641], [-121.99853012731, 45.1402780114183], [-121.998430684706, 45.1402512898529], [-121.99842370839, 45.140249415522], [-121.998349816568, 45.1401940695049], [-121.998324369093, 45.1400954781207], [-121.998295583478, 45.1400263988477], [-121.998237104051, 45.1399889437518], [-121.998129980852, 45.1399933438239], [-121.997984316333, 45.1399191312146], [-121.997858577346, 45.1399049215727], [-121.997764234479, 45.139866763043], [-121.997707288476, 45.1398616621416], [-121.997651744744, 45.1398566867029], [-121.997570302582, 45.1398384907369], [-121.997507204018, 45.1397890924237], [-121.997497116836, 45.1397629649961], [-121.99746422592, 45.139677787332], [-121.997406270211, 45.1396155915825], [-121.997355383345, 45.1395637313239], [-121.99730959352, 45.1394738307191], [-121.997206296246, 45.139393505173], [-121.997124756167, 45.1392966606687], [-121.997223261828, 45.1392123371148], [-121.997231178681, 45.1391268842532], [-121.997113627837, 45.1390997490014], [-121.996999723256, 45.1390696279254], [-121.996886814008, 45.1390171791321], [-121.996788487112, 45.1390218276746], [-121.996694241262, 45.1390418387078], [-121.996615974645, 45.1390437301873], [-121.996535533206, 45.1389706791123], [-121.996466662966, 45.1389189139502], [-121.996353581242, 45.1388738351572], [-121.996274012966, 45.1388182901017], [-121.996185962796, 45.1387801219734], [-121.996094896084, 45.1387355442996], [-121.996048251063, 45.1386548045634], [-121.995982007498, 45.1385772362144], [-121.995887304405, 45.1385122017019], [-121.995799295559, 45.1384746904823], [-121.995743173311, 45.138412587837], [-121.995654685663, 45.138403652477], [-121.995573129415, 45.1383739087], [-121.99549531465, 45.138315971055], [-121.995418250876, 45.1382104713138], [-121.995371823248, 45.1381371403558], [-121.995268455905, 45.1380960815937], [-121.995182553607, 45.1380180872902], [-121.995116099836, 45.1379470163987], [-121.99507599994, 45.1379320287476], [-121.995030443677, 45.1379150000285], [-121.994922391619, 45.137870988817], [-121.994839239065, 45.1378252001132], [-121.994744451531, 45.1377709448334], [-121.994613790675, 45.1377129001182], [-121.994525303924, 45.1376728428934], [-121.994431270975, 45.1376270210793], [-121.99433222902, 45.1375684179473], [-121.994236300626, 45.137500450887], [-121.994147231767, 45.1374385829093], [-121.994051296187, 45.1373962157292], [-121.993994757121, 45.137337154209], [-121.994011092086, 45.1372480022735], [-121.994010491113, 45.1371538143242], [-121.994000282658, 45.1370456059699], [-121.994053289548, 45.13695272878], [-121.994077542264, 45.1368721867639], [-121.994103857512, 45.1367734052329], [-121.994115884157, 45.1366606107909], [-121.994114721737, 45.1365561599109], [-121.994154777616, 45.1364920926387], [-121.994243311079, 45.136423123698], [-121.994324331931, 45.1363586088903], [-121.99437379856, 45.1362925408304], [-121.994456610653, 45.1361907241725], [-121.994527261353, 45.1361005989914], [-121.994590623124, 45.1360726847563], [-121.994678663411, 45.1360304179525], [-121.9947661701, 45.1359727193644], [-121.994778076371, 45.1359677004951], [-121.994883013969, 45.1359234564815], [-121.994944297038, 45.1358315901119], [-121.994906256979, 45.135728686472], [-121.994959967249, 45.1356697505983], [-121.99503394531, 45.1356376740154], [-121.995111716057, 45.1355895071438], [-121.995163955786, 45.1355436709815], [-121.995223593141, 45.1354655331388], [-121.995250680042, 45.1353761368366], [-121.995191702948, 45.135273120843], [-121.995145283404, 45.1351863686873], [-121.995039693629, 45.1351646408628], [-121.994937742031, 45.1351490555305], [-121.994868730756, 45.1351168075543], [-121.994782944341, 45.1350653506767], [-121.994691257792, 45.1350051036127], [-121.994660922583, 45.1349021465174], [-121.994565627501, 45.1348478377598], [-121.994483628383, 45.1348122873584], [-121.994413702623, 45.1347613004182], [-121.994349950086, 45.1346699974458], [-121.994286977286, 45.1345553503072], [-121.994251263864, 45.1344482701001], [-121.994255436538, 45.1343629697946], [-121.994280624401, 45.1342883430126], [-121.994296379952, 45.134177413116], [-121.994377248091, 45.1340658701996], [-121.994437108228, 45.133957830258], [-121.994461475929, 45.1338782897237], [-121.994516867846, 45.1337648121084], [-121.994514073187, 45.1336471079791], [-121.99446770844, 45.1335567677484], [-121.994426900672, 45.1334841906399], [-121.994411420903, 45.1334392051439], [-121.994398494146, 45.1334016386216], [-121.99438834498, 45.1333275828353], [-121.994324605917, 45.1332548254571], [-121.994265868674, 45.1331791186223], [-121.994260990822, 45.1331728307862], [-121.994231361689, 45.1330898898422], [-121.994170348115, 45.1330632954561], [-121.994127116692, 45.1329885072738], [-121.994139627529, 45.1329085686728], [-121.994095551689, 45.1328061046374], [-121.994042692123, 45.1326935938649], [-121.993958033992, 45.1325376093845], [-121.994045620631, 45.1324580554622], [-121.994167813967, 45.1324075581956], [-121.994264353216, 45.1323648596362], [-121.994325608437, 45.1323262264621], [-121.994338532499, 45.1323180747139], [-121.994435559533, 45.1322669765409], [-121.994541737704, 45.1322233424801], [-121.99460198232, 45.1321716123856], [-121.994666796667, 45.1321429845394], [-121.99472798631, 45.132071963362], [-121.994810431891, 45.1320509213242], [-121.994877793859, 45.1319986226088], [-121.994902429257, 45.131947157214], [-121.994632622058, 45.131774661709], [-121.994592579654, 45.1317612751701], [-121.99451143753, 45.1317174683443], [-121.994438637161, 45.1316711651696], [-121.994378314391, 45.1316120749052], [-121.994315191573, 45.1314993152502], [-121.994282886359, 45.1314170981455], [-121.994274678452, 45.1313365502122], [-121.99426738503, 45.1312045031452], [-121.994216374197, 45.1310702059599], [-121.994170702949, 45.1309855223115], [-121.994137977323, 45.1309005235626], [-121.994065388059, 45.1308261451172], [-121.994009563154, 45.1307288798261], [-121.993966303883, 45.1306868226368], [-121.993944596992, 45.1306657198813], [-121.993866668141, 45.1306271178777], [-121.993655760781, 45.1305726136548], [-121.993534997562, 45.130516044602], [-121.993415949227, 45.130477143364], [-121.993342154423, 45.1304145484519], [-121.993249592915, 45.1303714554705], [-121.9931528758, 45.130363729962], [-121.993062036362, 45.1303581915513], [-121.992976957819, 45.1303486699706], [-121.992898120772, 45.1303387301079], [-121.99280488373, 45.13034306438], [-121.992722974444, 45.1303447641193], [-121.992617124158, 45.1303424451983], [-121.992548202714, 45.130343761514], [-121.992484638823, 45.1303357140525], [-121.992395786458, 45.1303326859556], [-121.992323054361, 45.1303395273757], [-121.992191907516, 45.1303704376554], [-121.992078638044, 45.1303703077351], [-121.991989901562, 45.1303479348112], [-121.991884930726, 45.1303776878447], [-121.991780722559, 45.130380658901], [-121.991697868246, 45.1303651470447], [-121.99162259212, 45.1303598653061], [-121.99151243531, 45.1303862556153], [-121.991392616221, 45.1304080321584], [-121.991304584916, 45.1304318880505], [-121.991215915808, 45.1304895193627], [-121.991118383921, 45.1305283591179], [-121.99100370589, 45.1305377374398], [-121.990936065444, 45.1305540991157], [-121.990858283917, 45.1305935884262], [-121.990774175555, 45.1305820629499], [-121.990655081406, 45.1305701793995], [-121.990560692724, 45.1305847899998], [-121.990477818648, 45.1306093657638], [-121.990357794743, 45.1306438521758], [-121.990277637172, 45.130674913758], [-121.990212609925, 45.1306778271272], [-121.990136883743, 45.130694418182], [-121.990049796568, 45.1307111683042], [-121.989980234625, 45.1307195636436], [-121.989922142373, 45.1307411226819], [-121.989809586162, 45.1308048003195], [-121.989688997217, 45.1308559067738], [-121.989594836707, 45.130867298473], [-121.989488496839, 45.1308988910176], [-121.98938738247, 45.1309219057158], [-121.989299811103, 45.1309393161403], [-121.989201330595, 45.1310004496808], [-121.989200210396, 45.1311234789659], [-121.989192413918, 45.1312300920058], [-121.989139141127, 45.1313620141654], [-121.989053229846, 45.1314699550903], [-121.988945110415, 45.1315408863918], [-121.988876583332, 45.1316020300611], [-121.988804171933, 45.1316389925435], [-121.988726482933, 45.1316662264072], [-121.988646243615, 45.1317154790253], [-121.988569049586, 45.1317480381912], [-121.988478766205, 45.1317971544842], [-121.988392391394, 45.1318501682447], [-121.988313078239, 45.1319041851676], [-121.988313735806, 45.1319924030865], [-121.988240344345, 45.1320734292002], [-121.988137447719, 45.13209683254], [-121.988044047184, 45.1320500416942], [-121.987957829578, 45.1320569114265], [-121.987866582305, 45.1321100726066], [-121.987778755816, 45.1321670444031], [-121.98770631118, 45.1322136317233], [-121.987591937678, 45.132254183929], [-121.987436145554, 45.1323114471003], [-121.987377619415, 45.1323494028208], [-121.987299295305, 45.1323985857718], [-121.987191647489, 45.1324538195796], [-121.987060630002, 45.1325184002771], [-121.98696450847, 45.132562465051], [-121.986894467725, 45.1326040024636], [-121.98681196645, 45.1326442406942], [-121.986732349664, 45.1326696546324], [-121.986635443903, 45.1326952212887], [-121.986542905751, 45.132755947359], [-121.986445169048, 45.1328284018168], [-121.986351399305, 45.1328666151214], [-121.986218438762, 45.1329265837025], [-121.986087865042, 45.1329889477153], [-121.985975117491, 45.1330259333805], [-121.985852432776, 45.1330545392368], [-121.985741779197, 45.1331178974278], [-121.985628319282, 45.1331658420477], [-121.985525347198, 45.1332110736452], [-121.985435817503, 45.1332424494247], [-121.985342473562, 45.1332707750656], [-121.985247472229, 45.133304051988], [-121.985171562791, 45.133335108319], [-121.985106237303, 45.1333723396449], [-121.985039620039, 45.1334145146277], [-121.984972075712, 45.133461084452], [-121.98489934092, 45.1335141264507], [-121.984819493268, 45.1335615624922], [-121.9847356014, 45.1336117944749], [-121.984626257566, 45.1336757033842], [-121.984540076791, 45.1337345544992], [-121.984457346445, 45.1337831760472], [-121.984440663831, 45.1337968967156], [-121.984365140669, 45.1338590119926], [-121.984277241417, 45.13393748157], [-121.984168646777, 45.1340300639227], [-121.984083929357, 45.1341329047213], [-121.984010178571, 45.1342206420054], [-121.983934199962, 45.1342898474504], [-121.983885596614, 45.1343248107246], [-121.983833239206, 45.1343627080709], [-121.983747119516, 45.1344321256373], [-121.983662558404, 45.1345034854463], [-121.983609774296, 45.1345797678337], [-121.983556150263, 45.1346553409974], [-121.983482129982, 45.1347145675249], [-121.983426057142, 45.1347375800497], [-121.983382700853, 45.1348028539731], [-121.983296728487, 45.1349153155912], [-121.983277901596, 45.134929871847], [-121.983219022419, 45.1349753979863], [-121.983167106083, 45.1350334613308], [-121.983094869856, 45.1351310171221], [-121.983024479667, 45.1352329351636], [-121.982988482377, 45.1353202607495], [-121.982934888887, 45.1354139099124], [-121.982879360427, 45.1355135664043], [-121.982836288005, 45.1356120903009], [-121.98280236762, 45.1356781204935], [-121.982752094304, 45.1356137284143], [-121.982697021288, 45.1357250794612], [-121.982674147486, 45.135824570648], [-121.982637762124, 45.1359181156902], [-121.98258560504, 45.1360320839365], [-121.982537143626, 45.1361237319924], [-121.982474267844, 45.1362108958899], [-121.982432240164, 45.1363282835849], [-121.982405459588, 45.1363942071219], [-121.982405207162, 45.1364805341352], [-121.982421169326, 45.1365826595158], [-121.982409435532, 45.1367071633895], [-121.982358017761, 45.1368055743288], [-121.982366947914, 45.1368942567616], [-121.982352119423, 45.1369885737775], [-121.982304938108, 45.1370861813545], [-121.982273610261, 45.1371584268987], [-121.982253945241, 45.1372328192646], [-121.98224609666, 45.1373069815074], [-121.982226490929, 45.1373812545478], [-121.982161882297, 45.1374805235922], [-121.982079102544, 45.1375945273702], [-121.9820322563, 45.1376877469674], [-121.982004788514, 45.1377832565155], [-121.981959893411, 45.1378520666597], [-121.981913374154, 45.1379296201533], [-121.981843042355, 45.1380285428914], [-121.981783764326, 45.1381155454593], [-121.98180256876, 45.1382206182822], [-121.981782212936, 45.1383274157596], [-121.981750051452, 45.1384157048521], [-121.981724053309, 45.138484411579], [-121.981687471216, 45.138547130704], [-121.981650330371, 45.1386168302275], [-121.981614924172, 45.1387030784698], [-121.981604665411, 45.1388034021648], [-121.981578287281, 45.1388943081827], [-121.981521892844, 45.1389938812855], [-121.981449366462, 45.1390616241505], [-121.981428840856, 45.1390807943015], [-121.981342661877, 45.1391520513432], [-121.981255185732, 45.1392225409343], [-121.981184471251, 45.1392688702944], [-121.981112721012, 45.1393134481849], [-121.981000259125, 45.1393837145289], [-121.980885198412, 45.1394363296369], [-121.980819838789, 45.1394714057149], [-121.980762130117, 45.1395055490292], [-121.980696768696, 45.1395391099933], [-121.98060038845, 45.1395734623734], [-121.980517647324, 45.1396266938525], [-121.980433317976, 45.1396628045714], [-121.980357170485, 45.1396944150552], [-121.980285417551, 45.1397214986979], [-121.980198903501, 45.139738355791], [-121.980080862178, 45.139766775788], [-121.979959192559, 45.1398140330074], [-121.979853070083, 45.1398636448398], [-121.97976590206, 45.1398870975758], [-121.979658760894, 45.1399168247223], [-121.979577212731, 45.1399466367625], [-121.979511771361, 45.1399753855206], [-121.979428758045, 45.139991891496], [-121.979327913172, 45.140013663104], [-121.979259198341, 45.1400190580057], [-121.979172671714, 45.14002585074], [-121.979050977841, 45.1400669708438], [-121.978965323478, 45.1401266264342], [-121.978946902625, 45.1401394578337], [-121.978845723578, 45.1402053338764], [-121.978781180523, 45.140240226357], [-121.978719837268, 45.1402595652957], [-121.978647016237, 45.1402842313042], [-121.97856441435, 45.1403206558957], [-121.978520502903, 45.1403224795325], [-121.978434775777, 45.1403443600016], [-121.978371714942, 45.1403832367669], [-121.978292681163, 45.1404322588133], [-121.978219806234, 45.1404726131802], [-121.978149511267, 45.1405085966342], [-121.9780550076, 45.1405390888996], [-121.977969434985, 45.1405840200042], [-121.97788537603, 45.1406410283239], [-121.977810777234, 45.1407083757397], [-121.977735481346, 45.1407512499074], [-121.977670003144, 45.1408004991148], [-121.977583834946, 45.1408394478042], [-121.977505949214, 45.1408770550489], [-121.977478918009, 45.1408901067866], [-121.977381558598, 45.1409407961386], [-121.977304590046, 45.1409880409795], [-121.977241635213, 45.1410302819311], [-121.977166705837, 45.1410777693815], [-121.977087722364, 45.141122459279], [-121.977010474436, 45.1411559153747], [-121.976929761706, 45.1411774920115], [-121.976865092887, 45.141201964997], [-121.976764325268, 45.141223835624], [-121.976654835906, 45.1412539599975], [-121.976600345898, 45.1412720028054], [-121.976541474806, 45.1412914947342], [-121.976522289486, 45.1412948542747], [-121.97639243891, 45.141317578374], [-121.9762748171, 45.1413373357807], [-121.97620704011, 45.1413494737102], [-121.976146119961, 45.1413762099681], [-121.976048002373, 45.1414125540239], [-121.976025194147, 45.1414217106845], [-121.975919283674, 45.1414642275796], [-121.975829418009, 45.1414954701905], [-121.975736239358, 45.1415289393736], [-121.975635687335, 45.1415684495982], [-121.975543340524, 45.1416169199986], [-121.975459988544, 45.1416811950467], [-121.975375972708, 45.141779893307], [-121.975328973751, 45.141853343138], [-121.9752855438, 45.1419187856987], [-121.975268272791, 45.141951517089], [-121.975242762433, 45.141999865507], [-121.97518712348, 45.142103485234], [-121.975143020691, 45.1422023373681], [-121.975086166316, 45.1422921075792], [-121.975009172612, 45.1423768156238], [-121.974936937283, 45.142435630513], [-121.974861600072, 45.1424834393071], [-121.974787699267, 45.1425351613148], [-121.974720725371, 45.1425979140013], [-121.974634763784, 45.1426711239033], [-121.974561602293, 45.1427361226246], [-121.974501398101, 45.1428191293747], [-121.974425798581, 45.1428959284423], [-121.974363058445, 45.1429638605583], [-121.974331022726, 45.1430513827648], [-121.974310625579, 45.1431441644827], [-121.974281088074, 45.1432417551862], [-121.974260180684, 45.1433485806419], [-121.974208919221, 45.1434690596101], [-121.974153226368, 45.1435911825441], [-121.974097585617, 45.14369399216], [-121.974034748463, 45.1437909958342], [-121.974002079431, 45.1438687674479], [-121.973959505575, 45.143960293294], [-121.973951468348, 45.1439695800685], [-121.973884065956, 45.1440474781597], [-121.973831975348, 45.1440890978121], [-121.973784838948, 45.1441267593041], [-121.973678876372, 45.1441889621711], [-121.973567381971, 45.1442298055556], [-121.973555570921, 45.1442341641161], [-121.973469930932, 45.1442657790351], [-121.97337447056, 45.1443219016982], [-121.973311681016, 45.1443621741117], [-121.973305901256, 45.144365881319], [-121.973236572876, 45.1444080126893], [-121.973157703489, 45.1444679526596], [-121.973084205129, 45.1445654352858], [-121.973018127751, 45.1446529334911], [-121.973016561089, 45.144655007261], [-121.972959540527, 45.1447355376499], [-121.972951603013, 45.1447467485354], [-121.972887126433, 45.1448321714319], [-121.972827145922, 45.1448909818873], [-121.972773706044, 45.1449492188779], [-121.97270623538, 45.1450277606301], [-121.972635159776, 45.1451246365833], [-121.972583167084, 45.145227072782], [-121.972550472001, 45.1452951402433], [-121.972549156867, 45.1452974794648], [-121.972513373376, 45.1453611281768], [-121.972468112659, 45.1454665684348], [-121.972408535491, 45.1455851174508], [-121.972330492554, 45.1456832431588], [-121.97227903975, 45.1457642726287], [-121.972206560978, 45.1458600018072], [-121.972181128774, 45.1459026395751], [-121.972149385006, 45.1459558518397], [-121.972070965675, 45.1460489684314], [-121.972041499137, 45.1460857086658], [-121.972037351616, 45.1460908799716], [-121.972003205753, 45.1461334548421], [-121.9719126412, 45.1462173772398], [-121.971832941769, 45.146306645035], [-121.971782325296, 45.1463584801528], [-121.971729643597, 45.1464094503874], [-121.971660011586, 45.1464793753571], [-121.971567499484, 45.1465698984933], [-121.971476414806, 45.146639011654], [-121.971411562731, 45.1467095376061], [-121.971333989613, 45.1467843730511], [-121.971324844763, 45.1467931943212], [-121.971256155085, 45.1468800251213], [-121.97119893869, 45.1470374751042], [-121.971182209364, 45.1470698151759], [-121.971160480016, 45.1471118165663], [-121.971114590478, 45.1471778004963], [-121.971113626585, 45.1471791861161], [-121.971089161867, 45.1471249549431], [-121.971028003664, 45.146989378052], [-121.971016905877, 45.1468992610695], [-121.971007430447, 45.1467191419879], [-121.971035622276, 45.146566367564], [-121.971180383987, 45.1462976253788], [-121.971182976525, 45.1461536217749], [-121.971187354016, 45.145910615779], [-121.971229072676, 45.1457129565121], [-121.971181604798, 45.1455234926736], [-121.971259532751, 45.1454341799343], [-121.971416035443, 45.1452195533028], [-121.971458726978, 45.1449678909439], [-121.971526852514, 45.1447164600047], [-121.971455568502, 45.1444367642666], [-121.971382178838, 45.1442740710025], [-121.971298179172, 45.1439942615792], [-121.971302553968, 45.1437512558825], [-121.971219528974, 45.1434174436294], [-121.971089806857, 45.1433291515105], [-121.97101848242, 45.1432806039977], [-121.970948661763, 45.1429199071015], [-121.971054290166, 45.1427048192324], [-121.971066985158, 45.1426372384677], [-121.971096493018, 45.1424801596731], [-121.971060773307, 45.1423448112453], [-121.971057214182, 45.1423409949231], [-121.970823686344, 45.1420906238624], [-121.970775736071, 45.1419281596129], [-121.970704946132, 45.1416214637797], [-121.970782706998, 45.141541152031], [-121.971028861555, 45.1414814282209], [-121.971140404466, 45.1414543650568], [-121.971294465537, 45.1413747405673], [-121.971478011112, 45.1410703418663], [-121.971442938189, 45.1408989923328], [-121.971092701229, 45.1405717703904], [-121.97101131117, 45.1404222643135], [-121.970992805875, 45.1403882717224], [-121.970969585323, 45.1403456165236], [-121.970990604104, 45.1403215239924], [-121.971086466023, 45.1402116469166], [-121.971126075439, 45.1401309891103], [-121.970980842112, 45.1400255453204], [-121.9707745476, 45.139875766608], [-121.970663989243, 45.139658728905], [-121.970732110288, 45.1394072967285], [-121.970736487778, 45.1391642911235], [-121.970575227608, 45.1389377920307], [-121.970350224782, 45.1387197185168], [-121.97007435665, 45.13850118476], [-121.96998939938, 45.1382753743671], [-121.969752658269, 45.1380031845699], [-121.969794376031, 45.1378055245009], [-121.969913849268, 45.1375275526812], [-121.970032350529, 45.1373035811764], [-121.970178066251, 45.1369808371253], [-121.970220269103, 45.1367561778238], [-121.970224810087, 45.1365041713991], [-121.970179296943, 45.1362067046446], [-121.970106572033, 45.1360080104946], [-121.969945645138, 45.1357635094506], [-121.969784398443, 45.1355370088892], [-121.969674337752, 45.1352929690627], [-121.969515039503, 45.1349584653415], [-121.969470182129, 45.1346249976761], [-121.969589001394, 45.134383026189], [-121.969783789385, 45.1341597463914], [-121.970015260979, 45.1340178122672], [-121.97024608399, 45.1339118780812], [-121.970411543784, 45.1339043710514], [-121.970679539081, 45.1338527831674], [-121.970776017244, 45.1338149076624], [-121.971038157322, 45.1337119965811], [-121.971460352031, 45.1335717812647], [-121.971780177425, 45.1334666472766], [-121.972162280322, 45.1334340878244], [-121.972365722683, 45.1334359237222], [-121.972595082338, 45.1334109873197], [-121.972749769535, 45.1332953604456], [-121.972904776532, 45.1331617323294], [-121.973175836881, 45.1329391334452], [-121.973305574269, 45.1327962754721], [-121.973448349805, 45.1326355319404], [-121.973565855733, 45.1324655582461], [-121.973645053903, 45.1323042408846], [-121.973649095424, 45.1320792355159], [-121.973652650956, 45.1318812298036], [-121.973645407839, 45.1318523210642], [-121.973605184874, 45.1316917668961], [-121.97364736976, 45.1314671051361], [-121.973640473394, 45.1311429819689], [-121.973606853944, 45.1308906319613], [-121.973561491717, 45.1305841657506], [-121.973488111935, 45.1304214754194], [-121.973365493695, 45.1301683217804], [-121.97329357098, 45.1299246278296], [-121.973209098801, 45.1296718199227], [-121.973085834673, 45.1294546679628], [-121.972975448792, 45.1292286303477], [-121.972814529982, 45.1289841338278], [-121.97274115559, 45.1288214421014], [-121.972693856595, 45.128622978266], [-121.972623557136, 45.1282892821536], [-121.972499329115, 45.1281261302203], [-121.972312016005, 45.1279354056487], [-121.972227063227, 45.1277095965143], [-121.972027524046, 45.1274917563937], [-121.971876901726, 45.1273823755722], [-121.971678012027, 45.1271285340878], [-121.971527388809, 45.1270191538374], [-121.971285179652, 45.1270529737667], [-121.971016732502, 45.1271315642562], [-121.970864653115, 45.1271031861302], [-121.970549563639, 45.1269473105844], [-121.96978883073, 45.1268684213228], [-121.967814770317, 45.1266885216325], [-121.966191670007, 45.1263947526175], [-121.965427302515, 45.1261222633657], [-121.964854436977, 45.125851510714], [-121.964471808565, 45.1257400129933], [-121.963644196083, 45.1254939429759], [-121.962530329149, 45.1248626867877], [-121.962373137449, 45.1247603337941], [-121.961871357395, 45.1244336029927], [-121.961552834559, 45.124075132036], [-121.961298169362, 45.1233076666327], [-121.96126657202, 45.1229473098984], [-121.961520886874, 45.1222024868793], [-121.961456713027, 45.1218418334934], [-121.961361460165, 45.1216609310394], [-121.96091539722, 45.1213688082508], [-121.960820510871, 45.1212554211088], [-121.960692625809, 45.1210337119706], [-121.960533255694, 45.1204021395696], [-121.960342422985, 45.1199278073863], [-121.960056076005, 45.1196371393462], [-121.959864671968, 45.1195003656192], [-121.959705795927, 45.1194539067347], [-121.959292571794, 45.1194546331602], [-121.958624413869, 45.1198401026288], [-121.958317450553, 45.1203821315037], [-121.958051317464, 45.1208520564597], [-121.958030564584, 45.1209705330501], [-121.957988345562, 45.1212115498007], [-121.957733400092, 45.1215962911431], [-121.957288196833, 45.1219117778178], [-121.956966682607, 45.1219336349262], [-121.956938107197, 45.1219355776812], [-121.955983401968, 45.1217783049469], [-121.955283362833, 45.1217313807671], [-121.955029002166, 45.1217785565867], [-121.954806066363, 45.1218890333081], [-121.954488483164, 45.1226557660571], [-121.954233461337, 45.1237381317756], [-121.954552320143, 45.1241191291752], [-121.955092923586, 45.1244121442498], [-121.955208652646, 45.1248632914511], [-121.955400334263, 45.1258552368714], [-121.955304733754, 45.1262594369934], [-121.955018288858, 45.1267564046078], [-121.954413370532, 45.1269803991563], [-121.953470149365, 45.1271604538394], [-121.953108616989, 45.1272294656718], [-121.952630855192, 45.1274096095669], [-121.952625760846, 45.1274123234588], [-121.951866794923, 45.1278166614873], [-121.951516667558, 45.1278404455779], [-121.951103415578, 45.1277961337817], [-121.950625976276, 45.1276117028944], [-121.950084362228, 45.1275031950314], [-121.949670369138, 45.1274993783497], [-121.949193323298, 45.1277695324907], [-121.949001956091, 45.1280198149608], [-121.948747449897, 45.1287646076611], [-121.948366126737, 45.1290581464535], [-121.947887987647, 45.1291707531258], [-121.947283363968, 45.1294622256459], [-121.947156052031, 45.1296860904211], [-121.947220280676, 45.1298667183583], [-121.947379142344, 45.1299582033053], [-121.947665677072, 45.1299788538164], [-121.948143408326, 45.1298887473375], [-121.948907310491, 45.1296662529253], [-121.949766578705, 45.1295301496841], [-121.951453540248, 45.129415872474], [-121.954445654187, 45.1292131181781], [-121.955751518047, 45.1291665822775], [-121.956355879417, 45.1292351309317], [-121.95673812874, 45.1293241483597], [-121.957088486973, 45.1294623828204], [-121.957438438268, 45.1297536396378], [-121.957438308012, 45.1299786807994], [-121.95734317822, 45.1302703653026], [-121.956356694189, 45.1310624843485], [-121.954701281479, 45.1321410161487], [-121.954096576952, 45.132437022439], [-121.952919252127, 45.1327952792472], [-121.952632579059, 45.1329546750205], [-121.950372108783, 45.1345991872725], [-121.94865339988, 45.1354340020581], [-121.947825793686, 45.135615397579], [-121.947284883918, 45.1356374059605], [-121.94636128016, 45.1361104599055], [-121.946042937885, 45.1361750282242], [-121.944801209244, 45.1363120642451], [-121.942859307619, 45.1363570753573], [-121.94215924423, 45.1365171094399], [-121.939230024938, 45.13665190772], [-121.938402326219, 45.1365361790561], [-121.936364209638, 45.1365396757537], [-121.93569626102, 45.1364254182916], [-121.93470888047, 45.1361776466451], [-121.933817491197, 45.1361107976645], [-121.933307701765, 45.1359980050803], [-121.931270391871, 45.1353217898745], [-121.930379210108, 45.1350748828767], [-121.929933471454, 45.1349806799312], [-121.928533085063, 45.1348459981051], [-121.927672917636, 45.1345993596418], [-121.926845239577, 45.1344430400703], [-121.92636811199, 45.134285516013], [-121.926081749739, 45.1341702952226], [-121.925572302565, 45.1337874219706], [-121.924139740317, 45.1333373206526], [-121.923439587994, 45.1329526356802], [-121.923089050099, 45.1326162601265], [-121.922548222077, 45.1319180152914], [-121.922356869244, 45.1317811803813], [-121.922007292546, 45.1316473478205], [-121.920797128009, 45.131419851139], [-121.920510706469, 45.1313091178282], [-121.919906053146, 45.131172862605], [-121.919046347453, 45.1309486684108], [-121.918155346252, 45.1304046098682], [-121.917455472407, 45.1297993473633], [-121.917296464314, 45.1295502895341], [-121.917105109684, 45.1291208892555], [-121.916977810323, 45.1286245842576], [-121.916660380736, 45.1279284346482], [-121.915737737277, 45.1264163696989], [-121.915546742872, 45.1254243617814], [-121.915102124417, 45.1248575211623], [-121.914487119807, 45.1241405278148], [-121.9138192718, 45.1226083684835], [-121.913406319858, 45.1215062189615], [-121.913271659701, 45.120871450781], [-121.912961437298, 45.1194090699104], [-121.912961984372, 45.1190039978359], [-121.912866766545, 45.1186205156638], [-121.912739345912, 45.1188443431178], [-121.912674968147, 45.1196808907945], [-121.912674541447, 45.120873617326], [-121.912610980251, 45.1214581231904], [-121.912419473806, 45.1222934580252], [-121.912291484539, 45.1235074698719], [-121.912296381255, 45.1242197833975], [-121.912300765932, 45.1248578184234], [-121.912395842724, 45.1252908090282], [-121.912681606697, 45.1258516425461], [-121.912967780302, 45.126642025503], [-121.913922512481, 45.128469479108], [-121.914336009701, 45.1295041170574], [-121.914526619628, 45.1301810628918], [-121.914462876972, 45.1306080374129], [-121.914048739253, 45.1315312674118], [-121.913634583568, 45.1321619409118], [-121.913443052868, 45.1329972755442], [-121.913315907119, 45.1332886176076], [-121.912646549045, 45.1339213547067], [-121.911458180332, 45.134775602596], [-121.910768055903, 45.1352716747319], [-121.909335074142, 45.1360141117117], [-121.907264941604, 45.1367369200761], [-121.906914480065, 45.1369405981524], [-121.906214100469, 45.1375684977907], [-121.905513159426, 45.1379758472752], [-121.904844352917, 45.138198964486], [-121.904590108132, 45.1383585523656], [-121.904207702502, 45.1386519308889], [-121.903028635844, 45.1398648215322], [-121.902551253136, 45.1400942684833], [-121.90137323571, 45.1403394657118], [-121.897838899564, 45.1406744067639], [-121.897148508336, 45.1406577476444], [-121.895785101093, 45.1406248368238], [-121.895036491848, 45.1406067595943], [-121.894686627689, 45.1406528768264], [-121.892998782203, 45.1409920607906], [-121.890642299092, 45.1416217691907], [-121.888285441384, 45.1424314593676], [-121.887457502814, 45.1428599617019], [-121.886437946407, 45.1435341340888], [-121.884876880158, 45.1447025956024], [-121.88379924677, 45.1454170159666], [-121.882869765335, 45.1460331953653], [-121.882232327098, 45.1465535452139], [-121.881881978747, 45.1466626295008], [-121.881404018422, 45.1469549952937], [-121.881180840973, 45.1470248188562], [-121.880130043856, 45.1475410978548], [-121.879142110842, 45.1478104385977], [-121.878569181524, 45.1478768157953], [-121.878441295563, 45.1479925790952], [-121.878377704723, 45.1481944911471], [-121.878219372162, 45.1484053533836], [-121.877549067264, 45.1492980458993], [-121.876974603623, 45.1499270062071], [-121.876974861439, 45.1501970610764], [-121.876204326114, 45.150324490667], [-121.87603174268, 45.1502867819532], [-121.875906151915, 45.1502045279489], [-121.875595626779, 45.1498233930978], [-121.875351393718, 45.1486597615979], [-121.875264845532, 45.148532883914], [-121.875057833267, 45.1483868129564], [-121.874118135292, 45.1479814581802], [-121.873565993888, 45.147597929422], [-121.873199223435, 45.1474097681296], [-121.872123080352, 45.1472325904281], [-121.870944065797, 45.1469508637605], [-121.870819444314, 45.1468844664774], [-121.87027314106, 45.1469002785896], [-121.870212105028, 45.1468622204115], [-121.870160481544, 45.1468433455884], [-121.870109797697, 45.1468218781702], [-121.870048555053, 45.1468423945927], [-121.870036098115, 45.1468450473703], [-121.869971179564, 45.1468588707027], [-121.869901578994, 45.1468901705468], [-121.869839190998, 45.1469034040108], [-121.869779856375, 45.1469206194839], [-121.869722855575, 45.1469169441215], [-121.869660129812, 45.1469054783324], [-121.869606750121, 45.1469039444495], [-121.869538264361, 45.1468768445778], [-121.869472451986, 45.1468720439844], [-121.869387529751, 45.1468769111032], [-121.869329730349, 45.1468957193899], [-121.869266555428, 45.1469094204302], [-121.86918718029, 45.1469118280115], [-121.869108380971, 45.1469311197035], [-121.869033254864, 45.1469615192], [-121.868980310856, 45.1469601855279], [-121.868927064116, 45.1469633445251], [-121.86885526447, 45.1469806442454], [-121.868764981089, 45.1469896447863], [-121.868666446682, 45.1470006284094], [-121.868589850931, 45.1469916842583], [-121.868500730869, 45.1469951619411], [-121.868422730153, 45.1469907947216], [-121.868362730777, 45.1470028110685], [-121.868306330051, 45.1470025779136], [-121.868241606435, 45.1470167699472], [-121.868166854925, 45.1470221192026], [-121.868072247953, 45.1470378102642], [-121.867978064087, 45.1470044773655], [-121.867896690197, 45.1469930648141], [-121.867821930602, 45.1470025937529], [-121.867752305778, 45.1470099444665], [-121.867687854351, 45.1470261689997], [-121.867613949055, 45.1470179046762], [-121.867539105018, 45.1469953944624], [-121.867456489657, 45.1469706242835], [-121.867364580325, 45.1469832197206], [-121.867289729102, 45.1469698120425], [-121.867237195624, 45.1469591116208], [-121.86717106345, 45.146947678786], [-121.867114730997, 45.1469386446591], [-121.867056431233, 45.1469454777512], [-121.866981478501, 45.1469614944906], [-121.866918880298, 45.1469434946657], [-121.866865229316, 45.1469356700304], [-121.866786191046, 45.1468997248458], [-121.866713130166, 45.1468871192531], [-121.866638080415, 45.1468564612184], [-121.866553156383, 45.1468429952216], [-121.866483630374, 45.1468340953959], [-121.866408890542, 45.1468329448239], [-121.86633630487, 45.1468566196121], [-121.866283230607, 45.1468639450015], [-121.866228405527, 45.1468702940517], [-121.866154529874, 45.1468772285239], [-121.866097363785, 45.1468892442612], [-121.866039331719, 45.1469163434934], [-121.865976596973, 45.14694231115], [-121.865920930171, 45.1469663444953], [-121.865862830732, 45.1469792446821], [-121.865799030584, 45.1469850101985], [-121.86573743041, 45.1469981935882], [-121.865676230884, 45.1470140443168], [-121.865613529376, 45.1470257945582], [-121.865534479428, 45.1470470699272], [-121.865448110006, 45.1470830447968], [-121.865372629963, 45.1471102453083], [-121.865305963291, 45.1471378779026], [-121.865229681052, 45.1471763445499], [-121.86513990432, 45.1472149435876], [-121.865065550764, 45.1472680843009], [-121.864993950545, 45.1473159048817], [-121.8649224168, 45.1473163306404], [-121.864855728569, 45.1473191696653], [-121.864788278565, 45.1473435449791], [-121.864721063921, 45.1473731111126], [-121.864670730417, 45.1474089444906], [-121.864623080181, 45.1474430944556], [-121.864570529636, 45.1474655949891], [-121.864512329585, 45.1474966448745], [-121.864459311017, 45.1475271847213], [-121.864376769317, 45.1475718847689], [-121.864320679409, 45.1475968441228], [-121.864276174175, 45.1476211870059], [-121.864220104928, 45.1476651697835], [-121.864157488759, 45.1476989033426], [-121.864093797308, 45.1477110608253], [-121.864014273049, 45.1477328016087], [-121.863926205811, 45.1477241686528], [-121.86387277851, 45.14772444362], [-121.863819990809, 45.1477237447978], [-121.863747005387, 45.1477319450289], [-121.863680629769, 45.1477234185119], [-121.863619029595, 45.1477031450619], [-121.863554405692, 45.1476897939404], [-121.86346939093, 45.1476742633504], [-121.863389144426, 45.1476776307512], [-121.863322981708, 45.147657319271], [-121.86326133033, 45.1476337854671], [-121.863202887735, 45.1476377161104], [-121.863139973325, 45.1476413876249], [-121.863058154769, 45.1476285946607], [-121.862993329643, 45.1476197253688], [-121.862928370669, 45.1476178848592], [-121.862855089701, 45.1476247850279], [-121.862797696337, 45.1476333109262], [-121.862745329946, 45.1475995957016], [-121.862698230378, 45.1475628190625], [-121.862660555035, 45.1475293451853], [-121.862614329527, 45.1475052449193], [-121.862539596882, 45.1475182438206], [-121.862455449892, 45.1475273443802], [-121.862378130099, 45.1475001580062], [-121.86229496407, 45.1474838113294], [-121.862224929614, 45.1474642119105], [-121.862173329486, 45.1474526435934], [-121.862122763318, 45.1474474768461], [-121.862051515238, 45.1474221024395], [-121.861980405499, 45.1474054193154], [-121.861928809862, 45.1473824245745], [-121.861873154739, 45.1473814951291], [-121.861805911348, 45.1473857248342], [-121.861734179974, 45.1473607318087], [-121.861698929184, 45.1473119938568], [-121.861662171919, 45.1472792161257], [-121.861644872164, 45.1472215726369], [-121.861642868921, 45.1471539566779], [-121.86164192569, 45.1470820665614], [-121.861606083808, 45.1470052230809], [-121.861562104088, 45.1468873061575], [-121.861482161215, 45.1468002213048], [-121.861395665131, 45.1467385490559], [-121.861329126019, 45.1466880390922], [-121.861279909122, 45.1466132542068], [-121.861208227155, 45.146534726677], [-121.861133519663, 45.146479458356], [-121.861056259159, 45.14642771395], [-121.860983180312, 45.1463944700293], [-121.860937354554, 45.1463629190153], [-121.860896932163, 45.1463346435948], [-121.860845562902, 45.1463225447416], [-121.860763229611, 45.1463234773722], [-121.860674030497, 45.1463327162431], [-121.860585555424, 45.1463553192213], [-121.860512747869, 45.1463538600861], [-121.860454297188, 45.1463687783639], [-121.860397855141, 45.1463875690781], [-121.860346054688, 45.146392644686], [-121.860287305767, 45.1464048189203], [-121.860224829736, 45.1464202237739], [-121.860184006696, 45.1464247449969], [-121.860145779787, 45.1463978508108], [-121.860119604676, 45.1463522945093], [-121.860085896294, 45.1463148784162], [-121.860035372347, 45.1462728593319], [-121.859973481119, 45.1462226454717], [-121.859934105265, 45.1461874442965], [-121.859901630269, 45.1461493628335], [-121.859848298189, 45.1461194450604], [-121.859803929499, 45.1460816638705], [-121.859772163274, 45.1460351100555], [-121.859734480745, 45.1459954958506], [-121.859682515002, 45.145943415839], [-121.85962630472, 45.1458989191624], [-121.8595869639, 45.1458553443185], [-121.859536730109, 45.1458394945349], [-121.859482004742, 45.145813170934], [-121.85944105504, 45.145776844256], [-121.859399805301, 45.1457296699102], [-121.859359389198, 45.1456795645487], [-121.859325314302, 45.1456161271772], [-121.859310951139, 45.1455616847991], [-121.859293297447, 45.1455163432498], [-121.859275505415, 45.1454631445139], [-121.859255714631, 45.1454020594242], [-121.859238163347, 45.1453415286616], [-121.859231610137, 45.1452851643366], [-121.859207195724, 45.1452243008136], [-121.859192248656, 45.1451709041241], [-121.859186096993, 45.1451054285479], [-121.859158129743, 45.1450584190147], [-121.859144814914, 45.1450129725219], [-121.859115173204, 45.1449784441117], [-121.859060454126, 45.1450173994508], [-121.859069563941, 45.1448467783783], [-121.859114555164, 45.1447638328715], [-121.859131830665, 45.1446963198082], [-121.859130304427, 45.1446480446401], [-121.859127212426, 45.1445905112713], [-121.859137612222, 45.1445018781911], [-121.859130529904, 45.1444328448074], [-121.859124211155, 45.144375804164], [-121.859124407886, 45.1443019672833], [-121.859124430343, 45.1442281695905], [-121.859119416846, 45.1441447859963], [-121.859113779019, 45.1440844192697], [-121.859109470699, 45.1440262637645], [-121.859100381545, 45.1439535282736], [-121.859117146803, 45.1438640122209], [-121.859113690984, 45.1437979040695], [-121.859130330478, 45.1437323039962], [-121.859119343184, 45.1436638722438], [-121.859113930834, 45.1435886436651], [-121.859116629374, 45.1435224959105], [-121.859116850359, 45.1434533244805], [-121.859122330981, 45.1433925838236], [-121.859108490637, 45.1433313450816], [-121.859101680509, 45.1432629952178], [-121.859111065209, 45.1432109779722], [-121.859098670254, 45.1431561645328], [-121.859092629084, 45.1430968441274], [-121.8590909142, 45.1430408279731], [-121.859078270413, 45.1429439041256], [-121.859049639308, 45.142867413695], [-121.859072256192, 45.1428062193758], [-121.859092858155, 45.1427581453656], [-121.859093929845, 45.1427019609691], [-121.859087397296, 45.1426445111751], [-121.859094051117, 45.1425962444075], [-121.859098904715, 45.14254509525], [-121.859094416732, 45.142483469721], [-121.859104096079, 45.14241067777], [-121.859115664583, 45.1423561436233], [-121.859111246668, 45.1422989450301], [-121.85910065104, 45.1422409644852], [-121.859089463421, 45.1421837771817], [-121.859095929494, 45.142126545467], [-121.859102128768, 45.1420702438605], [-121.859091256458, 45.1420092191318], [-121.859090246752, 45.1419435276585], [-121.859079456189, 45.1418788442148], [-121.859079590038, 45.1418325043029], [-121.85910014439, 45.1417622726583], [-121.859111866506, 45.1417017570399], [-121.859133145798, 45.1416367767819], [-121.859086522337, 45.1416183957295], [-121.859055384932, 45.1414461556854], [-121.85902529676, 45.1414071782632], [-121.858983449641, 45.1413522636087], [-121.858997667277, 45.141293044609], [-121.858988818872, 45.1412426235986], [-121.85895985, 45.1412067052388], [-121.858933904858, 45.1411644954661], [-121.858922355219, 45.1411161691507], [-121.858907745019, 45.1410742615567], [-121.85887509575, 45.1410198782051], [-121.858861886922, 45.1409468784523], [-121.85885743038, 45.1408764784355], [-121.858845109986, 45.1408162039281], [-121.858820155685, 45.1407472433858], [-121.858786055637, 45.1406807197522], [-121.858729169822, 45.1406377245054], [-121.858672204056, 45.1405580190362], [-121.858623205449, 45.1405204705101], [-121.858576773329, 45.1404692434529], [-121.858510650137, 45.1404165633989], [-121.858465658016, 45.1403757591032], [-121.858418756077, 45.1403571444622], [-121.85838046449, 45.1403238108254], [-121.858349028845, 45.1402761453256], [-121.858313404356, 45.1402377449907], [-121.858247145518, 45.1402208113739], [-121.858194396445, 45.1401436278795], [-121.858153250012, 45.140089904537], [-121.858119830887, 45.140055244514], [-121.858080996717, 45.1399892605773], [-121.858019130641, 45.1399582439882], [-121.857966515417, 45.1399133301327], [-121.857919863209, 45.1398335938691], [-121.857872605537, 45.1397793189562], [-121.8578039473, 45.1397368603681], [-121.857791397835, 45.1396569115835], [-121.857744554287, 45.1396184189515], [-121.857710251219, 45.1395599243204], [-121.857677564221, 45.1394963445366], [-121.85761978009, 45.1395048697496], [-121.857553929987, 45.1394672235805], [-121.857498795886, 45.1394061105218], [-121.857444755035, 45.1393307945828], [-121.857399730575, 45.1392811943262], [-121.857360971864, 45.1392368641713], [-121.857312880555, 45.1391819442582], [-121.857267263207, 45.1391498778885], [-121.857225381951, 45.1391068441014], [-121.857161113781, 45.1390510280659], [-121.857107680191, 45.1389904943619], [-121.857060897728, 45.1389639781333], [-121.857014180842, 45.1389356439143], [-121.856938869681, 45.1389102448081], [-121.856876479888, 45.1388645190378], [-121.856828954518, 45.1388134438395], [-121.85678405672, 45.1387732194668], [-121.856718930659, 45.1387530606954], [-121.856656255201, 45.1387140941054], [-121.856608230368, 45.1386794446521], [-121.856561563787, 45.1386504778932], [-121.856522196917, 45.1386114453318], [-121.856457758965, 45.1385644595924], [-121.856379728604, 45.138539994346], [-121.856302631593, 45.1385177957172], [-121.856238163997, 45.1385003438832], [-121.856178815899, 45.1384692732561], [-121.856102497728, 45.1384804771362], [-121.856059306729, 45.1384870336958], [-121.856066278554, 45.1384109884577], [-121.856011849631, 45.1383926748016], [-121.855963429539, 45.1383888113234], [-121.855889730854, 45.1383689945974], [-121.85582813068, 45.1383587437337], [-121.855776554807, 45.13834204465], [-121.855692458123, 45.1383203440084], [-121.855591180261, 45.1382911609856], [-121.855508596341, 45.1382891788664], [-121.855444630902, 45.138282344103], [-121.855385996067, 45.1382769781858], [-121.855321430554, 45.1382597943206], [-121.855259364155, 45.1382389110825], [-121.855206980696, 45.1382223196877], [-121.855142254385, 45.1382216942549], [-121.855082997017, 45.1382118451119], [-121.855004980131, 45.1381961940769], [-121.854943629689, 45.1381654946154], [-121.854872051029, 45.1381757442465], [-121.854803786253, 45.1381445023513], [-121.854733880256, 45.1381441449606], [-121.854682897271, 45.1381369458186], [-121.854618771034, 45.1381423839875], [-121.854528364584, 45.1381237610134], [-121.854452429993, 45.1381130057028], [-121.854385579166, 45.1381083703933], [-121.854316054953, 45.138129219461], [-121.854232730821, 45.1381372195647], [-121.854177956046, 45.1381065942111], [-121.854130630102, 45.1380723442358], [-121.854082031245, 45.1380498197172], [-121.854033780036, 45.1380712441807], [-121.85398115493, 45.1380554701747], [-121.853929080492, 45.1380485941946], [-121.85384894987, 45.1380482843287], [-121.85375379762, 45.1380408279036], [-121.853673629269, 45.1380395928757], [-121.853623479022, 45.1380227188049], [-121.853581330069, 45.137998867989], [-121.853520162883, 45.1380001435729], [-121.853461429233, 45.1380036934093], [-121.853404555994, 45.1380208697476], [-121.853314846636, 45.1380139931297], [-121.853243555437, 45.1379761685476], [-121.85317753106, 45.1379489434003], [-121.853115831173, 45.137930123924], [-121.853045950329, 45.1379017638443], [-121.852969054541, 45.1378751938808], [-121.85289219738, 45.1378425444291], [-121.852825130958, 45.1378371195388], [-121.852758095976, 45.1378408436459], [-121.852680659402, 45.1378309152278], [-121.852602405361, 45.1377969198244], [-121.852521169811, 45.1377795647221], [-121.852434163485, 45.1377683619716], [-121.852364854867, 45.1377654698759], [-121.852306429339, 45.1377823110717], [-121.852249530049, 45.137770394803], [-121.852196855536, 45.1377422196772], [-121.852123897064, 45.1377034773515], [-121.852108971555, 45.1377021193831], [-121.85179650516, 45.1374081187688], [-121.851479783445, 45.1371690366424], [-121.851445616922, 45.1371736726619], [-121.850246554664, 45.1369950487633], [-121.849592310744, 45.1368399169495], [-121.848036400824, 45.1362255842567], [-121.84754032148, 45.1362295695505], [-121.847218991408, 45.1363973527634], [-121.847011189523, 45.1366112933714], [-121.846532845617, 45.1372725808694], [-121.846054649035, 45.1378078450195], [-121.845864437062, 45.1379769517678], [-121.845284959923, 45.1383311525081], [-121.845002485581, 45.138463314877], [-121.84387821885, 45.1387129668152], [-121.843521081931, 45.1387633533101], [-121.842887360922, 45.1386939080656], [-121.84273525189, 45.1386293514704], [-121.842521451954, 45.138510157491], [-121.842312016932, 45.1383324958871], [-121.842275484246, 45.1382916172279], [-121.842184506467, 45.1381916734687], [-121.842097709448, 45.1380422631721], [-121.842058546495, 45.1379743518062], [-121.841993273109, 45.1378611662278], [-121.841967163576, 45.1378158920603], [-121.841927998826, 45.1377479810584], [-121.841901891987, 45.1377027080684], [-121.841865021535, 45.1376393201189], [-121.841828149285, 45.1375759333662], [-121.841771256284, 45.1374808366295], [-121.841675901014, 45.1373223374913], [-121.84164899737, 45.1372770540245], [-121.841609041204, 45.1372091354104], [-121.841582138458, 45.1371638537546], [-121.841515275953, 45.1370506532601], [-121.841473821398, 45.1369782168403], [-121.841417814135, 45.1368786281776], [-121.841387118702, 45.1368243054602], [-121.841337287356, 45.1367337807901], [-121.84132423214, 45.1367111429465], [-121.841268225776, 45.1366115557184], [-121.841236033749, 45.1365527164442], [-121.841206134223, 45.1364984016542], [-121.841092714732, 45.13629020821], [-121.841065903614, 45.1362404272408], [-121.84100619619, 45.1361272965205], [-121.840982472582, 45.1360820463241], [-121.840947284674, 45.1360141757149], [-121.840922064472, 45.1359644090798], [-121.840893755863, 45.1359101108392], [-121.840782018916, 45.1356974337305], [-121.840740043338, 45.1356114908211], [-121.840620295216, 45.1353627232601], [-121.840492354458, 45.1350868681489], [-121.840405318487, 45.1349104474512], [-121.84034200792, 45.1347792787412], [-121.840283984838, 45.1346616654252], [-121.840248095346, 45.1345892855395], [-121.840192731276, 45.1344581965723], [-121.840138957225, 45.134327124414], [-121.840015278075, 45.1341548319257], [-121.839900953082, 45.1339916372012], [-121.83978882986, 45.1338374655398], [-121.839728490022, 45.1337558354621], [-121.839470442669, 45.1334291447785], [-121.839387540745, 45.1332842727859], [-121.839064698808, 45.133023291367], [-121.838853362052, 45.1326217019905], [-121.838261445942, 45.1322195913891], [-121.838144470021, 45.132069870756], [-121.838040817013, 45.1318122641588], [-121.837891994917, 45.1310005859373], [-121.837450389411, 45.1302039276787], [-121.837289736503, 45.1297792057], [-121.837271855537, 45.1289778670775], [-121.837873690845, 45.1268955953523], [-121.837851555458, 45.1267333381587], [-121.83771482199, 45.1265789123703], [-121.837532620294, 45.1265500491122], [-121.837258063702, 45.1265292458814], [-121.836950753637, 45.1266341308987], [-121.836685581745, 45.1270658727551], [-121.835714491245, 45.1286469027189], [-121.835518107845, 45.1289239519558], [-121.833982982246, 45.1299974674091], [-121.833322034199, 45.1303327696117], [-121.832571381287, 45.1306626493403], [-121.83163538527, 45.1309996239035], [-121.831367285768, 45.1310508867195], [-121.8306230612, 45.1309487336872], [-121.830253418833, 45.1307964100627], [-121.829476738134, 45.1302247454134], [-121.829397606439, 45.1301665003539], [-121.828503470117, 45.1293842702351], [-121.827377738234, 45.1283993900827], [-121.826919893883, 45.1277825587082], [-121.826470371525, 45.1267607296452], [-121.825782146135, 45.1258309575827], [-121.825167111881, 45.1252079973288], [-121.824681520367, 45.1248609222355], [-121.824422559427, 45.124700719806], [-121.824045452959, 45.1245663039941], [-121.822737138494, 45.1243020349623], [-121.82261299222, 45.1242769582937], [-121.822099701155, 45.1242616571091], [-121.82076405994, 45.1242218319237], [-121.818441301381, 45.1244453211261], [-121.817872371362, 45.1244799285223], [-121.817585587801, 45.1244364450586], [-121.817490440042, 45.1244074647266], [-121.817050151467, 45.1242733575306], [-121.816185767348, 45.12371566688], [-121.816185145714, 45.1237152650307], [-121.816185102595, 45.1237152010137], [-121.816182985266, 45.1237137184811], [-121.816172586368, 45.1236963825447], [-121.815675712015, 45.1229493217075], [-121.815613382409, 45.1227641094681], [-121.815548955236, 45.1226566978071], [-121.815343177256, 45.1219611871802], [-121.815327945422, 45.1219097082915], [-121.81514728254, 45.1210800459657], [-121.815119858771, 45.1208956358334], [-121.815277414289, 45.1195425045863], [-121.81529967544, 45.1189703322397], [-121.815305485743, 45.1188210110406], [-121.815102854561, 45.1185324894165], [-121.814726519746, 45.1176734056482], [-121.814255137784, 45.1169968121667], [-121.814244904176, 45.1169766976782], [-121.814235811429, 45.1169690711467], [-121.813914747258, 45.1165082266938], [-121.813239755848, 45.1161337059016], [-121.813221873984, 45.1161187087145], [-121.813149453603, 45.1160967929599], [-121.812680158427, 45.1159237563336], [-121.811818047046, 45.1156840497484], [-121.810869811483, 45.1152618498183], [-121.810753548824, 45.1151939804243], [-121.810680352298, 45.1151512505954], [-121.810075359412, 45.1146318319584], [-121.809821353579, 45.1141610849046], [-121.808294559854, 45.1145637126792], [-121.807689226506, 45.1146338954093], [-121.807371936158, 45.114608070254], [-121.807370798891, 45.114607635376], [-121.807084235417, 45.1144970380547], [-121.806830654487, 45.1142738382616], [-121.806552065358, 45.1135127212018], [-121.806546761704, 45.1135056279892], [-121.806529123284, 45.1134682727553], [-121.806201341511, 45.112774098705], [-121.806205136893, 45.1127718196427], [-121.806255041901, 45.1127418532933], [-121.806540007272, 45.1126075925195], [-121.806552532482, 45.1125999647702], [-121.806616646142, 45.1125609181837], [-121.806710111356, 45.1124986053753], [-121.806809827945, 45.1124321590985], [-121.806816522191, 45.112423520164], [-121.807148712895, 45.1122427602857], [-121.807339284194, 45.1120197088984], [-121.807466540436, 45.1117464865927], [-121.807561345037, 45.1111623611587], [-121.807467018339, 45.1103512107453], [-121.807205343589, 45.1097157688012], [-121.806353886226, 45.1076480134336], [-121.806195459343, 45.1070162275714], [-121.80574966679, 45.1061833877889], [-121.805558106445, 45.1057312889321], [-121.805431434109, 45.1044922110522], [-121.805240290583, 45.1032974663024], [-121.805177346529, 45.102126569984], [-121.805176697945, 45.1020815534187], [-121.804763980463, 45.0976888334623], [-121.804741586361, 45.0971288309513], [-121.804733189808, 45.0969188552272], [-121.804542053469, 45.0959536532372], [-121.80460536673, 45.0954322107225], [-121.804859599837, 45.0944401739907], [-121.804924648643, 45.0942158107188], [-121.804384047895, 45.0930218966724], [-121.804049630267, 45.0925641984396], [-121.80390683407, 45.092368756558], [-121.803429274394, 45.0915805814771], [-121.803047988963, 45.0905188591533], [-121.802825437639, 45.0900709304576], [-121.8027617929, 45.089620169036], [-121.802857582055, 45.0893691245082], [-121.803336138862, 45.0888816401032], [-121.803430494306, 45.0887855229119], [-121.804893551663, 45.0869149911365], [-121.804988548504, 45.0865109036538], [-121.804576275688, 45.0848412368763], [-121.804194302147, 45.0838515266345], [-121.803239535832, 45.0824552157039], [-121.803112764681, 45.0822513418358], [-121.802319159722, 45.0790743478647], [-121.801905836775, 45.0777647324996], [-121.801810103315, 45.0771786037253], [-121.801777742405, 45.0767781805405], [-121.801746392998, 45.0763902710565], [-121.80174765064, 45.073482680344], [-121.801683706761, 45.0730094097509], [-121.801493720265, 45.0723367721046], [-121.800794024287, 45.0719288258191], [-121.800412557396, 45.0717942819151], [-121.799961367765, 45.071457222916], [-121.799776998434, 45.0713194899732], [-121.799553949444, 45.071051585973], [-121.799458941823, 45.0707355187323], [-121.79958658973, 45.0696071272951], [-121.799588326174, 45.0695305372633], [-121.799617719948, 45.0682346699099], [-121.799777679357, 45.0675342097576], [-121.799236449789, 45.067713044768], [-121.798663733371, 45.068083640022], [-121.797456933025, 45.068864517131], [-121.796152288178, 45.0695168772737], [-121.795793174067, 45.0696147163781], [-121.795579752322, 45.0696728614603], [-121.794880741758, 45.0697644892194], [-121.794053428416, 45.0696522132348], [-121.793927093846, 45.0699209320571], [-121.793641125955, 45.0703049850109], [-121.793512644411, 45.0707132093437], [-121.793471065888, 45.0708970513884], [-121.793385700784, 45.0712744827472], [-121.793416557015, 45.0717699130148], [-121.793098633355, 45.071861064144], [-121.792654034663, 45.0720859015786], [-121.792508911829, 45.0721910979097], [-121.791191388734, 45.0731461166134], [-121.790427505434, 45.0735250886418], [-121.789982462974, 45.0736193835368], [-121.789282852336, 45.0736614618516], [-121.788583936095, 45.073595520388], [-121.787248283202, 45.073302250762], [-121.786644889317, 45.072850234139], [-121.786262499857, 45.0724230723311], [-121.78615351984, 45.072241376941], [-121.785882120826, 45.0717888869059], [-121.785628026958, 45.0711155389404], [-121.78560045856, 45.0709398041906], [-121.78556437593, 45.0707097758604], [-121.785565181719, 45.0702596908601], [-121.785501048296, 45.0701014744569], [-121.785373573764, 45.0698975730042], [-121.784738007616, 45.069355182108], [-121.784483765526, 45.0689518859219], [-121.784197567666, 45.0682961954619], [-121.783848242496, 45.0679593975296], [-121.783276834026, 45.067575217151], [-121.781941844987, 45.0670343396132], [-121.781242597268, 45.0664282368616], [-121.781083235238, 45.0662689985079], [-121.780861355855, 45.0658390338932], [-121.780129440002, 45.0651650593921], [-121.779749669131, 45.064395831116], [-121.779240705251, 45.0645119040574], [-121.777713723778, 45.0651616712583], [-121.77676065977, 45.0652549641478], [-121.776505798741, 45.0657023216077], [-121.775964545816, 45.0660655858852], [-121.775452419866, 45.0662777288105], [-121.775202007294, 45.0663814587894], [-121.774597698026, 45.066536994082], [-121.773994543093, 45.0664899959386], [-121.774502622133, 45.0657483052379], [-121.774853772679, 45.064622343779], [-121.774758719244, 45.0637211334034], [-121.774728552919, 45.0635756828009], [-121.774599669828, 45.0629542612904], [-121.774473549057, 45.0611300189944], [-121.774666896151, 45.0574323146894], [-121.774794897096, 45.0560113893351], [-121.774922633936, 45.0553826290646], [-121.774891676194, 45.0546396386561], [-121.774954310329, 45.0538256406197], [-121.774891879214, 45.0533298631725], [-121.775019607969, 45.0527011032455], [-121.77521084492, 45.0524060947986], [-121.775559893408, 45.0521172851338], [-121.775988651209, 45.051454841372], [-121.776260008001, 45.0510355757827], [-121.776578141868, 45.0501117970058], [-121.776801528624, 45.0491644923508], [-121.777533303441, 45.0481956395515], [-121.777724677834, 45.0478556196464], [-121.778265565145, 45.0469792346808], [-121.778583627146, 45.0461679710375], [-121.778679148604, 45.0445891572934], [-121.778838034526, 45.0437986912376], [-121.779156603177, 45.0430369420346], [-121.779157399983, 45.0425148394491], [-121.779061468894, 45.0419511903134], [-121.778173953156, 45.0397677067309], [-121.777665025208, 45.0385514857393], [-121.777602551872, 45.0382807576639], [-121.777285969396, 45.037534699333], [-121.776872866536, 45.0365895630817], [-121.77674634332, 45.0360480877197], [-121.776363994284, 45.0353733354783], [-121.776269169919, 45.035057249378], [-121.775926092532, 45.0346374255739], [-121.775697718329, 45.0343579596757], [-121.774935320842, 45.0336836185561], [-121.773252335242, 45.0323512210418], [-121.773094048496, 45.0321469716516], [-121.772331396786, 45.0314501051848], [-121.772173598723, 45.0312233563694], [-121.771029237578, 45.0300497631777], [-121.770554016216, 45.0294189976284], [-121.769568952422, 45.0284046431106], [-121.769029856352, 45.0276831643459], [-121.768998645285, 45.0275477969808], [-121.768648925755, 45.0269858949658], [-121.768332383704, 45.025654684382], [-121.768173928973, 45.0245727349658], [-121.767984173344, 45.0238775318889], [-121.767794872262, 45.0220525847559], [-121.767683155977, 45.0201837384712], [-121.767638448622, 45.0194358218218], [-121.767352830175, 45.0178123762246], [-121.76729019604, 45.0167764705183], [-121.767139272785, 45.015642586849], [-121.767068214249, 45.0151087026792], [-121.766370649075, 45.0139804023671], [-121.766211856577, 45.0138031438124], [-121.765938135418, 45.0135693756935], [-121.762753015746, 45.0108489807301], [-121.761736021335, 45.0099017214404], [-121.76145109549, 45.0095430434047], [-121.761260626598, 45.0091808929199], [-121.761166297205, 45.0083696884835], [-121.761262566061, 45.0067008660262], [-121.761233579223, 45.0042205005581], [-121.761393203561, 45.0028494320126], [-121.761678610903, 45.0019703391546], [-121.761997917071, 45.0015417148028], [-121.762697248333, 45.0010677078046], [-121.763300274807, 45.0004621217688], [-121.763903656116, 44.9999870660082], [-121.764031126156, 44.999848917653], [-121.763936805746, 44.9995148202901], [-121.763874168018, 44.9981863465874], [-121.763937671722, 44.9977774444851], [-121.763874876789, 44.9968990684877], [-121.763526881126, 44.9952344222023], [-121.763623592851, 44.9937231363713], [-121.763814410289, 44.9932931117902], [-121.76391048421, 44.9928440540486], [-121.764419011509, 44.9919448702446], [-121.76457806901, 44.9916270253594], [-121.765404121118, 44.9905242358678], [-121.765849495056, 44.9901644809937], [-121.766357372873, 44.9899584369028], [-121.766833582382, 44.9898240642042], [-121.767500715329, 44.9895117132505], [-121.768643965258, 44.9891054868669], [-121.769786832506, 44.9889017890468], [-121.770613303228, 44.9888116912267], [-121.773343260021, 44.9889491527189], [-121.775185600464, 44.98899598776], [-121.776995595268, 44.9891099608296], [-121.777598669353, 44.9891974533501], [-121.778582992037, 44.9895140823628], [-121.780391383349, 44.9903031368054], [-121.780899890886, 44.9904391093641], [-121.781947514255, 44.9905763477717], [-121.782805063991, 44.990554009022], [-121.783567175814, 44.9903956153339], [-121.78547258877, 44.9896732859779], [-121.786743341079, 44.9893807619872], [-121.787441608736, 44.9893161826845], [-121.789538193964, 44.9893384876093], [-121.789839394587, 44.9893054609681], [-121.789949834366, 44.9892933504326], [-121.790363365723, 44.9891582125141], [-121.791125439816, 44.9889997666838], [-121.791887524689, 44.9889538420698], [-121.792681195225, 44.9891783084761], [-121.793443867597, 44.9894069404468], [-121.793982422881, 44.9893586330633], [-121.795602622531, 44.9887321346569], [-121.795634573809, 44.9886829626555], [-121.797189714771, 44.9879432288575], [-121.799636251294, 44.9868842991588], [-121.80030229728, 44.9864997305471], [-121.801001804612, 44.9861830251594], [-121.801350906999, 44.9859796536946], [-121.801668029363, 44.9857129301138], [-121.802017023054, 44.9851719799669], [-121.802207305994, 44.9850569551535], [-121.802810679218, 44.9849012637615], [-121.80274726804, 44.9844054864101], [-121.802779616373, 44.983955724286], [-121.802843043721, 44.9837268399271], [-121.804303906494, 44.9816762226447], [-121.805256374918, 44.9806644886], [-121.805891728166, 44.9803020691503], [-121.806368015827, 44.979582398965], [-121.806685640349, 44.979288661269], [-121.807256914971, 44.979110103924], [-121.807859699798, 44.9790173936811], [-121.809383815645, 44.9789523204055], [-121.810177213992, 44.9787265602315], [-121.810780640216, 44.9785258165593], [-121.811701142091, 44.9780943257251], [-121.812113127447, 44.9775690870843], [-121.81217739382, 44.9774871554695], [-121.812272493968, 44.9774881474138], [-121.812018666001, 44.9757301023099], [-121.81192340236, 44.9753915322879], [-121.811796523411, 44.9742424482905], [-121.811638015679, 44.9714006500823], [-121.811447962708, 44.9705479742942], [-121.810590961842, 44.9681804894974], [-121.810495635319, 44.9679994532014], [-121.810209992618, 44.9677084043449], [-121.810082783089, 44.9674595187125], [-121.809924001371, 44.9667827048493], [-121.809797416171, 44.9658136620532], [-121.809956271551, 44.9650681511914], [-121.810336939839, 44.9645950202907], [-121.811352835611, 44.9638314506559], [-121.814240654246, 44.9619846279421], [-121.814811765375, 44.9616890031818], [-121.81890605198, 44.9595035296851], [-121.819318971583, 44.9593457742214], [-121.81992156956, 44.9592124885755], [-121.820810131836, 44.9591226695559], [-121.824746044557, 44.9592803836797], [-121.827157980671, 44.95936826434], [-121.828681560224, 44.959302927219], [-121.829697390419, 44.9593448773117], [-121.830871674446, 44.9595054735139], [-121.831474405374, 44.9596376886767], [-121.832807318406, 44.9600654536425], [-121.833188253494, 44.9601548770855], [-121.834394493291, 44.9602257433536], [-121.834743740307, 44.9603148372828], [-121.835264808986, 44.9603592917094], [-121.835283251399, 44.9603608649286], [-121.835569033339, 44.9601792452213], [-121.835599909333, 44.9592793551881], [-121.835695221483, 44.9589157453897], [-121.835917466481, 44.9578782789053], [-121.836011816536, 44.9570915612098], [-121.83585268178, 44.9559871818361], [-121.835789145736, 44.9552888718244], [-121.835947604061, 44.9548583911157], [-121.836518937073, 44.9540720484095], [-121.837280446126, 44.9535982146288], [-121.838073273145, 44.9534172626373], [-121.837565193206, 44.9530339914909], [-121.837025792607, 44.9523578288068], [-121.836930639459, 44.9520867942992], [-121.836835384802, 44.9519777966583], [-121.836834952712, 44.9514106605073], [-121.8370251036, 44.9509399943031], [-121.837247124019, 44.9507352129898], [-121.837437353958, 44.9506921453097], [-121.838358120836, 44.9506475282702], [-121.838897082159, 44.9504414763126], [-121.839055516229, 44.9502855567923], [-121.839119231037, 44.9501511744001], [-121.838896786613, 44.9493162143657], [-121.838832875074, 44.9487529320352], [-121.839054694271, 44.9473778745886], [-121.839022350429, 44.9468599237821], [-121.838990471914, 44.9460044010488], [-121.83886342498, 44.9453504540593], [-121.83892680292, 44.9450360277848], [-121.838926469645, 44.9448559815399], [-121.839275202825, 44.9441798801948], [-121.839338226829, 44.9434108422239], [-121.839623936005, 44.9431887031142], [-121.839941181437, 44.9432099387059], [-121.840829580219, 44.9433900244483], [-121.841623163619, 44.9433215821663], [-121.842098363421, 44.9432093874378], [-121.842701400675, 44.9431615059293], [-121.843558459931, 44.9432062197121], [-121.845335287139, 44.9435663302513], [-121.846096768344, 44.9436370624989], [-121.846382897033, 44.9435904504636], [-121.84673181347, 44.9434544507376], [-121.847461110733, 44.9432727908738], [-121.848095500987, 44.9431621830932], [-121.848793812661, 44.9431827472536], [-121.849459882003, 44.9430724521306], [-121.850062544659, 44.9428444848909], [-121.850348446075, 44.9426898342172], [-121.85101395936, 44.9421699284871], [-121.851362620674, 44.9419663971183], [-121.851997437628, 44.9418332663124], [-121.852599943079, 44.9414927584315], [-121.853265838148, 44.9407928013128], [-121.853520037119, 44.9406378240018], [-121.853709968817, 44.9405677188354], [-121.855582150396, 44.9404335127181], [-121.856755728348, 44.9404543035878], [-121.857263740014, 44.9405224180029], [-121.857581225297, 44.9406111228532], [-121.858659920493, 44.9410630415531], [-121.859898316384, 44.9416920916842], [-121.86043738281, 44.9418730272309], [-121.86132627297, 44.9420304543063], [-121.861674856131, 44.9420294382225], [-121.861828073684, 44.9420293479322], [-121.863801115408, 44.9420281697073], [-121.864181447726, 44.9421444889335], [-121.864365560139, 44.942230434254], [-121.864467176665, 44.9422778689045], [-121.865959321472, 44.9433819932522], [-121.866436107698, 44.9436297962402], [-121.866689723663, 44.9437853561589], [-121.868498734812, 44.9443704793791], [-121.869355730288, 44.9446625571207], [-121.869927058809, 44.9449788000555], [-121.870212895546, 44.9452291940778], [-121.870467661354, 44.9456098100759], [-121.870563043572, 44.946038355471], [-121.870278520172, 44.9474578623793], [-121.870342898835, 44.9483362056631], [-121.870407049326, 44.9485393889322], [-121.870565894825, 44.9489235534711], [-121.870542410168, 44.9492762933029], [-121.870534451095, 44.9493958510557], [-121.870629839602, 44.949824396795], [-121.870788871051, 44.9501185416078], [-121.871138629209, 44.9505451073028], [-121.871615138755, 44.9509729292445], [-121.873075867679, 44.9521216561322], [-121.873362106861, 44.9528401559766], [-121.873584711185, 44.9536525450602], [-121.873838830206, 44.9539476263695], [-121.874188634177, 44.9541716367044], [-121.874760078581, 44.9542853096508], [-121.876217118124, 44.9543312060912], [-121.876788470899, 44.9543278419088], [-121.877200774258, 44.9543949220909], [-121.878850028119, 44.9550278158078], [-121.879167458605, 44.9552064811893], [-121.879440020038, 44.9555737468667], [-121.880295200019, 44.9572745523138], [-121.880814985904, 44.9578467921735], [-121.881259827141, 44.9581167251974], [-121.881512918489, 44.9581822264002], [-121.881671724462, 44.9582062915245], [-121.882242838285, 44.9580948728002], [-121.883100087984, 44.9577341986627], [-121.883703605836, 44.9572179972568], [-121.884307513558, 44.9569673561271], [-121.886084496174, 44.9569037357932], [-121.886623908451, 44.9568324929117], [-121.886909270877, 44.956745261851], [-121.887259199715, 44.9564741190196], [-121.886434338773, 44.9562274998295], [-121.886117746416, 44.9559736663745], [-121.885672790194, 44.9556169100524], [-121.885482691409, 44.9553674913721], [-121.885356160108, 44.9547406088271], [-121.885547871369, 44.9538827871988], [-121.885960721803, 44.9531846645465], [-121.886227452272, 44.9529047096125], [-121.886564051009, 44.9525514180152], [-121.886850089866, 44.9520590990984], [-121.886945780207, 44.9517404602878], [-121.887010142701, 44.9507058495618], [-121.886978390849, 44.9500528868834], [-121.887329691413, 44.9476167542482], [-121.887394167993, 44.9467396798106], [-121.887712377318, 44.9455230038433], [-121.887649730606, 44.9441720780057], [-121.88819062151, 44.9424579588423], [-121.88831813467, 44.941761540552], [-121.888287349405, 44.9408115185108], [-121.888128929708, 44.9400717992147], [-121.888066034164, 44.9391439674709], [-121.887873859372, 44.9381722481623], [-121.887636966445, 44.9372832029645], [-121.887574108629, 44.9367274442398], [-121.887624508608, 44.9360122141548], [-121.887912314452, 44.9335175558709], [-121.888143885759, 44.9315712126252], [-121.889205364744, 44.9229644963949], [-121.889669568268, 44.916928867669], [-121.88963464716, 44.9159902936452], [-121.889445088262, 44.9152518615256], [-121.8889734395, 44.9143034607924], [-121.88876753845, 44.913767376249], [-121.88868535967, 44.9133922110445], [-121.888651637813, 44.9131148529309], [-121.888600537148, 44.912182476601], [-121.888628211547, 44.9104821743968], [-121.88876673356, 44.909794844599], [-121.889500701165, 44.9075235651076], [-121.889798422613, 44.9066867769683], [-121.890058940333, 44.9059545413262], [-121.890090318486, 44.9058873307411], [-121.891074893597, 44.9039254502115], [-121.891138010127, 44.9035659780667], [-121.891107149404, 44.9033181167348], [-121.890980159064, 44.9030468163737], [-121.890813575478, 44.902713342333], [-121.889679080529, 44.9010166891718], [-121.888916652499, 44.8998878682184], [-121.888165946586, 44.8986074309943], [-121.888094363434, 44.8984499943443], [-121.888015147298, 44.8982812553801], [-121.887827933003, 44.8977558874927], [-121.887648767612, 44.8971476705032], [-121.887478923142, 44.8965710864333], [-121.887317629734, 44.8959876226551], [-121.887054354186, 44.8952486459042], [-121.886742983735, 44.8945908786462], [-121.886200269251, 44.893444362223], [-121.885598583064, 44.8923852206497], [-121.885336589411, 44.8920290938238], [-121.885177995441, 44.8918754219388], [-121.885008083597, 44.8917514302506], [-121.884806451341, 44.8916392868849], [-121.884423384551, 44.8914803476925], [-121.884132966406, 44.8913959040873], [-121.883717534215, 44.8913463444514], [-121.883065495659, 44.8913609487464], [-121.882431843821, 44.8913509469558], [-121.882074740139, 44.8912958804358], [-121.881699901019, 44.8911452104494], [-121.881034589855, 44.8907605843002], [-121.88059137906, 44.8903106188577], [-121.880464901658, 44.8900168053943], [-121.880401455446, 44.8896560943573], [-121.880433405826, 44.8892738162275], [-121.880910366326, 44.8879416802952], [-121.881291763148, 44.8873332793117], [-121.881704238085, 44.8870402563924], [-121.882926458911, 44.8864645142198], [-121.883216595883, 44.886248740372], [-121.883521690703, 44.8859858397652], [-121.883640451577, 44.8858315101726], [-121.883797731312, 44.8855832070563], [-121.883832136787, 44.8854442720448], [-121.883847361435, 44.8853148806411], [-121.883827806009, 44.885130046094], [-121.883552190304, 44.8840514613413], [-121.883482195373, 44.8835929761335], [-121.883441425334, 44.8832554111581], [-121.883244789509, 44.8808224162947], [-121.883168362641, 44.8804019609098], [-121.883031621088, 44.8800490985052], [-121.882819894464, 44.8796514051527], [-121.882428574851, 44.8791490818106], [-121.881417514711, 44.8782040511664], [-121.880790567898, 44.8775263855029], [-121.880349939759, 44.8767644492022], [-121.880033385131, 44.8760592161576], [-121.879686029967, 44.8750520018477], [-121.879488007143, 44.8746921104823], [-121.879171274648, 44.8742534437241], [-121.878815312725, 44.8738894145484], [-121.878354446442, 44.8735049276606], [-121.877874941913, 44.8731873363176], [-121.877089196313, 44.8727490419673], [-121.876156888779, 44.8722909740767], [-121.874864814956, 44.8716686825593], [-121.873953132741, 44.8712028563598], [-121.873030808184, 44.8707298012043], [-121.872204192833, 44.8703143435528], [-121.871902412796, 44.8701299274734], [-121.871507223241, 44.8698802170886], [-121.870649046481, 44.8692598470254], [-121.869729974724, 44.8685170488049], [-121.868619943595, 44.8677093312793], [-121.868486267993, 44.8676269830798], [-121.867352623749, 44.8668955374178], [-121.867067092439, 44.8666496375466], [-121.865608158349, 44.8647581524792], [-121.864498210764, 44.8636308158997], [-121.864180650921, 44.8632045458111], [-121.863894999237, 44.8621214303954], [-121.863954454234, 44.8611092736355], [-121.864305024468, 44.8602980678304], [-121.86458954158, 44.8598687981391], [-121.864906297431, 44.8595298707697], [-121.86550813723, 44.8590542477567], [-121.866204177963, 44.8584940397678], [-121.867755300761, 44.8570060990725], [-121.868388814259, 44.8564857637607], [-121.86936959309, 44.8559238630029], [-121.869623283614, 44.8558543632341], [-121.8700027266, 44.8555835604778], [-121.872789741684, 44.8542293352746], [-121.873105891172, 44.8539578956965], [-121.873674991871, 44.8531263175352], [-121.87620004654, 44.8495728709178], [-121.876817002291, 44.8485985325828], [-121.876891161811, 44.8484814151228], [-121.877304107465, 44.8475807608298], [-121.877431291842, 44.8472219237279], [-121.877622523403, 44.8460490156061], [-121.877499367072, 44.8421273213847], [-121.877409275931, 44.836788093512], [-121.877536891498, 44.8357946015245], [-121.877791141673, 44.8353244870708], [-121.87823510346, 44.834694201885], [-121.878329950282, 44.8345330936397], [-121.878742060504, 44.8342400777123], [-121.882607291084, 44.8320590050111], [-121.884490516551, 44.8310493447109], [-121.886218456542, 44.8301228790506], [-121.886228886881, 44.8301172752475], [-121.88685199699, 44.8297824852474], [-121.887327418676, 44.8294000330057], [-121.887581128065, 44.8289523980103], [-121.887676031481, 44.8284987096056], [-121.887613500653, 44.8275978709708], [-121.887014372867, 44.8249183396309], [-121.887172546426, 44.8249153845621], [-121.887267680709, 44.8249838315112], [-121.887776344553, 44.8254899138597], [-121.888469328319, 44.8261793641402], [-121.890873919807, 44.8285929122619], [-121.891949735005, 44.8294721041462], [-121.892519634306, 44.8298107312239], [-121.893152576475, 44.8300779504991], [-121.893849249622, 44.8302377568945], [-121.894134279672, 44.8302585302918], [-121.894799253968, 44.8302154729628], [-121.895875586595, 44.8300368648174], [-121.896287165014, 44.8300138468843], [-121.896698745229, 44.8299908276678], [-121.897268719989, 44.8300368590836], [-121.898059921955, 44.8302155602434], [-121.899073133561, 44.8304864249325], [-121.899991687888, 44.8306213318459], [-121.900751163155, 44.8305566465438], [-121.901480020244, 44.8303971372759], [-121.902398421858, 44.8300819099876], [-121.902778441563, 44.8300135544616], [-121.904393159693, 44.8301281241741], [-121.905374844923, 44.829768469922], [-121.905691559451, 44.8294519325182], [-121.905628685466, 44.82918125983], [-121.904253001847, 44.8270987752973], [-121.904141443665, 44.8269298933355], [-121.903983419227, 44.8265907855063], [-121.903856841213, 44.8260944417969], [-121.903730398846, 44.8252155029453], [-121.903921619627, 44.8241775791695], [-121.904111883702, 44.8237743063658], [-121.90442839072, 44.8233002307539], [-121.90490376749, 44.8228276804419], [-121.905315232721, 44.8225570664884], [-121.905853951499, 44.8222876733605], [-121.90753211584, 44.8215430904229], [-121.908354883707, 44.8210918618578], [-121.909527083644, 44.8202613767503], [-121.909970377083, 44.8201035798121], [-121.910350325821, 44.8200351977975], [-121.91133135079, 44.8200355782041], [-121.914497389347, 44.8203718757038], [-121.915004109236, 44.8203722038583], [-121.916048899319, 44.8202606204005], [-121.916396907558, 44.8201243976421], [-121.916650354639, 44.8200142792581], [-121.917219977259, 44.8196100922588], [-121.918265023362, 44.8189763593323], [-121.919119876356, 44.8187054035979], [-121.921873877455, 44.8183714158416], [-121.923393747864, 44.8179176747464], [-121.923678739286, 44.8178528515675], [-121.925040108251, 44.8177171711318], [-121.926623081716, 44.8172684825625], [-121.927192338721, 44.8172198340509], [-121.927699030763, 44.8172201042355], [-121.927984300662, 44.8172678013664], [-121.932225804973, 44.8179648162818], [-121.932700849366, 44.8180097804006], [-121.934632360178, 44.8176047573311], [-121.935518205947, 44.8174915104582], [-121.936182934105, 44.8175382311367], [-121.936499873212, 44.8176267141445], [-121.936848307253, 44.8177650016681], [-121.937132771364, 44.8179432017843], [-121.937481416509, 44.8184145750512], [-121.937829037574, 44.8195881170846], [-121.938146082682, 44.8200591933518], [-121.93862109294, 44.8205812538023], [-121.939032787241, 44.8213232781299], [-121.939190522422, 44.8217748629776], [-121.939349317615, 44.8229016292427], [-121.939349313123, 44.8234192618207], [-121.939222149408, 44.8243183059187], [-121.938319264394, 44.8257286624554], [-121.937893021877, 44.8263944495529], [-121.937512863832, 44.8272056104624], [-121.9374499081, 44.8278351843452], [-121.937607536381, 44.8284218029018], [-121.937892511634, 44.8289195868014], [-121.939191400974, 44.8306511306112], [-121.940552676515, 44.8329953935124], [-121.941059384726, 44.8336932821542], [-121.942197730752, 44.8345252230518], [-121.942294560157, 44.8345959875931], [-121.942438778387, 44.8348030079685], [-121.944131484657, 44.8372326960129], [-121.944480004038, 44.8380236262179], [-121.9448283734, 44.8379998483507], [-121.945017766109, 44.8380646195743], [-121.945377187444, 44.838527594557], [-121.946506626675, 44.8399823847849], [-121.947203520808, 44.8408395434982], [-121.948058269597, 44.8404108319715], [-121.948343242155, 44.8400038617132], [-121.948406635366, 44.8397793896125], [-121.948406335329, 44.839621848661], [-121.948184992239, 44.8389221265858], [-121.948121641249, 44.8384489227503], [-121.948121356483, 44.8376387156903], [-121.947931267579, 44.8369167767357], [-121.94802583772, 44.8354997917762], [-121.94821597154, 44.8350019226499], [-121.948849348494, 44.8337834597525], [-121.948721826351, 44.8328820532819], [-121.948848426823, 44.8320505116738], [-121.949038541778, 44.8315526395047], [-121.949640157897, 44.8303383810538], [-121.949798070045, 44.8301327844529], [-121.950051727332, 44.8290953595061], [-121.950241475775, 44.8290520974371], [-121.950463174597, 44.8291216569414], [-121.950621279884, 44.8292536478802], [-121.951159668081, 44.8305639398417], [-121.951508016782, 44.831192806205], [-121.951951367714, 44.8315974891841], [-121.952426825333, 44.831844926277], [-121.953408681243, 44.8321600324368], [-121.955688693469, 44.8327030972853], [-121.956226654069, 44.8329060798011], [-121.958000374902, 44.8334219509274], [-121.9589182519, 44.8337364241602], [-121.9592351946, 44.8339193667511], [-121.959424913398, 44.8339661117025], [-121.959837291318, 44.8339428730106], [-121.960311644907, 44.8341227488671], [-121.960502200935, 44.8342550226653], [-121.960660629615, 44.8344590196119], [-121.960882567389, 44.8350011817823], [-121.961484323645, 44.8359249037267], [-121.961928165057, 44.8363520586382], [-121.963258036394, 44.8368457965495], [-121.963606634826, 44.8370290146495], [-121.9637335542, 44.8371832094838], [-121.963796534186, 44.8377284195557], [-121.964842041124, 44.8385166249089], [-121.965507073811, 44.8386937130318], [-121.966045583281, 44.838694102233], [-121.966520466876, 44.838626395187], [-121.966773914855, 44.838471155724], [-121.96690015061, 44.8383102599657], [-121.966963576161, 44.8377256874571], [-121.967058503832, 44.8375465038033], [-121.967279612461, 44.8373864666939], [-121.96750180356, 44.8372984605543], [-121.967944647842, 44.8372529617427], [-121.96927537168, 44.8377916482689], [-121.969877436058, 44.8381301812382], [-121.970352570283, 44.8386251020945], [-121.970542651103, 44.8389193951808], [-121.971018001822, 44.8402470268392], [-121.971303733456, 44.8406772160782], [-121.972475487828, 44.8415790203736], [-121.972824623453, 44.8417352100834], [-121.973172597556, 44.8417788594557], [-121.973299515133, 44.8417124860013], [-121.97336243044, 44.8414204792193], [-121.973203353176, 44.84013622138], [-121.973171489933, 44.8393032231986], [-121.973233855472, 44.8381514938748], [-121.97329674922, 44.837949508902], [-121.973550249301, 44.8378347655488], [-121.973771633713, 44.837791750189], [-121.973930153123, 44.8378156835702], [-121.974152048677, 44.8375656189952], [-121.974152079219, 44.8373855736128], [-121.973993602928, 44.8371365830774], [-121.973739771368, 44.8369137401077], [-121.972094493451, 44.8355306505778], [-121.971236144214, 44.834926928713], [-121.970215338251, 44.8344687987726], [-121.96977406063, 44.8340913745819], [-121.968472495208, 44.8325003268324], [-121.968226929946, 44.8319801816703], [-121.968227381798, 44.8317776341957], [-121.968321634835, 44.8314138957809], [-121.968470512627, 44.8311019804706], [-121.968828621523, 44.8307838271154], [-121.969242207677, 44.8305357260883], [-121.969686169463, 44.8304206475203], [-121.969999088609, 44.8305114768768], [-121.970587865107, 44.8307026639509], [-121.971459097084, 44.8307112849026], [-121.972001304918, 44.8308922016359], [-121.973737214763, 44.8314869537733], [-121.974227092139, 44.8315438027121], [-121.974602723573, 44.8314914731497], [-121.97509850288, 44.8313378899641], [-121.975718947687, 44.8308749489549], [-121.976760589175, 44.8300001278605], [-121.977218605104, 44.8295631649875], [-121.978009697476, 44.8286430318018], [-121.978294374488, 44.8285060509466], [-121.979054211776, 44.8285038631341], [-121.979561005327, 44.8285489165105], [-121.979908823123, 44.8286420570362], [-121.980511244132, 44.8290930646837], [-121.980955161901, 44.8297452034168], [-121.981145353213, 44.8299449567613], [-121.981290684457, 44.8300703538868], [-121.9814685419, 44.8302279668224], [-121.981714190706, 44.8304762373638], [-121.981809359125, 44.8307347969302], [-121.981825633005, 44.8309243236793], [-121.981781700896, 44.8311715712659], [-121.981775693862, 44.8313170666272], [-121.981824606231, 44.8314845902425], [-121.981928646412, 44.8316572723511], [-121.982127598993, 44.8319072377008], [-121.9824235292, 44.8321323176481], [-121.982844035975, 44.8323270082777], [-121.983211158567, 44.8324736493401], [-121.98338493676, 44.8325134649004], [-121.983642523278, 44.8324844570514], [-121.983889581541, 44.8324005288924], [-121.984399648552, 44.8321956525206], [-121.984842710227, 44.832047054327], [-121.98508433997, 44.832055060948], [-121.985267582813, 44.8321192005163], [-121.985427750632, 44.8322633416404], [-121.985590683465, 44.8324870320449], [-121.98588241315, 44.8326962157969], [-121.986127664002, 44.8328082491546], [-121.98642332741, 44.8328826584841], [-121.986968175393, 44.8329343229727], [-121.987527911155, 44.8329183704942], [-121.98781974235, 44.8328826310907], [-121.988057327878, 44.8327743679754], [-121.988571949348, 44.8324530544808], [-121.988708716951, 44.8324200369461], [-121.988881432438, 44.8324292488326], [-121.990236511399, 44.8327151491254], [-121.990480470474, 44.832826225589], [-121.99067289949, 44.8329783351254], [-121.990948637366, 44.8332919953545], [-121.991234946617, 44.8334870439098], [-121.991769622976, 44.8335299287029], [-121.994399660159, 44.8334792942182], [-121.994639442966, 44.8334707514004], [-121.99484157738, 44.8334283322459], [-121.995148954819, 44.8333538350711], [-121.995362632584, 44.8332939421802], [-121.995539589017, 44.8332136470291], [-121.995907102376, 44.8330468839845], [-121.996159354698, 44.8329604039693], [-121.996316982979, 44.8329489892346], [-121.996439374843, 44.8329727341481], [-121.996588023565, 44.8330521428572], [-121.996867099581, 44.8332112803838], [-121.997045365757, 44.8332685773795], [-121.997234576109, 44.8332911442552], [-121.997448836881, 44.8333348541737], [-121.99756605894, 44.833384593731], [-121.997576915979, 44.8333933244912], [-121.997697392635, 44.8334902106761], [-121.997721414484, 44.8335147797066], [-121.997914722052, 44.8337124986405], [-121.99805555543, 44.8338249625757], [-121.998148333433, 44.8338708157422], [-121.998271330762, 44.8339118184234], [-121.998468784054, 44.8339276419442], [-121.999928328999, 44.8338172498782], [-122.000081636383, 44.8338217926425], [-122.000239104764, 44.8338480191205], [-122.000472586788, 44.8339067450089], [-122.00120227931, 44.8341781924427], [-122.001607283858, 44.8343024814653], [-122.002192855167, 44.8344828906735], [-122.00242268554, 44.8345515186467], [-122.002616441367, 44.8345642447217], [-122.002886324024, 44.8345119223611], [-122.003068853605, 44.834474954464], [-122.003699465545, 44.8343189177104], [-122.003967359332, 44.8342817006071], [-122.00425983911, 44.8343024247688], [-122.004607291293, 44.8343308112269], [-122.004930902187, 44.8343725697454], [-122.005273642706, 44.8344398944709], [-122.005500939829, 44.8344566268992], [-122.005748203806, 44.834453071593], [-122.005946993792, 44.8344020569707], [-122.006085037003, 44.8343521188984], [-122.006174182218, 44.8342944120897], [-122.006256191217, 44.8342066101769], [-122.006294922979, 44.8340979883464], [-122.006241475915, 44.8339607783792], [-122.0058553297, 44.8335229288223], [-122.005788977438, 44.8333643610415], [-122.005781690305, 44.8332277602596], [-122.005828665906, 44.83317112512], [-122.005907299036, 44.8330763228351], [-122.006067828875, 44.8329446852968], [-122.006284317469, 44.8328103055703], [-122.006360335603, 44.8327461056137], [-122.006437906026, 44.8326318500783], [-122.006473604177, 44.8324369336852], [-122.006516739481, 44.832280741067], [-122.006524489247, 44.8321553990785], [-122.006568990888, 44.8320380398694], [-122.006654491638, 44.8318767802217], [-122.006715790876, 44.8318117058067], [-122.00672480547, 44.8318021364271], [-122.006866792286, 44.8316916823164]]]}, "properties": {"zone_name": "81", "level": 3, "fire_name": "No named fire", "county": "Clackamas", "addresses": 13, "unmatched_addresses": 12, "unmatched_fraction_pct": 90.3, "geometry_source": "cached", "geometry_cache_age_days": 0, "overlapping_zips": [{"zip": "97023", "fraction_pct": 9.6}, {"zip": "97358", "fraction_pct": 0.0}]}}, {"type": "Feature", "geometry": {"type": "Polygon", "coordinates": [[[-118.11407617, 44.86897858], [-118.1140774, 44.86897686], [-118.11468649, 44.86881939], [-118.11513581, 44.86818038], [-118.11573572, 44.8675354], [-118.11579504, 44.8673908], [-118.11704464, 44.86614085], [-118.11763502, 44.86568048], [-118.11790925, 44.86535824], [-118.11807888, 44.86506852], [-118.11819877, 44.86474329], [-118.11822674, 44.86324424], [-118.11868005, 44.86244766], [-118.11967946, 44.86203278], [-118.11996919, 44.86159336], [-118.12226655, 44.86078314], [-118.1262473, 44.85867804], [-118.12645179, 44.85849599], [-118.12665476, 44.85805291], [-118.12726985, 44.85765076], [-118.12783466, 44.85742914], [-118.12860457, 44.85705696], [-118.12927074, 44.85657778], [-118.1300434, 44.85661064], [-118.13029989, 44.85650008], [-118.13045358, 44.85639054], [-118.13052264, 44.85616031], [-118.13062908, 44.85543463], [-118.13103385, 44.85503904], [-118.13116265, 44.8546687], [-118.13136681, 44.85441013], [-118.13228909, 44.85378437], [-118.13259604, 44.85352478], [-118.13321166, 44.85319461], [-118.13454817, 44.85286177], [-118.13475827, 44.85288668], [-118.13565124, 44.85280579], [-118.1361305, 44.852702], [-118.13677949, 44.85246149], [-118.13701444, 44.85208108], [-118.13737347, 44.85189747], [-118.13804162, 44.85174678], [-118.13814419, 44.85167375], [-118.13845244, 44.85156265], [-118.13911602, 44.85146151], [-118.13959721, 44.85145671], [-118.14006264, 44.85151507], [-118.14037391, 44.85159747], [-118.14073645, 44.85165236], [-118.14197441, 44.85163998], [-118.14228529, 44.85172238], [-118.14287808, 44.85212152], [-118.14399754, 44.85219582], [-118.14434381, 44.85232737], [-118.1447437, 44.8525304], [-118.1450366, 44.85256347], [-118.14606135, 44.85306627], [-118.14657677, 44.85305209], [-118.14678433, 44.85310852], [-118.14695874, 44.85322829], [-118.14749638, 44.85345692], [-118.14847926, 44.85358206], [-118.14948665, 44.85408501], [-118.14959209, 44.85419647], [-118.15071304, 44.8543427], [-118.15151021, 44.85465421], [-118.15209842, 44.8548193], [-118.15263704, 44.85487688], [-118.15304874, 44.85483671], [-118.15417973, 44.85461374], [-118.15505493, 44.85457338], [-118.15608499, 44.85460345], [-118.15634378, 44.85474936], [-118.15655137, 44.85474725], [-118.15669041, 44.85481786], [-118.1569216, 44.85518458], [-118.15773739, 44.85555437], [-118.15789641, 44.8557733], [-118.15814064, 44.85594185], [-118.15867081, 44.85613], [-118.15944455, 44.85627517], [-118.16006294, 44.8563454], [-118.161402, 44.85634078], [-118.16212288, 44.85637395], [-118.16382184, 44.85632963], [-118.16464624, 44.85639773], [-118.16572882, 44.8565397], [-118.16665587, 44.85653923], [-118.16681041, 44.85657366], [-118.16743082, 44.85690037], [-118.16825894, 44.85744549], [-118.16845717, 44.85748847], [-118.16862733, 44.85741472], [-118.16900102, 44.85717685], [-118.16924138, 44.85715188], [-118.17033568, 44.85767626], [-118.17093903, 44.85776458], [-118.17135016, 44.85765685], [-118.17158757, 44.85750588], [-118.17187799, 44.85739488], [-118.17335761, 44.85741568], [-118.17411506, 44.8574574], [-118.17430672, 44.85758595], [-118.17520392, 44.85771174], [-118.17553054, 44.85770837], [-118.17638418, 44.85823967], [-118.17719793, 44.85850133], [-118.17742428, 44.85864302], [-118.17747911, 44.85879098], [-118.17772093, 44.85883799], [-118.17801288, 44.85882147], [-118.17818811, 44.85897719], [-118.17845868, 44.85960001], [-118.17857751, 44.86003536], [-118.17883247, 44.86022176], [-118.17907852, 44.86047576], [-118.17910335, 44.86084007], [-118.17959535, 44.86136158], [-118.17973398, 44.86140965], [-118.17994096, 44.86143452], [-118.18023535, 44.86138197], [-118.18089735, 44.86110507], [-118.18115586, 44.86111589], [-118.18183196, 44.86137444], [-118.18206239, 44.86171412], [-118.18193185, 44.86206203], [-118.18178118, 44.86225712], [-118.18116787, 44.86255603], [-118.1809152, 44.86273417], [-118.18045274, 44.86284698], [-118.18014374, 44.86288168], [-118.17978314, 44.8628494], [-118.17943157, 44.86260099], [-118.17911615, 44.8623207], [-118.17868353, 44.86219015], [-118.17709871, 44.86198147], [-118.17656457, 44.86203198], [-118.17581088, 44.86219728], [-118.17477767, 44.86213591], [-118.17466238, 44.86238014], [-118.17475213, 44.86257275], [-118.17514988, 44.86268118], [-118.17530281, 44.86286863], [-118.17576113, 44.86311596], [-118.17612931, 44.86322918], [-118.17654215, 44.86330144], [-118.17680064, 44.8634473], [-118.17706015, 44.86370117], [-118.17715481, 44.86397924], [-118.17731292, 44.86414864], [-118.17764435, 44.86437926], [-118.17787047, 44.86448945], [-118.17856109, 44.86472086], [-118.17898199, 44.86501356], [-118.1790805, 44.8653051], [-118.17923575, 44.86541151], [-118.17949321, 44.86540885], [-118.17995584, 44.86526454], [-118.1801584, 44.86534346], [-118.18034624, 44.86528301], [-118.18048533, 44.86535358], [-118.1809097, 44.86591179], [-118.18121891, 44.86588609], [-118.18155589, 44.86572957], [-118.18243196, 44.86580151], [-118.18274014, 44.8657263], [-118.18354477, 44.86568319], [-118.18405089, 44.86557709], [-118.1850158, 44.86622072], [-118.1863164, 44.86642715], [-118.18734467, 44.86634368], [-118.18898833, 44.86651274], [-118.19142812, 44.86630903], [-118.19189289, 44.86687323], [-118.19316032, 44.86749306], [-118.19522819, 44.86823985], [-118.1961239, 44.86789722], [-118.1964695, 44.86781631], [-118.19746691, 44.8677041], [-118.19749606, 44.86776028], [-118.19767273, 44.86788972], [-118.19779454, 44.86809932], [-118.19792052, 44.86870408], [-118.19815425, 44.86887093], [-118.19836162, 44.86912137], [-118.19857711, 44.86930208], [-118.19879791, 44.86939001], [-118.19926503, 44.86951056], [-118.20031512, 44.86962349], [-118.20112485, 44.86966505], [-118.20133427, 44.86962621], [-118.20147124, 44.86948721], [-118.20159154, 44.86941955], [-118.20174516, 44.8692092], [-118.20183556, 44.86917586], [-118.20214439, 44.86916234], [-118.2024542, 44.86902609], [-118.20319634, 44.86899603], [-118.20324313, 44.86886879], [-118.20353192, 44.86883046], [-118.2036802, 44.86871818], [-118.20404875, 44.86828941], [-118.20440007, 44.86800734], [-118.20467008, 44.86766994], [-118.20477555, 44.86743222], [-118.2048726, 44.8670041], [-118.20498298, 44.86688513], [-118.20497442, 44.86679088], [-118.20507904, 44.86667182], [-118.20528678, 44.8661145], [-118.20533824, 44.86608392], [-118.20544353, 44.86608731], [-118.20577756, 44.86627164], [-118.2064108, 44.86675635], [-118.20741236, 44.86762745], [-118.20800716, 44.8680522], [-118.20833357, 44.86821286], [-118.20857907, 44.86828836], [-118.20934341, 44.86873011], [-118.20970125, 44.86889945], [-118.20995514, 44.86898326], [-118.21020884, 44.86916527], [-118.21153292, 44.8694299], [-118.21236214, 44.86980081], [-118.2129933, 44.86998673], [-118.21307225, 44.87007516], [-118.21299873, 44.87013445], [-118.21301226, 44.87025133], [-118.21380149, 44.8705028], [-118.21447653, 44.87084336], [-118.21445194, 44.87091563], [-118.21452348, 44.87096888], [-118.21464074, 44.87097663], [-118.21473473, 44.87091262], [-118.21484203, 44.87089798], [-118.21505291, 44.87091824], [-118.21511018, 44.87100764], [-118.21523351, 44.87107834], [-118.21535945, 44.871104], [-118.21555982, 44.8712364], [-118.21582717, 44.8713511], [-118.21609124, 44.87153278], [-118.21640556, 44.87184306], [-118.21717948, 44.87225832], [-118.21765038, 44.87259309], [-118.21803927, 44.8727854], [-118.21828205, 44.87294881], [-118.2184977, 44.87315066], [-118.21885433, 44.87338012], [-118.21906017, 44.87362997], [-118.22118789, 44.87458838], [-118.22113886, 44.87468342], [-118.22115288, 44.87482279], [-118.22143796, 44.87494577], [-118.22163255, 44.87507421], [-118.22194465, 44.87540842], [-118.22206168, 44.8755917], [-118.22209939, 44.87578483], [-118.22202712, 44.87588462], [-118.22181027, 44.87599496], [-118.221711, 44.87610854], [-118.22166926, 44.87623051], [-118.22152158, 44.8762816], [-118.22153075, 44.87632201], [-118.22164916, 44.87638375], [-118.22167323, 44.87645551], [-118.22162871, 44.87659551], [-118.22163348, 44.87680249], [-118.22150305, 44.87727647], [-118.22151999, 44.8773663], [-118.22142135, 44.87765991], [-118.22149627, 44.87805967], [-118.22123064, 44.87831456], [-118.22118699, 44.87847706], [-118.22119858, 44.87868847], [-118.22101334, 44.87905952], [-118.22110332, 44.87931059], [-118.2210622, 44.87951807], [-118.22094164, 44.8797669], [-118.22086935, 44.88012774], [-118.22085703, 44.88053744], [-118.22097261, 44.88068923], [-118.22099327, 44.88093655], [-118.22091869, 44.88118939], [-118.22066864, 44.88147111], [-118.2205887, 44.88150797], [-118.2204312, 44.88146915], [-118.2202316, 44.88149829], [-118.22018062, 44.88155735], [-118.22002562, 44.88159951], [-118.21963378, 44.8816127], [-118.21950753, 44.88157354], [-118.21943147, 44.88158786], [-118.21928221, 44.88173348], [-118.21940035, 44.88200677], [-118.21966473, 44.88230999], [-118.21966188, 44.88240004], [-118.21977258, 44.88247086], [-118.21995226, 44.88249145], [-118.22000121, 44.88261695], [-118.22019652, 44.88274088], [-118.22037467, 44.88304503], [-118.22080206, 44.8833285], [-118.22087209, 44.88344027], [-118.22096283, 44.88372735], [-118.22088095, 44.88395326], [-118.22088216, 44.88416029], [-118.22067109, 44.88441459], [-118.22056107, 44.88446977], [-118.22007818, 44.88453795], [-118.21952955, 44.88469684], [-118.2193834, 44.88478392], [-118.21924569, 44.8848214], [-118.21904292, 44.88507561], [-118.21858006, 44.88530559], [-118.21800288, 44.88551879], [-118.21785826, 44.88565986], [-118.21767501, 44.88575183], [-118.21732658, 44.8860796], [-118.21680815, 44.88605812], [-118.21669526, 44.88610884], [-118.21644717, 44.88614749], [-118.2162475, 44.88613612], [-118.21590673, 44.88618926], [-118.21446282, 44.88611462], [-118.2140326, 44.88620472], [-118.21319838, 44.88648363], [-118.21295826, 44.88646819], [-118.21284061, 44.88642443], [-118.21274158, 44.88634447], [-118.21262939, 44.88618363], [-118.21262116, 44.88599919], [-118.212686, 44.88584547], [-118.21275698, 44.88577721], [-118.21288745, 44.88575332], [-118.21319619, 44.88538097], [-118.21361165, 44.88500299], [-118.21383312, 44.88486561], [-118.21392828, 44.88474308], [-118.2139688, 44.8844681], [-118.2139409, 44.88396881], [-118.21387933, 44.88371292], [-118.21378175, 44.88368245], [-118.21357989, 44.88379262], [-118.21339549, 44.88384859], [-118.21327007, 44.88396244], [-118.21307904, 44.88402299], [-118.21282425, 44.8840437], [-118.21274114, 44.88408059], [-118.21268546, 44.8841802], [-118.21258856, 44.88425774], [-118.21245338, 44.88424567], [-118.21225543, 44.88429728], [-118.21189455, 44.88429662], [-118.21152293, 44.88435007], [-118.21081079, 44.88460068], [-118.21054686, 44.88465749], [-118.21044333, 44.88464508], [-118.21037988, 44.88469526], [-118.21031284, 44.88497052], [-118.21014654, 44.88511631], [-118.20993466, 44.88514556], [-118.2098283, 44.88509268], [-118.20964773, 44.88525662], [-118.20939027, 44.88528186], [-118.20920207, 44.88536486], [-118.20884883, 44.88561615], [-118.20869689, 44.88582479], [-118.2086062, 44.88582126], [-118.2081382, 44.88609176], [-118.20794659, 44.88621981], [-118.20776449, 44.88642427], [-118.20753526, 44.88649421], [-118.20751283, 44.88655746], [-118.20701793, 44.88673372], [-118.20657859, 44.88710743], [-118.2064536, 44.88716727], [-118.2061037, 44.88723848], [-118.2057941, 44.88743978], [-118.20572152, 44.88743155], [-118.20531074, 44.88754391], [-118.20506994, 44.88768598], [-118.20483863, 44.88792246], [-118.20471583, 44.88797326], [-118.20421113, 44.88830715], [-118.2039783, 44.88839512], [-118.20253181, 44.8891485], [-118.20219635, 44.88928706], [-118.20209236, 44.88923415], [-118.20149382, 44.88935747], [-118.20098933, 44.88956982], [-118.20089061, 44.88965637], [-118.20039964, 44.88981457], [-118.20019283, 44.88980324], [-118.19999704, 44.88984581], [-118.199451, 44.8901351], [-118.19921342, 44.89029962], [-118.19913156, 44.89043551], [-118.19896814, 44.89053174], [-118.19874657, 44.89053407], [-118.1984679, 44.89064502], [-118.19828302, 44.89066046], [-118.19819071, 44.89059842], [-118.19800995, 44.89064082], [-118.1978403, 44.89089465], [-118.1977106, 44.89099503], [-118.19720937, 44.89127034], [-118.19676052, 44.8915721], [-118.1965513, 44.89182633], [-118.1964977, 44.89197092], [-118.19623704, 44.89222569], [-118.19608102, 44.89233535], [-118.19577054, 44.89247813], [-118.19472357, 44.89374931], [-118.19441274, 44.8939326], [-118.19384457, 44.89407357], [-118.19337849, 44.89428998], [-118.19317057, 44.89443618], [-118.19290988, 44.89469095], [-118.19275207, 44.89494464], [-118.19259262, 44.89531087], [-118.19243688, 44.89541602], [-118.1918679, 44.8956335], [-118.19143288, 44.89568755], [-118.19098974, 44.89588571], [-118.19031779, 44.89609976], [-118.18972001, 44.89616901], [-118.18931387, 44.89643429], [-118.18876249, 44.89693062], [-118.18860763, 44.89696374], [-118.18819601, 44.89696353], [-118.1877852, 44.89688679], [-118.18687078, 44.89701333], [-118.18634423, 44.89720906], [-118.169484, 44.883869], [-118.135773, 44.869843], [-118.114099, 44.868988], [-118.11407617, 44.86897858]]]}, "properties": {"zone_name": "US-OR-BAK-BAB-1119-B", "level": 3, "fire_name": "No named fire", "county": "Baker", "addresses": 1, "unmatched_addresses": 0, "unmatched_fraction_pct": 0, "geometry_source": "cached", "geometry_cache_age_days": 0, "overlapping_zips": [{"zip": "97814", "fraction_pct": 98.6}, {"zip": "97833", "fraction_pct": 1.4}]}}, {"type": "Feature", "geometry": {"type": "Polygon", "coordinates": [[[-121.695631424191, 45.3731882833905], [-121.665440759653, 45.332977760854], [-121.662271237927, 45.319109981336], [-121.657651242425, 45.3065654457352], [-121.652902913714, 45.3043089396815], [-121.648539584629, 45.298441603577], [-121.64366292271, 45.2944695237395], [-121.643534589501, 45.2904068815706], [-121.640069715125, 45.2858021720227], [-121.628776392786, 45.2864342090032], [-121.622873065199, 45.2855312968751], [-121.617611403656, 45.2839060188289], [-121.610938076819, 45.2683732358445], [-121.610553077194, 45.2581662444594], [-121.696407839644, 45.2578952177535], [-121.69589450681, 45.2635860947872], [-121.692429510183, 45.2684635353871], [-121.691787844141, 45.2730696222637], [-121.690889511683, 45.2753273714568], [-121.689092846765, 45.2760498322282], [-121.688966873242, 45.276763187815], [-121.688118645227, 45.277925528111], [-121.687493635112, 45.278176841801], [-121.687225773634, 45.2789307761933], [-121.687538278691, 45.2793391531396], [-121.686823981416, 45.2801873112518], [-121.685484674026, 45.2811296942844], [-121.68490430749, 45.2823861806458], [-121.684993594649, 45.2832342932089], [-121.685082881809, 45.2838311055607], [-121.684770376751, 45.2841452148028], [-121.684952617319, 45.2853857129418], [-121.684149032884, 45.2866421050445], [-121.684015102146, 45.2870818357065], [-121.682809725494, 45.2875215629596], [-121.682006141059, 45.2880241042178], [-121.681202556625, 45.2891233976975], [-121.680532902929, 45.2898771866279], [-121.679907892814, 45.2900656322949], [-121.680265041451, 45.2915731750935], [-121.679863249234, 45.2921070868924], [-121.680086467133, 45.2931748954115], [-121.680309685031, 45.2937401976643], [-121.680800764408, 45.2939914413016], [-121.680845407987, 45.2944311149882], [-121.680890051567, 45.2948079754349], [-121.680041823553, 45.2954988797494], [-121.679952536394, 45.2958443287505], [-121.679327526278, 45.2959385417487], [-121.679327552724, 45.2965938660534], [-121.679193621985, 45.2972533450394], [-121.679372196304, 45.2976929934358], [-121.680041849999, 45.2980698322054], [-121.68133651381, 45.2994515529342], [-121.682274028984, 45.2999853905619], [-121.682899039099, 45.3005192231633], [-121.683657979954, 45.3008960431498], [-121.685052310684, 45.3026359252881], [-121.685364815741, 45.3030441315867], [-121.686168400176, 45.3038919352769], [-121.687909499784, 45.3047711257123], [-121.687418420407, 45.3060584871069], [-121.687596994726, 45.3066864576656], [-121.687552351146, 45.3077539916505], [-121.687954143363, 45.3081307635509], [-121.687954143363, 45.3085703276027], [-121.688757727798, 45.3094494454802], [-121.688757727798, 45.3107367006288], [-121.689021390495, 45.3112112534191], [-121.689289251973, 45.3132205520497], [-121.690048192828, 45.3145077215496], [-121.689914262089, 45.3163599385493], [-121.691769547532, 45.3194779675227], [-121.693644577879, 45.3203255254193], [-121.693689221459, 45.3213928025136], [-121.695296390328, 45.3221775522564], [-121.697037489935, 45.322554228272], [-121.698064292268, 45.3233389619282], [-121.698912520283, 45.3242492393513], [-121.699582173978, 45.3255989341256], [-121.700207184094, 45.3266661118791], [-121.700966124948, 45.3272310801978], [-121.700966124948, 45.3278588161655], [-121.70139502607, 45.3283582763594], [-121.702287897664, 45.3287662974099], [-121.703314699997, 45.3312771314867], [-121.703314699997, 45.3317792849454], [-121.702377184824, 45.332438354603], [-121.702153966925, 45.3336623207628], [-121.702689689881, 45.3342586023857], [-121.70295755136, 45.3347921122006], [-121.702645046302, 45.3353256169893], [-121.702778977041, 45.335827734552], [-121.703314699997, 45.3363612295841], [-121.703225412838, 45.3373968232397], [-121.703627205055, 45.3388717269619], [-121.70438614591, 45.3389344879703], [-121.704564720229, 45.3396876146446], [-121.704832581707, 45.3401269339117], [-121.704564720229, 45.3409741828721], [-121.704409926049, 45.3419120168562], [-121.704365282469, 45.3433240468927], [-121.704320638889, 45.3444850229847], [-121.703695628774, 45.3452066988253], [-121.703249192977, 45.3459597420676], [-121.703293836556, 45.3467755276096], [-121.703338480136, 45.3475913013946], [-121.703517054455, 45.3485639393885], [-121.703606341614, 45.3490659395559], [-121.702624182861, 45.349818931459], [-121.702222390644, 45.3513562588238], [-121.701909885586, 45.3526425618785], [-121.701954529166, 45.3532700161743], [-121.701552736949, 45.3541798125472], [-121.701379021905, 45.3549826450058], [-121.701602239804, 45.3555473308353], [-121.701379021905, 45.3560492690643], [-121.701289734746, 45.357617797334], [-121.701468309065, 45.3591862821259], [-121.701512952644, 45.3601900895753], [-121.701914744862, 45.3614134558259], [-121.701870101282, 45.36213491583], [-121.70218260634, 45.3624485912235], [-121.70213796276, 45.3632641391066], [-121.700932586108, 45.3644560725571], [-121.700977229688, 45.3654284207198], [-121.70075401179, 45.3659302712969], [-121.70075401179, 45.3665575782575], [-121.700530797041, 45.3672649703273], [-121.699682569027, 45.3678922624863], [-121.699146846071, 45.3685195476893], [-121.699459351129, 45.3689272793407], [-121.699727212607, 45.3693977352864], [-121.700218291983, 45.3698054606073], [-121.700129004824, 45.3701504566601], [-121.700039717665, 45.3704954506091], [-121.699548638288, 45.3704327245931], [-121.697450390043, 45.3720322162693], [-121.697450390043, 45.3725026463891], [-121.697361102883, 45.372784902583], [-121.697271815724, 45.3731926034867], [-121.695631424191, 45.3731882833905]]]}, "properties": {"zone_name": "White River", "level": 1, "fire_name": "Grasshopper", "county": "Hood River", "addresses": 1, "unmatched_addresses": 1, "unmatched_fraction_pct": 58.0, "geometry_source": "cached", "geometry_cache_age_days": 0, "overlapping_zips": [{"zip": "97041", "fraction_pct": 41.7}, {"zip": "97028", "fraction_pct": 0.3}]}}, {"type": "Feature", "geometry": {"type": "Polygon", "coordinates": [[[-121.480617670929, 45.435571551981], [-121.471271279616, 45.4414738611618], [-121.443543652051, 45.4517467784285], [-121.434197260737, 45.4676988766233], [-121.412389014338, 45.4753455422271], [-121.408962018478, 45.4797145883599], [-121.384038308308, 45.4810252395239], [-121.366903257566, 45.4884516868952], [-121.360672330023, 45.4917277495012], [-121.35880305176, 45.4086754304452], [-121.35955608846, 45.407654356157], [-121.366962893367, 45.4050999094484], [-121.383725662369, 45.402362874076], [-121.394044692895, 45.3971819563721], [-121.422967353206, 45.3971819563721], [-121.431625729222, 45.4032614376631], [-121.448389818957, 45.404813540822], [-121.459811506468, 45.402744060467], [-121.481137439937, 45.3995590432332], [-121.480617670929, 45.435571551981]]]}, "properties": {"zone_name": "CB", "level": 1, "fire_name": "Grasshopper", "county": "Wasco", "addresses": 4, "unmatched_addresses": 0, "unmatched_fraction_pct": 10.1, "geometry_source": "cached", "geometry_cache_age_days": 0, "overlapping_zips": [{"zip": "97058", "fraction_pct": 64.0}, {"zip": "97021", "fraction_pct": 25.9}]}}, {"type": "Feature", "geometry": {"type": "Polygon", "coordinates": [[[-121.482103841454, 45.504320409974], [-121.481622098401, 45.4688661256841], [-121.490312594241, 45.4706436940868], [-121.497916778101, 45.4700088546641], [-121.508236741911, 45.4703897591758], [-121.521272485671, 45.4700088546641], [-121.538221417167, 45.4701189017076], [-121.548563598079, 45.469783246951], [-121.555614102602, 45.4690528172258], [-121.563394236658, 45.4682118159248], [-121.562857651038, 45.4787475142072], [-121.561426756051, 45.4852686261038], [-121.563156278871, 45.4927616565486], [-121.563753534537, 45.5051112396184], [-121.531203100727, 45.5042740653415], [-121.482103841454, 45.504320409974]]]}, "properties": {"zone_name": "Gibson Prairie", "level": 1, "fire_name": "Grasshopper", "county": "Hood River", "addresses": 7, "unmatched_addresses": 3, "unmatched_fraction_pct": 44.6, "geometry_source": "cached", "geometry_cache_age_days": 0, "overlapping_zips": [{"zip": "97041", "fraction_pct": 55.4}]}}, {"type": "Feature", "geometry": {"type": "Polygon", "coordinates": [[[-121.62064116864, 45.1756165485039], [-121.601521693565, 45.1636551687552], [-121.575575965385, 45.1468677810666], [-121.534452135039, 45.1503777481287], [-121.513967177845, 45.1549957826895], [-121.492488489384, 45.1455745669673], [-121.47546269975, 45.1465906553435], [-121.453460140839, 45.151855550481], [-121.441149185258, 45.1527791661513], [-121.441018217645, 45.1467753967388], [-121.441411120483, 45.1290374925953], [-121.441748825235, 45.1042391694026], [-121.465908118964, 45.1036818138433], [-121.479022560122, 45.1060816004222], [-121.526380264305, 45.1156797379215], [-121.556980627007, 45.1218491168244], [-121.578352308894, 45.1263043645157], [-121.598023970632, 45.1300739177234], [-121.617682900872, 45.1364025952615], [-121.628397415417, 45.1421095579346], [-121.637581285028, 45.1499749755835], [-121.643485201206, 45.1516712959319], [-121.649389117384, 45.1566057589703], [-121.63473865872, 45.1667817396089], [-121.62064116864, 45.1756165485039]]]}, "properties": {"zone_name": "KM", "level": 1, "fire_name": "Grasshopper", "county": "Wasco", "addresses": 5, "unmatched_addresses": 2, "unmatched_fraction_pct": 30.9, "geometry_source": "cached", "geometry_cache_age_days": 0, "overlapping_zips": [{"zip": "97037", "fraction_pct": 65.4}, {"zip": "97063", "fraction_pct": 3.7}]}}, {"type": "Feature", "geometry": {"type": "Polygon", "coordinates": [[[-121.579267653886, 45.4624953569377], [-121.581504749198, 45.4598502243048], [-121.581788634604, 45.4592528618888], [-121.581873800226, 45.4570027399744], [-121.582498348121, 45.4548321833126], [-121.582044124558, 45.4523487773195], [-121.582725449534, 45.4502377876656], [-121.582469952668, 45.4486246196728], [-121.581649466156, 45.4465402015887], [-121.576170477811, 45.4415608130894], [-121.576138657241, 45.4372860526701], [-121.573962049635, 45.4284897645563], [-121.574381837044, 45.4252764269452], [-121.573189518337, 45.4240012649418], [-121.569555785134, 45.4217298112756], [-121.570180333029, 45.4185217254243], [-121.576911459088, 45.4134286526258], [-121.585013742717, 45.4123554932002], [-121.597472914714, 45.407901663666], [-121.606186691448, 45.4070967172432], [-121.616658510856, 45.4035548167112], [-121.620945867756, 45.4038161119679], [-121.624826216684, 45.4020171528086], [-121.647231016379, 45.3956832868451], [-121.659046450658, 45.38625594899], [-121.695671530513, 45.3731909422353], [-121.696952287014, 45.3732856488601], [-121.696851174659, 45.3736881502458], [-121.698131931161, 45.3738065324616], [-121.698233043516, 45.3742800588445], [-121.698637492938, 45.3746352010299], [-121.69880601353, 45.3752507755345], [-121.69924416707, 45.3757716410354], [-121.699648616492, 45.3760320719867], [-121.699951953558, 45.3762925017387], [-121.699951953558, 45.37667130651], [-121.700322698861, 45.377641982153], [-121.700390107098, 45.3785889667228], [-121.700794556519, 45.3788730590006], [-121.701165301823, 45.379275520618], [-121.701805680073, 45.3799620661776], [-121.702347081325, 45.3802079264437], [-121.702800593791, 45.3807870992765], [-121.703790075536, 45.3815979312757], [-121.704284816408, 45.3819743850371], [-121.70457341525, 45.3826114549224], [-121.705274298153, 45.38313268858], [-121.705645353807, 45.3836249603998], [-121.705892724243, 45.3834801750153], [-121.707129576424, 45.3834222607576], [-121.707706774108, 45.3835380892136], [-121.708119058168, 45.3835380892136], [-121.708574029166, 45.3836451724226], [-121.709316140475, 45.3842822234811], [-121.710181937002, 45.3846586593684], [-121.71071790628, 45.3849482237298], [-121.711295103964, 45.385237786608], [-121.711789844837, 45.3855273480035], [-121.712325814115, 45.3855273480035], [-121.712820554987, 45.3859037755996], [-121.713480209484, 45.3861933335833], [-121.713974950356, 45.3865697567447], [-121.714799518476, 45.3868593113174], [-121.715747771815, 45.3870040880471], [-121.716778481966, 45.3871199091643], [-121.717520593274, 45.3874094609184], [-121.718345161395, 45.3878148308827], [-121.719087272703, 45.3885966076045], [-121.719994297635, 45.3888571974421], [-121.720653952132, 45.389175694501], [-121.720860094162, 45.3895231437912], [-121.721560977064, 45.3901311749101], [-121.722138174749, 45.3907391994877], [-121.722715372433, 45.3911734987529], [-121.723292570117, 45.3918973234458], [-121.723333798524, 45.3924474240122], [-121.723579265896, 45.3930646058544], [-121.692114151175, 45.4515970714218], [-121.689488556812, 45.4521446561373], [-121.687430658527, 45.4530904717585], [-121.682037545781, 45.455728715711], [-121.675438078868, 45.4581179622171], [-121.673947876662, 45.4586157091643], [-121.672315750436, 45.4587650323917], [-121.669193422004, 45.4586654836174], [-121.666567827641, 45.4580681872814], [-121.663516461219, 45.4573713335585], [-121.65919404244, 45.4569429212554], [-121.658148505533, 45.4571482691583], [-121.657279591868, 45.4578470880651], [-121.656108590533, 45.4583751155527], [-121.655481268389, 45.4595191581458], [-121.654059338196, 45.4604578424241], [-121.653473837528, 45.4605751768602], [-121.652344657669, 45.4599005005185], [-121.651633692573, 45.4594898240102], [-121.648957118092, 45.4588151346817], [-121.647326080518, 45.4589618069614], [-121.646280543612, 45.4604578424241], [-121.643896719465, 45.4612498451281], [-121.640613249549, 45.4616719819587], [-121.639107676403, 45.4619066455332], [-121.637936675068, 45.4625519653262], [-121.637142067019, 45.4624639676074], [-121.636640209304, 45.4615546498056], [-121.630366987865, 45.4593546267174], [-121.628777771768, 45.4598533061412], [-121.629028700625, 45.4607919848561], [-121.627899520766, 45.4621706408867], [-121.626686697955, 45.4626692954042], [-121.626226661716, 45.4636959231702], [-121.624888374476, 45.4648398578014], [-121.622128157043, 45.4653384887098], [-121.620622583897, 45.4657784534956], [-121.618681050719, 45.466356064175], [-121.579267653886, 45.4624953569377]]]}, "properties": {"zone_name": "Cooper Spur South", "level": 1, "fire_name": "Grasshopper", "county": "Hood River", "addresses": 63, "unmatched_addresses": 0, "unmatched_fraction_pct": 0, "geometry_source": "cached", "geometry_cache_age_days": 0, "overlapping_zips": [{"zip": "97041", "fraction_pct": 100.0}]}}, {"type": "Feature", "geometry": {"type": "Polygon", "coordinates": [[[-121.579242123474, 45.462486142055], [-121.618618527551, 45.4664184331299], [-121.622006874687, 45.4654108559806], [-121.624957143103, 45.464879656403], [-121.626231161626, 45.4637199589176], [-121.626691976837, 45.4627693694163], [-121.627938888583, 45.4621419715656], [-121.628996052889, 45.46086814233], [-121.62880630545, 45.4598604659793], [-121.630351391744, 45.4594421799408], [-121.636558843697, 45.4615716038243], [-121.637128671446, 45.4624881123468], [-121.637912813239, 45.4625626856262], [-121.639069090119, 45.4619474531215], [-121.643949624282, 45.4612757585387], [-121.646275468582, 45.4604833943152], [-121.647336449517, 45.4590180169544], [-121.648957895258, 45.4588408941195], [-121.651589421951, 45.4595214156579], [-121.653478547341, 45.4605815362655], [-121.654023459434, 45.4605069603661], [-121.655472128169, 45.459556108996], [-121.656136655112, 45.4584001504402], [-121.657294835425, 45.457867878539], [-121.658118848834, 45.457178014501], [-121.659182091942, 45.4569822407368], [-121.663463078491, 45.4573728946584], [-121.669150042808, 45.4586785760801], [-121.672273319439, 45.4588090880721], [-121.673934636796, 45.4586319645809], [-121.682018408606, 45.4557794424365], [-121.689503052742, 45.4522076532639], [-121.692068161587, 45.4515923071554], [-121.689193944842, 45.4573235267616], [-121.690428910739, 45.4635959681882], [-121.690314715199, 45.4795975315237], [-121.690308893958, 45.4840398283973], [-121.689946889407, 45.4848737504996], [-121.687878291971, 45.4852725784454], [-121.687619717292, 45.4866140699049], [-121.681569069792, 45.4908921265631], [-121.680483056139, 45.4913271649707], [-121.679138467806, 45.4914721770266], [-121.677638734665, 45.4925597555442], [-121.67794902428, 45.4948073512616], [-121.676448868714, 45.4961856096958], [-121.676759158329, 45.4975993393441], [-121.675673144676, 45.4986505512023], [-121.673397687496, 45.4985780544628], [-121.673242542688, 45.4994480091758], [-121.672156529035, 45.5007529160438], [-121.671380804996, 45.5019128078708], [-121.670294791343, 45.5020215465046], [-121.668588198458, 45.5015503442415], [-121.667398754933, 45.5014053581368], [-121.665175012689, 45.5020215465046], [-121.663054700317, 45.5028189567342], [-121.660675813266, 45.5036888459217], [-121.6579866366, 45.5039063161187], [-121.656700047798, 45.504196298834], [-121.654476305555, 45.5047037234124], [-121.628567122672, 45.5046312344669], [-121.563776490238, 45.5044103545765], [-121.563259340879, 45.4940071823391], [-121.561386285324, 45.4847723577825], [-121.562679153379, 45.4782456746311], [-121.563351447545, 45.4682728852552], [-121.564954610558, 45.4669309570816], [-121.567798932032, 45.4651537597922], [-121.576643378077, 45.4638247922832], [-121.579242123474, 45.462486142055]]]}, "properties": {"zone_name": "Cooper Spur North", "level": 1, "fire_name": "Grasshopper", "county": "Hood River", "addresses": 291, "unmatched_addresses": 133, "unmatched_fraction_pct": 45.8, "geometry_source": "cached", "geometry_cache_age_days": 0, "overlapping_zips": [{"zip": "97041", "fraction_pct": 54.2}]}}, {"type": "Feature", "geometry": {"type": "Polygon", "coordinates": [[[-121.570790155831, 45.2582394252857], [-121.610754498938, 45.2571624790621], [-121.611173076046, 45.2629935171116], [-121.611173076046, 45.2684554965836], [-121.613801625754, 45.2769117182612], [-121.617181189663, 45.2839576071739], [-121.622938965213, 45.2857189426863], [-121.628321233662, 45.2864234615792], [-121.633766872969, 45.2860202839519], [-121.640291852485, 45.2857959514005], [-121.643421078328, 45.2901109864281], [-121.643671416395, 45.2944256932016], [-121.649324431663, 45.299350592184], [-121.653390375997, 45.3044745209717], [-121.657286905984, 45.30709588686], [-121.662174498887, 45.3197815366045], [-121.665070286782, 45.3324496291922], [-121.677615349685, 45.3470868328109], [-121.695423275897, 45.3732294455049], [-121.67697935232, 45.379707370367], [-121.658853427425, 45.3861845531407], [-121.647120050036, 45.395712477569], [-121.624789660746, 45.401970719515], [-121.620868627455, 45.4038060693467], [-121.616424789726, 45.4035766538786], [-121.611318331202, 45.4053725641374], [-121.606220987923, 45.4069784017996], [-121.596756642693, 45.4079198835945], [-121.590010972812, 45.4099301796361], [-121.584997067394, 45.4122557867138], [-121.576757456112, 45.4134099261343], [-121.570150080197, 45.4185132233692], [-121.570078697722, 45.4148053318414], [-121.570863904944, 45.4126005241594], [-121.570007315247, 45.4092430380397], [-121.56915072555, 45.4062862805212], [-121.569530788064, 45.4019321867418], [-121.57081567261, 45.3984738210098], [-121.571172584984, 45.3969199935769], [-121.569245258165, 45.3930603018537], [-121.569011518471, 45.3900300009074], [-121.568083546299, 45.3837633702882], [-121.567512486501, 45.3802036147284], [-121.566727279278, 45.3760419261833], [-121.566192953, 45.3757225186955], [-121.566574205374, 45.3745051759613], [-121.566331590227, 45.3736286729665], [-121.566470227454, 45.3715590981023], [-121.567386589708, 45.3678718922413], [-121.570790155831, 45.2582394252857]]]}, "properties": {"zone_name": "Elk Mountain", "level": 2, "fire_name": "Grasshopper", "county": "Hood River", "addresses": 5, "unmatched_addresses": 1, "unmatched_fraction_pct": 23.9, "geometry_source": "cached", "geometry_cache_age_days": 0, "overlapping_zips": [{"zip": "97041", "fraction_pct": 76.1}]}}, {"type": "Feature", "geometry": {"type": "Polygon", "coordinates": [[[-121.563426027757, 45.467853803291], [-121.549256379365, 45.4697371657695], [-121.530774271944, 45.4697371657695], [-121.515460525796, 45.4693668433743], [-121.499090659224, 45.4697371657695], [-121.489585575407, 45.4701074857316], [-121.481768805539, 45.4689364348817], [-121.482200993275, 45.4540260260142], [-121.482417325299, 45.4367738083957], [-121.482215504741, 45.4236019220097], [-121.482215504741, 45.4115604124366], [-121.481811863626, 45.4050427599266], [-121.481847296106, 45.400002938882], [-121.492699530721, 45.3983921991669], [-121.499669665149, 45.3948608014207], [-121.508404390571, 45.3954184052105], [-121.515727443198, 45.4050826633638], [-121.516256820496, 45.4094186521676], [-121.518639018339, 45.4111529544958], [-121.519256625186, 45.4153646098708], [-121.526844366462, 45.4169748656865], [-121.526314989164, 45.4139401145277], [-121.531897971073, 45.410499643507], [-121.533397873418, 45.4081459073589], [-121.540795515106, 45.4071548298634], [-121.548471485931, 45.4091989053551], [-121.553235881616, 45.4073406579647], [-121.55430084568, 45.404541636702], [-121.557022841777, 45.4034971863611], [-121.558732002116, 45.4022971557481], [-121.557909073064, 45.4013860043696], [-121.553473545179, 45.4004457204128], [-121.552616449492, 45.3998439096019], [-121.552538531702, 45.3989502999059], [-121.5536934919, 45.3984430299054], [-121.555251847694, 45.3972028839413], [-121.556108943381, 45.3964368978371], [-121.554265253461, 45.3935021322889], [-121.554524979427, 45.392590183173], [-121.555511938097, 45.392590183173], [-121.560005197304, 45.3956907501273], [-121.56125695961, 45.3955420904812], [-121.561854329331, 45.3944477892785], [-121.561568630769, 45.3929704490416], [-121.561075151434, 45.3924779937138], [-121.561685780728, 45.3883950266604], [-121.5609385177, 45.3869205671593], [-121.562361875849, 45.3855210445986], [-121.562077202648, 45.383535617889], [-121.561436691481, 45.3827858330747], [-121.562112786602, 45.3811112777523], [-121.563014959637, 45.3803569740336], [-121.564260398017, 45.3770826565047], [-121.565826091981, 45.3760828271051], [-121.56604740128, 45.3757555965957], [-121.566773058905, 45.3760468765907], [-121.56705363353, 45.3778840639637], [-121.567502924971, 45.380777524303], [-121.568047227115, 45.3838404040887], [-121.568611857736, 45.3869052725305], [-121.569007662621, 45.3907134652813], [-121.569229357146, 45.3930032102116], [-121.569973396064, 45.3945352477979], [-121.571158466049, 45.3968712698819], [-121.570658158448, 45.3988568389224], [-121.569912238853, 45.400842187996], [-121.569472367104, 45.4021171343466], [-121.569175033766, 45.4064005466785], [-121.569752078663, 45.408354413082], [-121.57019165127, 45.4099413725184], [-121.570858024959, 45.4126199403679], [-121.570100238017, 45.4147074523733], [-121.570099464162, 45.4163189049144], [-121.570132124841, 45.4176501125545], [-121.570141953066, 45.4184848016516], [-121.569465258424, 45.4216696777039], [-121.573069948514, 45.4239272363913], [-121.57451182455, 45.4256398069006], [-121.574068170385, 45.4285977608654], [-121.576166934976, 45.4372917544759], [-121.576187170642, 45.4416565759942], [-121.581677390933, 45.4461700043931], [-121.582877218987, 45.4497067879588], [-121.582378108052, 45.4523911600808], [-121.582599935134, 45.4549976020543], [-121.581718616222, 45.459338946434], [-121.579112148003, 45.4625674066894], [-121.575452001142, 45.4640454352333], [-121.568228962204, 45.465118020642], [-121.565208730066, 45.4662991447765], [-121.563426027757, 45.467853803291]]]}, "properties": {"zone_name": "Mill Creek Buttes", "level": 2, "fire_name": "Grasshopper", "county": "Hood River", "addresses": 6, "unmatched_addresses": 4, "unmatched_fraction_pct": 62.9, "geometry_source": "cached", "geometry_cache_age_days": 0, "overlapping_zips": [{"zip": "97041", "fraction_pct": 37.1}]}}, {"type": "Feature", "geometry": {"type": "Polygon", "coordinates": [[[-121.255925620985, 45.2855837062149], [-121.274911762028, 45.2919690714837], [-121.300681274979, 45.2979396917481], [-121.310429363627, 45.299539657332], [-121.332135637274, 45.300591050706], [-121.340846506664, 45.3015497687707], [-121.344349737932, 45.3026722861629], [-121.355754701947, 45.3022616116466], [-121.36521342637, 45.301987826983], [-121.369456228683, 45.3003724705546], [-121.37359221884, 45.3064970232305], [-121.372366723434, 45.3112815750389], [-121.361793866248, 45.3219114846968], [-121.360818887007, 45.3257152160272], [-121.363148146182, 45.3275113146842], [-121.366040935804, 45.330020474805], [-121.36213379138, 45.3319220800086], [-121.361143368048, 45.3398586270202], [-121.342678727349, 45.3461196100321], [-121.276642039704, 45.3457061921477], [-121.26706830868, 45.3455770962064], [-121.256136805757, 45.3453751213015], [-121.25638848182, 45.344575441244], [-121.25678068547, 45.3387001965859], [-121.257006309181, 45.3332656356896], [-121.256403655379, 45.3276988844317], [-121.255234324355, 45.3232493095554], [-121.256007439013, 45.3192423435567], [-121.253577960931, 45.3147834026554], [-121.252363197936, 45.3113396630202], [-121.250465324037, 45.3083040636283], [-121.246934744301, 45.304901109924], [-121.25056006275, 45.303752969457], [-121.257146872364, 45.3035032337352], [-121.259780787224, 45.3011652735346], [-121.25877525333, 45.2999800028604], [-121.254694858973, 45.2978854201827], [-121.256202469442, 45.2970054366344], [-121.257661964683, 45.2935417789883], [-121.253679224911, 45.2907300677686], [-121.254731906401, 45.2882838844734], [-121.255925620985, 45.2855837062149]]]}, "properties": {"zone_name": "NF 27", "level": 3, "fire_name": "Grasshopper", "county": "Wasco", "addresses": 5, "unmatched_addresses": 1, "unmatched_fraction_pct": 29.5, "geometry_source": "cached", "geometry_cache_age_days": 0, "overlapping_zips": [{"zip": "97021", "fraction_pct": 69.0}, {"zip": "97063", "fraction_pct": 1.4}]}}, {"type": "Feature", "geometry": {"type": "Polygon", "coordinates": [[[-120.4664136, 44.4496132], [-120.4670627, 44.4489526], [-120.4676072, 44.4482479], [-120.4681222, 44.4473403], [-120.4683823, 44.4467142], [-120.4685325, 44.4461972], [-120.468613, 44.4458238], [-120.46876896, 44.44485826], [-120.4687723, 44.4448376], [-120.4690046, 44.4434014], [-120.4691521, 44.4429418], [-120.4694284, 44.442285], [-120.4696483, 44.4418848], [-120.4700453, 44.4413332], [-120.4704154, 44.4408928], [-120.4708124, 44.4405136], [-120.4715607, 44.4398702], [-120.4745997, 44.4371909], [-120.4773007, 44.434841], [-120.4777701, 44.4343641], [-120.4780731, 44.4340002], [-120.478277, 44.4336612], [-120.4784272, 44.4333394], [-120.4785533, 44.4330464], [-120.4786257, 44.4327112], [-120.4787598, 44.431608], [-120.4788483, 44.4310679], [-120.47887662, 44.43098222], [-120.4790522, 44.4304511], [-120.4793713, 44.4298555], [-120.4796422, 44.4294341], [-120.4800714, 44.4289686], [-120.4804469, 44.4286009], [-120.4808466, 44.4282695], [-120.4812864, 44.4279726], [-120.4817344, 44.4277198], [-120.4822118, 44.4274631], [-120.4834858, 44.4268157], [-120.4883447, 44.4243619], [-120.4901433, 44.4234613], [-120.4919201, 44.4225152], [-120.4925235, 44.4221379], [-120.4933684, 44.421475], [-120.4937949, 44.42109], [-120.4946103, 44.4201839], [-120.4956242, 44.4189501], [-120.4990205, 44.4148354], [-120.49949894, 44.4142733], [-120.5001053, 44.4135609], [-120.500861, 44.412729], [-120.501126, 44.412361], [-120.503205, 44.409926], [-120.504386, 44.408304], [-120.5045253, 44.4076241], [-120.5042796, 44.4070293], [-120.5036595, 44.4061831], [-120.5030093, 44.405409], [-120.5026778, 44.4047468], [-120.5028473, 44.4040546], [-120.5035715, 44.4034223], [-120.5045843, 44.4031325], [-120.5056454, 44.4031034], [-120.5071807, 44.4028244], [-120.5081538, 44.402225], [-120.5095196, 44.4012155], [-120.5113145, 44.4000319], [-120.5124164, 44.3993252], [-120.5136684, 44.3983524], [-120.5144613, 44.3974118], [-120.5149484, 44.3965088], [-120.5152702, 44.3954332], [-120.5154633, 44.394603], [-120.5156886, 44.3938908], [-120.516415, 44.3926519], [-120.5169643, 44.39209], [-120.5174374, 44.3913226], [-120.5176638, 44.3903757], [-120.5174404, 44.3897325], [-120.5169, 44.388996], [-120.5162573, 44.3881784], [-120.5158861, 44.387848], [-120.5155374, 44.3874201], [-120.5152488, 44.3867707], [-120.5154129, 44.3859043], [-120.5157208, 44.3851591], [-120.5166467, 44.3843141], [-120.518167, 44.3834392], [-120.5191649, 44.3829698], [-120.5197078, 44.3827063], [-120.5202853, 44.3824028], [-120.5205571, 44.3822166], [-120.5208516, 44.3819981], [-120.5211404, 44.3817107], [-120.5219178, 44.3807739], [-120.5223238, 44.3804198], [-120.5224597, 44.3803307], [-120.5231335, 44.3799179], [-120.5238923, 44.3795051], [-120.5242377, 44.3792623], [-120.5244359, 44.3790802], [-120.5247134, 44.378809], [-120.5249172, 44.3785298], [-120.5250191, 44.3783234], [-120.5251664, 44.3779308], [-120.5252513, 44.3774006], [-120.5253136, 44.3765062], [-120.525482, 44.37588], [-120.5256647, 44.3755429], [-120.5258855, 44.3752191], [-120.5262252, 44.374867], [-120.5267009, 44.3744623], [-120.5272954, 44.3740211], [-120.5284613, 44.3732994], [-120.5303984, 44.3720095], [-120.5314122, 44.3713627], [-120.5317336, 44.3711576], [-120.532574, 44.3706259], [-120.5330964, 44.3703499], [-120.5340787, 44.3700211], [-120.5349467, 44.3698889], [-120.5354758, 44.3698292], [-120.5371581, 44.369563], [-120.5383533, 44.3691596], [-120.540086, 44.3681595], [-120.5409121, 44.3673918], [-120.5414507, 44.3664246], [-120.541479, 44.365647], [-120.54132, 44.365259], [-120.5408617, 44.3644066], [-120.5404004, 44.3637293], [-120.5396676, 44.3618141], [-120.5396891, 44.3610347], [-120.5397534, 44.3598849], [-120.539983, 44.3586077], [-120.540495, 44.357327], [-120.5409958, 44.3560947], [-120.5414991, 44.3554461], [-120.5436019, 44.3534688], [-120.5475657, 44.3495796], [-120.5492528, 44.3480793], [-120.5503373, 44.3470857], [-120.5512421, 44.3463072], [-120.5522387, 44.3456349], [-120.5537019, 44.3448008], [-120.5549672, 44.344169], [-120.5564304, 44.3436028], [-120.5596014, 44.3427041], [-120.5605351, 44.3424134], [-120.5612876, 44.3421345], [-120.56181413, 44.34188425], [-120.62536155, 44.34134856], [-120.62369374, 44.34259412], [-120.62291147, 44.34409683], [-120.62140151, 44.34611339], [-120.62268823, 44.35743972], [-120.62074899, 44.36175575], [-120.6154317, 44.36363413], [-120.61174087, 44.36573605], [-120.60895173, 44.36733886], [-120.60720555, 44.36853467], [-120.60494077, 44.37706076], [-120.59603262, 44.38644882], [-120.58845921, 44.3989474], [-120.57859932, 44.40380477], [-120.57119551, 44.40838202], [-120.56788515, 44.40995855], [-120.55912872, 44.41163674], [-120.55521324, 44.41583201], [-120.5547861, 44.41883207], [-120.55076384, 44.42066255], [-120.54385836, 44.42325562], [-120.53314579, 44.42938299], [-120.5310334, 44.43375358], [-120.52009228, 44.44083092], [-120.50871785, 44.44841008], [-120.49891417, 44.45509902], [-120.49526858, 44.45770116], [-120.49531141, 44.45772192], [-120.49095226, 44.46113066], [-120.4663211, 44.44969208], [-120.4664136, 44.4496132]]]}, "properties": {"zone_name": "US-OR-CRO-CRR-4SK-A", "level": 1, "fire_name": "Rowe Creek Complex", "county": "Crook", "addresses": 2, "unmatched_addresses": 0, "unmatched_fraction_pct": 0, "geometry_source": "cached", "geometry_cache_age_days": 0, "overlapping_zips": [{"zip": "97754", "fraction_pct": 100.0}]}}, {"type": "Feature", "geometry": {"type": "Polygon", "coordinates": [[[-120.5612876, 44.3421345], [-120.5605351, 44.3424134], [-120.5596014, 44.3427041], [-120.5564304, 44.3436028], [-120.5549672, 44.344169], [-120.5537019, 44.3448008], [-120.5522387, 44.3456349], [-120.5512421, 44.3463072], [-120.5503373, 44.3470857], [-120.5492528, 44.3480793], [-120.54819016, 44.34902428], [-120.5475657, 44.3495796], [-120.5436019, 44.3534688], [-120.5414991, 44.3554461], [-120.5409958, 44.3560947], [-120.540495, 44.357327], [-120.539983, 44.3586077], [-120.5397534, 44.3598849], [-120.5396891, 44.3610347], [-120.5396676, 44.3618141], [-120.5404004, 44.3637293], [-120.5408617, 44.3644066], [-120.54132, 44.365259], [-120.541479, 44.365647], [-120.5414507, 44.3664246], [-120.5409121, 44.3673918], [-120.540086, 44.3681595], [-120.5383533, 44.3691596], [-120.5371581, 44.369563], [-120.5354758, 44.3698292], [-120.5349467, 44.3698889], [-120.5340787, 44.3700211], [-120.5330964, 44.3703499], [-120.532574, 44.3706259], [-120.5317336, 44.3711576], [-120.5314122, 44.3713627], [-120.5303984, 44.3720095], [-120.5284613, 44.3732994], [-120.5272954, 44.3740211], [-120.5267009, 44.3744623], [-120.5262252, 44.374867], [-120.5258855, 44.3752191], [-120.5256647, 44.3755429], [-120.525482, 44.37588], [-120.5253136, 44.3765062], [-120.5252513, 44.3774006], [-120.5251664, 44.3779308], [-120.5250191, 44.3783234], [-120.5249172, 44.3785298], [-120.5247134, 44.378809], [-120.5244359, 44.3790802], [-120.5242377, 44.3792623], [-120.5238923, 44.3795051], [-120.5231335, 44.3799179], [-120.5224597, 44.3803307], [-120.5223238, 44.3804198], [-120.5219178, 44.3807739], [-120.5211404, 44.3817107], [-120.5208516, 44.3819981], [-120.5205571, 44.3822166], [-120.5202853, 44.3824028], [-120.5197078, 44.3827063], [-120.5191649, 44.3829698], [-120.518167, 44.3834392], [-120.5166467, 44.3843141], [-120.5157208, 44.3851591], [-120.5154129, 44.3859043], [-120.5152488, 44.3867707], [-120.5155374, 44.3874201], [-120.5158861, 44.387848], [-120.5162573, 44.3881784], [-120.5169, 44.388996], [-120.5174404, 44.3897325], [-120.5176638, 44.3903757], [-120.5174374, 44.3913226], [-120.5169643, 44.39209], [-120.516415, 44.3926519], [-120.5156886, 44.3938908], [-120.5154633, 44.394603], [-120.5152702, 44.3954332], [-120.5149484, 44.3965088], [-120.5144613, 44.3974118], [-120.5136684, 44.3983524], [-120.5124164, 44.3993252], [-120.5113145, 44.4000319], [-120.5095196, 44.4012155], [-120.5081538, 44.402225], [-120.5071807, 44.4028244], [-120.5056454, 44.4031034], [-120.5045843, 44.4031325], [-120.5035715, 44.4034223], [-120.5028473, 44.4040546], [-120.5026778, 44.4047468], [-120.5030093, 44.405409], [-120.5036595, 44.4061831], [-120.5042796, 44.4070293], [-120.5045253, 44.4076241], [-120.504386, 44.408304], [-120.503205, 44.409926], [-120.501126, 44.412361], [-120.500861, 44.412729], [-120.5001053, 44.4135609], [-120.4990205, 44.4148354], [-120.49899738, 44.41486341], [-120.49477898, 44.41300913], [-120.49116974, 44.41324351], [-120.48903701, 44.41101691], [-120.48395127, 44.41025516], [-120.47919364, 44.41078252], [-120.47328762, 44.4111341], [-120.46442858, 44.41511847], [-120.45712808, 44.41904398], [-120.45343681, 44.42144603], [-120.44720268, 44.42097735], [-120.43949203, 44.42097735], [-120.4332579, 44.41980562], [-120.42505509, 44.4162317], [-120.41234073, 44.4155872], [-120.37806416, 44.41429565], [-120.37812789, 44.41425663], [-120.38214163, 44.41355925], [-120.3830637, 44.41259064], [-120.38322642, 44.41169951], [-120.38398578, 44.41104084], [-120.38517905, 44.41096335], [-120.39168782, 44.40790238], [-120.39369469, 44.40782488], [-120.3949422, 44.40681743], [-120.39711179, 44.40611996], [-120.39949834, 44.40453124], [-120.40291544, 44.40185745], [-120.40389175, 44.40162494], [-120.40551894, 44.40104366], [-120.40725461, 44.39984233], [-120.40817669, 44.39949355], [-120.41257011, 44.39798216], [-120.41604145, 44.39697454], [-120.41766864, 44.39600567], [-120.41962127, 44.39538558], [-120.41978287, 44.39544775], [-120.44342055, 44.38748005], [-120.45743942, 44.37624356], [-120.47091631, 44.3681861], [-120.47319334, 44.36607481], [-120.47919026, 44.36257732], [-120.48447528, 44.35889005], [-120.48587306, 44.35634319], [-120.48553488, 44.35447328], [-120.487857, 44.35411864], [-120.49211797, 44.35411864], [-120.50068501, 44.35168442], [-120.50559978, 44.35110406], [-120.51028911, 44.3489438], [-120.51563223, 44.34713814], [-120.52104299, 44.34552589], [-120.52600285, 44.34478425], [-120.53497569, 44.34420382], [-120.54090498, 44.34417157], [-120.54390565, 44.34354277], [-120.54622777, 44.34254313], [-120.55035348, 44.34147897], [-120.55411846, 44.34018905], [-120.56067901, 44.33839925], [-120.56320785, 44.34113597], [-120.5630287, 44.3412586], [-120.56270862, 44.34142813], [-120.56221877, 44.3416876], [-120.5621389, 44.3417299], [-120.56195399, 44.34181778], [-120.5612876, 44.3421345]]]}, "properties": {"zone_name": "US-OR-CRO-CRR-8SB", "level": 1, "fire_name": "Rowe Creek Complex", "county": "Crook", "addresses": 24, "unmatched_addresses": 2, "unmatched_fraction_pct": 6.4, "geometry_source": "cached", "geometry_cache_age_days": 0, "overlapping_zips": [{"zip": "97754", "fraction_pct": 93.6}]}}, {"type": "Feature", "geometry": {"type": "Polygon", "coordinates": [[[-120.67036577, 44.34481241], [-120.6711579, 44.35002375], [-120.67150674, 44.35294576], [-120.67195524, 44.35426418], [-120.67160641, 44.35700782], [-120.67125757, 44.35953756], [-120.67069516, 44.36140808], [-120.66939949, 44.36368824], [-120.66880149, 44.36611081], [-120.66805398, 44.36760706], [-120.66675831, 44.36892515], [-120.66640947, 44.37148999], [-120.66581147, 44.37266551], [-120.66479486, 44.3751269], [-120.6646952, 44.37683663], [-120.6642467, 44.38032717], [-120.66085801, 44.38452979], [-120.659363, 44.38684466], [-120.65880622, 44.38948678], [-120.65904485, 44.38945225], [-120.65857277, 44.39064101], [-120.65805063, 44.39274218], [-120.6569514, 44.39447018], [-120.65620942, 44.39572689], [-120.65502774, 44.39680684], [-120.65363727, 44.39803932], [-120.65220826, 44.39904069], [-120.6513014, 44.39988497], [-120.65099911, 44.40067034], [-120.64915789, 44.40188764], [-120.6474266, 44.40294785], [-120.64602507, 44.40343868], [-120.64437622, 44.40479336], [-120.64272737, 44.4054805], [-120.64076854, 44.40654797], [-120.63964182, 44.40766699], [-120.63914717, 44.40933566], [-120.63843267, 44.41025832], [-120.63714107, 44.41106318], [-120.63323879, 44.41149505], [-120.63018841, 44.41251583], [-120.62878689, 44.41422362], [-120.62755025, 44.41532287], [-120.62656094, 44.41653986], [-120.62592888, 44.41703058], [-120.62480217, 44.41712872], [-120.62315332, 44.41697169], [-120.62103729, 44.41683429], [-120.61969073, 44.41705021], [-120.61861898, 44.41744278], [-120.61611822, 44.41932708], [-120.61496402, 44.42038697], [-120.61391691, 44.42085905], [-120.61386195, 44.42040762], [-120.61331233, 44.42032911], [-120.61270775, 44.42062352], [-120.61218562, 44.42087867], [-120.6103444, 44.42186003], [-120.60877799, 44.42231145], [-120.60817341, 44.42386195], [-120.60707418, 44.42466662], [-120.6044635, 44.42511802], [-120.60325144, 44.42638235], [-120.6018774, 44.42695149], [-120.60003618, 44.42836449], [-120.59893694, 44.42922797], [-120.59638123, 44.43032694], [-120.59322093, 44.43140625], [-120.58920873, 44.43272103], [-120.58799202, 44.43371297], [-120.58738744, 44.43506694], [-120.58576607, 44.43704878], [-120.5841447, 44.4384223], [-120.58222104, 44.43985465], [-120.57914319, 44.44020782], [-120.57727449, 44.44038441], [-120.57598289, 44.44134582], [-120.57383938, 44.44252303], [-120.57235542, 44.44262113], [-120.56916764, 44.44271923], [-120.56661192, 44.44344517], [-120.5659249, 44.44424957], [-120.56424857, 44.44411223], [-120.56287452, 44.44501472], [-120.56059361, 44.44552482], [-120.55883484, 44.44630958], [-120.55666385, 44.44605453], [-120.55504248, 44.4468589], [-120.55438294, 44.44748669], [-120.55295394, 44.44764364], [-120.55146997, 44.44946811], [-120.5504257, 44.4503509], [-120.5498486, 44.45111598], [-120.54817227, 44.45166525], [-120.54693563, 44.45237146], [-120.54668831, 44.45327382], [-120.54520434, 44.4543331], [-120.54470968, 44.4548235], [-120.54434659, 44.45581454], [-120.5434672, 44.45606954], [-120.5426153, 44.45773683], [-120.54102141, 44.45859988], [-120.54052675, 44.45922755], [-120.53912523, 44.4601298], [-120.53736645, 44.46181659], [-120.53527791, 44.46454281], [-120.53379394, 44.46646482], [-120.53159548, 44.46685706], [-120.5318428, 44.46811221], [-120.53159548, 44.46936732], [-120.53030388, 44.46964188], [-120.52951929, 44.47005371], [-120.52894219, 44.47089696], [-120.5283651, 44.47156372], [-120.5273483, 44.4711519], [-120.52685365, 44.47044592], [-120.52542464, 44.47015176], [-120.52438037, 44.47054397], [-120.52259412, 44.47085774], [-120.52243816, 44.47086876], [-120.51981855, 44.47105385], [-120.51685062, 44.47138722], [-120.51427971, 44.47196381], [-120.49095226, 44.46113066], [-120.49531141, 44.45772192], [-120.49526858, 44.45770116], [-120.49891417, 44.45509902], [-120.50871785, 44.44841008], [-120.52009228, 44.44083092], [-120.5310334, 44.43375358], [-120.53314579, 44.42938299], [-120.54385836, 44.42325562], [-120.55076384, 44.42066255], [-120.5547861, 44.41883207], [-120.55521324, 44.41583201], [-120.55912872, 44.41163674], [-120.56788515, 44.40995855], [-120.57119551, 44.40838202], [-120.57859932, 44.40380477], [-120.58845921, 44.3989474], [-120.59603262, 44.38644882], [-120.60494077, 44.37706076], [-120.60720555, 44.36853467], [-120.60895173, 44.36733886], [-120.61174087, 44.36573605], [-120.6154317, 44.36363413], [-120.62074899, 44.36175575], [-120.62268823, 44.35743972], [-120.62140151, 44.34611339], [-120.62291147, 44.34409683], [-120.62369374, 44.34259412], [-120.62574947, 44.34105885], [-120.66946577, 44.34240944], [-120.67036577, 44.34481241]]]}, "properties": {"zone_name": "US-OR-CRO-CRR-4SC", "level": 1, "fire_name": "Rowe Creek Complex", "county": "Crook", "addresses": 16, "unmatched_addresses": 0, "unmatched_fraction_pct": 0.1, "geometry_source": "cached", "geometry_cache_age_days": 0, "overlapping_zips": [{"zip": "97754", "fraction_pct": 99.9}]}}, {"type": "Feature", "geometry": {"type": "Polygon", "coordinates": [[[-121.39834375, 42.35448556], [-121.3981489, 42.3552579], [-121.3980009, 42.3559882], [-121.3979193, 42.3574281], [-121.397906, 42.3578267], [-121.397902, 42.3582282], [-121.397902, 42.3590311], [-121.397911, 42.3606937], [-121.3979418, 42.3631164], [-121.39793817, 42.36315339], [-121.3979021, 42.3635208], [-121.3977509, 42.364183], [-121.397605, 42.3644872], [-121.3974674, 42.3647046], [-121.3973134, 42.3649099], [-121.3971196, 42.3651394], [-121.3968858, 42.3653642], [-121.3966375, 42.3655761], [-121.396456, 42.3657154], [-121.3962416, 42.3658516], [-121.3959361, 42.3660136], [-121.3956164, 42.3661567], [-121.3952264, 42.3663035], [-121.3933732, 42.3668415], [-121.3916932, 42.3673175], [-121.3905234, 42.3676252], [-121.3900094, 42.3677869], [-121.389617, 42.3679264], [-121.389241, 42.3680673], [-121.3888181, 42.368267], [-121.3884279, 42.3684431], [-121.3879371, 42.3686633], [-121.3877271, 42.3687642], [-121.38769934, 42.36877569], [-121.3876916, 42.3687699], [-121.38753894, 42.36862066], [-121.38738945, 42.36856524], [-121.3867935, 42.3684816], [-121.3865144, 42.3684604], [-121.385206, 42.368596], [-121.38343, 42.368318], [-121.381819, 42.36826], [-121.381109, 42.367992], [-121.377246, 42.368037], [-121.37653301, 42.36788268], [-121.376344, 42.367785], [-121.375393, 42.365731], [-121.3741852, 42.36433585], [-121.374123, 42.364264], [-121.373767, 42.363807], [-121.37372457, 42.36364399], [-121.37371739, 42.36310721], [-121.373717, 42.363078], [-121.37371971, 42.3630334], [-121.373666, 42.362116], [-121.37387542, 42.36155281], [-121.375049, 42.359471], [-121.375941, 42.358535], [-121.376615, 42.357127], [-121.37732303, 42.35649326], [-121.377504, 42.356245], [-121.37747645, 42.35596101], [-121.37728, 42.35513], [-121.377846, 42.353906], [-121.3777757, 42.35197143], [-121.377775, 42.351964], [-121.377705, 42.351014], [-121.3778723, 42.3490868], [-121.377874, 42.34907357], [-121.378156, 42.347849], [-121.37764129, 42.3461579], [-121.377641, 42.346157], [-121.377382, 42.345284], [-121.377511, 42.344133], [-121.377818, 42.343287], [-121.3781713, 42.34266759], [-121.378212, 42.342594], [-121.37894244, 42.34298007], [-121.3801188, 42.34385386], [-121.381039, 42.344146], [-121.38193616, 42.34420552], [-121.382432, 42.344199], [-121.38370654, 42.34424847], [-121.38431664, 42.34457788], [-121.38493576, 42.34462077], [-121.38618778, 42.34448554], [-121.38782832, 42.34425136], [-121.38966107, 42.34424692], [-121.390239, 42.344459], [-121.39077053, 42.34491083], [-121.391188, 42.345885], [-121.39121256, 42.34597261], [-121.39140771, 42.34667455], [-121.39224354, 42.34778041], [-121.39318535, 42.34966333], [-121.39375314, 42.35090932], [-121.39388862, 42.35194748], [-121.394717, 42.352776], [-121.39498681, 42.35292691], [-121.395405, 42.35306], [-121.396365, 42.353311], [-121.39751804, 42.3539296], [-121.39785841, 42.35439953], [-121.398127, 42.3544544], [-121.39834375, 42.35448556]]]}, "properties": {"zone_name": "US-OR-KLA-KLA-1727", "level": 1, "fire_name": "Wrights Spring", "county": "Klamath", "addresses": 16, "unmatched_addresses": 0, "unmatched_fraction_pct": 0, "geometry_source": "cached", "geometry_cache_age_days": 0, "overlapping_zips": [{"zip": "97623", "fraction_pct": 100.0}]}}, {"type": "Feature", "geometry": {"type": "Polygon", "coordinates": [[[-121.40671192, 42.28925537], [-121.4070077, 42.2907654], [-121.4072627, 42.2919403], [-121.407423, 42.292762], [-121.4074971, 42.2931166], [-121.4078169, 42.2946916], [-121.4079443, 42.2953241], [-121.4082669, 42.296974], [-121.4083223, 42.2972732], [-121.4083462, 42.2975697], [-121.4083465, 42.2978956], [-121.4083141, 42.2982186], [-121.4081513, 42.2995302], [-121.4078763, 42.3017493], [-121.407578, 42.3044368], [-121.4073773, 42.305892], [-121.40738, 42.306048], [-121.4074128, 42.306152], [-121.4074691, 42.3062595], [-121.4075582, 42.3063566], [-121.4076801, 42.3064399], [-121.4078385, 42.3064992], [-121.4076231, 42.3067299], [-121.4074409, 42.3069802], [-121.4072754, 42.3073267], [-121.4072205, 42.307639], [-121.4070337, 42.3092152], [-121.406904, 42.3103093], [-121.4068158, 42.3112581], [-121.4068178, 42.3117296], [-121.4068473, 42.3121996], [-121.4069095, 42.3126279], [-121.4069984, 42.3130506], [-121.4071818, 42.313634], [-121.407354, 42.3140993], [-121.4074975, 42.3144641], [-121.4076417, 42.3148308], [-121.40795648, 42.31563125], [-121.4080344, 42.3158294], [-121.4080926, 42.3161731], [-121.4080829, 42.3163198], [-121.4080441, 42.3165418], [-121.4080054, 42.316685], [-121.4079425, 42.316864], [-121.4078456, 42.3170859], [-121.4077295, 42.3172649], [-121.4075745, 42.3174439], [-121.407347, 42.3176515], [-121.4060156, 42.3188365], [-121.4059817, 42.3188615], [-121.4057445, 42.3190656], [-121.4055653, 42.3192088], [-121.4054056, 42.3193197], [-121.4052652, 42.3194056], [-121.4051345, 42.3194701], [-121.4049941, 42.3195381], [-121.4048633, 42.3195918], [-121.4046697, 42.3196491], [-121.4043744, 42.3197386], [-121.4035997, 42.3199748], [-121.4014792, 42.3205762], [-121.4005932, 42.3208447], [-121.4002543, 42.3209664], [-121.3999881, 42.3210845], [-121.3997121, 42.3212277], [-121.399349, 42.3214711], [-121.3990634, 42.3217038], [-121.3989181, 42.321847], [-121.3986615, 42.322119], [-121.3982597, 42.3225629], [-121.3980999, 42.3227598], [-121.3979402, 42.3229889], [-121.397797, 42.3232425], [-121.39779612, 42.32325356], [-121.39758123, 42.32320003], [-121.39728612, 42.3230623], [-121.39701214, 42.32265317], [-121.39646296, 42.32154125], [-121.395808, 42.320833], [-121.394213, 42.317574], [-121.39205, 42.314878], [-121.390407, 42.312151], [-121.389094, 42.310495], [-121.38734477, 42.30905929], [-121.387308, 42.309021], [-121.385917, 42.308009], [-121.385279, 42.307744], [-121.3851523, 42.30771602], [-121.384307, 42.307637], [-121.38426199, 42.30763035], [-121.382448, 42.307625], [-121.37911839, 42.3081227], [-121.37706, 42.30762], [-121.377204, 42.306139], [-121.377151, 42.295151], [-121.374219, 42.295168], [-121.37353104, 42.29484019], [-121.372149, 42.293694], [-121.37214169, 42.29341869], [-121.372135, 42.292499], [-121.3863397, 42.2925011], [-121.390138, 42.292923], [-121.3931833, 42.292446], [-121.395609, 42.292068], [-121.396325, 42.291751], [-121.397771, 42.290758], [-121.398336, 42.29073], [-121.398953, 42.290641], [-121.400223, 42.289889], [-121.401041, 42.289774], [-121.401559, 42.289921], [-121.402901, 42.290672], [-121.403304, 42.290699], [-121.405202, 42.289947], [-121.405389, 42.289462], [-121.405887, 42.289223], [-121.4067038, 42.289257], [-121.40671192, 42.28925537]]]}, "properties": {"zone_name": "US-OR-KLA-KLA-1972", "level": 1, "fire_name": "Wrights Spring", "county": "Klamath", "addresses": 30, "unmatched_addresses": 0, "unmatched_fraction_pct": 0, "geometry_source": "cached", "geometry_cache_age_days": 0, "overlapping_zips": [{"zip": "97623", "fraction_pct": 100.0}]}}, {"type": "Feature", "geometry": {"type": "Polygon", "coordinates": [[[-121.43324444, 42.30537003], [-121.4329639, 42.3056838], [-121.4327376, 42.3060398], [-121.432572, 42.306394], [-121.43228, 42.3070779], [-121.4320726, 42.307405], [-121.4318569, 42.3076563], [-121.4315916, 42.3078974], [-121.4313519, 42.3080815], [-121.4311238, 42.3082249], [-121.4308425, 42.3083552], [-121.4304336, 42.3085104], [-121.4299176, 42.3086511], [-121.4291516, 42.3087991], [-121.4280627, 42.3090073], [-121.4276972, 42.3090538], [-121.4273982, 42.3090617], [-121.4270936, 42.3090459], [-121.4267894, 42.3090151], [-121.4263956, 42.3089317], [-121.4260269, 42.3088061], [-121.4256519, 42.3086323], [-121.4252986, 42.3084214], [-121.4247669, 42.3080122], [-121.4240744, 42.3074929], [-121.4234051, 42.3069492], [-121.4229646, 42.3065619], [-121.4225413, 42.3061676], [-121.4214219, 42.305038], [-121.4210063, 42.3047477], [-121.4209425, 42.3047193], [-121.4205278, 42.3045348], [-121.4200608, 42.304427], [-121.4195658, 42.3043875], [-121.418998, 42.3044248], [-121.4184888, 42.3045213], [-121.4180135, 42.3046958], [-121.4175886, 42.3049374], [-121.4173269, 42.3051546], [-121.417099, 42.3053667], [-121.4168936, 42.3055736], [-121.4166766, 42.3058006], [-121.416505, 42.305946], [-121.4163218, 42.3060731], [-121.4161099, 42.3061848], [-121.4158402, 42.3062994], [-121.4156261, 42.3063629], [-121.4153145, 42.306432], [-121.4150937, 42.3064698], [-121.414887, 42.3064929], [-121.4146532, 42.3065018], [-121.4143914, 42.3064937], [-121.4140979, 42.3064645], [-121.4108065, 42.3057802], [-121.4103538, 42.3057095], [-121.4099071, 42.3056887], [-121.4095091, 42.3057245], [-121.4090752, 42.3058164], [-121.4087609, 42.305923], [-121.4084417, 42.306056], [-121.408138, 42.30624], [-121.4078385, 42.3064992], [-121.4076801, 42.3064399], [-121.4075582, 42.3063566], [-121.4074691, 42.3062595], [-121.4074128, 42.306152], [-121.40738, 42.306048], [-121.4073773, 42.305892], [-121.407578, 42.3044368], [-121.4078763, 42.3017493], [-121.4081513, 42.2995302], [-121.4083141, 42.2982186], [-121.4083465, 42.2978956], [-121.4083462, 42.2975697], [-121.4083223, 42.2972732], [-121.4082669, 42.296974], [-121.4079443, 42.2953241], [-121.4078169, 42.2946916], [-121.4074971, 42.2931166], [-121.407423, 42.292762], [-121.40726865, 42.29197079], [-121.40906094, 42.29188969], [-121.41019484, 42.2919631], [-121.41057377, 42.29197978], [-121.41102487, 42.29179959], [-121.41137673, 42.2917829], [-121.4117286, 42.29208657], [-121.41229665, 42.29292262], [-121.41273422, 42.29375017], [-121.41302293, 42.29360334], [-121.41381687, 42.29331637], [-121.41466044, 42.29272575], [-121.41520174, 42.29239869], [-121.41651446, 42.29226187], [-121.41732888, 42.2923647], [-121.41794238, 42.29244813], [-121.41824913, 42.29273844], [-121.41925059, 42.29384294], [-121.42029715, 42.2948683], [-121.42060841, 42.29564243], [-121.42116327, 42.2965033], [-121.42186248, 42.29744424], [-121.42258678, 42.29878492], [-121.4232093, 42.29958236], [-121.4239446, 42.30052325], [-121.42448142, 42.30108378], [-121.42463299, 42.30152153], [-121.42461494, 42.30204869], [-121.42493071, 42.30250911], [-121.42592314, 42.3031597], [-121.4265519, 42.30363142], [-121.4271609, 42.30438543], [-121.42738194, 42.30481247], [-121.42758493, 42.30515944], [-121.42835757, 42.30565249], [-121.42905399, 42.30583686], [-121.42998778, 42.30595696], [-121.43049752, 42.30587022], [-121.4308539, 42.30516294], [-121.43133207, 42.30460245], [-121.43170197, 42.3043956], [-121.43226627, 42.30447567], [-121.43265422, 42.30443898], [-121.43306472, 42.30454574], [-121.43304668, 42.30525302], [-121.43324444, 42.30537003]]]}, "properties": {"zone_name": "US-OR-KLA-KLA-1967", "level": 1, "fire_name": "Wrights Spring", "county": "Klamath", "addresses": 58, "unmatched_addresses": 0, "unmatched_fraction_pct": 0, "geometry_source": "cached", "geometry_cache_age_days": 0, "overlapping_zips": [{"zip": "97623", "fraction_pct": 100.0}]}}, {"type": "Feature", "geometry": {"type": "Polygon", "coordinates": [[[-121.35518567, 42.40096233], [-121.3596932, 42.3980391], [-121.35978604, 42.39797858], [-121.35989385, 42.3979083], [-121.3600945, 42.3977775], [-121.36029423, 42.3976392], [-121.36039848, 42.39756701], [-121.3604938, 42.397501], [-121.36060375, 42.397413], [-121.3607137, 42.397325], [-121.36125177, 42.39685573], [-121.3617898, 42.3963865], [-121.36217479, 42.39605501], [-121.3625598, 42.3957235], [-121.36275675, 42.39558605], [-121.3629537, 42.3954486], [-121.36319065, 42.3953096], [-121.3634276, 42.3951706], [-121.3647552, 42.39444895], [-121.3660828, 42.3937273], [-121.36787825, 42.39274851], [-121.3696737, 42.3917697], [-121.36978205, 42.39171175], [-121.3698904, 42.3916538], [-121.3701485, 42.39151095], [-121.3704066, 42.3913681], [-121.37084333, 42.39113324], [-121.37094939, 42.39107621], [-121.37112345, 42.3909826], [-121.3718403, 42.3905971], [-121.3720002, 42.3905004], [-121.3721601, 42.3904037], [-121.37231345, 42.39030005], [-121.3724668, 42.3901964], [-121.37265194, 42.39004993], [-121.37268122, 42.39002677], [-121.3728536, 42.3898904], [-121.37293942, 42.38980636], [-121.37297327, 42.38977321], [-121.37305125, 42.38969685], [-121.3732489, 42.3895033], [-121.3735973, 42.3891164], [-121.37373505, 42.3889439], [-121.3738728, 42.3887714], [-121.37400345, 42.38858], [-121.3741341, 42.3883886], [-121.3742247, 42.38820095], [-121.3743153, 42.3880133], [-121.37438862, 42.38781717], [-121.3744617, 42.3876217], [-121.37452485, 42.3874536], [-121.374588, 42.3872855], [-121.37463985, 42.38707115], [-121.3746917, 42.3868568], [-121.37471535, 42.3866669], [-121.374739, 42.386477], [-121.3747486, 42.3863249], [-121.3747582, 42.3861728], [-121.3747568, 42.3859985], [-121.3747554, 42.3858242], [-121.3747345, 42.3855874], [-121.3747136, 42.3853506], [-121.37470305, 42.3852693], [-121.37469584, 42.38521378], [-121.37465755, 42.3849188], [-121.3746015, 42.384487], [-121.37454535, 42.3840982], [-121.3744892, 42.3837094], [-121.3744824, 42.38352085], [-121.3744756, 42.3833323], [-121.3745001, 42.3831866], [-121.3745246, 42.3830409], [-121.3745879, 42.3827657], [-121.3746505, 42.3825832], [-121.3747131, 42.3824007], [-121.3748568, 42.3820768], [-121.3750005, 42.3817529], [-121.37508334, 42.38156595], [-121.37509705, 42.38153503], [-121.37511611, 42.381492], [-121.3751739, 42.3813616], [-121.3753473, 42.3809703], [-121.37546985, 42.3806843], [-121.3755924, 42.3803983], [-121.3757174, 42.3801148], [-121.3758424, 42.3798313], [-121.37593975, 42.3796362], [-121.3760371, 42.3794411], [-121.376123, 42.3793131], [-121.3762089, 42.3791851], [-121.3762495, 42.37914065], [-121.3762901, 42.3790962], [-121.37635385, 42.37904445], [-121.3764176, 42.3789927], [-121.37652445, 42.3789176], [-121.3766313, 42.3788425], [-121.3767624, 42.3787659], [-121.3768935, 42.3786893], [-121.3770741, 42.37859765], [-121.3772547, 42.378506], [-121.3774657, 42.37841335], [-121.3776767, 42.3783207], [-121.37785165, 42.3782392], [-121.3780266, 42.3781577], [-121.3782, 42.37804305], [-121.3783734, 42.3779284], [-121.3784639, 42.37785715], [-121.3785544, 42.3777859], [-121.37866065, 42.377679], [-121.3787669, 42.3775721], [-121.37886185, 42.3774632], [-121.3789568, 42.3773543], [-121.37904055, 42.3772392], [-121.3791243, 42.3771241], [-121.3791905, 42.3770079], [-121.3792567, 42.3768917], [-121.3794872, 42.3763851], [-121.3796342, 42.37604862], [-121.3796917, 42.375917], [-121.37991315, 42.37538336], [-121.3801346, 42.3748497], [-121.38033818, 42.37443185], [-121.38063669, 42.37381913], [-121.38071251, 42.37367124], [-121.3808197, 42.3734622], [-121.381528, 42.3736021], [-121.3828767, 42.3738514], [-121.3832565, 42.3740298], [-121.383357, 42.373947], [-121.383495, 42.373856], [-121.3839445, 42.37362405], [-121.3840119, 42.3735843], [-121.384442, 42.373361], [-121.384636, 42.373271], [-121.384731, 42.373219], [-121.38482, 42.373174], [-121.384924, 42.373101], [-121.385372, 42.372686], [-121.385444, 42.37262], [-121.385862, 42.372216], [-121.386343, 42.37172], [-121.386422, 42.371627], [-121.386493, 42.371505], [-121.386551, 42.371378], [-121.386723, 42.370928], [-121.386827, 42.370696], [-121.386893, 42.370601], [-121.387117, 42.370357], [-121.387185, 42.370294], [-121.38726, 42.370239], [-121.387355, 42.370195], [-121.387461, 42.370164], [-121.387996, 42.370043], [-121.38851, 42.369952], [-121.388903, 42.3699], [-121.389126, 42.369893], [-121.390432, 42.369911], [-121.390732, 42.369932], [-121.390899, 42.369968], [-121.391065, 42.370012], [-121.391427, 42.370122], [-121.391611, 42.37017], [-121.391799, 42.37021], [-121.391847, 42.370221], [-121.391966, 42.37023], [-121.392085, 42.370219], [-121.392295, 42.370184], [-121.392562, 42.370124], [-121.39293665, 42.37000995], [-121.393141, 42.369943], [-121.393333, 42.369862], [-121.39355, 42.369752], [-121.393755, 42.369629], [-121.394178, 42.369336], [-121.39446688, 42.36936989], [-121.39524996, 42.3693734], [-121.39607421, 42.36936811], [-121.3973217, 42.36937012], [-121.39916534, 42.36936961], [-121.40113771, 42.36936732], [-121.40406006, 42.36937092], [-121.40888246, 42.36937987], [-121.40886303, 42.37681143], [-121.41393103, 42.37683505], [-121.41632394, 42.37679695], [-121.416886, 42.376788], [-121.416909, 42.376706], [-121.41691977, 42.37665547], [-121.416951, 42.376509], [-121.416972, 42.376366], [-121.41701, 42.376228], [-121.417063, 42.376093], [-121.417122, 42.375983], [-121.417318, 42.375707], [-121.417482, 42.375519], [-121.417678, 42.375344], [-121.417915, 42.375181], [-121.418086, 42.375083], [-121.418175, 42.37504], [-121.418481, 42.374893], [-121.41878732, 42.37474639], [-121.41920315, 42.37466945], [-121.4196661, 42.3745838], [-121.420339, 42.374575], [-121.420563, 42.374556], [-121.420912, 42.374508], [-121.421082, 42.374472], [-121.421288, 42.374417], [-121.421485, 42.374348], [-121.421668, 42.374262], [-121.421839, 42.374165], [-121.421974, 42.374077], [-121.4221, 42.373982], [-121.422247, 42.373848], [-121.422381, 42.373705], [-121.422582, 42.373463], [-121.422686, 42.373317], [-121.422703, 42.3732], [-121.422733, 42.372708], [-121.422739, 42.371755], [-121.422742, 42.371427], [-121.422703, 42.370181], [-121.42269, 42.369563], [-121.423645, 42.36941443], [-121.42437001, 42.36943344], [-121.42509944, 42.36945256], [-121.42584441, 42.36947208], [-121.4266052, 42.36949202], [-121.42733381, 42.3695111], [-121.42807519, 42.36953051], [-121.42873571, 42.3695478], [-121.42883565, 42.36954953], [-121.42876557, 42.37205981], [-121.428753, 42.37251], [-121.4285, 42.372687], [-121.42862935, 42.38406981], [-121.4288648, 42.39923418], [-121.42376239, 42.39906441], [-121.423903, 42.399532], [-121.424136, 42.400201], [-121.424178, 42.400351], [-121.42421, 42.400501], [-121.424239, 42.40071], [-121.424237, 42.400814], [-121.424207, 42.400949], [-121.424161, 42.401082], [-121.424104, 42.401215], [-121.423811, 42.40175], [-121.423644, 42.40202], [-121.423544, 42.402209], [-121.42322699, 42.40261003], [-121.423088, 42.40297], [-121.422823, 42.402726], [-121.42240328, 42.4023757], [-121.42205, 42.402059], [-121.421552, 42.401589], [-121.421405, 42.401473], [-121.421099, 42.401247], [-121.420966, 42.401123], [-121.42086, 42.400996], [-121.420765, 42.400865], [-121.420691, 42.400749], [-121.420627, 42.40063], [-121.420573, 42.400508], [-121.420527, 42.400352], [-121.420389, 42.399774], [-121.420235, 42.399001], [-121.40892332, 42.39876955], [-121.4089222, 42.39901788], [-121.40890815, 42.40599741], [-121.39908062, 42.40603079], [-121.3990961, 42.39889933], [-121.39909653, 42.39870112], [-121.39722917, 42.39885204], [-121.39735, 42.398935], [-121.397444, 42.399014], [-121.39753, 42.399098], [-121.397613, 42.399204], [-121.397755, 42.399422], [-121.397804, 42.399516], [-121.398122, 42.400119], [-121.398349, 42.40055], [-121.398446, 42.400776], [-121.398147, 42.401067], [-121.398048, 42.401129], [-121.397897, 42.401196], [-121.397643, 42.401251], [-121.397317, 42.401244], [-121.397217, 42.401249], [-121.397118, 42.401263], [-121.397007, 42.401288], [-121.396903, 42.401325], [-121.396834, 42.401365], [-121.39672, 42.401466], [-121.396613, 42.401572], [-121.396544, 42.401649], [-121.396437, 42.401786], [-121.396275, 42.40201], [-121.396111, 42.402269], [-121.396059, 42.402374], [-121.396013, 42.402481], [-121.395983, 42.402589], [-121.395972, 42.402699], [-121.395976, 42.40281], [-121.395997, 42.403014], [-121.39606, 42.40329], [-121.396088, 42.403474], [-121.396102, 42.403625], [-121.396102, 42.403699], [-121.396086, 42.403771], [-121.396068, 42.403811], [-121.395986, 42.403925], [-121.39592, 42.403996], [-121.395829, 42.40408], [-121.395726, 42.404157], [-121.395613, 42.404223], [-121.395493, 42.40427], [-121.395113, 42.404374], [-121.394745, 42.404454], [-121.394504, 42.404516], [-121.394346, 42.404564], [-121.394191, 42.404617], [-121.394046, 42.40468], [-121.393977, 42.404718], [-121.393912, 42.404762], [-121.393791, 42.404857], [-121.393556, 42.405054], [-121.392528, 42.405783], [-121.392261, 42.405952], [-121.392053, 42.406065], [-121.391839, 42.406173], [-121.391543, 42.406311], [-121.391388, 42.40637], [-121.391286, 42.406402], [-121.39118, 42.406429], [-121.39075, 42.406521], [-121.390247, 42.406636], [-121.390001, 42.406703], [-121.389797, 42.406768], [-121.389598, 42.406841], [-121.389406, 42.406922], [-121.389225, 42.407008], [-121.389052, 42.407102], [-121.388891, 42.407207], [-121.38881, 42.407272], [-121.388583, 42.40748], [-121.388364, 42.407661], [-121.388048, 42.407948], [-121.387949, 42.408051], [-121.387864, 42.408159], [-121.387802, 42.40827], [-121.387754, 42.408386], [-121.387718, 42.408505], [-121.387673, 42.408693], [-121.387665, 42.408763], [-121.387652, 42.409047], [-121.387627, 42.409186], [-121.387556, 42.409397], [-121.387508, 42.409499], [-121.387448, 42.409597], [-121.387356, 42.409707], [-121.387248, 42.409811], [-121.387131, 42.409909], [-121.387, 42.409999], [-121.386861, 42.410083], [-121.386635, 42.410245], [-121.386544, 42.410321], [-121.386461, 42.410401], [-121.386395, 42.410488], [-121.386349, 42.410581], [-121.386316, 42.410679], [-121.386295, 42.410779], [-121.386289, 42.410842], [-121.38629, 42.410905], [-121.386314, 42.411161], [-121.386312, 42.411392], [-121.386294, 42.411623], [-121.386263, 42.411816], [-121.386218, 42.412008], [-121.386174, 42.412148], [-121.386123, 42.412287], [-121.386072, 42.412396], [-121.385957, 42.412642], [-121.385777, 42.41308], [-121.38456427, 42.41303912], [-121.38446885, 42.41303843], [-121.38454128, 42.40588972], [-121.37970073, 42.40585111], [-121.37460514, 42.40581024], [-121.36993242, 42.40580085], [-121.366759, 42.40593], [-121.36003236, 42.40585413], [-121.35512741, 42.40584634], [-121.35423457, 42.40575359], [-121.3542032, 42.40573286], [-121.35435407, 42.40564104], [-121.35443358, 42.4055462], [-121.3545824, 42.40548749], [-121.35462114, 42.40549652], [-121.35464356, 42.40559286], [-121.35466191, 42.40557781], [-121.35472104, 42.40542276], [-121.35470473, 42.40537157], [-121.35465784, 42.40532942], [-121.3546558, 42.40506147], [-121.35469657, 42.40503888], [-121.35473938, 42.40498319], [-121.35492695, 42.40484469], [-121.35514305, 42.40464447], [-121.35524703, 42.40455114], [-121.3552878, 42.40452856], [-121.35532858, 42.40446985], [-121.3553877, 42.40444726], [-121.35539178, 42.40440662], [-121.35537751, 42.40431931], [-121.3552878, 42.40421393], [-121.3553612, 42.40418834], [-121.35541828, 42.40414317], [-121.35543459, 42.40410554], [-121.3554876, 42.40408145], [-121.35552633, 42.40408597], [-121.35560584, 42.40406339], [-121.35574855, 42.40406188], [-121.35578321, 42.40408898], [-121.35583214, 42.40408145], [-121.35588515, 42.40406339], [-121.35598912, 42.4040393], [-121.35611349, 42.40401672], [-121.35618688, 42.40400317], [-121.35622562, 42.40395801], [-121.35629493, 42.40394145], [-121.35638056, 42.4038436], [-121.35629289, 42.40383607], [-121.35626435, 42.40381951], [-121.3563459, 42.40374574], [-121.35633978, 42.40371413], [-121.35626435, 42.40372617], [-121.35622562, 42.40368402], [-121.35629493, 42.40363886], [-121.35631736, 42.40362079], [-121.35629085, 42.40356961], [-121.35631532, 42.40352595], [-121.35630716, 42.40349682], [-121.35627047, 42.40350736], [-121.35621542, 42.40347875], [-121.35615834, 42.40336886], [-121.3561196, 42.40333574], [-121.35615834, 42.40328606], [-121.35620115, 42.40327402], [-121.35625416, 42.40323487], [-121.35633163, 42.40323036], [-121.35639483, 42.40322434], [-121.35649677, 42.40322283], [-121.35657016, 42.40311444], [-121.35657016, 42.40306024], [-121.35660482, 42.40303616], [-121.35660482, 42.40300304], [-121.35661093, 42.40297293], [-121.35668025, 42.40297895], [-121.35671287, 42.40301207], [-121.35675976, 42.40297443], [-121.35686578, 42.40302411], [-121.35690859, 42.4029654], [-121.35691674, 42.40291873], [-121.35688616, 42.40289314], [-121.35690655, 42.40286604], [-121.35685966, 42.40281185], [-121.35683112, 42.40272152], [-121.35684335, 42.40261012], [-121.35687801, 42.40253334], [-121.35689839, 42.40248366], [-121.35702276, 42.40238129], [-121.35710838, 42.40234968], [-121.3571512, 42.40234516], [-121.35718993, 42.40235269], [-121.35730002, 42.40233613], [-121.35737138, 42.40230903], [-121.35743866, 42.40233161], [-121.35751605, 42.40230379], [-121.35760168, 42.4023068], [-121.35768119, 42.40229475], [-121.35771177, 42.40227819], [-121.35762614, 42.40218636], [-121.35804, 42.4020313], [-121.35807058, 42.40205087], [-121.35810524, 42.40203431], [-121.35807466, 42.40200721], [-121.35816029, 42.40199818], [-121.35819087, 42.40197861], [-121.35822145, 42.40200721], [-121.35829892, 42.40199366], [-121.35838251, 42.4019485], [-121.35843959, 42.40196054], [-121.35851299, 42.4019771], [-121.35860065, 42.40196355], [-121.35864347, 42.40190183], [-121.35875356, 42.40190032], [-121.35883103, 42.40188376], [-121.35872298, 42.4018386], [-121.35865366, 42.40184161], [-121.35863531, 42.40185817], [-121.35854969, 42.40182204], [-121.35859046, 42.40180548], [-121.35858027, 42.40176483], [-121.35860881, 42.40171214], [-121.35868016, 42.40168203], [-121.35882361, 42.40158245], [-121.35890109, 42.40154783], [-121.35893371, 42.40156439], [-121.35895817, 42.40155234], [-121.35893574, 42.40152073], [-121.35902953, 42.40147858], [-121.35912535, 42.40148008], [-121.35924971, 42.40142137], [-121.35912331, 42.40130695], [-121.35916612, 42.40128587], [-121.35918855, 42.40125878], [-121.35916408, 42.40122415], [-121.35924359, 42.40118651], [-121.35930679, 42.40120006], [-121.35934961, 42.401182], [-121.3593965, 42.40113382], [-121.35934553, 42.40106306], [-121.35943319, 42.40109167], [-121.35947193, 42.40107511], [-121.35947601, 42.40101639], [-121.35954328, 42.4010179], [-121.35961872, 42.40105855], [-121.35975408, 42.40099421], [-121.35994689, 42.400796], [-121.3599847, 42.40075971], [-121.35993555, 42.40071504], [-121.36006787, 42.400662], [-121.36015104, 42.40060616], [-121.3601964, 42.40068992], [-121.36026445, 42.40075133], [-121.36094873, 42.40115334], [-121.36096385, 42.40125663], [-121.36104702, 42.40131246], [-121.36104702, 42.40121475], [-121.36128519, 42.40134876], [-121.36144397, 42.4013683], [-121.36137592, 42.40142134], [-121.36187117, 42.40159721], [-121.36212447, 42.40172284], [-121.36229837, 42.4017368], [-121.36236642, 42.40168096], [-121.3623513, 42.40160838], [-121.36227191, 42.40148555], [-121.36210178, 42.4013348], [-121.36216605, 42.40122871], [-121.36209422, 42.40115334], [-121.36206398, 42.40129013], [-121.36194678, 42.40134876], [-121.361943, 42.40130967], [-121.36202617, 42.40127338], [-121.36199593, 42.40120359], [-121.36193166, 42.40114775], [-121.36185227, 42.40113938], [-121.36186361, 42.40123988], [-121.36177177, 42.40116089], [-121.36177177, 42.40103526], [-121.36179067, 42.40097943], [-121.36164701, 42.40090406], [-121.36137481, 42.4007533], [-121.36125006, 42.40067234], [-121.36123871, 42.40061651], [-121.3611253, 42.40059976], [-121.36097408, 42.40057184], [-121.36080017, 42.4004853], [-121.36064197, 42.40028698], [-121.3606949, 42.40014181], [-121.36076673, 42.39999385], [-121.36080831, 42.39983472], [-121.36083477, 42.39963651], [-121.36091038, 42.39936571], [-121.36103136, 42.39915911], [-121.36117124, 42.39907815], [-121.3613338, 42.39870126], [-121.361296, 42.39864822], [-121.36123929, 42.39866218], [-121.36120905, 42.39863705], [-121.36124307, 42.39858121], [-121.36136027, 42.39851979], [-121.36151905, 42.3984165], [-121.36157168, 42.39831934], [-121.36161704, 42.39817695], [-121.36166619, 42.3979229], [-121.36159058, 42.39783914], [-121.36149985, 42.39778051], [-121.36154521, 42.39769117], [-121.36157924, 42.39759067], [-121.36158219, 42.39753727], [-121.36069755, 42.39751494], [-121.36068621, 42.39785275], [-121.36068999, 42.3979365], [-121.36059926, 42.39809285], [-121.3604745, 42.3981766], [-121.36039133, 42.3981431], [-121.36034596, 42.39818777], [-121.35998155, 42.39832061], [-121.35986048, 42.39848026], [-121.35971347, 42.39930407], [-121.35960105, 42.39936793], [-121.35952322, 42.39957228], [-121.35935891, 42.39945733], [-121.35909948, 42.39926575], [-121.35896112, 42.39925937], [-121.35858062, 42.39946372], [-121.35824336, 42.39964891], [-121.35809634, 42.39955951], [-121.3578888, 42.39971916], [-121.35773314, 42.3997894], [-121.35767261, 42.39972554], [-121.35739588, 42.39987881], [-121.35745641, 42.39996821], [-121.35734399, 42.40011509], [-121.3571278, 42.40008316], [-121.35693755, 42.40047909], [-121.35691161, 42.40067705], [-121.35691161, 42.40087501], [-121.35677324, 42.40091333], [-121.35670406, 42.40107936], [-121.35677562, 42.40110952], [-121.35688288, 42.40108541], [-121.35689687, 42.40100276], [-121.35701346, 42.40106475], [-121.35696682, 42.40115084], [-121.35683625, 42.40119217], [-121.35674298, 42.40134025], [-121.35667302, 42.40141256], [-121.35660307, 42.40132647], [-121.35640254, 42.40135058], [-121.35632326, 42.40153654], [-121.35623932, 42.40166051], [-121.3561647, 42.40169495], [-121.35613672, 42.40184302], [-121.356216, 42.40188779], [-121.3561647, 42.40220117], [-121.35617869, 42.40246977], [-121.35612273, 42.40244911], [-121.3560761, 42.40226659], [-121.3560248, 42.40224249], [-121.35589889, 42.40229414], [-121.35581028, 42.40220461], [-121.35570302, 42.4021805], [-121.35570302, 42.40212196], [-121.35572634, 42.40205998], [-121.35571235, 42.40185336], [-121.35564706, 42.40182581], [-121.3552973, 42.40186024], [-121.35532061, 42.40171561], [-121.35530196, 42.40164674], [-121.355246, 42.4016364], [-121.35522734, 42.40159164], [-121.3552973, 42.40150899], [-121.35522268, 42.40143323], [-121.35511542, 42.40148833], [-121.35488691, 42.40171216], [-121.35470504, 42.40189812], [-121.35467239, 42.40211507], [-121.3544672, 42.40232169], [-121.35438792, 42.40240778], [-121.35430398, 42.40241811], [-121.35411277, 42.40230103], [-121.3539822, 42.40232169], [-121.35393556, 42.40239745], [-121.35397753, 42.40246977], [-121.35379566, 42.40251454], [-121.35367441, 42.40241123], [-121.35355316, 42.40241467], [-121.35354849, 42.40238023], [-121.35364643, 42.40231136], [-121.35387494, 42.40222527], [-121.35395421, 42.40223905], [-121.35407547, 42.4022356], [-121.35420138, 42.40219428], [-121.35427599, 42.40214951], [-121.35429465, 42.40203587], [-121.35428999, 42.40190157], [-121.35441124, 42.40180859], [-121.35450451, 42.40179137], [-121.35448119, 42.40168806], [-121.35440191, 42.40163985], [-121.35454648, 42.40156064], [-121.35516672, 42.40115773], [-121.35527398, 42.40103376], [-121.35518567, 42.40096233]]]}, "properties": {"zone_name": "US-OR-KLA-KLA-1572", "level": 1, "fire_name": "Wrights Spring", "county": "Klamath", "addresses": 5, "unmatched_addresses": 0, "unmatched_fraction_pct": 0, "geometry_source": "cached", "geometry_cache_age_days": 0, "overlapping_zips": [{"zip": "97623", "fraction_pct": 50.9}, {"zip": "97621", "fraction_pct": 31.4}, {"zip": "97639", "fraction_pct": 17.6}]}}, {"type": "Feature", "geometry": {"type": "Polygon", "coordinates": [[[-121.39965578, 42.33316164], [-121.39974, 42.33358], [-121.4002356, 42.3378346], [-121.4003218, 42.3384142], [-121.4004293, 42.3391746], [-121.4004484, 42.3394956], [-121.4004333, 42.3397847], [-121.4004068, 42.3400098], [-121.4003561, 42.3401652], [-121.4002523, 42.3404572], [-121.4000587, 42.3409013], [-121.3999169, 42.3412356], [-121.3996975, 42.3417926], [-121.3995287, 42.3422194], [-121.3994601, 42.3424602], [-121.3994371, 42.3426196], [-121.3994254, 42.3427735], [-121.39942588, 42.34277846], [-121.39892018, 42.34279859], [-121.39734004, 42.34305414], [-121.396891, 42.342856], [-121.39615669, 42.34203781], [-121.395735, 42.341955], [-121.394878, 42.342173], [-121.3942295, 42.34211737], [-121.393945, 42.342021], [-121.39363016, 42.34190683], [-121.39204, 42.341203], [-121.390178, 42.340728], [-121.389015, 42.340168], [-121.38641519, 42.33973384], [-121.384702, 42.340122], [-121.38242543, 42.34127661], [-121.38056016, 42.34128367], [-121.379021, 42.341915], [-121.378301, 42.34245767], [-121.378212, 42.342594], [-121.37749794, 42.34238138], [-121.377453, 42.342368], [-121.37683935, 42.34218193], [-121.37551, 42.341344], [-121.375164, 42.34086], [-121.375061, 42.340302], [-121.374792, 42.339664], [-121.37417857, 42.33923125], [-121.372257, 42.33743], [-121.37152224, 42.33699736], [-121.36984944, 42.33674393], [-121.368582, 42.336354], [-121.36790208, 42.33603811], [-121.367469, 42.335596], [-121.367359, 42.335237], [-121.36735887, 42.33522869], [-121.367315, 42.333486], [-121.36775576, 42.3324469], [-121.367796, 42.332369], [-121.367903, 42.331566], [-121.36790178, 42.33155664], [-121.367668, 42.33042], [-121.367307, 42.329504], [-121.36730458, 42.32949857], [-121.36694933, 42.32870192], [-121.36694, 42.328681], [-121.366042, 42.32727], [-121.365373, 42.326575], [-121.36532124, 42.32652832], [-121.36439603, 42.32582474], [-121.3643916, 42.3258215], [-121.36250182, 42.32454683], [-121.361695, 42.323668], [-121.35985926, 42.322147], [-121.359793, 42.322101], [-121.359861, 42.319462], [-121.35995681, 42.31946181], [-121.36238041, 42.31943137], [-121.362454, 42.31943], [-121.36341705, 42.31790263], [-121.363669, 42.316116], [-121.363872, 42.315899], [-121.36393669, 42.31584529], [-121.364857, 42.315094], [-121.36599552, 42.31467027], [-121.366421, 42.314467], [-121.367077, 42.313736], [-121.36752425, 42.31352283], [-121.367926, 42.313381], [-121.36936992, 42.31281295], [-121.369513, 42.312513], [-121.36955663, 42.31122441], [-121.370953, 42.310581], [-121.37124503, 42.31053077], [-121.37160844, 42.31031038], [-121.371703, 42.310122], [-121.37187882, 42.30932147], [-121.371881, 42.309304], [-121.372061, 42.308484], [-121.3722373, 42.30826262], [-121.372293, 42.30823], [-121.373468, 42.308214], [-121.37699217, 42.30762802], [-121.37706, 42.30762], [-121.37911839, 42.3081227], [-121.382448, 42.307625], [-121.38426199, 42.30763035], [-121.384307, 42.307637], [-121.3851523, 42.30771602], [-121.385279, 42.307744], [-121.385917, 42.308009], [-121.387308, 42.309021], [-121.38734477, 42.30905929], [-121.389094, 42.310495], [-121.390407, 42.312151], [-121.39205, 42.314878], [-121.394213, 42.317574], [-121.395808, 42.320833], [-121.39646296, 42.32154125], [-121.39701214, 42.32265317], [-121.39728612, 42.3230623], [-121.39758123, 42.32320003], [-121.39779612, 42.32325356], [-121.3977901, 42.3233289], [-121.3977562, 42.3235043], [-121.3977513, 42.3237155], [-121.3977513, 42.323873], [-121.3977804, 42.3241057], [-121.397801, 42.3242342], [-121.3978143, 42.3243169], [-121.3978724, 42.3246283], [-121.3981348, 42.325872], [-121.398474, 42.3273597], [-121.398727, 42.328548], [-121.39964877, 42.33312685], [-121.39965578, 42.33316164]]]}, "properties": {"zone_name": "US-OR-KLA-KLA-1731", "level": 1, "fire_name": "Wrights Spring", "county": "Klamath", "addresses": 14, "unmatched_addresses": 0, "unmatched_fraction_pct": 0, "geometry_source": "cached", "geometry_cache_age_days": 0, "overlapping_zips": [{"zip": "97623", "fraction_pct": 100.0}]}}, {"type": "Feature", "geometry": {"type": "Polygon", "coordinates": [[[-121.68350419, 42.56506265], [-121.6827986, 42.5646838], [-121.6825033, 42.5645394], [-121.6822257, 42.5644227], [-121.6819135, 42.5642931], [-121.6816207, 42.564204], [-121.6813723, 42.5641394], [-121.6810243, 42.5640656], [-121.6802545, 42.5639472], [-121.6776594, 42.563559], [-121.676706, 42.5634248], [-121.6763735, 42.5633483], [-121.6760759, 42.5632695], [-121.6756751, 42.5631297], [-121.6752929, 42.5629608], [-121.6747846, 42.5626542], [-121.673584, 42.56192], [-121.6731857, 42.5616783], [-121.6726746, 42.5613959], [-121.672093, 42.5611679], [-121.671453, 42.5609995], [-121.670048, 42.5607176], [-121.66894486, 42.56049962], [-121.6686133, 42.5604341], [-121.6630899, 42.5593275], [-121.662317, 42.5591425], [-121.66212805, 42.55907833], [-121.66209043, 42.55906555], [-121.66200853, 42.55903773], [-121.6615974, 42.5588981], [-121.66143878, 42.55883651], [-121.6601636, 42.5583414], [-121.6597362, 42.5582129], [-121.6593513, 42.5581588], [-121.6589718, 42.5581595], [-121.6586195, 42.5582129], [-121.6582467, 42.5583173], [-121.6579998, 42.5584283], [-121.6577225, 42.5585943], [-121.6574784, 42.5587796], [-121.65584173, 42.56022826], [-121.6557783, 42.5602844], [-121.6554706, 42.5605164], [-121.65533355, 42.56059463], [-121.6551262, 42.560713], [-121.6547921, 42.5608844], [-121.6544192, 42.5610217], [-121.6540464, 42.5611343], [-121.6536461, 42.5612256], [-121.653042, 42.5613033], [-121.6525255, 42.5613283], [-121.6520032, 42.5612951], [-121.6515184, 42.5612098], [-121.6510359, 42.5610875], [-121.6505761, 42.5609319], [-121.6482881, 42.5599507], [-121.6462714, 42.5591036], [-121.6450972, 42.5587528], [-121.6444868, 42.5584825], [-121.64438846, 42.55841568], [-121.64437652, 42.55840757], [-121.64433918, 42.55836819], [-121.64401279, 42.55809585], [-121.64353086, 42.55757181], [-121.64313052, 42.55668902], [-121.64174845, 42.55518448], [-121.64121552, 42.55474495], [-121.64105742, 42.55460407], [-121.64090188, 42.55423215], [-121.64046584, 42.55398586], [-121.63976461, 42.55371538], [-121.63950962, 42.55361394], [-121.63924046, 42.55338946], [-121.63913337, 42.55323919], [-121.63823324, 42.55280716], [-121.63766206, 42.55274141], [-121.63739176, 42.55286914], [-121.63706537, 42.55277898], [-121.63740451, 42.55307765], [-121.63738382, 42.55312417], [-121.63681784, 42.55285793], [-121.63634731, 42.5529383], [-121.63617002, 42.55302872], [-121.6356313, 42.55327487], [-121.63489484, 42.55370687], [-121.63451297, 42.55400827], [-121.6343354, 42.55423718], [-121.63403958, 42.55462105], [-121.6340102, 42.55467733], [-121.63403762, 42.55480721], [-121.63405134, 42.55489668], [-121.63413949, 42.55497605], [-121.63432168, 42.55503521], [-121.63441572, 42.55506408], [-121.6344549, 42.55509294], [-121.6345411, 42.55520405], [-121.63461162, 42.55530651], [-121.63471937, 42.55551287], [-121.63483691, 42.55561533], [-121.63490352, 42.55566728], [-121.63489372, 42.55568171], [-121.63468019, 42.55570624], [-121.63464492, 42.55574954], [-121.63462338, 42.55584622], [-121.63457244, 42.55598476], [-121.63450779, 42.55611607], [-121.63439613, 42.55625172], [-121.63419079, 42.55642067], [-121.63398209, 42.55654735], [-121.63386422, 42.55659148], [-121.63307579, 42.55681211], [-121.63301975, 42.55685054], [-121.63302336, 42.5568645], [-121.6329063, 42.5568916], [-121.6321484, 42.557034], [-121.6313706, 42.557134], [-121.6305097, 42.5572325], [-121.629799, 42.5572873], [-121.6291072, 42.5573084], [-121.6282064, 42.5573006], [-121.6271917, 42.5572481], [-121.6261927, 42.5571474], [-121.6252137, 42.556996], [-121.6243715, 42.556835], [-121.6235281, 42.5566234], [-121.6225624, 42.5563376], [-121.6218001, 42.5560579], [-121.6209538, 42.5557225], [-121.6201446, 42.5553357], [-121.62001246, 42.55526274], [-121.6194723, 42.5549645], [-121.6189236, 42.554616], [-121.6184289, 42.5542522], [-121.6180453, 42.5539432], [-121.6171018, 42.5530968], [-121.6158058, 42.5519187], [-121.61580201, 42.5519153], [-121.619291, 42.552067], [-121.619601, 42.551866], [-121.619828, 42.551215], [-121.620361, 42.549337], [-121.621262, 42.5462], [-121.62158993, 42.54540131], [-121.62162605, 42.54540273], [-121.62184876, 42.54513817], [-121.62212528, 42.54512681], [-121.62229003, 42.54528551], [-121.62228549, 42.54541832], [-121.62215431, 42.54562255], [-121.62197842, 42.54593973], [-121.62195057, 42.54610721], [-121.62196106, 42.54627469], [-121.62209701, 42.54654377], [-121.62216585, 42.54675301], [-121.62253628, 42.54702345], [-121.62270407, 42.54729445], [-121.62301307, 42.54749814], [-121.62325536, 42.54779114], [-121.62394979, 42.548177], [-121.62453102, 42.54835435], [-121.62465544, 42.54848122], [-121.62480991, 42.54906981], [-121.62534978, 42.54964065], [-121.62542335, 42.54978342], [-121.62541205, 42.5499262], [-121.62538388, 42.55005868], [-121.62540143, 42.5504028], [-121.62547774, 42.55062186], [-121.62557363, 42.55074473], [-121.62562447, 42.55084347], [-121.62594954, 42.55112017], [-121.62645723, 42.55169313], [-121.62707593, 42.55223723], [-121.62804563, 42.55287779], [-121.62911981, 42.5534943], [-121.62941537, 42.5536587], [-121.62961953, 42.55359704], [-121.63008655, 42.55361386], [-121.63100408, 42.55347677], [-121.63140417, 42.55347315], [-121.63151698, 42.553407], [-121.63167432, 42.55335698], [-121.63190349, 42.55321557], [-121.63223776, 42.55305781], [-121.63289817, 42.55283861], [-121.63338874, 42.5528512], [-121.63416419, 42.55275549], [-121.63523941, 42.55234562], [-121.6354088, 42.55210684], [-121.63567282, 42.55212206], [-121.63616911, 42.55193197], [-121.63838934, 42.55113378], [-121.63952388, 42.55109636], [-121.6405053, 42.55131455], [-121.64340875, 42.55310598], [-121.64410145, 42.55397453], [-121.64457308, 42.55541848], [-121.64494154, 42.5567104], [-121.64556321, 42.55735865], [-121.64653328, 42.55802401], [-121.64754575, 42.55860745], [-121.64874403, 42.55896849], [-121.65116769, 42.56017951], [-121.65208448, 42.56036595], [-121.65311315, 42.56047824], [-121.65365083, 42.56042625], [-121.65403189, 42.56027538], [-121.65467097, 42.559883], [-121.65523222, 42.55915777], [-121.65598366, 42.55823891], [-121.65624333, 42.55795465], [-121.65660928, 42.5577116], [-121.65734118, 42.55722549], [-121.65771257, 42.55710031], [-121.65832448, 42.5569257], [-121.65868277, 42.55690451], [-121.65891801, 42.55700692], [-121.66135951, 42.55772867], [-121.66416527, 42.55869072], [-121.66672967, 42.55911401], [-121.66793466, 42.55914952], [-121.66905865, 42.55900606], [-121.66985026, 42.55888203], [-121.67007843, 42.55862955], [-121.67029213, 42.55830624], [-121.67057291, 42.55814597], [-121.67078404, 42.55808213], [-121.67082587, 42.55785506], [-121.67074027, 42.55775644], [-121.67101277, 42.5577837], [-121.67112353, 42.55802817], [-121.67120437, 42.55833875], [-121.67200164, 42.55827671], [-121.67275169, 42.55808943], [-121.67318877, 42.55805803], [-121.67378914, 42.55801704], [-121.67405702, 42.55804635], [-121.67444198, 42.5581319], [-121.67481713, 42.55791356], [-121.67545089, 42.55744124], [-121.67569744, 42.55736801], [-121.6758859, 42.55743012], [-121.67684179, 42.55655488], [-121.67853259, 42.55593281], [-121.67901661, 42.55597098], [-121.67899068, 42.55603239], [-121.67884058, 42.5562026], [-121.67883742, 42.55635818], [-121.67878103, 42.55638355], [-121.67883188, 42.55645865], [-121.67893356, 42.55651523], [-121.67900546, 42.55644747], [-121.6790714, 42.55644262], [-121.67896087, 42.5566612], [-121.67887879, 42.55674927], [-121.67888806, 42.55682272], [-121.6787537, 42.55697548], [-121.67873054, 42.55712238], [-121.67875703, 42.55731463], [-121.67880337, 42.557384], [-121.67899138, 42.55756371], [-121.67894384, 42.55773022], [-121.67888529, 42.55776673], [-121.67891808, 42.55794659], [-121.67895088, 42.55800505], [-121.67888983, 42.55808254], [-121.67896779, 42.55816589], [-121.67897973, 42.55828029], [-121.67905522, 42.55830108], [-121.67903539, 42.55849885], [-121.67915855, 42.55853573], [-121.67921024, 42.55865336], [-121.67931753, 42.55870663], [-121.67944947, 42.55922345], [-121.67967872, 42.55973588], [-121.68006129, 42.56015241], [-121.68056697, 42.5605309], [-121.68077233, 42.56076829], [-121.68110876, 42.56095887], [-121.68120259, 42.56097073], [-121.68151883, 42.56087436], [-121.68159529, 42.56087175], [-121.6817894, 42.560854], [-121.68197384, 42.5608773], [-121.6822814, 42.56081137], [-121.68240402, 42.5608236], [-121.68245119, 42.56075392], [-121.68315254, 42.56107373], [-121.68324894, 42.56116356], [-121.68352407, 42.56132067], [-121.6839234, 42.56145644], [-121.68434025, 42.56145889], [-121.68478291, 42.56161054], [-121.68481089, 42.56170694], [-121.68502554, 42.56192036], [-121.68506024, 42.56207056], [-121.68551991, 42.5622939], [-121.68603002, 42.56280568], [-121.68607873, 42.56297441], [-121.68608441, 42.56313862], [-121.68600352, 42.56361497], [-121.68587288, 42.56381702], [-121.68562336, 42.56405681], [-121.68523206, 42.56425767], [-121.68494412, 42.56423459], [-121.68472177, 42.56431416], [-121.68461907, 42.56434295], [-121.68451638, 42.56442306], [-121.68435813, 42.5644595], [-121.68414901, 42.56495359], [-121.68408336, 42.56504915], [-121.68375904, 42.56504182], [-121.68359254, 42.56498619], [-121.68350419, 42.56506265]]]}, "properties": {"zone_name": "US-OR-KLA-FHZ-1166", "level": 1, "fire_name": "Wrights Spring", "county": "Klamath", "addresses": 14, "unmatched_addresses": 0, "unmatched_fraction_pct": 0, "geometry_source": "cached", "geometry_cache_age_days": 0, "overlapping_zips": [{"zip": "97624", "fraction_pct": 100.0}]}}, {"type": "Feature", "geometry": {"type": "Polygon", "coordinates": [[[-121.3994346, 42.3428683], [-121.3994654, 42.3430606], [-121.3995382, 42.3432819], [-121.399618, 42.3434701], [-121.3997009, 42.3436318], [-121.4000734, 42.3442544], [-121.4002362, 42.3445502], [-121.4003391, 42.3447788], [-121.4004076, 42.3449889], [-121.4004402, 42.345107], [-121.4004591, 42.3452131], [-121.4004684, 42.3453818], [-121.4004696, 42.3456117], [-121.4004396, 42.3458918], [-121.40043, 42.3461665], [-121.4004095, 42.3464153], [-121.4004017, 42.3466164], [-121.4004023, 42.3467971], [-121.4004178, 42.34697], [-121.4004461, 42.3471506], [-121.4004856, 42.3473126], [-121.4005232, 42.3474416], [-121.4005689, 42.3475818], [-121.4007497, 42.3480489], [-121.4007959, 42.348203], [-121.4008328, 42.3483514], [-121.4008449, 42.348463], [-121.4008516, 42.3486015], [-121.4008461, 42.3487303], [-121.4008251, 42.3488684], [-121.4007936, 42.3490244], [-121.4006541, 42.3495601], [-121.4005766, 42.3498006], [-121.4005157, 42.3499697], [-121.4004511, 42.3501363], [-121.4003917, 42.3502587], [-121.4003103, 42.3504157], [-121.4000994, 42.3507583], [-121.3999321, 42.3509926], [-121.3997431, 42.3512555], [-121.3995942, 42.3514455], [-121.3994695, 42.3516207], [-121.399286, 42.351882], [-121.3991834, 42.3520392], [-121.3990937, 42.3522005], [-121.3989684, 42.3524277], [-121.3988501, 42.352741], [-121.3987575, 42.3531033], [-121.398498, 42.353926], [-121.3983503, 42.3544596], [-121.39834375, 42.35448556], [-121.398127, 42.3544544], [-121.39785841, 42.35439953], [-121.39751804, 42.3539296], [-121.396365, 42.353311], [-121.395405, 42.35306], [-121.39498681, 42.35292691], [-121.394717, 42.352776], [-121.39388862, 42.35194748], [-121.39375314, 42.35090932], [-121.39318535, 42.34966333], [-121.39224354, 42.34778041], [-121.39140771, 42.34667455], [-121.39121256, 42.34597261], [-121.391188, 42.345885], [-121.39077053, 42.34491083], [-121.390239, 42.344459], [-121.38966107, 42.34424692], [-121.38782832, 42.34425136], [-121.38618778, 42.34448554], [-121.38493576, 42.34462077], [-121.38431664, 42.34457788], [-121.38370654, 42.34424847], [-121.382432, 42.344199], [-121.38193616, 42.34420552], [-121.381039, 42.344146], [-121.3801188, 42.34385386], [-121.37894244, 42.34298007], [-121.378212, 42.342594], [-121.378301, 42.34245767], [-121.379021, 42.341915], [-121.38056016, 42.34128367], [-121.38242543, 42.34127661], [-121.384702, 42.340122], [-121.38641519, 42.33973384], [-121.389015, 42.340168], [-121.390178, 42.340728], [-121.39204, 42.341203], [-121.39363016, 42.34190683], [-121.393945, 42.342021], [-121.3942295, 42.34211737], [-121.394878, 42.342173], [-121.395735, 42.341955], [-121.39615669, 42.34203781], [-121.396891, 42.342856], [-121.39734004, 42.34305414], [-121.39892018, 42.34279859], [-121.39942588, 42.34277846], [-121.3994346, 42.3428683]]]}, "properties": {"zone_name": "US-OR-KLA-KLA-1726", "level": 1, "fire_name": "Wrights Spring", "county": "Klamath", "addresses": 7, "unmatched_addresses": 0, "unmatched_fraction_pct": 0, "geometry_source": "cached", "geometry_cache_age_days": 0, "overlapping_zips": [{"zip": "97623", "fraction_pct": 100.0}]}}, {"type": "Feature", "geometry": {"type": "Polygon", "coordinates": [[[-121.373767, 42.363807], [-121.374123, 42.364264], [-121.3741852, 42.36433585], [-121.375393, 42.365731], [-121.376344, 42.367785], [-121.37653301, 42.36788268], [-121.377246, 42.368037], [-121.381109, 42.367992], [-121.381819, 42.36826], [-121.38343, 42.368318], [-121.385206, 42.368596], [-121.3865144, 42.3684604], [-121.3867935, 42.3684816], [-121.38738945, 42.36856524], [-121.38753894, 42.36862066], [-121.3876916, 42.3687699], [-121.38769934, 42.36877569], [-121.38769886, 42.36877589], [-121.3867826, 42.3691551], [-121.3855377, 42.3697059], [-121.3854983, 42.36964384], [-121.38571946, 42.36952919], [-121.38394737, 42.36935982], [-121.38294935, 42.36935685], [-121.38206027, 42.3693604], [-121.38105626, 42.36936321], [-121.38034309, 42.36937127], [-121.37965548, 42.36937555], [-121.37894838, 42.36937847], [-121.37824682, 42.36937338], [-121.37753998, 42.36938672], [-121.377155, 42.36939043], [-121.3768404, 42.36939347], [-121.37605028, 42.36940611], [-121.37514883, 42.36940403], [-121.37425864, 42.36941217], [-121.37320379, 42.36942165], [-121.37211382, 42.3694392], [-121.37132348, 42.36943885], [-121.37055903, 42.36943815], [-121.36976537, 42.36942203], [-121.36977295, 42.3679826], [-121.36976386, 42.36579591], [-121.36975991, 42.36424167], [-121.36981149, 42.36334447], [-121.369816, 42.363266], [-121.369643, 42.36323], [-121.36973628, 42.36294828], [-121.36975516, 42.36289123], [-121.36973527, 42.36079526], [-121.36971997, 42.35792131], [-121.36970163, 42.35480649], [-121.36971697, 42.35343323], [-121.36971854, 42.35188595], [-121.36971957, 42.35052225], [-121.369814, 42.349218], [-121.36972706, 42.34899814], [-121.36972517, 42.34760676], [-121.36972403, 42.34687425], [-121.36972328, 42.34638647], [-121.36972293, 42.34470043], [-121.36973466, 42.34316072], [-121.36974829, 42.34176169], [-121.369802, 42.34065467], [-121.36981035, 42.34048246], [-121.36817162, 42.34047519], [-121.37507157, 42.34035928], [-121.37507628, 42.34038477], [-121.375164, 42.34086], [-121.37551, 42.341344], [-121.37683935, 42.34218193], [-121.377453, 42.342368], [-121.37749794, 42.34238138], [-121.378212, 42.342594], [-121.3781713, 42.34266759], [-121.377818, 42.343287], [-121.377511, 42.344133], [-121.377382, 42.345284], [-121.377641, 42.346157], [-121.37764129, 42.3461579], [-121.378156, 42.347849], [-121.377874, 42.34907357], [-121.3778723, 42.3490868], [-121.377705, 42.351014], [-121.377775, 42.351964], [-121.3777757, 42.35197143], [-121.377846, 42.353906], [-121.37728, 42.35513], [-121.37747645, 42.35596101], [-121.377504, 42.356245], [-121.37732303, 42.35649326], [-121.376615, 42.357127], [-121.375941, 42.358535], [-121.375049, 42.359471], [-121.37387542, 42.36155281], [-121.373666, 42.362116], [-121.37371971, 42.3630334], [-121.373717, 42.363078], [-121.37371768, 42.36312908], [-121.37372457, 42.36364399], [-121.373767, 42.363807]]]}, "properties": {"zone_name": "US-OR-KLA-KLA-1736-A", "level": 1, "fire_name": "Wrights Spring", "county": "Klamath", "addresses": 8, "unmatched_addresses": 0, "unmatched_fraction_pct": 0, "geometry_source": "cached", "geometry_cache_age_days": 0, "overlapping_zips": [{"zip": "97623", "fraction_pct": 100.0}]}}, {"type": "Feature", "geometry": {"type": "Polygon", "coordinates": [[[-121.423088, 42.40297], [-121.42307, 42.403136], [-121.423068, 42.40332], [-121.423087, 42.403427], [-121.42316, 42.403636], [-121.423317, 42.403982], [-121.423393, 42.404096], [-121.423494, 42.4042], [-121.424104, 42.404691], [-121.424288, 42.404862], [-121.424465, 42.405038], [-121.424651, 42.405208], [-121.424859, 42.405374], [-121.425078, 42.40553], [-121.425294, 42.405661], [-121.42599, 42.406023], [-121.426065, 42.406068], [-121.426227, 42.406183], [-121.426299, 42.406246], [-121.426358, 42.406315], [-121.426404, 42.406393], [-121.426439, 42.406476], [-121.426458, 42.40656], [-121.426449, 42.406679], [-121.426358, 42.407045], [-121.426289, 42.407245], [-121.426088, 42.407632], [-121.426056, 42.407711], [-121.425989, 42.407941], [-121.42597, 42.408058], [-121.425966, 42.408142], [-121.426325, 42.408298], [-121.42629, 42.408388], [-121.426703, 42.40877], [-121.42735, 42.410158], [-121.427921, 42.410434], [-121.428842, 42.411016], [-121.429558, 42.411373], [-121.430099, 42.413266], [-121.430045, 42.413853], [-121.429302, 42.415408], [-121.429322, 42.416349], [-121.429324, 42.416422], [-121.429865, 42.417504], [-121.429913, 42.417865], [-121.430383, 42.418675], [-121.430467, 42.418862], [-121.430496, 42.419327], [-121.430561, 42.41954], [-121.430916, 42.420701], [-121.431531, 42.421706], [-121.43173, 42.421919], [-121.431818, 42.422012], [-121.431835, 42.422779], [-121.431929, 42.422801], [-121.43199, 42.422836], [-121.43204, 42.42288], [-121.432091, 42.422972], [-121.432119, 42.423054], [-121.432139, 42.423158], [-121.432158, 42.423309], [-121.432263, 42.423918], [-121.43237, 42.424532], [-121.43245, 42.425097], [-121.432478, 42.425235], [-121.432515, 42.425362], [-121.432564, 42.425466], [-121.432891, 42.425994], [-121.433034, 42.426194], [-121.433061, 42.426262], [-121.433129, 42.426407], [-121.433279, 42.42665], [-121.433321, 42.426732], [-121.433459, 42.427137], [-121.433497, 42.427278], [-121.433507, 42.427427], [-121.433496, 42.427551], [-121.433456, 42.427729], [-121.43321, 42.428538], [-121.433125, 42.428799], [-121.432966, 42.429101], [-121.432885, 42.429254], [-121.432804, 42.429406], [-121.432781, 42.429449], [-121.432631, 42.429735], [-121.432168, 42.430307], [-121.43118, 42.430822], [-121.431147, 42.430833], [-121.430656, 42.43101], [-121.43047, 42.431116], [-121.430082, 42.431041], [-121.429758, 42.43098], [-121.429394, 42.430918], [-121.428922, 42.430802], [-121.42884, 42.430782], [-121.428598, 42.430741], [-121.428534, 42.430734], [-121.428403, 42.430781], [-121.428275, 42.430874], [-121.428195, 42.430953], [-121.428056, 42.431121], [-121.427856, 42.431399], [-121.427566, 42.431774], [-121.426726, 42.432838], [-121.426677, 42.432897], [-121.426251, 42.433427], [-121.421319, 42.439664], [-121.420422, 42.4408], [-121.420305, 42.44094], [-121.420147, 42.441175], [-121.420103, 42.441268], [-121.420062, 42.441389], [-121.42002, 42.44159], [-121.420006, 42.441826], [-121.4200055, 42.4421268], [-121.41844731, 42.44211546], [-121.4144566, 42.4420864], [-121.41232421, 42.44207741], [-121.41203845, 42.44207621], [-121.41191945, 42.4420757], [-121.41116391, 42.44207252], [-121.4088584, 42.4420628], [-121.40869151, 42.44206195], [-121.40835877, 42.44206025], [-121.4021815, 42.4420287], [-121.40155331, 42.44202573], [-121.40135131, 42.44202478], [-121.40094586, 42.44202287], [-121.40078508, 42.44202211], [-121.3990459, 42.4420139], [-121.3942534, 42.4419947], [-121.3936471, 42.441975], [-121.39333487, 42.44194925], [-121.3930955, 42.4419295], [-121.392603, 42.4418465], [-121.3922554, 42.4417657], [-121.39162933, 42.44158171], [-121.3909744, 42.4413016], [-121.39069804, 42.44114547], [-121.390585, 42.4410816], [-121.39038105, 42.44094603], [-121.3902122, 42.4408338], [-121.3898672, 42.4405496], [-121.3895178, 42.4402553], [-121.3857547, 42.4369894], [-121.383441, 42.4349747], [-121.38329987, 42.4348518], [-121.38325281, 42.43481082], [-121.3824813, 42.434139], [-121.38029976, 42.43224873], [-121.38002411, 42.43200988], [-121.3791765, 42.43127543], [-121.3749913, 42.4276488], [-121.37455216, 42.42726781], [-121.37301452, 42.42593377], [-121.37249073, 42.42547933], [-121.37183482, 42.42490963], [-121.3707566, 42.4239731], [-121.3695911, 42.4229502], [-121.3666243, 42.4203834], [-121.3646809, 42.4187013], [-121.36461897, 42.41864769], [-121.3633015, 42.4175072], [-121.3603524, 42.41494159], [-121.3601462, 42.4147622], [-121.35810684, 42.41299785], [-121.3562252, 42.4113699], [-121.35615597, 42.4113098], [-121.3540858, 42.4095178], [-121.35403819, 42.40947496], [-121.3540329, 42.4094704], [-121.35415872, 42.40934367], [-121.35499234, 42.40879682], [-121.35523601, 42.40875778], [-121.35528911, 42.40878354], [-121.35558082, 42.40874992], [-121.35563441, 42.40872218], [-121.35565842, 42.40866792], [-121.35570721, 42.40863719], [-121.35575098, 42.40858769], [-121.35575934, 42.40850813], [-121.35574429, 42.40847941], [-121.35568764, 42.40843108], [-121.35552025, 42.4083132], [-121.35546039, 42.40831571], [-121.35540838, 42.40836244], [-121.35541291, 42.40842512], [-121.35538464, 42.40847798], [-121.35519954, 42.40865548], [-121.35515638, 42.40844023], [-121.35511131, 42.40805369], [-121.3551261, 42.40794469], [-121.35504799, 42.40785514], [-121.35506218, 42.40769094], [-121.35508177, 42.40759298], [-121.35505941, 42.40719584], [-121.35503927, 42.40700039], [-121.354999, 42.40686235], [-121.35494984, 42.40675969], [-121.35494887, 42.40665151], [-121.35501901, 42.40648948], [-121.3549885, 42.40645991], [-121.3549207, 42.40650103], [-121.35484563, 42.40646391], [-121.35485759, 42.4064066], [-121.35482307, 42.40636082], [-121.35478517, 42.4063814], [-121.35469985, 42.40631908], [-121.35470405, 42.40629347], [-121.35466769, 42.4062753], [-121.35465181, 42.40642839], [-121.35465996, 42.40652771], [-121.35468683, 42.40653975], [-121.35462719, 42.40657448], [-121.35461514, 42.40656317], [-121.35462172, 42.406221], [-121.35461414, 42.40609815], [-121.35455959, 42.40598721], [-121.3545143, 42.40594602], [-121.35437649, 42.40592929], [-121.35442274, 42.40587923], [-121.3543972, 42.4058516], [-121.35430563, 42.40584217], [-121.35421912, 42.40588123], [-121.35407428, 42.40584116], [-121.35426197, 42.40575643], [-121.35512741, 42.40584634], [-121.36003236, 42.40585413], [-121.366759, 42.40593], [-121.36993242, 42.40580085], [-121.37460514, 42.40581024], [-121.37970073, 42.40585111], [-121.38454128, 42.40588972], [-121.38446885, 42.41303843], [-121.38456427, 42.41303912], [-121.385777, 42.41308], [-121.385957, 42.412642], [-121.386072, 42.412396], [-121.386123, 42.412287], [-121.386174, 42.412148], [-121.386218, 42.412008], [-121.386263, 42.411816], [-121.386294, 42.411623], [-121.386312, 42.411392], [-121.386314, 42.411161], [-121.38629, 42.410905], [-121.386289, 42.410842], [-121.386295, 42.410779], [-121.386316, 42.410679], [-121.386349, 42.410581], [-121.386395, 42.410488], [-121.386461, 42.410401], [-121.386544, 42.410321], [-121.386635, 42.410245], [-121.386861, 42.410083], [-121.387, 42.409999], [-121.387131, 42.409909], [-121.387248, 42.409811], [-121.387356, 42.409707], [-121.387448, 42.409597], [-121.387508, 42.409499], [-121.387556, 42.409397], [-121.387627, 42.409186], [-121.387652, 42.409047], [-121.387665, 42.408763], [-121.387673, 42.408693], [-121.387718, 42.408505], [-121.387754, 42.408386], [-121.387802, 42.40827], [-121.387864, 42.408159], [-121.387949, 42.408051], [-121.388048, 42.407948], [-121.388364, 42.407661], [-121.388583, 42.40748], [-121.38881, 42.407272], [-121.388891, 42.407207], [-121.389052, 42.407102], [-121.389225, 42.407008], [-121.389406, 42.406922], [-121.389598, 42.406841], [-121.389797, 42.406768], [-121.390001, 42.406703], [-121.390247, 42.406636], [-121.39075, 42.406521], [-121.39118, 42.406429], [-121.391286, 42.406402], [-121.391388, 42.40637], [-121.391543, 42.406311], [-121.391839, 42.406173], [-121.392053, 42.406065], [-121.392261, 42.405952], [-121.392528, 42.405783], [-121.393556, 42.405054], [-121.393791, 42.404857], [-121.393912, 42.404762], [-121.393977, 42.404718], [-121.394046, 42.40468], [-121.394191, 42.404617], [-121.394346, 42.404564], [-121.394504, 42.404516], [-121.394745, 42.404454], [-121.395113, 42.404374], [-121.395493, 42.40427], [-121.395613, 42.404223], [-121.395726, 42.404157], [-121.395829, 42.40408], [-121.39592, 42.403996], [-121.395986, 42.403925], [-121.396068, 42.403811], [-121.396086, 42.403771], [-121.396102, 42.403699], [-121.396102, 42.403625], [-121.396088, 42.403474], [-121.39606, 42.40329], [-121.395997, 42.403014], [-121.395976, 42.40281], [-121.395972, 42.402699], [-121.395983, 42.402589], [-121.396013, 42.402481], [-121.396059, 42.402374], [-121.396111, 42.402269], [-121.396275, 42.40201], [-121.396437, 42.401786], [-121.396544, 42.401649], [-121.396613, 42.401572], [-121.39672, 42.401466], [-121.396834, 42.401365], [-121.396903, 42.401325], [-121.397007, 42.401288], [-121.397118, 42.401263], [-121.397217, 42.401249], [-121.397317, 42.401244], [-121.397643, 42.401251], [-121.397897, 42.401196], [-121.398048, 42.401129], [-121.398147, 42.401067], [-121.398446, 42.400776], [-121.398349, 42.40055], [-121.398122, 42.400119], [-121.397804, 42.399516], [-121.397755, 42.399422], [-121.397613, 42.399204], [-121.39753, 42.399098], [-121.397444, 42.399014], [-121.39735, 42.398935], [-121.39722917, 42.39885204], [-121.39909653, 42.39870112], [-121.3990961, 42.39889933], [-121.39908062, 42.40603079], [-121.40890815, 42.40599741], [-121.4089222, 42.39901788], [-121.40892332, 42.39876955], [-121.420235, 42.399001], [-121.420389, 42.399774], [-121.420527, 42.400352], [-121.420573, 42.400508], [-121.420627, 42.40063], [-121.420691, 42.400749], [-121.420765, 42.400865], [-121.42086, 42.400996], [-121.420966, 42.401123], [-121.421099, 42.401247], [-121.421405, 42.401473], [-121.421552, 42.401589], [-121.42205, 42.402059], [-121.42240328, 42.4023757], [-121.422823, 42.402726], [-121.423088, 42.40297]]]}, "properties": {"zone_name": "US-OR-KLA-KLA-1566", "level": 1, "fire_name": "Wrights Spring", "county": "Klamath", "addresses": 16, "unmatched_addresses": 0, "unmatched_fraction_pct": 0, "geometry_source": "cached", "geometry_cache_age_days": 0, "overlapping_zips": [{"zip": "97639", "fraction_pct": 54.1}, {"zip": "97623", "fraction_pct": 36.9}, {"zip": "97621", "fraction_pct": 9.0}]}}, {"type": "Feature", "geometry": {"type": "Polygon", "coordinates": [[[-121.39953915, 42.34219299], [-121.3996975, 42.3417926], [-121.3999169, 42.3412356], [-121.4000587, 42.3409013], [-121.4002523, 42.3404572], [-121.4003561, 42.3401652], [-121.4004068, 42.3400098], [-121.4004333, 42.3397847], [-121.4004484, 42.3394956], [-121.4004293, 42.3391746], [-121.4003218, 42.3384142], [-121.4002356, 42.3378346], [-121.39974, 42.33358], [-121.39965578, 42.33316164], [-121.39964877, 42.33312685], [-121.398727, 42.328548], [-121.398474, 42.3273597], [-121.3981348, 42.325872], [-121.3978724, 42.3246283], [-121.3978143, 42.3243169], [-121.397801, 42.3242342], [-121.3977804, 42.3241057], [-121.3977513, 42.323873], [-121.3977513, 42.3237155], [-121.3977562, 42.3235043], [-121.3977901, 42.3233289], [-121.397797, 42.3232425], [-121.3979402, 42.3229889], [-121.3980999, 42.3227598], [-121.3982597, 42.3225629], [-121.3986615, 42.322119], [-121.3989181, 42.321847], [-121.3990634, 42.3217038], [-121.399349, 42.3214711], [-121.3997121, 42.3212277], [-121.3999881, 42.3210845], [-121.4002543, 42.3209664], [-121.4005932, 42.3208447], [-121.4014792, 42.3205762], [-121.4035997, 42.3199748], [-121.4043744, 42.3197386], [-121.4046697, 42.3196491], [-121.4048633, 42.3195918], [-121.4049941, 42.3195381], [-121.4051345, 42.3194701], [-121.4052652, 42.3194056], [-121.4054056, 42.3193197], [-121.4055653, 42.3192088], [-121.4057445, 42.3190656], [-121.4059817, 42.3188615], [-121.4060156, 42.3188365], [-121.407347, 42.3176515], [-121.4075745, 42.3174439], [-121.4077295, 42.3172649], [-121.4078456, 42.3170859], [-121.4079425, 42.316864], [-121.4080054, 42.316685], [-121.4080441, 42.3165418], [-121.4080829, 42.3163198], [-121.4080926, 42.3161731], [-121.4080344, 42.3158294], [-121.40795648, 42.31563125], [-121.4076417, 42.3148308], [-121.4074975, 42.3144641], [-121.407354, 42.3140993], [-121.4071818, 42.313634], [-121.4069984, 42.3130506], [-121.4069095, 42.3126279], [-121.4068473, 42.3121996], [-121.4068178, 42.3117296], [-121.4068158, 42.3112581], [-121.406904, 42.3103093], [-121.4070337, 42.3092152], [-121.4072205, 42.307639], [-121.4072754, 42.3073267], [-121.4074409, 42.3069802], [-121.4076231, 42.3067299], [-121.4078385, 42.3064992], [-121.408138, 42.30624], [-121.4084417, 42.306056], [-121.4087609, 42.305923], [-121.4090752, 42.3058164], [-121.4095091, 42.3057245], [-121.4099071, 42.3056887], [-121.4103538, 42.3057095], [-121.4108065, 42.3057802], [-121.4140979, 42.3064645], [-121.4143914, 42.3064937], [-121.4146532, 42.3065018], [-121.414887, 42.3064929], [-121.4150937, 42.3064698], [-121.4151241, 42.3064646], [-121.41596876, 42.30754779], [-121.41629684, 42.30827014], [-121.41690079, 42.308998], [-121.41748983, 42.30967071], [-121.41779553, 42.31008977], [-121.4179372, 42.31040406], [-121.41848895, 42.31057499], [-121.41894378, 42.31090583], [-121.41931098, 42.31147881], [-121.41992238, 42.31244372], [-121.42011716, 42.31278307], [-121.42038109, 42.31294165], [-121.42062486, 42.31316935], [-121.4208888, 42.3134472], [-121.42113339, 42.31357853], [-121.42145965, 42.31372355], [-121.42160628, 42.31386722], [-121.42128735, 42.31401631], [-121.42109857, 42.31425079], [-121.42097393, 42.31451914], [-121.42102525, 42.31475226], [-121.42118343, 42.31495868], [-121.4215665, 42.31516469], [-121.42203939, 42.31525279], [-121.422252, 42.31519857], [-121.42260941, 42.31515385], [-121.42299982, 42.31514165], [-121.42324725, 42.31529887], [-121.42343254, 42.31551325], [-121.42382478, 42.31572333], [-121.42419319, 42.31604183], [-121.42442838, 42.31636781], [-121.42462859, 42.31724583], [-121.42485855, 42.31758444], [-121.42514997, 42.31787176], [-121.42536442, 42.31824175], [-121.42540291, 42.31853449], [-121.42540658, 42.31881909], [-121.42535346, 42.31915869], [-121.4253553, 42.31957475], [-121.42537913, 42.31990271], [-121.42551285, 42.32029129], [-121.42558433, 42.32069378], [-121.42573292, 42.32118484], [-121.42595837, 42.32148841], [-121.42626996, 42.32165103], [-121.42692063, 42.32188141], [-121.42762629, 42.32214296], [-121.42799487, 42.32235988], [-121.42832662, 42.32271628], [-121.42918489, 42.32382378], [-121.43009314, 42.32498986], [-121.428466, 42.325745], [-121.42598085, 42.32724869], [-121.424402, 42.328669], [-121.422796, 42.329045], [-121.42278156, 42.32904723], [-121.420283, 42.329807], [-121.419786, 42.330202], [-121.4195781, 42.33068858], [-121.419696, 42.331369], [-121.420814, 42.332681], [-121.4219821, 42.33614851], [-121.422015, 42.336205], [-121.422544, 42.336848], [-121.4238059, 42.33763274], [-121.423968, 42.338994], [-121.42374922, 42.33899185], [-121.422366, 42.339048], [-121.420943, 42.33881], [-121.419044, 42.33875], [-121.417718, 42.339014], [-121.413793, 42.33905], [-121.413419, 42.339233], [-121.413371, 42.339584], [-121.413437, 42.340594], [-121.413769, 42.341181], [-121.413101, 42.341931], [-121.410707, 42.341886], [-121.410025, 42.341692], [-121.409992, 42.340468], [-121.408851, 42.340279], [-121.405918, 42.340247], [-121.404912, 42.340377], [-121.4009109, 42.342479], [-121.4003147, 42.3423927], [-121.400123, 42.3423491], [-121.3995789, 42.3422016], [-121.39953915, 42.34219299]]]}, "properties": {"zone_name": "US-OR-KLA-KLA-1721", "level": 1, "fire_name": "Wrights Spring", "county": "Klamath", "addresses": 49, "unmatched_addresses": 0, "unmatched_fraction_pct": 0, "geometry_source": "cached", "geometry_cache_age_days": 0, "overlapping_zips": [{"zip": "97623", "fraction_pct": 100.0}]}}, {"type": "Feature", "geometry": {"type": "Polygon", "coordinates": [[[-121.694146, 42.556947], [-121.6939336, 42.5567749], [-121.692872, 42.55567], [-121.692193, 42.555345], [-121.691232, 42.5552], [-121.688334, 42.555519], [-121.686598, 42.555508], [-121.686039, 42.555615], [-121.684647, 42.55627], [-121.683799, 42.556374], [-121.682855, 42.556293], [-121.68131, 42.556043], [-121.679486, 42.556008], [-121.676595, 42.55578], [-121.675628, 42.555574], [-121.673249, 42.554849], [-121.671063, 42.554815], [-121.669464, 42.554498], [-121.668017, 42.55355], [-121.666451, 42.552132], [-121.665671, 42.551222], [-121.663533, 42.548145], [-121.662701, 42.546611], [-121.662258, 42.54606], [-121.661174, 42.545307], [-121.659907, 42.544066], [-121.659744, 42.543299], [-121.659974, 42.542838], [-121.663687, 42.538819], [-121.664982, 42.537792], [-121.666697, 42.535612], [-121.669083, 42.534898], [-121.670446, 42.534258], [-121.672275, 42.533852], [-121.673361, 42.533102], [-121.674655, 42.53194], [-121.675974, 42.531348], [-121.67807, 42.5297], [-121.678544, 42.528914], [-121.679891, 42.524358], [-121.679425, 42.520859], [-121.679713, 42.517977], [-121.680301, 42.516843], [-121.680369, 42.516327], [-121.680468, 42.515583], [-121.68108, 42.514786], [-121.68114, 42.513747], [-121.680462, 42.511023], [-121.679285, 42.507882], [-121.678896, 42.503573], [-121.678564, 42.503076], [-121.676495, 42.501233], [-121.676224, 42.5005], [-121.676138, 42.5], [-121.676114, 42.499268], [-121.677438, 42.497459], [-121.677987, 42.496526], [-121.67761, 42.494076], [-121.677771, 42.49247], [-121.67807, 42.490376], [-121.677954, 42.489531], [-121.6776633, 42.4890399], [-121.673966, 42.4833], [-121.670561, 42.478164], [-121.670361, 42.47748], [-121.670102, 42.475115], [-121.669783, 42.474297], [-121.668967, 42.472472], [-121.669316, 42.46873], [-121.67074, 42.468069], [-121.67147, 42.466937], [-121.672529, 42.465344], [-121.674587, 42.463676], [-121.677428, 42.46218], [-121.678311, 42.461455], [-121.679774, 42.460674], [-121.680091, 42.460318], [-121.680693, 42.459091], [-121.681261, 42.458549], [-121.682084, 42.458261], [-121.6856717, 42.4573913], [-121.687914, 42.455977], [-121.690491, 42.452684], [-121.692719, 42.45171], [-121.694152, 42.450843], [-121.695246, 42.449951], [-121.699346, 42.446117], [-121.699807, 42.44542], [-121.699907, 42.444877], [-121.699787, 42.444083], [-121.698227, 42.441416], [-121.6980127, 42.4409507], [-121.6969072, 42.4386356], [-121.696274, 42.437498], [-121.694748, 42.435924], [-121.693862, 42.433308], [-121.693077, 42.43224], [-121.691896, 42.431797], [-121.690792, 42.430985], [-121.686752, 42.426919], [-121.686219, 42.425219], [-121.683925, 42.423908], [-121.682327, 42.422505], [-121.682028, 42.421883], [-121.68202, 42.420842], [-121.682254, 42.420431], [-121.682991, 42.420135], [-121.682721, 42.419617], [-121.681999, 42.416157], [-121.681952, 42.413549], [-121.683189, 42.411064], [-121.68411, 42.409763], [-121.687835, 42.407981], [-121.688414, 42.407358], [-121.689308, 42.40598], [-121.689568, 42.405339], [-121.690255, 42.401501], [-121.69003544, 42.40011004], [-121.689622, 42.399094], [-121.691185, 42.399927], [-121.692276, 42.400742], [-121.692632, 42.401365], [-121.692514, 42.401974], [-121.692657, 42.402528], [-121.693287, 42.403509], [-121.693542, 42.404575], [-121.694611, 42.405496], [-121.696321, 42.406386], [-121.696485, 42.407129], [-121.696557, 42.407575], [-121.696833, 42.408051], [-121.6969809, 42.4095283], [-121.697194, 42.410001], [-121.697847, 42.410545], [-121.699838, 42.41053], [-121.700983, 42.411503], [-121.7012366, 42.4118995], [-121.70145, 42.412388], [-121.701184, 42.41383], [-121.701268, 42.414492], [-121.702273, 42.415345], [-121.7031205, 42.4166613], [-121.703725, 42.417781], [-121.705242, 42.419247], [-121.7059123, 42.4215397], [-121.707532, 42.423397], [-121.708222, 42.423887], [-121.708979, 42.424165], [-121.709109, 42.424579], [-121.711526, 42.425031], [-121.714875, 42.425162], [-121.715993, 42.425365], [-121.7189389, 42.4253034], [-121.7201379, 42.4254994], [-121.7227101, 42.4260241], [-121.7244294, 42.4271704], [-121.7258939, 42.4282237], [-121.7270097, 42.4289542], [-121.7282971, 42.429465], [-121.732291, 42.4302806], [-121.7329508, 42.4305974], [-121.7335185, 42.4311992], [-121.734011, 42.433075], [-121.734689, 42.434372], [-121.735264, 42.434757], [-121.735984, 42.43557], [-121.7369273, 42.4363369], [-121.737429, 42.436607], [-121.73952, 42.436564], [-121.740493, 42.436928], [-121.740908, 42.436942], [-121.741977, 42.435193], [-121.742671, 42.434488], [-121.743251, 42.434172], [-121.744101, 42.433974], [-121.7449395, 42.4334164], [-121.745888, 42.432536], [-121.746014, 42.431405], [-121.746257, 42.430917], [-121.746723, 42.430625], [-121.747388, 42.430411], [-121.74839, 42.430332], [-121.748873, 42.430507], [-121.750123, 42.431871], [-121.750345, 42.43227], [-121.750356, 42.432636], [-121.749748, 42.434935], [-121.749703, 42.435596], [-121.749911, 42.436294], [-121.75001, 42.437504], [-121.750447, 42.438515], [-121.751363, 42.439305], [-121.752804, 42.439807], [-121.755373, 42.439866], [-121.756269, 42.439622], [-121.756605, 42.439453], [-121.757261, 42.438704], [-121.758362, 42.438312], [-121.75894, 42.437874], [-121.759942, 42.436112], [-121.761547, 42.434847], [-121.762263, 42.433592], [-121.766627, 42.432203], [-121.767055, 42.431889], [-121.767945, 42.43064], [-121.768383, 42.429981], [-121.768856, 42.429757], [-121.771394, 42.429699], [-121.768178, 42.431483], [-121.767744, 42.431904], [-121.767366, 42.43314], [-121.766942, 42.433663], [-121.765908, 42.433985], [-121.765477, 42.434341], [-121.765088, 42.435642], [-121.764468, 42.435962], [-121.76225, 42.436484], [-121.761141, 42.437225], [-121.76102, 42.438408], [-121.760473, 42.439481], [-121.760239, 42.441441], [-121.759978, 42.441882], [-121.75919, 42.442592], [-121.7578608, 42.4451807], [-121.758111, 42.446598], [-121.758623, 42.448274], [-121.75801, 42.450178], [-121.758263, 42.451524], [-121.758669, 42.45258], [-121.758566, 42.452914], [-121.757699, 42.453761], [-121.75749, 42.453583], [-121.756253, 42.453756], [-121.753604, 42.453703], [-121.752488, 42.453531], [-121.750353, 42.45288], [-121.749957, 42.4529], [-121.74902, 42.453302], [-121.74814, 42.453781], [-121.744956, 42.454912], [-121.744319, 42.455157], [-121.743956, 42.455507], [-121.743672, 42.456452], [-121.743661, 42.457343], [-121.743247, 42.457835], [-121.739728, 42.458046], [-121.738828, 42.458401], [-121.739471, 42.459003], [-121.73992, 42.460089], [-121.74066, 42.461088], [-121.741774, 42.462488], [-121.742025, 42.464542], [-121.742305, 42.466493], [-121.742699, 42.467988], [-121.743944, 42.470962], [-121.744209, 42.472224], [-121.744097, 42.473231], [-121.7432, 42.475283], [-121.742997, 42.477349], [-121.741886, 42.479861], [-121.741616, 42.481035], [-121.741214, 42.482518], [-121.740491, 42.48325], [-121.734113, 42.485724], [-121.733373, 42.485752], [-121.73154, 42.485454], [-121.732669, 42.486821], [-121.733005, 42.487484], [-121.733939, 42.4909], [-121.732903, 42.491325], [-121.731747, 42.493087], [-121.731128, 42.493699], [-121.728444, 42.494617], [-121.727544, 42.495036], [-121.726014, 42.496079], [-121.725459, 42.496972], [-121.7250397, 42.4988069], [-121.724961, 42.500345], [-121.725289, 42.501512], [-121.725923, 42.502414], [-121.725855, 42.502672], [-121.724429, 42.504062], [-121.722947, 42.50609], [-121.721413, 42.506871], [-121.7208331, 42.5074111], [-121.72068185, 42.5076288], [-121.720451, 42.508125], [-121.720467, 42.508735], [-121.72109, 42.511469], [-121.721914, 42.512547], [-121.721947, 42.513391], [-121.721606, 42.513817], [-121.720197, 42.514878], [-121.719862, 42.515442], [-121.719046, 42.517228], [-121.7190346, 42.5183751], [-121.719086, 42.518971], [-121.719921, 42.520025], [-121.721355, 42.520973], [-121.723275, 42.521526], [-121.723917, 42.521861], [-121.726185, 42.523721], [-121.726862, 42.524484], [-121.7269035, 42.5247226], [-121.726874, 42.525166], [-121.72621, 42.526226], [-121.726023, 42.526892], [-121.725501, 42.526385], [-121.72448, 42.526143], [-121.720956, 42.526461], [-121.720329, 42.526672], [-121.719951, 42.527106], [-121.718067, 42.53101], [-121.716343, 42.535303], [-121.716099, 42.536043], [-121.715947, 42.537433], [-121.715051, 42.538917], [-121.714037, 42.540168], [-121.713631, 42.541011], [-121.71271, 42.541936], [-121.712986, 42.546409], [-121.712159, 42.547153], [-121.710839, 42.547427], [-121.709127, 42.548331], [-121.708601, 42.548108], [-121.707314, 42.547884], [-121.706502, 42.547926], [-121.705497, 42.548326], [-121.704703, 42.549001], [-121.703758, 42.549275], [-121.702895, 42.550187], [-121.702155, 42.554208], [-121.700438, 42.555064], [-121.698241, 42.554636], [-121.695995, 42.555126], [-121.695207, 42.556589], [-121.694781, 42.556617], [-121.694146, 42.556947]]]}, "properties": {"zone_name": "US-OR-KLA-KLA-1361", "level": 1, "fire_name": "Wrights Spring", "county": "Klamath", "addresses": 2, "unmatched_addresses": 0, "unmatched_fraction_pct": 16.7, "geometry_source": "cached", "geometry_cache_age_days": 0, "overlapping_zips": [{"zip": "97624", "fraction_pct": 83.3}, {"zip": "97625", "fraction_pct": 0.0}]}}, {"type": "Feature", "geometry": {"type": "Polygon", "coordinates": [[[-121.7429424, 42.51929194], [-121.74203459, 42.5206481], [-121.73923683, 42.52482761], [-121.73974991, 42.52620357], [-121.73957888, 42.52667622], [-121.73933601, 42.52704448], [-121.73880868, 42.52754864], [-121.73835261, 42.52800027], [-121.73677061, 42.52884052], [-121.73451876, 42.5302269], [-121.7337919, 42.53089907], [-121.73327882, 42.53168676], [-121.73289401, 42.53223289], [-121.73240944, 42.53299956], [-121.7324807, 42.53382923], [-121.73272299, 42.53537303], [-121.73253597, 42.53596618], [-121.73209416, 42.5367223], [-121.73166659, 42.53718438], [-121.73112501, 42.53817152], [-121.72941474, 42.54261345], [-121.72920096, 42.54383152], [-121.7288304, 42.54668758], [-121.72650729, 42.55004748], [-121.72535286, 42.55309224], [-121.72479703, 42.55452007], [-121.72475427, 42.55579039], [-121.72271621, 42.5601576], [-121.72160453, 42.56163776], [-121.72024733, 42.56346266], [-121.72023308, 42.56406099], [-121.72050387, 42.56513168], [-121.72056088, 42.56576149], [-121.72056088, 42.56627583], [-121.72027584, 42.56703159], [-121.71899314, 42.57006502], [-121.71876036, 42.57045736], [-121.71706435, 42.57215768], [-121.71648001, 42.5730603], [-121.71617949, 42.57363143], [-121.7149577, 42.5732078], [-121.7125806, 42.5723721], [-121.7095048, 42.5713161], [-121.70925955, 42.57122957], [-121.7028591, 42.5689713], [-121.6949474, 42.5662021], [-121.69487152, 42.56617586], [-121.69538729, 42.56343959], [-121.6955599, 42.5615578], [-121.695545, 42.561401], [-121.695031, 42.559585], [-121.694254, 42.557553], [-121.694146, 42.556947], [-121.694781, 42.556617], [-121.695207, 42.556589], [-121.695995, 42.555126], [-121.698241, 42.554636], [-121.700438, 42.555064], [-121.702155, 42.554208], [-121.702895, 42.550187], [-121.703758, 42.549275], [-121.704703, 42.549001], [-121.705497, 42.548326], [-121.706502, 42.547926], [-121.707314, 42.547884], [-121.708601, 42.548108], [-121.709127, 42.548331], [-121.710839, 42.547427], [-121.712159, 42.547153], [-121.712986, 42.546409], [-121.71271, 42.541936], [-121.713631, 42.541011], [-121.714037, 42.540168], [-121.715051, 42.538917], [-121.715947, 42.537433], [-121.716099, 42.536043], [-121.716343, 42.535303], [-121.718067, 42.53101], [-121.719951, 42.527106], [-121.720329, 42.526672], [-121.720956, 42.526461], [-121.72448, 42.526143], [-121.725501, 42.526385], [-121.726023, 42.526892], [-121.72621, 42.526226], [-121.726874, 42.525166], [-121.7269035, 42.5247226], [-121.726862, 42.524484], [-121.72665063, 42.52424578], [-121.726185, 42.523721], [-121.723917, 42.521861], [-121.723275, 42.521526], [-121.721355, 42.520973], [-121.719921, 42.520025], [-121.719086, 42.518971], [-121.7190346, 42.5183751], [-121.719046, 42.517228], [-121.719862, 42.515442], [-121.720197, 42.514878], [-121.721606, 42.513817], [-121.721947, 42.513391], [-121.721914, 42.512547], [-121.72109, 42.511469], [-121.720467, 42.508735], [-121.720451, 42.508125], [-121.72068185, 42.5076288], [-121.7208331, 42.5074111], [-121.721413, 42.506871], [-121.722947, 42.50609], [-121.724429, 42.504062], [-121.725855, 42.502672], [-121.725923, 42.502414], [-121.725289, 42.501512], [-121.724961, 42.500345], [-121.7250397, 42.4988069], [-121.725459, 42.496972], [-121.726014, 42.496079], [-121.727544, 42.495036], [-121.728444, 42.494617], [-121.731128, 42.493699], [-121.731747, 42.493087], [-121.732903, 42.491325], [-121.733939, 42.4909], [-121.73584179, 42.49087184], [-121.736438, 42.490831], [-121.74048, 42.490033], [-121.7415159, 42.4896636], [-121.743941, 42.488912], [-121.746463, 42.488843], [-121.74771682, 42.48841491], [-121.748223, 42.487836], [-121.748383, 42.4874], [-121.748559, 42.484205], [-121.748734, 42.483276], [-121.749363, 42.481991], [-121.749883, 42.48138], [-121.75125455, 42.48101726], [-121.759698, 42.478418], [-121.7605054, 42.4777119], [-121.761247, 42.47641], [-121.76146586, 42.47630094], [-121.761819, 42.476125], [-121.762597, 42.476093], [-121.76301, 42.476204], [-121.763439, 42.476537], [-121.76409, 42.477236], [-121.76436, 42.477966], [-121.76457795, 42.47945825], [-121.764599, 42.480189], [-121.764345, 42.481316], [-121.764075, 42.48184], [-121.762666, 42.483271], [-121.762353, 42.483856], [-121.762163, 42.486524], [-121.761743, 42.489021], [-121.761801, 42.489729], [-121.762955, 42.490627], [-121.763375, 42.491162], [-121.763781, 42.49299], [-121.76362825, 42.49333124], [-121.76316, 42.493603], [-121.762627, 42.4936501], [-121.76182, 42.493802], [-121.761512, 42.494], [-121.760132, 42.496005], [-121.758456, 42.497237], [-121.758182, 42.497692], [-121.757507, 42.499979], [-121.758395, 42.502796], [-121.758399, 42.503338], [-121.7582149, 42.5038022], [-121.757186, 42.505333], [-121.7570648, 42.5062288], [-121.756855, 42.506926], [-121.755325, 42.508295], [-121.75449, 42.508773], [-121.753354, 42.5091], [-121.748852, 42.509856], [-121.747963, 42.510312], [-121.7474, 42.511061], [-121.747282, 42.511447], [-121.7472287, 42.514229], [-121.746378, 42.516813], [-121.745798, 42.518115], [-121.743083, 42.519176], [-121.7430094, 42.51934132], [-121.7429424, 42.51929194]]]}, "properties": {"zone_name": "US-OR-KLA-KLA-1156", "level": 1, "fire_name": "Wrights Spring", "county": "Klamath", "addresses": 25, "unmatched_addresses": 14, "unmatched_fraction_pct": 57.4, "geometry_source": "cached", "geometry_cache_age_days": 0, "overlapping_zips": [{"zip": "97624", "fraction_pct": 42.6}]}}, {"type": "Feature", "geometry": {"type": "Polygon", "coordinates": [[[-121.6916359, 42.565136], [-121.69148994, 42.56513231], [-121.6912287, 42.5651257], [-121.6908298, 42.5651532], [-121.6904397, 42.5652298], [-121.6901438, 42.5653207], [-121.6898592, 42.5654468], [-121.6895994, 42.565598], [-121.6893757, 42.5657655], [-121.688496, 42.566404], [-121.6882348, 42.5665317], [-121.6879463, 42.5666392], [-121.6876868, 42.5666937], [-121.6874258, 42.5667266], [-121.6871331, 42.5667321], [-121.686839, 42.5667075], [-121.6866391, 42.5666703], [-121.6864508, 42.5666182], [-121.6862745, 42.5665533], [-121.6860985, 42.566474], [-121.6849434, 42.5658577], [-121.6835555, 42.5650902], [-121.68350419, 42.56506265], [-121.68359254, 42.56498619], [-121.68375904, 42.56504182], [-121.68408336, 42.56504915], [-121.68414901, 42.56495359], [-121.68435813, 42.5644595], [-121.68451638, 42.56442306], [-121.68461907, 42.56434295], [-121.68472177, 42.56431416], [-121.68494412, 42.56423459], [-121.68523206, 42.56425767], [-121.68562336, 42.56405681], [-121.68587288, 42.56381702], [-121.68600352, 42.56361497], [-121.68608441, 42.56313862], [-121.68607873, 42.56297441], [-121.68603002, 42.56280568], [-121.68551991, 42.5622939], [-121.68506024, 42.56207056], [-121.68502554, 42.56192036], [-121.68481089, 42.56170694], [-121.68478291, 42.56161054], [-121.68434025, 42.56145889], [-121.6839234, 42.56145644], [-121.68352407, 42.56132067], [-121.68324894, 42.56116356], [-121.68315254, 42.56107373], [-121.68245119, 42.56075392], [-121.68240402, 42.5608236], [-121.6822814, 42.56081137], [-121.68197384, 42.5608773], [-121.6817894, 42.560854], [-121.68159529, 42.56087175], [-121.68151883, 42.56087436], [-121.68120259, 42.56097073], [-121.68110876, 42.56095887], [-121.68077233, 42.56076829], [-121.68056697, 42.5605309], [-121.68006129, 42.56015241], [-121.67967872, 42.55973588], [-121.67944947, 42.55922345], [-121.67931753, 42.55870663], [-121.67921024, 42.55865336], [-121.67915855, 42.55853573], [-121.67903539, 42.55849885], [-121.67905522, 42.55830108], [-121.67897973, 42.55828029], [-121.67896779, 42.55816589], [-121.67888983, 42.55808254], [-121.67895088, 42.55800505], [-121.67891808, 42.55794659], [-121.67888529, 42.55776673], [-121.67894384, 42.55773022], [-121.67899138, 42.55756371], [-121.67880337, 42.557384], [-121.67875703, 42.55731463], [-121.67873054, 42.55712238], [-121.6787537, 42.55697548], [-121.67888806, 42.55682272], [-121.67887879, 42.55674927], [-121.67896087, 42.5566612], [-121.6790714, 42.55644262], [-121.67900546, 42.55644747], [-121.67893356, 42.55651523], [-121.67883188, 42.55645865], [-121.67878103, 42.55638355], [-121.67883742, 42.55635818], [-121.67884058, 42.5562026], [-121.67899068, 42.55603239], [-121.67901661, 42.55597098], [-121.679486, 42.556008], [-121.68131, 42.556043], [-121.682855, 42.556293], [-121.683799, 42.556374], [-121.684647, 42.55627], [-121.686039, 42.555615], [-121.686598, 42.555508], [-121.688334, 42.555519], [-121.691232, 42.5552], [-121.692193, 42.555345], [-121.692872, 42.55567], [-121.6939336, 42.5567749], [-121.694146, 42.556947], [-121.694254, 42.557553], [-121.695031, 42.559585], [-121.695545, 42.561401], [-121.6955599, 42.5615578], [-121.69538729, 42.56343959], [-121.69487152, 42.56617586], [-121.69255, 42.565373], [-121.6920937, 42.5652136], [-121.6916359, 42.565136]]]}, "properties": {"zone_name": "US-OR-KLA-KLA-1161", "level": 1, "fire_name": "Wrights Spring", "county": "Klamath", "addresses": 4, "unmatched_addresses": 0, "unmatched_fraction_pct": 0, "geometry_source": "cached", "geometry_cache_age_days": 0, "overlapping_zips": [{"zip": "97624", "fraction_pct": 100.0}]}}, {"type": "Feature", "geometry": {"type": "Polygon", "coordinates": [[[-121.47392171, 42.36916422], [-121.44669666, 42.3693391], [-121.446669, 42.369414], [-121.44655981, 42.36963115], [-121.44086865, 42.36970949], [-121.43828383, 42.36945778], [-121.43823757, 42.36945691], [-121.43590908, 42.36942136], [-121.435824, 42.367126], [-121.436118, 42.366737], [-121.43564537, 42.36657566], [-121.4338467, 42.3654738], [-121.434807, 42.364313], [-121.43497025, 42.36415044], [-121.4350575, 42.364057], [-121.43454717, 42.36320106], [-121.433777, 42.36281], [-121.433722, 42.362424], [-121.4340742, 42.3622089], [-121.4349968, 42.3621906], [-121.4356378, 42.3619845], [-121.4362873, 42.3613342], [-121.4362109, 42.3607424], [-121.4356092, 42.3603128], [-121.435451, 42.360038], [-121.43583646, 42.35846882], [-121.435765, 42.357815], [-121.435613, 42.357574], [-121.435697, 42.356971], [-121.436535, 42.35579], [-121.437017, 42.354212], [-121.437747, 42.353573], [-121.438054, 42.353024], [-121.43798, 42.352356], [-121.43700391, 42.35079008], [-121.43692, 42.350692], [-121.436333, 42.350076], [-121.4363104, 42.3496626], [-121.436359, 42.3472], [-121.43616, 42.34508], [-121.436429, 42.344642], [-121.436272, 42.343972], [-121.43626047, 42.3426752], [-121.436204, 42.342141], [-121.43568625, 42.34193985], [-121.435546, 42.341898], [-121.43408, 42.341683], [-121.431869, 42.341937], [-121.42146, 42.341967], [-121.420739, 42.341684], [-121.420142, 42.341651], [-121.419489, 42.341918], [-121.41437434, 42.34192723], [-121.413101, 42.341931], [-121.413769, 42.341181], [-121.413437, 42.340594], [-121.413371, 42.339584], [-121.413419, 42.339233], [-121.413793, 42.33905], [-121.417718, 42.339014], [-121.419044, 42.33875], [-121.420943, 42.33881], [-121.422366, 42.339048], [-121.42374922, 42.33899185], [-121.423968, 42.338994], [-121.4238059, 42.33763274], [-121.422544, 42.336848], [-121.422015, 42.336205], [-121.4219821, 42.33614851], [-121.420814, 42.332681], [-121.419696, 42.331369], [-121.4195781, 42.33068858], [-121.419786, 42.330202], [-121.420283, 42.329807], [-121.42278156, 42.32904723], [-121.422796, 42.329045], [-121.424402, 42.328669], [-121.42598085, 42.32724869], [-121.428466, 42.325745], [-121.430095, 42.324989], [-121.43233218, 42.32401371], [-121.435381, 42.323276], [-121.43713568, 42.32282566], [-121.47392171, 42.36916422]]]}, "properties": {"zone_name": "US-OR-KLA-KLA-1717", "level": 1, "fire_name": "Wrights Spring", "county": "Klamath", "addresses": 33, "unmatched_addresses": 0, "unmatched_fraction_pct": 0, "geometry_source": "cached", "geometry_cache_age_days": 0, "overlapping_zips": [{"zip": "97623", "fraction_pct": 93.0}, {"zip": "97639", "fraction_pct": 7.0}]}}, {"type": "Feature", "geometry": {"type": "Polygon", "coordinates": [[[-121.4840086, 42.4574306], [-121.4784546, 42.4573427], [-121.47805684, 42.45734988], [-121.47807569, 42.45730119], [-121.47878493, 42.45730119], [-121.47893957, 42.45729332], [-121.48033672, 42.45724218], [-121.48155111, 42.45720985], [-121.48202038, 42.4569856], [-121.48229767, 42.45654495], [-121.48256449, 42.45576546], [-121.48271381, 42.45480153], [-121.48231678, 42.45361147], [-121.48232212, 42.45259635], [-121.48225721, 42.45177115], [-121.48232385, 42.45169179], [-121.48457836, 42.45211075], [-121.48561813, 42.45221782], [-121.486694, 42.452237], [-121.48672305, 42.45223779], [-121.48975093, 42.45226493], [-121.48976308, 42.45223516], [-121.4914154, 42.4522413], [-121.49310852, 42.4522476], [-121.4941469, 42.45225169], [-121.49661929, 42.45226145], [-121.49663705, 42.4485487], [-121.49928801, 42.44847073], [-121.49934648, 42.44813936], [-121.50230932, 42.44823683], [-121.50228983, 42.45090728], [-121.50595439, 42.4508488], [-121.5059931, 42.45093349], [-121.5060831, 42.4508806], [-121.5063415, 42.4506577], [-121.50640472, 42.45057454], [-121.50642708, 42.4507757], [-121.50642708, 42.45215966], [-121.50642708, 42.45572676], [-121.50642219, 42.45601528], [-121.505739, 42.4565238], [-121.5059979, 42.4567632], [-121.5061481, 42.4569607], [-121.5062793, 42.4571723], [-121.5063741, 42.4574412], [-121.5064105, 42.4578105], [-121.5063942, 42.4581763], [-121.5062711, 42.4588786], [-121.5061068, 42.4599279], [-121.5059445, 42.4609884], [-121.5059124, 42.461294], [-121.5058858, 42.4618408], [-121.50589157, 42.46195441], [-121.50584531, 42.46197361], [-121.50585551, 42.46261302], [-121.50569236, 42.46261302], [-121.50569236, 42.4618382], [-121.50540684, 42.46148464], [-121.50517231, 42.4609731], [-121.50480522, 42.46095053], [-121.50451971, 42.4607399], [-121.50413222, 42.46049917], [-121.50384671, 42.46034119], [-121.50352041, 42.46013055], [-121.50314312, 42.4600478], [-121.50278623, 42.46004028], [-121.50096097, 42.46013808], [-121.50056329, 42.46003276], [-121.50051231, 42.45978451], [-121.49999226, 42.45983717], [-121.49991069, 42.45970176], [-121.49974754, 42.45963405], [-121.49963537, 42.45980707], [-121.49941104, 42.46001771], [-121.49943143, 42.46016065], [-121.49904395, 42.46034119], [-121.49880942, 42.46032615], [-121.49848312, 42.46031862], [-121.49796307, 42.46018321], [-121.49722889, 42.45998762], [-121.49713712, 42.45964157], [-121.4968822, 42.45966414], [-121.49693318, 42.45985973], [-121.49679042, 42.46013055], [-121.49672924, 42.46048412], [-121.49667826, 42.46026596], [-121.49659668, 42.4600779], [-121.49646412, 42.45991239], [-121.4958727, 42.45997258], [-121.49564837, 42.46022835], [-121.49542403, 42.46037128], [-121.49514872, 42.46049917], [-121.49483261, 42.46038633], [-121.49467966, 42.46001771], [-121.49444513, 42.45978451], [-121.4938537, 42.45992744], [-121.49346622, 42.45989735], [-121.49286417, 42.45965228], [-121.49268947, 42.45961631], [-121.49249446, 42.45958634], [-121.49235226, 42.4594095], [-121.49226694, 42.45967626], [-121.49200692, 42.45965528], [-121.49179566, 42.45962231], [-121.4916819, 42.45965528], [-121.49165015, 42.45973147], [-121.49155671, 42.45993528], [-121.4913495, 42.45995327], [-121.49129262, 42.45970749], [-121.49120324, 42.45968351], [-121.49099604, 42.45978242], [-121.49083759, 42.45992329], [-121.49075227, 42.46010613], [-121.49058976, 42.46033393], [-121.49048007, 42.46032194], [-121.49037037, 42.46039387], [-121.49032162, 42.46048079], [-121.49019567, 42.46039387], [-121.49009004, 42.46031594], [-121.49006972, 42.46024701], [-121.49000472, 42.46014809], [-121.48983408, 42.46008515], [-121.48971626, 42.46016308], [-121.48967157, 42.46027698], [-121.48954156, 42.46041186], [-121.48937092, 42.46063066], [-121.48913013, 42.46077987], [-121.48874823, 42.46069595], [-121.48865885, 42.46070194], [-121.48840696, 42.46040222], [-121.48850853, 42.46026134], [-121.48871167, 42.45991665], [-121.48872792, 42.45981174], [-121.48850853, 42.45982373], [-121.48839477, 42.45980575], [-121.48830133, 42.45970084], [-121.48809006, 42.45980875], [-121.48783817, 42.45987769], [-121.48772035, 42.45985071], [-121.48766753, 42.45991965], [-121.48770409, 42.46002755], [-121.48762284, 42.46006352], [-121.4874197, 42.4600815], [-121.48732219, 42.46001556], [-121.48720437, 42.46004853], [-121.4871353, 42.46007551], [-121.48695654, 42.45991365], [-121.48691591, 42.4598657], [-121.48680215, 42.45984172], [-121.48680622, 42.45972782], [-121.48681028, 42.45958994], [-121.48688747, 42.45947604], [-121.48691185, 42.45932917], [-121.48694029, 42.45925724], [-121.48694029, 42.45919129], [-121.48684491, 42.45914633], [-121.48676366, 42.45915832], [-121.48673116, 42.45906241], [-121.48673928, 42.45887357], [-121.48677178, 42.45874469], [-121.48673928, 42.45857983], [-121.48671084, 42.45871172], [-121.4866824, 42.45887058], [-121.48664177, 42.45908339], [-121.48659302, 42.45917031], [-121.48647114, 42.45909238], [-121.4863655, 42.45905342], [-121.48640207, 42.45891554], [-121.48630863, 42.45885259], [-121.48618268, 42.45881063], [-121.48613393, 42.45874768], [-121.4861258, 42.45869373], [-121.4861258, 42.45855885], [-121.48603236, 42.45848691], [-121.48592672, 42.45847792], [-121.48587797, 42.45843596], [-121.48579265, 42.45845993], [-121.48570327, 42.458388], [-121.48564233, 42.45839099], [-121.48563826, 42.45833105], [-121.48567483, 42.45821115], [-121.4856017, 42.45820516], [-121.48551638, 42.4582711], [-121.48541481, 42.45836102], [-121.48537012, 42.45841797], [-121.48530512, 42.45845094], [-121.48527668, 42.45851988], [-121.48511416, 42.45856784], [-121.48497603, 42.45863678], [-121.48485821, 42.45875967], [-121.48476883, 42.45879564], [-121.48466726, 42.45883161], [-121.48456162, 42.45887058], [-121.48457381, 42.45881363], [-121.48453318, 42.45878065], [-121.48443987, 42.45868479], [-121.48437486, 42.45863982], [-121.48424079, 42.45862184], [-121.4841961, 42.45856189], [-121.48409859, 42.45845399], [-121.48397265, 42.45838804], [-121.48400921, 42.45828913], [-121.48392389, 42.45817823], [-121.48392796, 42.4580883], [-121.48396046, 42.4579744], [-121.48386701, 42.45794143], [-121.48376951, 42.45792944], [-121.48372888, 42.45783053], [-121.4836395, 42.45783652], [-121.48367606, 42.45791745], [-121.48355418, 42.45793544], [-121.48365575, 42.45800737], [-121.48355012, 42.45812727], [-121.48353387, 42.45819022], [-121.48355824, 42.45829213], [-121.48336729, 42.45824417], [-121.48323322, 42.45813626], [-121.48313977, 42.45798939], [-121.48313977, 42.45783352], [-121.48310727, 42.45777058], [-121.48317228, 42.45765068], [-121.48291226, 42.45761771], [-121.48279444, 42.45767166], [-121.48275787, 42.45776458], [-121.48269693, 42.45782153], [-121.48265224, 42.45776758], [-121.48260349, 42.45772262], [-121.48254254, 42.4577406], [-121.48248973, 42.45783652], [-121.48245316, 42.45786949], [-121.48246941, 42.45792944], [-121.48252629, 42.45799538], [-121.4825141, 42.45807032], [-121.4823841, 42.45820221], [-121.48227034, 42.45822618], [-121.48222565, 42.45831011], [-121.48222565, 42.45840303], [-121.48218908, 42.45842401], [-121.48217689, 42.45828014], [-121.4820997, 42.45815724], [-121.48194938, 42.45818422], [-121.48188437, 42.45807931], [-121.48179905, 42.45801936], [-121.48170561, 42.45801936], [-121.48155122, 42.45796541], [-121.48144965, 42.45804634], [-121.48141715, 42.45814226], [-121.48130339, 42.45819921], [-121.48124245, 42.45817223], [-121.48121807, 42.45811228], [-121.48135621, 42.45800737], [-121.48136027, 42.45794743], [-121.4814334, 42.45782453], [-121.4814334, 42.45769564], [-121.48140496, 42.45766267], [-121.48130746, 42.45749182], [-121.48161216, 42.45748282], [-121.48172999, 42.45747683], [-121.48232722, 42.45744985], [-121.48289601, 42.45748282], [-121.48336323, 42.45750081], [-121.48431392, 42.4575068], [-121.48431086, 42.45742994], [-121.4840086, 42.4574306]]]}, "properties": {"zone_name": "US-OR-KLA-KLA-1386", "level": 1, "fire_name": "Wrights Spring", "county": "Klamath", "addresses": 63, "unmatched_addresses": 0, "unmatched_fraction_pct": 0, "geometry_source": "cached", "geometry_cache_age_days": 0, "overlapping_zips": [{"zip": "97639", "fraction_pct": 99.8}, {"zip": "97624", "fraction_pct": 0.2}]}}, {"type": "Feature", "geometry": {"type": "Polygon", "coordinates": [[[-121.46703604, 42.44999269], [-121.46701, 42.4499879], [-121.4667174, 42.4499209], [-121.4664117, 42.4498275], [-121.4661274, 42.449727], [-121.4648589, 42.4492401], [-121.4625529, 42.4483708], [-121.4596143, 42.4472704], [-121.45874384, 42.44694479], [-121.45774213, 42.44657009], [-121.45767376, 42.44654451], [-121.45758135, 42.44650994], [-121.4562272, 42.4460034], [-121.4527743, 42.4447151], [-121.4501232, 42.4437258], [-121.4494751, 42.4435117], [-121.4487776, 42.4432918], [-121.448, 42.4430797], [-121.4469024, 42.4428254], [-121.4457581, 42.442612], [-121.4450712, 42.4425092], [-121.4444989, 42.442429], [-121.44428738, 42.44240567], [-121.4438761, 42.4423603], [-121.4432269, 42.4423024], [-121.4425987, 42.442262], [-121.4419368, 42.4422336], [-121.4406387, 42.4422152], [-121.4381337, 42.4421959], [-121.4282624, 42.4421633], [-121.4210505, 42.4421348], [-121.4208947, 42.4421339], [-121.4200055, 42.4421268], [-121.420006, 42.441826], [-121.42002, 42.44159], [-121.420062, 42.441389], [-121.420103, 42.441268], [-121.420147, 42.441175], [-121.420305, 42.44094], [-121.420422, 42.4408], [-121.421319, 42.439664], [-121.426251, 42.433427], [-121.426677, 42.432897], [-121.426726, 42.432838], [-121.427566, 42.431774], [-121.427856, 42.431399], [-121.428056, 42.431121], [-121.428195, 42.430953], [-121.428275, 42.430874], [-121.428403, 42.430781], [-121.428534, 42.430734], [-121.428598, 42.430741], [-121.42884, 42.430782], [-121.428922, 42.430802], [-121.429394, 42.430918], [-121.429758, 42.43098], [-121.430082, 42.431041], [-121.43047, 42.431116], [-121.430656, 42.43101], [-121.431147, 42.430833], [-121.43118, 42.430822], [-121.432168, 42.430307], [-121.432631, 42.429735], [-121.432781, 42.429449], [-121.432804, 42.429406], [-121.432885, 42.429254], [-121.432966, 42.429101], [-121.433125, 42.428799], [-121.43321, 42.428538], [-121.4334409, 42.42777866], [-121.4480508, 42.42782296], [-121.44808282, 42.43144677], [-121.46257051, 42.43181306], [-121.46258652, 42.42820843], [-121.47152456, 42.42828087], [-121.47105309, 42.4288243], [-121.470415, 42.429437], [-121.46987163, 42.42965497], [-121.4696805, 42.4297221], [-121.468841, 42.430124], [-121.468212, 42.430673], [-121.46775405, 42.43072483], [-121.467352, 42.430815], [-121.466571, 42.431481], [-121.4665106, 42.43214489], [-121.466803, 42.433804], [-121.467376, 42.434353], [-121.46770854, 42.43529798], [-121.468043, 42.436543], [-121.468038, 42.437919], [-121.46785694, 42.43863067], [-121.467779, 42.439255], [-121.467589, 42.439583], [-121.46783914, 42.4400316], [-121.46803999, 42.44162172], [-121.467974, 42.442246], [-121.46763994, 42.44262383], [-121.466784, 42.443395], [-121.46638544, 42.44395017], [-121.46630689, 42.44620006], [-121.46633972, 42.44797814], [-121.466335, 42.448772], [-121.46652155, 42.44932425], [-121.46700442, 42.4498917], [-121.46703604, 42.44999269]]]}, "properties": {"zone_name": "US-OR-KLA-KLA-1426", "level": 1, "fire_name": "Wrights Spring", "county": "Klamath", "addresses": 15, "unmatched_addresses": 0, "unmatched_fraction_pct": 0, "geometry_source": "cached", "geometry_cache_age_days": 0, "overlapping_zips": [{"zip": "97639", "fraction_pct": 100.0}]}}, {"type": "Feature", "geometry": {"type": "Polygon", "coordinates": [[[-121.46770282, 42.45010181], [-121.4696401, 42.450176], [-121.47520127, 42.45031743], [-121.47701835, 42.45068161], [-121.477068, 42.450692], [-121.4791541, 42.4511146], [-121.481238, 42.45149], [-121.48232385, 42.45169179], [-121.48079026, 42.45351812], [-121.4807172, 42.45403561], [-121.48052725, 42.45465552], [-121.48018207, 42.45533604], [-121.47914462, 42.45610146], [-121.47869895, 42.45634942], [-121.47835557, 42.45640871], [-121.47806333, 42.45635481], [-121.47769073, 42.45653808], [-121.47769803, 42.45664588], [-121.47760306, 42.45667822], [-121.47745694, 42.45659737], [-121.47728159, 42.45659198], [-121.47734735, 42.45652191], [-121.4772889, 42.4563602], [-121.47729621, 42.45621466], [-121.47720123, 42.45590741], [-121.47710625, 42.45575109], [-121.47698205, 42.45603678], [-121.4769236, 42.45547619], [-121.4767994, 42.45541689], [-121.47653639, 42.45537377], [-121.4763099, 42.45540072], [-121.47614917, 42.45547619], [-121.47601766, 42.45556243], [-121.47592268, 42.45562173], [-121.47586424, 42.45416092], [-121.47576195, 42.45396687], [-121.47560122, 42.45409085], [-121.47527245, 42.45415014], [-121.4750825, 42.45415014], [-121.47489254, 42.45400999], [-121.47481218, 42.45381593], [-121.47433729, 42.45368656], [-121.47401582, 42.45367578], [-121.47393546, 42.45363266], [-121.47392495, 42.4533012], [-121.47315783, 42.45312871], [-121.47304824, 42.45315027], [-121.47296057, 42.45310714], [-121.47298979, 42.45291847], [-121.47287289, 42.4529023], [-121.47271947, 42.4530209], [-121.47267563, 42.45312871], [-121.4725076, 42.4530748], [-121.47237609, 42.45297238], [-121.47223728, 42.45301011], [-121.47229572, 42.45327964], [-121.47218613, 42.45342519], [-121.4720254, 42.4534198], [-121.47206924, 42.45352222], [-121.47190851, 42.45364081], [-121.47188659, 42.45374862], [-121.47162357, 42.45379713], [-121.47171125, 42.45371628], [-121.47193773, 42.4534737], [-121.47190851, 42.45329581], [-121.47172586, 42.4533012], [-121.47149937, 42.453533], [-121.47135325, 42.45373245], [-121.47138978, 42.45361925], [-121.47142631, 42.45352222], [-121.47150668, 42.45327425], [-121.47183545, 42.45294543], [-121.47187916, 42.45277293], [-121.47147002, 42.45274058], [-121.4710828, 42.45269207], [-121.47094399, 42.45272441], [-121.47077595, 42.45278371], [-121.47066636, 42.4529616], [-121.47053486, 42.45332816], [-121.47044718, 42.45343058], [-121.47030837, 42.45347909], [-121.47003074, 42.45384026], [-121.46987732, 42.45398041], [-121.46969467, 42.45397502], [-121.46892024, 42.45406666], [-121.46829192, 42.45417447], [-121.46757594, 42.45423915], [-121.46727525, 42.45422067], [-121.46727433, 42.45423588], [-121.46667246, 42.45424841], [-121.46550928, 42.45426064], [-121.46495299, 42.45429248], [-121.46419271, 42.45425133], [-121.46359095, 42.45438782], [-121.46328222, 42.45436917], [-121.46306382, 42.4543292], [-121.46280505, 42.45428789], [-121.46265037, 42.45426923], [-121.46250653, 42.45427057], [-121.46217354, 42.45433456], [-121.46199316, 42.45441095], [-121.46184611, 42.4544928], [-121.46178535, 42.45501724], [-121.4617919, 42.455104], [-121.46173128, 42.4551842], [-121.46174432, 42.45520887], [-121.46170308, 42.45526718], [-121.46164361, 42.45529514], [-121.46159041, 42.45530733], [-121.46155167, 42.45532835], [-121.46154044, 42.45534579], [-121.46153859, 42.455373], [-121.46156986, 42.45545485], [-121.46155144, 42.45547415], [-121.4615091, 42.45548093], [-121.46143948, 42.45546613], [-121.46139503, 42.45549014], [-121.46135545, 42.45548324], [-121.46132561, 42.45546484], [-121.46124459, 42.45561655], [-121.46120592, 42.45565389], [-121.46115859, 42.45567046], [-121.4611367, 42.45572616], [-121.46106935, 42.45572437], [-121.46106235, 42.45566489], [-121.46099965, 42.4557248], [-121.46098346, 42.45575795], [-121.46093598, 42.45575101], [-121.4608647, 42.45577122], [-121.46083453, 42.4557611], [-121.46079355, 42.4557861], [-121.46076597, 42.45577592], [-121.46088715, 42.45495621], [-121.46109372, 42.45484792], [-121.46106861, 42.45476894], [-121.46103824, 42.45455236], [-121.46077035, 42.45409745], [-121.46035616, 42.45343501], [-121.46016287, 42.45319889], [-121.45741989, 42.45296967], [-121.45716123, 42.45272667], [-121.45248049, 42.45340868], [-121.44972323, 42.4541009], [-121.44830276, 42.45474309], [-121.44686615, 42.4556474], [-121.4455283, 42.45644631], [-121.44327845, 42.45697187], [-121.44184043, 42.45689847], [-121.43998999, 42.45750784], [-121.43937405, 42.45814218], [-121.43903675, 42.45834335], [-121.43834069, 42.45839621], [-121.43766452, 42.4583316], [-121.43751577, 42.4581789], [-121.4375362, 42.45792708], [-121.43722022, 42.45724678], [-121.43677901, 42.45742421], [-121.43641078, 42.45786009], [-121.43570075, 42.45786701], [-121.43563658, 42.4576561], [-121.43481286, 42.45763064], [-121.43489589, 42.45632365], [-121.43452324, 42.45707333], [-121.43409523, 42.45623012], [-121.43373745, 42.45617743], [-121.43281769, 42.45691276], [-121.43240436, 42.45718312], [-121.43182036, 42.45729322], [-121.43027564, 42.45702391], [-121.4292434, 42.45659162], [-121.42876971, 42.45510617], [-121.42866019, 42.45397831], [-121.42853673, 42.45455168], [-121.42822371, 42.45479448], [-121.42785616, 42.45514658], [-121.42396752, 42.45370206], [-121.42329138, 42.45382627], [-121.42258494, 42.45369713], [-121.42170849, 42.45301068], [-121.42090273, 42.45232423], [-121.41946397, 42.45171822], [-121.41922215, 42.45165704], [-121.41851214, 42.45100167], [-121.41819909, 42.45108279], [-121.41794223, 42.45079082], [-121.41761578, 42.45053851], [-121.41659484, 42.45045224], [-121.41640924, 42.45046437], [-121.41625627, 42.45056075], [-121.41624715, 42.45064399], [-121.41624524, 42.45074788], [-121.41644691, 42.45088347], [-121.41616514, 42.45075811], [-121.41608227, 42.45078257], [-121.41601182, 42.45074894], [-121.41608227, 42.45058078], [-121.41604083, 42.45056244], [-121.41595381, 42.45059913], [-121.41590823, 42.45055326], [-121.41615685, 42.45045543], [-121.41623144, 42.45037899], [-121.41614028, 42.45029644], [-121.41601597, 42.45025975], [-121.41598282, 42.45028726], [-121.41600354, 42.45040039], [-121.41594138, 42.45039733], [-121.41587508, 42.45042179], [-121.41578806, 42.45051046], [-121.41586265, 42.45033924], [-121.4159911, 42.45022306], [-121.41618171, 42.45003349], [-121.41629614, 42.44982502], [-121.41646603, 42.44956819], [-121.4165199, 42.44945506], [-121.41659449, 42.44944589], [-121.4180945, 42.44945201], [-121.41818566, 42.44943978], [-121.4182934, 42.4493664], [-121.41831412, 42.44858672], [-121.41826025, 42.44858672], [-121.41822296, 42.44879158], [-121.41817738, 42.44931748], [-121.41812351, 42.44937251], [-121.41788732, 42.44937251], [-121.41775886, 42.4493083], [-121.41767185, 42.44931442], [-121.41732792, 42.44937557], [-121.4166525, 42.44935111], [-121.41666907, 42.44928996], [-121.41660692, 42.44921352], [-121.41627542, 42.44956208], [-121.41611382, 42.44984337], [-121.41599365, 42.45006045], [-121.41601023, 42.44986477], [-121.41597293, 42.4498342], [-121.41588592, 42.44984948], [-121.41570774, 42.45031728], [-121.41564558, 42.45023167], [-121.41557514, 42.45016746], [-121.41547155, 42.45024084], [-121.41513176, 42.450143], [-121.41476129, 42.45004008], [-121.41471571, 42.44998199], [-121.41473643, 42.4499239], [-121.41467427, 42.4499239], [-121.41462455, 42.45001562], [-121.41462455, 42.45010735], [-121.41483587, 42.45024799], [-121.41483587, 42.45028162], [-121.41476129, 42.45031831], [-121.41454582, 42.4502541], [-121.41270707, 42.44939963], [-121.41245071, 42.44929793], [-121.4123818, 42.44923895], [-121.41245347, 42.44919623], [-121.41247552, 42.44910267], [-121.41245898, 42.4489908], [-121.41247001, 42.44894199], [-121.41243693, 42.44886063], [-121.41227706, 42.44874063], [-121.41215853, 42.44868368], [-121.41211994, 42.44871215], [-121.41213923, 42.44877521], [-121.41225225, 42.4489725], [-121.41220814, 42.44898877], [-121.41204, 42.44900911], [-121.41202346, 42.44904369], [-121.41206756, 42.44912098], [-121.41204827, 42.44915555], [-121.4119132, 42.4490986], [-121.4107858, 42.4486369], [-121.41066636, 42.44877967], [-121.4123018, 42.44947254], [-121.41218898, 42.44962169], [-121.41220038, 42.44991185], [-121.41240554, 42.45022302], [-121.41240554, 42.45031133], [-121.41254802, 42.45038702], [-121.4126563, 42.45050477], [-121.41272469, 42.4507781], [-121.4132433, 42.45149295], [-121.41331739, 42.45168218], [-121.41339147, 42.45179992], [-121.41360234, 42.45204381], [-121.41376761, 42.45257363], [-121.41385309, 42.45289741], [-121.41387019, 42.45332631], [-121.41386449, 42.45362486], [-121.41375084, 42.45383859], [-121.41352858, 42.45410349], [-121.41357987, 42.4543684], [-121.41343169, 42.45470478], [-121.41313534, 42.4550706], [-121.41286179, 42.45554153], [-121.41247426, 42.45610496], [-121.41205823, 42.45683237], [-121.41159091, 42.45741261], [-121.41111219, 42.45790876], [-121.41086713, 42.45812319], [-121.41051949, 42.45845535], [-121.40952786, 42.45917012], [-121.40886678, 42.45946023], [-121.40831967, 42.45980079], [-121.40765859, 42.46030953], [-121.40655755, 42.4608793], [-121.40558302, 42.46122827], [-121.40489344, 42.46140064], [-121.4045002, 42.46142167], [-121.40392427, 42.46129993], [-121.40306372, 42.46132095], [-121.40188402, 42.46119482], [-121.40056185, 42.46093415], [-121.39964431, 42.46074916], [-121.39894333, 42.46049269], [-121.39790136, 42.46000314], [-121.3963377, 42.45918281], [-121.39515523, 42.45787423], [-121.39461616, 42.45665543], [-121.39365975, 42.45547509], [-121.39317285, 42.454577], [-121.39301635, 42.45371738], [-121.39298157, 42.45252416], [-121.39380299, 42.45176224], [-121.39380299, 42.45154024], [-121.39410054, 42.45121091], [-121.39419353, 42.45084041], [-121.39525358, 42.45007197], [-121.39560693, 42.44998963], [-121.39620205, 42.44959168], [-121.3965368, 42.44920745], [-121.39666698, 42.44874088], [-121.39698314, 42.44864482], [-121.39703893, 42.44821942], [-121.39689068, 42.44766152], [-121.39689891, 42.44766015], [-121.39685235, 42.44758878], [-121.39670526, 42.44758824], [-121.39620535, 42.44688973], [-121.39620395, 42.44646212], [-121.39613938, 42.44633157], [-121.3960229, 42.44623387], [-121.39576769, 42.44591806], [-121.39575416, 42.44559837], [-121.39523648, 42.44542177], [-121.39487716, 42.44529914], [-121.39483674, 42.44518745], [-121.39479266, 42.44504185], [-121.39436508, 42.44440294], [-121.39427677, 42.44432926], [-121.39424253, 42.44419572], [-121.39420492, 42.44409709], [-121.39426193, 42.44401841], [-121.39420756, 42.44379704], [-121.39405141, 42.44363522], [-121.39401, 42.44340386], [-121.39394766, 42.44333727], [-121.39373879, 42.44329102], [-121.39353297, 42.44319308], [-121.39346909, 42.44308018], [-121.3932575, 42.44268598], [-121.39336359, 42.44261101], [-121.39334916, 42.442413], [-121.39325366, 42.44208614], [-121.39326819, 42.44194374], [-121.39333487, 42.44194925], [-121.3936471, 42.441975], [-121.3942534, 42.4419947], [-121.3990459, 42.4420139], [-121.399051, 42.44201392], [-121.40078508, 42.44202211], [-121.40094586, 42.44202287], [-121.40135131, 42.44202478], [-121.40155331, 42.44202573], [-121.4021815, 42.4420287], [-121.40835877, 42.44206025], [-121.40869151, 42.44206195], [-121.4088584, 42.4420628], [-121.41116391, 42.44207252], [-121.41191945, 42.4420757], [-121.41203845, 42.44207621], [-121.41232421, 42.44207741], [-121.4144566, 42.4420864], [-121.41844731, 42.44211546], [-121.4200055, 42.4421268], [-121.4208947, 42.4421339], [-121.4210505, 42.4421348], [-121.4282624, 42.4421633], [-121.4381337, 42.4421959], [-121.4406387, 42.4422152], [-121.4419368, 42.4422336], [-121.4425987, 42.442262], [-121.4432269, 42.4423024], [-121.4438761, 42.4423603], [-121.44428738, 42.44240567], [-121.4444989, 42.442429], [-121.4450712, 42.4425092], [-121.4457581, 42.442612], [-121.4469024, 42.4428254], [-121.448, 42.4430797], [-121.4487776, 42.4432918], [-121.4494751, 42.4435117], [-121.4501232, 42.4437258], [-121.4527743, 42.4447151], [-121.4562272, 42.4460034], [-121.45758135, 42.44650994], [-121.45767376, 42.44654451], [-121.45774213, 42.44657009], [-121.45874384, 42.44694479], [-121.4596143, 42.4472704], [-121.4625529, 42.4483708], [-121.4648589, 42.4492401], [-121.4661274, 42.449727], [-121.4664117, 42.4498275], [-121.4667174, 42.4499209], [-121.46701, 42.4499879], [-121.4672905, 42.4500395], [-121.46738058, 42.45005166], [-121.46738037, 42.45006078], [-121.46770282, 42.45010181]]]}, "properties": {"zone_name": "US-OR-KLA-KLA-1431", "level": 1, "fire_name": "Wrights Spring", "county": "Klamath", "addresses": 2, "unmatched_addresses": 0, "unmatched_fraction_pct": 0, "geometry_source": "cached", "geometry_cache_age_days": 0, "overlapping_zips": [{"zip": "97639", "fraction_pct": 100.0}]}}, {"type": "Feature", "geometry": {"type": "Polygon", "coordinates": [[[-121.4151241, 42.3064646], [-121.4153145, 42.306432], [-121.4156261, 42.3063629], [-121.4158402, 42.3062994], [-121.4161099, 42.3061848], [-121.4163218, 42.3060731], [-121.416505, 42.305946], [-121.4166766, 42.3058006], [-121.4168936, 42.3055736], [-121.417099, 42.3053667], [-121.4173269, 42.3051546], [-121.4175886, 42.3049374], [-121.4180135, 42.3046958], [-121.4184888, 42.3045213], [-121.418998, 42.3044248], [-121.4195658, 42.3043875], [-121.4200608, 42.304427], [-121.4205278, 42.3045348], [-121.4209425, 42.3047193], [-121.4210063, 42.3047477], [-121.4214219, 42.305038], [-121.4225413, 42.3061676], [-121.4229646, 42.3065619], [-121.4234051, 42.3069492], [-121.4240744, 42.3074929], [-121.4247669, 42.3080122], [-121.4252986, 42.3084214], [-121.4256519, 42.3086323], [-121.4260269, 42.3088061], [-121.4263956, 42.3089317], [-121.4267894, 42.3090151], [-121.4270936, 42.3090459], [-121.4273982, 42.3090617], [-121.4276972, 42.3090538], [-121.4280627, 42.3090073], [-121.4291516, 42.3087991], [-121.4299176, 42.3086511], [-121.4304336, 42.3085104], [-121.4308425, 42.3083552], [-121.4311238, 42.3082249], [-121.4313519, 42.3080815], [-121.4315916, 42.3078974], [-121.4318569, 42.3076563], [-121.4320726, 42.307405], [-121.43228, 42.3070779], [-121.432572, 42.306394], [-121.4327376, 42.3060398], [-121.4329639, 42.3056838], [-121.433272, 42.3053392], [-121.4334826, 42.3051527], [-121.4338255, 42.3049143], [-121.4353136, 42.3040437], [-121.4383882, 42.302249], [-121.43842775, 42.30222592], [-121.4384691, 42.3022024], [-121.439035, 42.3018806], [-121.44170326, 42.30031211], [-121.4513245, 42.3003247], [-121.46209439, 42.30045445], [-121.462445, 42.300461], [-121.462408, 42.304131], [-121.4624577, 42.311322], [-121.462526, 42.317005], [-121.462549, 42.318668], [-121.46242479, 42.31866742], [-121.4577821, 42.318665], [-121.44456572, 42.31858342], [-121.444268, 42.318684], [-121.443616, 42.319093], [-121.44065, 42.321613], [-121.43934, 42.322306], [-121.438237, 42.322543], [-121.435381, 42.323276], [-121.43233218, 42.32401371], [-121.430095, 42.324989], [-121.43009314, 42.32498986], [-121.42918489, 42.32382378], [-121.42832662, 42.32271628], [-121.42799487, 42.32235988], [-121.42762629, 42.32214296], [-121.42692063, 42.32188141], [-121.42626996, 42.32165103], [-121.42595837, 42.32148841], [-121.42573292, 42.32118484], [-121.42558433, 42.32069378], [-121.42551285, 42.32029129], [-121.42537913, 42.31990271], [-121.4253553, 42.31957475], [-121.42535346, 42.31915869], [-121.42540658, 42.31881909], [-121.42540291, 42.31853449], [-121.42536442, 42.31824175], [-121.42514997, 42.31787176], [-121.42485855, 42.31758444], [-121.42462859, 42.31724583], [-121.42442838, 42.31636781], [-121.42419319, 42.31604183], [-121.42382478, 42.31572333], [-121.42343254, 42.31551325], [-121.42324725, 42.31529887], [-121.42299982, 42.31514165], [-121.42260941, 42.31515385], [-121.422252, 42.31519857], [-121.42203939, 42.31525279], [-121.4215665, 42.31516469], [-121.42118343, 42.31495868], [-121.42102525, 42.31475226], [-121.42097393, 42.31451914], [-121.42109857, 42.31425079], [-121.42128735, 42.31401631], [-121.42160628, 42.31386722], [-121.42145965, 42.31372355], [-121.42113339, 42.31357853], [-121.4208888, 42.3134472], [-121.42062486, 42.31316935], [-121.42038109, 42.31294165], [-121.42011716, 42.31278307], [-121.41992238, 42.31244372], [-121.41931098, 42.31147881], [-121.41894378, 42.31090583], [-121.41848895, 42.31057499], [-121.4179372, 42.31040406], [-121.41779553, 42.31008977], [-121.41748983, 42.30967071], [-121.41690079, 42.308998], [-121.41629684, 42.30827014], [-121.41596876, 42.30754779], [-121.4151241, 42.3064646]]]}, "properties": {"zone_name": "US-OR-KLA-KLA-1722", "level": 1, "fire_name": "Wrights Spring", "county": "Klamath", "addresses": 28, "unmatched_addresses": 0, "unmatched_fraction_pct": 0, "geometry_source": "cached", "geometry_cache_age_days": 0, "overlapping_zips": [{"zip": "97623", "fraction_pct": 100.0}]}}, {"type": "Feature", "geometry": {"type": "Polygon", "coordinates": [[[-121.43062394, 42.25811587], [-121.430686, 42.25819], [-121.431322, 42.258097], [-121.431465, 42.258244], [-121.4323772, 42.2604684], [-121.435283, 42.259872], [-121.437422, 42.264656], [-121.437301, 42.264985], [-121.436624, 42.26553], [-121.43679, 42.26608], [-121.437106, 42.26677], [-121.438291, 42.266665], [-121.439386, 42.267781], [-121.440711, 42.27137], [-121.441413, 42.274373], [-121.441421, 42.27463], [-121.441284, 42.274753], [-121.43871146, 42.27523871], [-121.438604, 42.275357], [-121.438722, 42.275674], [-121.440446, 42.278005], [-121.44233, 42.279855], [-121.4434791, 42.2814746], [-121.444899, 42.282852], [-121.445221, 42.283555], [-121.445385, 42.285676], [-121.445654, 42.286799], [-121.445273, 42.289354], [-121.44546, 42.29309], [-121.44568014, 42.29303673], [-121.452475, 42.293126], [-121.45260615, 42.29359628], [-121.452617, 42.293931], [-121.45261879, 42.29393525], [-121.4497651, 42.2956476], [-121.44771951, 42.29683581], [-121.4437164, 42.299161], [-121.4418147, 42.3002466], [-121.439035, 42.3018806], [-121.4384691, 42.3022024], [-121.43842775, 42.30222592], [-121.4383882, 42.302249], [-121.4353136, 42.3040437], [-121.4338255, 42.3049143], [-121.4334826, 42.3051527], [-121.433272, 42.3053392], [-121.43324444, 42.30537003], [-121.43304668, 42.30525302], [-121.43306472, 42.30454574], [-121.43265422, 42.30443898], [-121.43226627, 42.30447567], [-121.43170197, 42.3043956], [-121.43133207, 42.30460245], [-121.4308539, 42.30516294], [-121.43049752, 42.30587022], [-121.42998778, 42.30595696], [-121.42905399, 42.30583686], [-121.42835757, 42.30565249], [-121.42758493, 42.30515944], [-121.42738194, 42.30481247], [-121.4271609, 42.30438543], [-121.4265519, 42.30363142], [-121.42592314, 42.3031597], [-121.42493071, 42.30250911], [-121.42461494, 42.30204869], [-121.42463299, 42.30152153], [-121.42448142, 42.30108378], [-121.4239446, 42.30052325], [-121.4232093, 42.29958236], [-121.42258678, 42.29878492], [-121.42186248, 42.29744424], [-121.42116327, 42.2965033], [-121.42060841, 42.29564243], [-121.42029715, 42.2948683], [-121.41925059, 42.29384294], [-121.41824913, 42.29273844], [-121.41794238, 42.29244813], [-121.41732888, 42.2923647], [-121.41651446, 42.29226187], [-121.41520174, 42.29239869], [-121.41466044, 42.29272575], [-121.41381687, 42.29331637], [-121.41302293, 42.29360334], [-121.41273422, 42.29375017], [-121.41229665, 42.29292262], [-121.4117286, 42.29208657], [-121.41137673, 42.2917829], [-121.41102487, 42.29179959], [-121.41057377, 42.29197978], [-121.41019484, 42.2919631], [-121.40906094, 42.29188969], [-121.40726865, 42.29197079], [-121.4072627, 42.2919403], [-121.4070077, 42.2907654], [-121.4067066, 42.2892282], [-121.4065436, 42.2884125], [-121.4063086, 42.2872829], [-121.4060871, 42.2862047], [-121.4059022, 42.2853367], [-121.4057944, 42.2849705], [-121.4056957, 42.2846713], [-121.4052807, 42.2835633], [-121.4045387, 42.2815211], [-121.4042102, 42.2806515], [-121.4031569, 42.2777215], [-121.4026649, 42.2763593], [-121.4024418, 42.2757424], [-121.402077, 42.2747779], [-121.4016532, 42.2735791], [-121.4009237, 42.2715706], [-121.4008647, 42.2714317], [-121.3998347, 42.2686093], [-121.3991105, 42.2665808], [-121.3985043, 42.264977], [-121.3978499, 42.2631786], [-121.39727317, 42.26156566], [-121.3968789, 42.260463], [-121.3959401, 42.25793], [-121.39550709, 42.25671826], [-121.394937, 42.2551229], [-121.39491633, 42.25506761], [-121.39668807, 42.2547412], [-121.39679302, 42.25484477], [-121.39765884, 42.25541441], [-121.39844595, 42.25615881], [-121.399854, 42.25732395], [-121.40167873, 42.25930934], [-121.4020373, 42.25942585], [-121.40600803, 42.26036214], [-121.40989465, 42.26509652], [-121.40876005, 42.26588258], [-121.4104016, 42.26779407], [-121.41366056, 42.26684726], [-121.41341916, 42.26481068], [-121.41221213, 42.26389956], [-121.41281564, 42.26348866], [-121.41216385, 42.26273831], [-121.41346744, 42.26198795], [-121.41370884, 42.260648], [-121.43062394, 42.25811587]]]}, "properties": {"zone_name": "US-OR-KLA-KLA-1968", "level": 1, "fire_name": "Wrights Spring", "county": "Klamath", "addresses": 139, "unmatched_addresses": 0, "unmatched_fraction_pct": 0, "geometry_source": "cached", "geometry_cache_age_days": 0, "overlapping_zips": [{"zip": "97623", "fraction_pct": 100.0}]}}, {"type": "Feature", "geometry": {"type": "Polygon", "coordinates": [[[-121.48967033, 42.23497382], [-121.4899568, 42.2350039], [-121.4916504, 42.2350107], [-121.4942687, 42.2349989], [-121.49655308, 42.23497765], [-121.49742635, 42.23496953], [-121.4979728, 42.23496445], [-121.49894736, 42.23495538], [-121.5011168, 42.2349352], [-121.5062557, 42.2348702], [-121.5163476, 42.234902], [-121.5187504, 42.2348982], [-121.5199773, 42.2348967], [-121.5200478, 42.2349685], [-121.5201266, 42.2350709], [-121.5201833, 42.2351927], [-121.5202068, 42.2353329], [-121.51972865, 42.23553], [-121.5192505, 42.2357271], [-121.5187893, 42.2359314], [-121.5183281, 42.2361357], [-121.5180698, 42.23627795], [-121.5178115, 42.2364202], [-121.5175609, 42.2365701], [-121.5173103, 42.23672], [-121.51691625, 42.2370118], [-121.5165222, 42.2373036], [-121.516172, 42.2376133], [-121.5158218, 42.237923], [-121.51556455, 42.2382008], [-121.5153073, 42.2384786], [-121.51466745, 42.23921626], [-121.5140276, 42.2399539], [-121.51226169, 42.24198989], [-121.51216049, 42.24210657], [-121.51207026, 42.2422106], [-121.51048115, 42.24404272], [-121.50906795, 42.24567467], [-121.5076401, 42.2473235], [-121.50663442, 42.24850593], [-121.5060241, 42.2492235], [-121.50437, 42.25112503], [-121.50366677, 42.25193344], [-121.50271591, 42.25302649], [-121.50106432, 42.2549283], [-121.49956536, 42.25665431], [-121.4994107, 42.2568324], [-121.49928869, 42.25697277], [-121.49918359, 42.25709367], [-121.49777432, 42.25871495], [-121.49661442, 42.26004931], [-121.4961379, 42.2605975], [-121.49531866, 42.26154815], [-121.4944995, 42.2624987], [-121.49410553, 42.26293676], [-121.4940831, 42.2629617], [-121.4936667, 42.2634247], [-121.49323185, 42.2638783], [-121.49313878, 42.26397539], [-121.492797, 42.2643319], [-121.49270826, 42.26441636], [-121.49214829, 42.26494926], [-121.49157709, 42.26549286], [-121.4914996, 42.2655666], [-121.49100593, 42.26598946], [-121.49091325, 42.26606885], [-121.4903269, 42.2665711], [-121.48949239, 42.26722031], [-121.4886579, 42.2678695], [-121.4877389, 42.26854796], [-121.4868199, 42.2692264], [-121.48680827, 42.26923505], [-121.486782, 42.267674], [-121.48679, 42.263976], [-121.4867881, 42.2636876], [-121.4867853, 42.263251], [-121.486789, 42.259111], [-121.486089, 42.2567], [-121.486028, 42.255939], [-121.48671998, 42.25331416], [-121.486724, 42.253237], [-121.48674, 42.249829], [-121.486795, 42.238659], [-121.486792, 42.236052], [-121.486919, 42.235505], [-121.48706686, 42.23534285], [-121.487568, 42.235078], [-121.4896636, 42.2349796], [-121.48967033, 42.23497382]]]}, "properties": {"zone_name": "US-OR-KLA-KLA-1946", "level": 1, "fire_name": "Wrights Spring", "county": "Klamath", "addresses": 19, "unmatched_addresses": 0, "unmatched_fraction_pct": 0, "geometry_source": "cached", "geometry_cache_age_days": 0, "overlapping_zips": [{"zip": "97623", "fraction_pct": 84.6}, {"zip": "97625", "fraction_pct": 15.4}]}}, {"type": "Feature", "geometry": {"type": "Polygon", "coordinates": [[[-121.59587865, 42.19168945], [-121.5958779, 42.1916907], [-121.59582675, 42.19179965], [-121.5957756, 42.1919086], [-121.5957441, 42.1920177], [-121.5957126, 42.1921268], [-121.5956994, 42.19222665], [-121.5956862, 42.1923265], [-121.595682, 42.1924175], [-121.5956778, 42.1925085], [-121.5956823, 42.1927527], [-121.5956868, 42.1929969], [-121.5956936, 42.19306735], [-121.59570225, 42.19315695], [-121.5957138, 42.1932768], [-121.5957272, 42.1934158], [-121.59575805, 42.1935031], [-121.5957889, 42.1935904], [-121.59584435, 42.1936693], [-121.5958998, 42.1937482], [-121.59597595, 42.19381445], [-121.5960521, 42.1938807], [-121.5961635, 42.1939386], [-121.5962749, 42.1939965], [-121.5963825, 42.19404025], [-121.5964901, 42.194084], [-121.59712145, 42.19427125], [-121.5977528, 42.1944585], [-121.59805239, 42.19456125], [-121.598352, 42.194664], [-121.5986332, 42.1947817], [-121.5989144, 42.1948994], [-121.5993763, 42.19513965], [-121.5998382, 42.1953799], [-121.60172, 42.196438], [-121.601864, 42.19654715], [-121.602008, 42.1966563], [-121.60214355, 42.19676675], [-121.6022791, 42.1968772], [-121.60251995, 42.19712265], [-121.6027608, 42.1973681], [-121.6028951, 42.1975411], [-121.6030294, 42.1977141], [-121.6031775, 42.19792935], [-121.6033256, 42.1981446], [-121.60335264, 42.19819861], [-121.6033694, 42.1982321], [-121.60340129, 42.19829567], [-121.60342145, 42.19833585], [-121.6034735, 42.1984396], [-121.60353095, 42.19858545], [-121.6035884, 42.1987313], [-121.60365245, 42.19892025], [-121.6037165, 42.1991092], [-121.60375775, 42.19936675], [-121.603799, 42.1996243], [-121.6038125, 42.1997522], [-121.603826, 42.1998801], [-121.6038201, 42.20001475], [-121.6038142, 42.2001494], [-121.60378755, 42.20039785], [-121.6037609, 42.2006463], [-121.6036851, 42.20090825], [-121.6036093, 42.2011702], [-121.6035387, 42.20132975], [-121.6034681, 42.2014893], [-121.6033894, 42.20162585], [-121.6033107, 42.2017624], [-121.60316215, 42.20204075], [-121.6030136, 42.2023191], [-121.60293845, 42.2024861], [-121.6028633, 42.2026531], [-121.60280605, 42.2028188], [-121.6027488, 42.2029845], [-121.602707, 42.203149], [-121.60268615, 42.20323105], [-121.6026235, 42.2034776], [-121.60256875, 42.2037535], [-121.602514, 42.2040294], [-121.60242205, 42.2046031], [-121.6023301, 42.2051768], [-121.60221915, 42.20571755], [-121.6021082, 42.2062583], [-121.6018485, 42.20754736], [-121.60174027, 42.20808459], [-121.6015888, 42.2088364], [-121.60149755, 42.20944395], [-121.60141738, 42.20997775], [-121.6014063, 42.2100515], [-121.60123668, 42.21094416], [-121.60099224, 42.21223049], [-121.6008229, 42.21312163], [-121.60077326, 42.21338286], [-121.60066464, 42.21395444], [-121.60065102, 42.21402608], [-121.60061875, 42.21419589], [-121.60054439, 42.21458721], [-121.60014016, 42.21671431], [-121.60011834, 42.2168293], [-121.6001066, 42.21689121], [-121.60006745, 42.21709755], [-121.5999947, 42.217481], [-121.5999654, 42.21780805], [-121.59996099, 42.21785732], [-121.59995154, 42.2179628], [-121.5999361, 42.2181351], [-121.59994865, 42.2183676], [-121.5999612, 42.2186001], [-121.60001665, 42.21884725], [-121.6000721, 42.2190944], [-121.6002733, 42.2195942], [-121.600589, 42.2203077], [-121.60066165, 42.220508], [-121.6007343, 42.2207083], [-121.6008299, 42.2213865], [-121.6008342, 42.2220745], [-121.6007774, 42.222515], [-121.6007127, 42.2227324], [-121.600648, 42.2229498], [-121.60035304, 42.22386343], [-121.60006912, 42.22474286], [-121.6000581, 42.224777], [-121.59981217, 42.22553861], [-121.59960789, 42.22617123], [-121.59942666, 42.22673435], [-121.59929745, 42.22713581], [-121.5992661, 42.22723321], [-121.5989243, 42.2282952], [-121.5987781, 42.228737], [-121.598198, 42.2304906], [-121.5980667, 42.2308169], [-121.5979448, 42.231081], [-121.5977414, 42.2314059], [-121.59764515, 42.231527], [-121.5975489, 42.2316481], [-121.5973553, 42.2318505], [-121.5970159, 42.2321241], [-121.5965937, 42.2323772], [-121.5961256, 42.2326179], [-121.59561428, 42.23280357], [-121.5950626, 42.2330039], [-121.59424822, 42.23329086], [-121.5934339, 42.2335778], [-121.59292, 42.2337253], [-121.59274955, 42.23376215], [-121.5925791, 42.233799], [-121.5924205, 42.2338212], [-121.5922619, 42.2338434], [-121.5918785, 42.2338843], [-121.591293, 42.2339021], [-121.58536344, 42.2340902], [-121.5798531, 42.234265], [-121.57967466, 42.2342707], [-121.5795045, 42.23427613], [-121.5793874, 42.23427984], [-121.57383136, 42.23445611], [-121.5698126, 42.2345836], [-121.5664782, 42.2346785], [-121.564935, 42.2347303], [-121.56370685, 42.2347594], [-121.5624787, 42.2347885], [-121.5612311, 42.23478455], [-121.56071507, 42.23478292], [-121.5599835, 42.2347806], [-121.55880899, 42.23478273], [-121.5569571, 42.2347861], [-121.5567233, 42.2347896], [-121.55067949, 42.23481995], [-121.545054, 42.2348482], [-121.54500059, 42.2348485], [-121.54342761, 42.2348572], [-121.54283135, 42.2348605], [-121.54273968, 42.23486101], [-121.54150162, 42.23486786], [-121.5406087, 42.2348728], [-121.5387902, 42.2348819], [-121.53821875, 42.2348749], [-121.5376473, 42.2348679], [-121.53730025, 42.2348397], [-121.5369532, 42.2348115], [-121.5366221, 42.23475065], [-121.536291, 42.2346898], [-121.5359719, 42.23460235], [-121.5356528, 42.2345149], [-121.5353402, 42.2343876], [-121.5350276, 42.2342603], [-121.53471715, 42.234101], [-121.5344067, 42.2339417], [-121.53357162, 42.23344953], [-121.53311988, 42.23318328], [-121.5326299, 42.2328945], [-121.53242483, 42.23279627], [-121.53238217, 42.23277584], [-121.5322395, 42.2327075], [-121.53205979, 42.23263614], [-121.5316696, 42.2324812], [-121.5314767, 42.2324204], [-121.5312838, 42.2323596], [-121.5308435, 42.232254], [-121.530374, 42.2321769], [-121.5298882, 42.2321278], [-121.5293593, 42.2321213], [-121.5288398, 42.2321451], [-121.5283227, 42.2322023], [-121.5277897, 42.2323137], [-121.52748755, 42.2324026], [-121.5271854, 42.2324915], [-121.5264284, 42.2327642], [-121.5212561, 42.234895], [-121.5202068, 42.2353329], [-121.5201833, 42.2351927], [-121.5201266, 42.2350709], [-121.5200478, 42.2349685], [-121.5199773, 42.2348967], [-121.5187504, 42.2348982], [-121.5163476, 42.234902], [-121.5163464, 42.234902], [-121.516295, 42.232459], [-121.51616, 42.22388], [-121.516126, 42.223071], [-121.515974, 42.222856], [-121.514868, 42.222259], [-121.513844, 42.221985], [-121.514671, 42.220128], [-121.514561, 42.219438], [-121.514141, 42.218992], [-121.513911, 42.218427], [-121.51318096, 42.21535623], [-121.513019, 42.214265], [-121.513216, 42.212549], [-121.51305, 42.211907], [-121.5137, 42.211023], [-121.514297, 42.209722], [-121.514845, 42.209395], [-121.51492, 42.209158], [-121.514608, 42.20688], [-121.514742, 42.206479], [-121.514717, 42.205811], [-121.515243, 42.204484], [-121.514294, 42.202887], [-121.514699, 42.202737], [-121.514793, 42.202332], [-121.515761, 42.20157], [-121.515753, 42.200277], [-121.517164, 42.198645], [-121.51742998, 42.19811223], [-121.518177, 42.1975], [-121.518838, 42.197396], [-121.519277, 42.197549], [-121.519954, 42.196975], [-121.520035, 42.196522], [-121.519922, 42.195998], [-121.517659, 42.193394], [-121.514574, 42.191563], [-121.51449772, 42.19041357], [-121.515004, 42.188807], [-121.51533, 42.188362], [-121.518152, 42.186308], [-121.518632, 42.185215], [-121.51975, 42.18339], [-121.519502, 42.182879], [-121.519599, 42.182362], [-121.520148, 42.181498], [-121.520693, 42.181093], [-121.521218, 42.179811], [-121.522103, 42.179292], [-121.522546, 42.178321], [-121.522991, 42.177997], [-121.52337, 42.175955], [-121.52421654, 42.17396097], [-121.524319, 42.173683], [-121.524228, 42.173029], [-121.525064, 42.171786], [-121.52507696, 42.17166921], [-121.52500659, 42.17148378], [-121.52498252, 42.17133611], [-121.525014, 42.171185], [-121.533789, 42.174515], [-121.53649845, 42.17495138], [-121.539417, 42.175372], [-121.540101, 42.175339], [-121.541065, 42.175078], [-121.542438, 42.174128], [-121.543991, 42.173532], [-121.544902, 42.173345], [-121.54632856, 42.17345703], [-121.548662, 42.173573], [-121.550381, 42.173629], [-121.55294, 42.174244], [-121.553884, 42.17474], [-121.55719335, 42.17620229], [-121.55875, 42.176924], [-121.559648, 42.178159], [-121.560004, 42.17844], [-121.563004, 42.180024], [-121.564684, 42.180795], [-121.568966, 42.184499], [-121.570259, 42.185334], [-121.57074646, 42.1858877], [-121.57462, 42.190668], [-121.57556137, 42.19140609], [-121.577235, 42.191546], [-121.584289, 42.191609], [-121.59587865, 42.19168945]]]}, "properties": {"zone_name": "US-OR-KLA-KLA-2261", "level": 1, "fire_name": "Wrights Spring", "county": "Klamath", "addresses": 56, "unmatched_addresses": 0, "unmatched_fraction_pct": 0, "geometry_source": "cached", "geometry_cache_age_days": 0, "overlapping_zips": [{"zip": "97603", "fraction_pct": 69.0}, {"zip": "97625", "fraction_pct": 31.0}]}}, {"type": "Feature", "geometry": {"type": "Polygon", "coordinates": [[[-121.4218742, 42.23162727], [-121.42855209, 42.23165373], [-121.42858334, 42.23165403], [-121.42865432, 42.22798338], [-121.42860884, 42.22437345], [-121.42857718, 42.22437343], [-121.42831395, 42.22412344], [-121.42831269, 42.2208862], [-121.42830472, 42.2168303], [-121.42832864, 42.21412974], [-121.42833463, 42.20983514], [-121.428626, 42.209273], [-121.42929, 42.209592], [-121.42956165, 42.20971059], [-121.42964759, 42.20974811], [-121.43320268, 42.20955075], [-121.43337229, 42.20963481], [-121.43349963, 42.20969792], [-121.4350743, 42.2104783], [-121.43740687, 42.21160527], [-121.43781572, 42.2118028], [-121.43786181, 42.21182507], [-121.43827419, 42.21202431], [-121.43876035, 42.21225919], [-121.43907651, 42.21241194], [-121.43921021, 42.21247654], [-121.4405955, 42.21314581], [-121.44146086, 42.2135639], [-121.44159588, 42.21362913], [-121.44216123, 42.21390226], [-121.4424573, 42.2140453], [-121.44277834, 42.21424932], [-121.4428285, 42.2142812], [-121.4455858, 42.21564], [-121.44764958, 42.21663735], [-121.452286, 42.2188779], [-121.45509176, 42.22022552], [-121.45743107, 42.22134907], [-121.45845395, 42.26680899], [-121.46722107, 42.26730512], [-121.4671747, 42.28380608], [-121.46707695, 42.28387839], [-121.4642427, 42.2859749], [-121.462477, 42.2872977], [-121.4591034, 42.2898305], [-121.458416, 42.2903581], [-121.4579392, 42.2907184], [-121.4575947, 42.2909552], [-121.4572384, 42.2911816], [-121.456276, 42.2917827], [-121.4552662, 42.2923925], [-121.4541867, 42.2930109], [-121.4527007, 42.2938861], [-121.45261879, 42.29393525], [-121.452617, 42.293931], [-121.45260615, 42.29359628], [-121.452475, 42.293126], [-121.44568014, 42.29303673], [-121.44546, 42.29309], [-121.445273, 42.289354], [-121.445654, 42.286799], [-121.445385, 42.285676], [-121.445221, 42.283555], [-121.444899, 42.282852], [-121.4434791, 42.2814746], [-121.44233, 42.279855], [-121.440446, 42.278005], [-121.438722, 42.275674], [-121.438604, 42.275357], [-121.43871146, 42.27523871], [-121.441284, 42.274753], [-121.441421, 42.27463], [-121.441413, 42.274373], [-121.440711, 42.27137], [-121.439386, 42.267781], [-121.438291, 42.266665], [-121.437106, 42.26677], [-121.43679, 42.26608], [-121.436624, 42.26553], [-121.437301, 42.264985], [-121.437422, 42.264656], [-121.435283, 42.259872], [-121.4323772, 42.2604684], [-121.431465, 42.258244], [-121.431322, 42.258097], [-121.430686, 42.25819], [-121.430542, 42.258018], [-121.430653, 42.257041], [-121.428672, 42.254072], [-121.427698, 42.249842], [-121.427373, 42.249396], [-121.427075, 42.248069], [-121.426595, 42.247795], [-121.426729, 42.24712], [-121.427484, 42.246388], [-121.428308, 42.244677], [-121.427902, 42.243334], [-121.42697571, 42.24209723], [-121.425886, 42.24111], [-121.424911, 42.240534], [-121.424874, 42.240325], [-121.425268, 42.239214], [-121.425183, 42.238311], [-121.424141, 42.235705], [-121.42363, 42.233851], [-121.423406, 42.233436], [-121.422012, 42.232346], [-121.4218742, 42.23162727]]]}, "properties": {"zone_name": "US-OR-KLA-KLA-1961", "level": 1, "fire_name": "Wrights Spring", "county": "Klamath", "addresses": 34, "unmatched_addresses": 0, "unmatched_fraction_pct": 0, "geometry_source": "cached", "geometry_cache_age_days": 0, "overlapping_zips": [{"zip": "97623", "fraction_pct": 100.0}]}}, {"type": "Feature", "geometry": {"type": "Polygon", "coordinates": [[[-121.45743107, 42.22134907], [-121.4575217, 42.2213926], [-121.45772273, 42.22150063], [-121.45986962, 42.22265426], [-121.46052518, 42.22292377], [-121.46060432, 42.22295631], [-121.4609223, 42.22308704], [-121.46114248, 42.22317756], [-121.46121087, 42.22320568], [-121.46284601, 42.22387791], [-121.46355914, 42.22417109], [-121.46387454, 42.22430076], [-121.4639317, 42.22432426], [-121.465607, 42.225013], [-121.46584964, 42.22511329], [-121.467257, 42.225695], [-121.47230883, 42.22782126], [-121.4745497, 42.2287644], [-121.4769834, 42.22977773], [-121.4818663, 42.2318108], [-121.4836421, 42.2325523], [-121.4852388, 42.2332272], [-121.4853042, 42.2332547], [-121.48577008, 42.23344939], [-121.48646429, 42.23373949], [-121.48665096, 42.23381749], [-121.48668995, 42.23383379], [-121.48677623, 42.23386984], [-121.488725, 42.2346842], [-121.4892574, 42.2348871], [-121.4896225, 42.2349688], [-121.48967033, 42.23497382], [-121.4896636, 42.2349796], [-121.487568, 42.235078], [-121.48706686, 42.23534285], [-121.486919, 42.235505], [-121.486792, 42.236052], [-121.486795, 42.238659], [-121.48674, 42.249829], [-121.486724, 42.253237], [-121.48671998, 42.25331416], [-121.486028, 42.255939], [-121.486089, 42.2567], [-121.486789, 42.259111], [-121.4867853, 42.263251], [-121.4867881, 42.2636876], [-121.48679, 42.263976], [-121.486782, 42.267674], [-121.48680827, 42.26923505], [-121.48618546, 42.26969838], [-121.48436153, 42.27105524], [-121.4839739, 42.2713436], [-121.48393852, 42.27136967], [-121.48390895, 42.27139146], [-121.47979978, 42.27444144], [-121.47685942, 42.2766238], [-121.4765064, 42.27688581], [-121.4755002, 42.2776326], [-121.47425111, 42.2785589], [-121.47318337, 42.27935069], [-121.47141936, 42.28065883], [-121.47060443, 42.28126313], [-121.4694289, 42.28213483], [-121.46935563, 42.28218917], [-121.46926229, 42.28225838], [-121.46912841, 42.28235765], [-121.46733653, 42.28368638], [-121.4671747, 42.28380608], [-121.46722107, 42.26730512], [-121.45845395, 42.26680899], [-121.45743107, 42.22134907]]]}, "properties": {"zone_name": "US-OR-KLA-KLA-1951", "level": 1, "fire_name": "Wrights Spring", "county": "Klamath", "addresses": 15, "unmatched_addresses": 0, "unmatched_fraction_pct": 0, "geometry_source": "cached", "geometry_cache_age_days": 0, "overlapping_zips": [{"zip": "97623", "fraction_pct": 100.0}]}}, {"type": "Feature", "geometry": {"type": "Polygon", "coordinates": [[[-121.62158993, 42.54540131], [-121.621689, 42.54516], [-121.624326, 42.54214], [-121.6252089, 42.540676], [-121.625783, 42.54015], [-121.627922, 42.539542], [-121.628325, 42.53917], [-121.629296, 42.537602], [-121.630421, 42.537104], [-121.63128418, 42.53602581], [-121.631707, 42.535491], [-121.632383, 42.535211], [-121.63262525, 42.53491437], [-121.66653001, 42.55908105], [-121.66416527, 42.55869072], [-121.66135951, 42.55772867], [-121.65891801, 42.55700692], [-121.65868277, 42.55690451], [-121.65832448, 42.5569257], [-121.65771257, 42.55710031], [-121.65734118, 42.55722549], [-121.65660928, 42.5577116], [-121.65624333, 42.55795465], [-121.65598366, 42.55823891], [-121.65523222, 42.55915777], [-121.65467097, 42.559883], [-121.65403189, 42.56027538], [-121.65365083, 42.56042625], [-121.65311315, 42.56047824], [-121.65208448, 42.56036595], [-121.65116769, 42.56017951], [-121.64874403, 42.55896849], [-121.64754575, 42.55860745], [-121.64653328, 42.55802401], [-121.64556321, 42.55735865], [-121.64494154, 42.5567104], [-121.64457308, 42.55541848], [-121.64410145, 42.55397453], [-121.64340875, 42.55310598], [-121.6405053, 42.55131455], [-121.63952388, 42.55109636], [-121.63838934, 42.55113378], [-121.63616911, 42.55193197], [-121.63567282, 42.55212206], [-121.6354088, 42.55210684], [-121.63523941, 42.55234562], [-121.63416419, 42.55275549], [-121.63338874, 42.5528512], [-121.63289817, 42.55283861], [-121.63223776, 42.55305781], [-121.63190349, 42.55321557], [-121.63167432, 42.55335698], [-121.63151698, 42.553407], [-121.63140417, 42.55347315], [-121.63100408, 42.55347677], [-121.63008655, 42.55361386], [-121.62961953, 42.55359704], [-121.62941537, 42.5536587], [-121.62911981, 42.5534943], [-121.62804563, 42.55287779], [-121.62707593, 42.55223723], [-121.62645723, 42.55169313], [-121.62594954, 42.55112017], [-121.62562447, 42.55084347], [-121.62557363, 42.55074473], [-121.62547774, 42.55062186], [-121.62540143, 42.5504028], [-121.62538388, 42.55005868], [-121.62541205, 42.5499262], [-121.62542335, 42.54978342], [-121.62534978, 42.54964065], [-121.62480991, 42.54906981], [-121.62465544, 42.54848122], [-121.62453102, 42.54835435], [-121.62394979, 42.548177], [-121.62325536, 42.54779114], [-121.62301307, 42.54749814], [-121.62270407, 42.54729445], [-121.62253628, 42.54702345], [-121.62216585, 42.54675301], [-121.62209701, 42.54654377], [-121.62196106, 42.54627469], [-121.62195057, 42.54610721], [-121.62197842, 42.54593973], [-121.62215431, 42.54562255], [-121.62228549, 42.54541832], [-121.62229003, 42.54528551], [-121.62212528, 42.54512681], [-121.62184876, 42.54513817], [-121.62162605, 42.54540273], [-121.62158993, 42.54540131]]]}, "properties": {"zone_name": "US-OR-KLA-KLA-1162-A", "level": 1, "fire_name": "Wrights Spring", "county": "Klamath", "addresses": 2, "unmatched_addresses": 0, "unmatched_fraction_pct": 0, "geometry_source": "cached", "geometry_cache_age_days": 0, "overlapping_zips": [{"zip": "97624", "fraction_pct": 100.0}]}}, {"type": "Feature", "geometry": {"type": "Polygon", "coordinates": [[[-121.59191, 42.418026], [-121.595708, 42.418783], [-121.600006, 42.420473], [-121.603891, 42.42112], [-121.607277, 42.422026], [-121.608434, 42.422081], [-121.609544, 42.421769], [-121.6136219, 42.4193587], [-121.616583, 42.418486], [-121.617301, 42.418406], [-121.6186412, 42.4185148], [-121.622044, 42.41888], [-121.626937, 42.419752], [-121.62998, 42.419901], [-121.632383, 42.42022], [-121.633994, 42.4201717], [-121.636741, 42.420036], [-121.637734, 42.419744], [-121.638435, 42.419192], [-121.638867, 42.418066], [-121.639247, 42.417822], [-121.639809, 42.417838], [-121.640487, 42.418641], [-121.641212, 42.418825], [-121.642392, 42.419077], [-121.646414, 42.421726], [-121.649244, 42.422892], [-121.652089, 42.424516], [-121.654189, 42.425237], [-121.663071, 42.426926], [-121.66551, 42.428791], [-121.665473, 42.429285], [-121.665026, 42.429765], [-121.664947, 42.43011], [-121.6660148, 42.4315486], [-121.666086, 42.431697], [-121.666704, 42.432712], [-121.667899, 42.433496], [-121.668816, 42.434634], [-121.670498, 42.435849], [-121.670896, 42.436372], [-121.67106311, 42.43704536], [-121.671359, 42.438328], [-121.671329, 42.438809], [-121.670593, 42.440299], [-121.670418, 42.441434], [-121.669187, 42.443005], [-121.668097, 42.445305], [-121.668356, 42.446044], [-121.670388, 42.447066], [-121.671143, 42.448153], [-121.671241, 42.448611], [-121.670725, 42.451634], [-121.669983, 42.456139], [-121.669117, 42.457629], [-121.6686052, 42.4582724], [-121.66791, 42.459669], [-121.666943, 42.463758], [-121.667479, 42.465008], [-121.669124, 42.467982], [-121.669316, 42.46873], [-121.668967, 42.472472], [-121.669783, 42.474297], [-121.670102, 42.475115], [-121.670361, 42.47748], [-121.670561, 42.478164], [-121.673966, 42.4833], [-121.6776633, 42.4890399], [-121.677954, 42.489531], [-121.67807, 42.490376], [-121.677771, 42.49247], [-121.67761, 42.494076], [-121.677987, 42.496526], [-121.677438, 42.497459], [-121.676114, 42.499268], [-121.676138, 42.5], [-121.676224, 42.5005], [-121.676495, 42.501233], [-121.678564, 42.503076], [-121.678896, 42.503573], [-121.679285, 42.507882], [-121.680462, 42.511023], [-121.68114, 42.513747], [-121.68108, 42.514786], [-121.680468, 42.515583], [-121.680369, 42.516327], [-121.680301, 42.516843], [-121.679713, 42.517977], [-121.679425, 42.520859], [-121.679891, 42.524358], [-121.678544, 42.528914], [-121.67807, 42.5297], [-121.675974, 42.531348], [-121.674655, 42.53194], [-121.673361, 42.533102], [-121.672275, 42.533852], [-121.670446, 42.534258], [-121.669083, 42.534898], [-121.666697, 42.535612], [-121.664982, 42.537792], [-121.663687, 42.538819], [-121.659974, 42.542838], [-121.659744, 42.543299], [-121.658979, 42.543015], [-121.657632, 42.542086], [-121.655883, 42.541144], [-121.6545, 42.539972], [-121.653474, 42.53928], [-121.650999, 42.538143], [-121.647739, 42.537503], [-121.646452, 42.536681], [-121.645679, 42.536385], [-121.644447, 42.536212], [-121.642646, 42.5365017], [-121.641842, 42.536353], [-121.63917007, 42.53501993], [-121.636922, 42.534716], [-121.636582, 42.534493], [-121.636079, 42.533581], [-121.636348, 42.532213], [-121.636294, 42.531431], [-121.6349891, 42.5280069], [-121.634672, 42.527362], [-121.632893, 42.525743], [-121.63174, 42.524205], [-121.63048266, 42.52284776], [-121.631869, 42.520577], [-121.628699, 42.517117], [-121.624004, 42.515559], [-121.621304, 42.512531], [-121.621304, 42.509069], [-121.619426, 42.504916], [-121.61504909, 42.49792359], [-121.615143, 42.497836], [-121.615831, 42.497675], [-121.616234, 42.49728], [-121.616119, 42.496888], [-121.616511, 42.496846], [-121.6178183, 42.4957755], [-121.618422, 42.495069], [-121.618465, 42.494726], [-121.618189, 42.493682], [-121.61856325, 42.4925822], [-121.619198, 42.491288], [-121.620276, 42.490493], [-121.621954, 42.489088], [-121.622517, 42.488959], [-121.622772, 42.488759], [-121.622599, 42.486337], [-121.622869, 42.485827], [-121.621175, 42.485897], [-121.62049806, 42.48546229], [-121.619692, 42.485653], [-121.6190554, 42.4865637], [-121.618312, 42.487097], [-121.615924, 42.487847], [-121.615473, 42.487781], [-121.615018, 42.487498], [-121.61153, 42.487466], [-121.610491, 42.48727], [-121.609655, 42.486776], [-121.606625, 42.485565], [-121.60421, 42.483518], [-121.602649, 42.482616], [-121.601838, 42.481572], [-121.600019, 42.479808], [-121.597029, 42.477518], [-121.59654, 42.474955], [-121.596612, 42.473303], [-121.5961988, 42.4728042], [-121.595918, 42.472593], [-121.594735, 42.471543], [-121.594114, 42.470189], [-121.593292, 42.468956], [-121.592326, 42.465651], [-121.5919649, 42.4650751], [-121.591302, 42.464259], [-121.59130375, 42.46354265], [-121.591775, 42.462309], [-121.592562, 42.460964], [-121.592753, 42.459624], [-121.592657, 42.459166], [-121.592534, 42.458543], [-121.592615, 42.457953], [-121.593002, 42.457442], [-121.595139, 42.456019], [-121.595589, 42.455524], [-121.597418, 42.451673], [-121.598431, 42.450099], [-121.598083, 42.449324], [-121.597501, 42.448872], [-121.593863, 42.448484], [-121.591392, 42.447643], [-121.590717, 42.447091], [-121.590054, 42.445612], [-121.590114, 42.444915], [-121.592045, 42.443115], [-121.59229, 42.44211], [-121.592617, 42.441038], [-121.59301427, 42.44038567], [-121.593757, 42.439123], [-121.593891, 42.438412], [-121.59251, 42.428417], [-121.59236, 42.426484], [-121.592289, 42.424966], [-121.5921412, 42.4206839], [-121.592092, 42.419019], [-121.59191, 42.418026]]]}, "properties": {"zone_name": "US-OR-KLA-KLA-1371-A", "level": 1, "fire_name": "Wrights Spring", "county": "Klamath", "addresses": 5, "unmatched_addresses": 3, "unmatched_fraction_pct": 53.7, "geometry_source": "cached", "geometry_cache_age_days": 0, "overlapping_zips": [{"zip": "97639", "fraction_pct": 45.4}, {"zip": "97624", "fraction_pct": 0.9}]}}, {"type": "Feature", "geometry": {"type": "Polygon", "coordinates": [[[-121.6089792, 42.5458072], [-121.6084581, 42.5453843], [-121.6080529, 42.5450858], [-121.6075658, 42.5448053], [-121.6069401, 42.5444913], [-121.6065477, 42.54430384], [-121.604011, 42.543092], [-121.6031574, 42.542673], [-121.60274248, 42.54243372], [-121.6024043, 42.5422387], [-121.6017593, 42.5417998], [-121.6011845, 42.5413521], [-121.6006749, 42.5408714], [-121.6002191, 42.5403748], [-121.5994751, 42.5395557], [-121.5970639, 42.5368119], [-121.59678229, 42.53651318], [-121.59685956, 42.53645897], [-121.59720615, 42.53621211], [-121.59747484, 42.53604775], [-121.59766142, 42.53599171], [-121.59796257, 42.53591628], [-121.59803833, 42.53583948], [-121.59818359, 42.53577374], [-121.59820892, 42.5356797], [-121.59823424, 42.53560089], [-121.59816343, 42.53551373], [-121.59841944, 42.53541993], [-121.59853065, 42.53538921], [-121.59864315, 42.53536326], [-121.59872284, 42.53513019], [-121.59883574, 42.5351497], [-121.59890557, 42.5353491], [-121.5989817, 42.53525504], [-121.59906598, 42.53511596], [-121.59925081, 42.53498691], [-121.59932, 42.53493625], [-121.59936108, 42.53497697], [-121.5993911, 42.53492151], [-121.59943487, 42.53493372], [-121.59945209, 42.53492637], [-121.59942451, 42.53487378], [-121.59943565, 42.53485787], [-121.59951498, 42.53481753], [-121.59958154, 42.53473643], [-121.5996253, 42.53460559], [-121.5997009, 42.53457623], [-121.59970629, 42.53454687], [-121.59965051, 42.53452065], [-121.59964685, 42.53448972], [-121.59974847, 42.53440616], [-121.59976476, 42.53435541], [-121.59978063, 42.53430858], [-121.59982063, 42.53424857], [-121.59990943, 42.53413281], [-121.60004112, 42.53400386], [-121.60025796, 42.53383785], [-121.60031135, 42.53380865], [-121.60042824, 42.53373267], [-121.60075558, 42.53350333], [-121.60094444, 42.53326221], [-121.60102577, 42.53322648], [-121.60110709, 42.53319076], [-121.60121263, 42.53308423], [-121.60128642, 42.53307685], [-121.60141374, 42.53297613], [-121.60138559, 42.53295023], [-121.60140883, 42.53293499], [-121.6014807, 42.53294327], [-121.60151682, 42.53289673], [-121.60148473, 42.53286619], [-121.60144323, 42.53288535], [-121.60140857, 42.53287932], [-121.60138762, 42.53283871], [-121.60144631, 42.53280218], [-121.60151961, 42.53276309], [-121.60152928, 42.53270479], [-121.60157976, 42.53262181], [-121.60216756, 42.53210171], [-121.60223042, 42.53186646], [-121.60227083, 42.53166288], [-121.60232243, 42.5315644], [-121.60225403, 42.53144408], [-121.6022888, 42.53138988], [-121.60294567, 42.53079372], [-121.60301954, 42.53074986], [-121.60349785, 42.53068847], [-121.60376576, 42.53027055], [-121.60388666, 42.52985263], [-121.60409841, 42.52972128], [-121.60435452, 42.52914333], [-121.60465866, 42.52890305], [-121.60474108, 42.5286192], [-121.60537264, 42.52820917], [-121.60646215, 42.52642184], [-121.60763478, 42.52312954], [-121.60734185, 42.52293129], [-121.60738707, 42.52285703], [-121.6074894, 42.52285759], [-121.60776308, 42.52268978], [-121.60782734, 42.52218989], [-121.60839532, 42.52089191], [-121.60824525, 42.5204734], [-121.60854043, 42.52038316], [-121.60902558, 42.51935739], [-121.60911353, 42.51842708], [-121.60904605, 42.51724856], [-121.60986656, 42.5159425], [-121.61203277, 42.51761175], [-121.61178954, 42.51802794], [-121.61165239, 42.51819853], [-121.61146374, 42.51879249], [-121.61134373, 42.51926635], [-121.61120658, 42.51962648], [-121.61075225, 42.52025196], [-121.60996361, 42.52165454], [-121.60964644, 42.52245059], [-121.60911497, 42.52378994], [-121.60822347, 42.52603899], [-121.60798345, 42.52733966], [-121.60800059, 42.52869786], [-121.60788058, 42.52987284], [-121.60739197, 42.53064351], [-121.60721195, 42.53138259], [-121.60710909, 42.53209008], [-121.60769199, 42.53265859], [-121.60801773, 42.53305023], [-121.60870351, 42.53416196], [-121.60837994, 42.53520224], [-121.60829092, 42.53534104], [-121.60810245, 42.53540656], [-121.60797343, 42.53542241], [-121.60752616, 42.53575581], [-121.6074061, 42.53611062], [-121.60734973, 42.53651772], [-121.6072708, 42.53714083], [-121.60692459, 42.5383015], [-121.60692989, 42.53876087], [-121.60697698, 42.53911079], [-121.60698063, 42.53944187], [-121.60706784, 42.53976612], [-121.60763161, 42.53994888], [-121.60852673, 42.53985023], [-121.60895289, 42.53977563], [-121.60944989, 42.5398082], [-121.60965099, 42.53977579], [-121.60990191, 42.53976758], [-121.61005767, 42.53990327], [-121.61018093, 42.53986794], [-121.61034449, 42.53979031], [-121.61044305, 42.53967847], [-121.61060246, 42.53943224], [-121.61062554, 42.53918405], [-121.61086346, 42.53905269], [-121.61100504, 42.53915819], [-121.61112835, 42.53911023], [-121.61112601, 42.53914542], [-121.61108465, 42.53915629], [-121.61105666, 42.53919268], [-121.61111272, 42.539221], [-121.61115921, 42.53921868], [-121.6111655, 42.53928503], [-121.61111201, 42.53934647], [-121.6111718, 42.53935137], [-121.61118708, 42.53938933], [-121.61116731, 42.53940965], [-121.61118408, 42.53947306], [-121.61113724, 42.53949082], [-121.61119055, 42.53951317], [-121.61122194, 42.5395382], [-121.61128305, 42.53955272], [-121.6113468, 42.53948481], [-121.61161316, 42.53920361], [-121.61140832, 42.53919494], [-121.61134889, 42.53916653], [-121.61124561, 42.5391758], [-121.61125099, 42.53913243], [-121.61129568, 42.53910117], [-121.61141486, 42.5390889], [-121.61147557, 42.5390551], [-121.61147211, 42.53900876], [-121.61131152, 42.53898934], [-121.61129363, 42.53893435], [-121.61136671, 42.5387499], [-121.6114522, 42.53868137], [-121.61148596, 42.53864219], [-121.61166877, 42.53862131], [-121.61186877, 42.53862838], [-121.61221909, 42.53843506], [-121.6123764, 42.53840608], [-121.61269878, 42.5380473], [-121.61326332, 42.53828387], [-121.61401832, 42.53878279], [-121.61561135, 42.54006471], [-121.61609311, 42.54042692], [-121.61718445, 42.54168738], [-121.61828562, 42.5423828], [-121.61904267, 42.54270153], [-121.61990787, 42.54328828], [-121.62043879, 42.54404163], [-121.62061577, 42.54468631], [-121.62104837, 42.54525131], [-121.62151046, 42.54531651], [-121.62163947, 42.54528064], [-121.621262, 42.5462], [-121.620361, 42.549337], [-121.619828, 42.551215], [-121.619601, 42.551866], [-121.619291, 42.552067], [-121.61580201, 42.5519153], [-121.6158019, 42.55191521], [-121.61114973, 42.54775042], [-121.6089792, 42.5458072]]]}, "properties": {"zone_name": "US-OR-KLA-FHZ-1581-A", "level": 1, "fire_name": "Wrights Spring", "county": "Klamath", "addresses": 15, "unmatched_addresses": 0, "unmatched_fraction_pct": 0, "geometry_source": "cached", "geometry_cache_age_days": 0, "overlapping_zips": [{"zip": "97624", "fraction_pct": 100.0}]}}, {"type": "Feature", "geometry": {"type": "Polygon", "coordinates": [[[-121.58777574, 42.50150392], [-121.58743544, 42.50174166], [-121.58745933, 42.50183658], [-121.58721422, 42.50200931], [-121.58713255, 42.50225233], [-121.58683302, 42.50252751], [-121.58572199, 42.50301643], [-121.58454421, 42.50336558], [-121.58349036, 42.50382894], [-121.58271707, 42.50376087], [-121.58224999, 42.50353115], [-121.58174001, 42.50348327], [-121.58121892, 42.50345094], [-121.58056914, 42.50372695], [-121.5800695, 42.50391995], [-121.57969855, 42.50423154], [-121.5794902, 42.50434476], [-121.57915315, 42.50441054], [-121.57865544, 42.5043952], [-121.57820642, 42.50431659], [-121.57812689, 42.50434234], [-121.57810894, 42.50446458], [-121.57816543, 42.50458418], [-121.57816041, 42.50466249], [-121.57801549, 42.50485488], [-121.57820477, 42.50484325], [-121.57820159, 42.50491674], [-121.57774566, 42.50498401], [-121.57737002, 42.50506544], [-121.57701406, 42.50525043], [-121.57680219, 42.50547791], [-121.57655493, 42.50561423], [-121.57587124, 42.50571709], [-121.5754851, 42.5056658], [-121.57511337, 42.50567293], [-121.57483889, 42.50573583], [-121.57460763, 42.50591556], [-121.57454719, 42.50617381], [-121.57431559, 42.50668005], [-121.5742102, 42.50673547], [-121.57392842, 42.50669553], [-121.5737743, 42.50665064], [-121.57385537, 42.50681381], [-121.57401751, 42.50700144], [-121.57461317, 42.50709743], [-121.57583568, 42.50766056], [-121.57625383, 42.50804021], [-121.57637155, 42.50838969], [-121.57636829, 42.50876234], [-121.57653972, 42.50919073], [-121.57696854, 42.50957988], [-121.57739296, 42.5096612], [-121.57798158, 42.50992244], [-121.57804058, 42.51024999], [-121.57758953, 42.51053331], [-121.57682939, 42.51071138], [-121.57534918, 42.51095968], [-121.57517625, 42.51083563], [-121.57497596, 42.51049971], [-121.57474829, 42.51041097], [-121.57465748, 42.51046348], [-121.5739808, 42.51044559], [-121.57376962, 42.51020626], [-121.57367477, 42.50985596], [-121.57379049, 42.50968641], [-121.57399516, 42.50954208], [-121.57423063, 42.50945576], [-121.57413764, 42.50917776], [-121.57389604, 42.50906328], [-121.57313607, 42.50948828], [-121.57284715, 42.50975369], [-121.57305093, 42.51048319], [-121.57298098, 42.51171648], [-121.57347217, 42.51205187], [-121.57396679, 42.51190049], [-121.57417399, 42.51158768], [-121.57430098, 42.51106295], [-121.57466064, 42.51093168], [-121.57500437, 42.51107246], [-121.57499226, 42.51130909], [-121.57463534, 42.5116585], [-121.57498669, 42.51195242], [-121.57497535, 42.51216564], [-121.57476623, 42.5123173], [-121.5742166, 42.51246523], [-121.57375755, 42.5128342], [-121.57355262, 42.51322565], [-121.57377294, 42.5138587], [-121.57352246, 42.51402094], [-121.57262532, 42.51405579], [-121.57231612, 42.51420779], [-121.57224105, 42.51448307], [-121.57231093, 42.5147419], [-121.57264839, 42.51495143], [-121.57372229, 42.51518961], [-121.57399552, 42.51532523], [-121.57401571, 42.51556736], [-121.57389745, 42.51569861], [-121.57353827, 42.51594922], [-121.5733973, 42.51610303], [-121.5734459, 42.51630924], [-121.57371112, 42.51655208], [-121.57402372, 42.51659114], [-121.57438828, 42.51674496], [-121.574533, 42.51704564], [-121.57457716, 42.51715671], [-121.57455237, 42.51731167], [-121.57410485, 42.51789056], [-121.57368072, 42.51816725], [-121.57346343, 42.51810126], [-121.5733494, 42.51817557], [-121.57331084, 42.51825782], [-121.57329683, 42.51840668], [-121.57379884, 42.51895444], [-121.57367552, 42.51903834], [-121.5699511, 42.5158736], [-121.56715522, 42.51349357], [-121.56483292, 42.51151661], [-121.5646291, 42.5113431], [-121.55508242, 42.5032252], [-121.55482045, 42.50300156], [-121.5529229, 42.5013816], [-121.55170243, 42.50034188], [-121.55181955, 42.50027134], [-121.55203193, 42.49947404], [-121.55222745, 42.49900319], [-121.5525826, 42.49897184], [-121.55313521, 42.49904794], [-121.55345745, 42.49911538], [-121.55369945, 42.49920909], [-121.55376246, 42.49922412], [-121.55378179, 42.49937936], [-121.55363957, 42.49949866], [-121.55353332, 42.4997127], [-121.5538348, 42.50004226], [-121.55419025, 42.50002508], [-121.55432983, 42.50005337], [-121.55426205, 42.50022435], [-121.55392961, 42.5004781], [-121.55379366, 42.5007698], [-121.55407976, 42.50105957], [-121.55423184, 42.50128261], [-121.55446568, 42.50132485], [-121.55427661, 42.50146934], [-121.55423843, 42.50162935], [-121.55396955, 42.50201407], [-121.55410941, 42.50215769], [-121.55463256, 42.50194868], [-121.55474972, 42.50199474], [-121.55490865, 42.50215685], [-121.55493594, 42.50222609], [-121.55493512, 42.50243714], [-121.55485441, 42.50255095], [-121.55466127, 42.50267661], [-121.55550584, 42.50337445], [-121.55556387, 42.50331478], [-121.555713, 42.50327634], [-121.55574858, 42.50329732], [-121.55578342, 42.50345193], [-121.55577338, 42.50351467], [-121.55571502, 42.50355473], [-121.55647078, 42.50419605], [-121.55655113, 42.50415216], [-121.55649797, 42.50412635], [-121.55650272, 42.50404062], [-121.55660557, 42.50395389], [-121.55643593, 42.50381242], [-121.55633953, 42.50383058], [-121.55630172, 42.50382362], [-121.55640607, 42.5037548], [-121.55635228, 42.50369247], [-121.55637975, 42.5036026], [-121.55631441, 42.50349775], [-121.55632815, 42.50346415], [-121.55645342, 42.50328577], [-121.55646377, 42.50318485], [-121.55639683, 42.50311074], [-121.55636548, 42.50272549], [-121.55630649, 42.50258644], [-121.55627927, 42.50251021], [-121.55614749, 42.50262169], [-121.55583402, 42.50269554], [-121.55568589, 42.50265281], [-121.55557025, 42.50252107], [-121.55558951, 42.5024059], [-121.55562804, 42.50221346], [-121.55601192, 42.50220599], [-121.55633171, 42.50231731], [-121.55673953, 42.50236806], [-121.55681688, 42.50238502], [-121.55693152, 42.50242235], [-121.55707657, 42.50248071], [-121.55735837, 42.50250378], [-121.55744325, 42.50246025], [-121.55749361, 42.50232409], [-121.55751603, 42.50227178], [-121.55747216, 42.50221134], [-121.55743966, 42.5021332], [-121.55746121, 42.50207719], [-121.55743152, 42.50202117], [-121.55744684, 42.50196738], [-121.5575073, 42.50191262], [-121.5574253, 42.50188734], [-121.55755764, 42.50177642], [-121.55763313, 42.50164651], [-121.55759366, 42.50145246], [-121.55756021, 42.50128274], [-121.55750456, 42.50115309], [-121.55738882, 42.50102344], [-121.55702844, 42.50086938], [-121.55689645, 42.50045047], [-121.5567165, 42.50025642], [-121.55645841, 42.50031911], [-121.55606747, 42.50051647], [-121.55607265, 42.50059679], [-121.55599481, 42.50068935], [-121.55616016, 42.50077245], [-121.55632228, 42.50093513], [-121.55635127, 42.50109442], [-121.55611484, 42.50133978], [-121.55472676, 42.50133359], [-121.55466428, 42.50107679], [-121.55465176, 42.50091374], [-121.55495236, 42.50056624], [-121.55491359, 42.50047417], [-121.5547926, 42.50045853], [-121.55466323, 42.5003495], [-121.55451239, 42.50006076], [-121.55450781, 42.49968529], [-121.55413906, 42.49916133], [-121.55405688, 42.49920289], [-121.55384894, 42.49904511], [-121.55374207, 42.49859355], [-121.55384631, 42.49851655], [-121.5541364, 42.498604], [-121.55451116, 42.49834429], [-121.55461181, 42.4981779], [-121.55450931, 42.49803685], [-121.5543077, 42.4980176], [-121.55460736, 42.49764738], [-121.5547448, 42.49758103], [-121.55454357, 42.49713098], [-121.55608086, 42.49619346], [-121.55729448, 42.49576445], [-121.55842237, 42.49550096], [-121.55906961, 42.49601866], [-121.55948699, 42.49645162], [-121.56055859, 42.4965945], [-121.56106618, 42.49643367], [-121.56170188, 42.49663321], [-121.56189637, 42.49680479], [-121.56211682, 42.49724446], [-121.56258579, 42.49737812], [-121.5631976, 42.49740646], [-121.56339519, 42.49758649], [-121.563418, 42.49790897], [-121.5636356, 42.49803996], [-121.56375914, 42.49789982], [-121.56396727, 42.49765782], [-121.563942, 42.49754724], [-121.56365771, 42.49730693], [-121.56370227, 42.49718825], [-121.56408358, 42.49706101], [-121.56436217, 42.49713608], [-121.56469769, 42.49763462], [-121.56575935, 42.49816134], [-121.56600887, 42.49842508], [-121.56646861, 42.49817219], [-121.56743824, 42.49904779], [-121.56803999, 42.49856724], [-121.56933596, 42.49952957], [-121.57063193, 42.49960072], [-121.5713936, 42.49909389], [-121.57185327, 42.49841426], [-121.57226038, 42.49801877], [-121.57337094, 42.49847967], [-121.57354654, 42.49865388], [-121.57363942, 42.49909491], [-121.57403197, 42.49948145], [-121.57401431, 42.50019612], [-121.57396056, 42.50043037], [-121.57397677, 42.50083081], [-121.57399298, 42.50118541], [-121.57405583, 42.50126493], [-121.57433231, 42.501282], [-121.57413258, 42.50137176], [-121.57436081, 42.50161618], [-121.57455547, 42.50178946], [-121.57511936, 42.501938], [-121.5755584, 42.5017871], [-121.57552752, 42.50159289], [-121.57570642, 42.50133063], [-121.57508814, 42.50127872], [-121.57584035, 42.50119809], [-121.57619627, 42.50065288], [-121.57608907, 42.50031938], [-121.57617271, 42.50018883], [-121.5763728, 42.50009584], [-121.57635822, 42.49977571], [-121.57609621, 42.49953069], [-121.57599976, 42.49950029], [-121.57595062, 42.4994216], [-121.5759451, 42.49916753], [-121.57561665, 42.49874699], [-121.57543691, 42.4987235], [-121.57528819, 42.49853991], [-121.57482452, 42.4975316], [-121.57409314, 42.49681936], [-121.5741364, 42.49535011], [-121.57409851, 42.49524731], [-121.58777574, 42.50150392]]]}, "properties": {"zone_name": "US-OR-KLA-FHZ-1582-B", "level": 1, "fire_name": "Wrights Spring", "county": "Klamath", "addresses": 2, "unmatched_addresses": 0, "unmatched_fraction_pct": 0, "geometry_source": "cached", "geometry_cache_age_days": 0, "overlapping_zips": [{"zip": "97624", "fraction_pct": 100.0}]}}, {"type": "Feature", "geometry": {"type": "Polygon", "coordinates": [[[-121.55985251, 42.49111584], [-121.55660293, 42.4939581], [-121.55223609, 42.49449785], [-121.54997025, 42.49481912], [-121.54883734, 42.49497975], [-121.54757442, 42.49497863], [-121.54554368, 42.49475689], [-121.54489423, 42.49456249], [-121.54338487, 42.49330566], [-121.54182725, 42.49220394], [-121.53963173, 42.49112834], [-121.53914931, 42.49098445], [-121.53872865, 42.49105002], [-121.53822079, 42.4910901], [-121.53768513, 42.49108691], [-121.5371184, 42.49094619], [-121.53666293, 42.49054638], [-121.5364352, 42.49016309], [-121.53626693, 42.48986256], [-121.53608176, 42.48968937], [-121.53566277, 42.48990365], [-121.53546138, 42.48991734], [-121.5356591, 42.48965793], [-121.53569299, 42.48935238], [-121.53554035, 42.4892073], [-121.5353086, 42.48907458], [-121.53496805, 42.48906795], [-121.5345978, 42.48890567], [-121.53388927, 42.48687654], [-121.53409303, 42.48570449], [-121.53433755, 42.48260897], [-121.53427813, 42.4818958], [-121.53075235, 42.47900847], [-121.52913323, 42.47819815], [-121.52836421, 42.47823352], [-121.52796289, 42.47799369], [-121.52795459, 42.47783386], [-121.52811346, 42.47780049], [-121.52779904, 42.47772057], [-121.52785647, 42.4776325], [-121.52792605, 42.47767641], [-121.52814288, 42.4775807], [-121.52823407, 42.4775348], [-121.52823061, 42.47746563], [-121.52803436, 42.47752897], [-121.52787326, 42.47753153], [-121.52773319, 42.47748368], [-121.52757208, 42.47750563], [-121.52764646, 42.4776632], [-121.52737056, 42.47760756], [-121.52712621, 42.47762174], [-121.52676372, 42.47774319], [-121.52632874, 42.47781009], [-121.52530626, 42.47787406], [-121.5244797, 42.47735303], [-121.52336158, 42.4775249], [-121.52283491, 42.47721062], [-121.52227585, 42.47746979], [-121.52093096, 42.47815536], [-121.52061123, 42.47751593], [-121.52003234, 42.47721101], [-121.519261, 42.47697193], [-121.51929956, 42.47778416], [-121.51884215, 42.4778914], [-121.51837627, 42.47791342], [-121.51815354, 42.47769472], [-121.51823717, 42.47721241], [-121.51634164, 42.47880852], [-121.51628423, 42.47913934], [-121.51646424, 42.4793553], [-121.51671574, 42.47975201], [-121.51670815, 42.48011614], [-121.51651517, 42.48031277], [-121.5157491, 42.4799095], [-121.5149858, 42.4795058], [-121.5143485, 42.4791256], [-121.5137885, 42.4786968], [-121.5133843, 42.4782805], [-121.5130685, 42.4778508], [-121.5128131, 42.4773746], [-121.512615, 42.4768656], [-121.5120747, 42.4752039], [-121.51104154, 42.47207905], [-121.5107469, 42.4711879], [-121.5100884, 42.4691802], [-121.5097579, 42.4681782], [-121.509578, 42.4676727], [-121.5093551, 42.4671755], [-121.5091124, 42.4667937], [-121.5088267, 42.4664236], [-121.5083981, 42.4659941], [-121.5074658, 42.4651858], [-121.5071148, 42.464832], [-121.5068429, 42.4645221], [-121.5065765, 42.464166], [-121.50649547, 42.46419205], [-121.50627572, 42.4638625], [-121.50605457, 42.46339393], [-121.5059837, 42.46319059], [-121.50596465, 42.46318702], [-121.50583202, 42.46261302], [-121.50585551, 42.46261302], [-121.50584531, 42.46197361], [-121.50589157, 42.46195441], [-121.5058858, 42.4618408], [-121.5059124, 42.461294], [-121.50594001, 42.46103115], [-121.50610089, 42.46103667], [-121.50605437, 42.4614313], [-121.50603577, 42.4617676], [-121.50611019, 42.46187054], [-121.50634742, 42.46200781], [-121.50640324, 42.46216909], [-121.50662186, 42.46242646], [-121.50677536, 42.46256372], [-121.50771032, 42.46276275], [-121.50836513, 42.46289605], [-121.50916055, 42.4630642], [-121.5100082, 42.46325319], [-121.51031055, 42.46333555], [-121.51054778, 42.46345908], [-121.51063696, 42.46352816], [-121.51094396, 42.46366542], [-121.5110556, 42.46361051], [-121.5111998, 42.46358649], [-121.51132074, 42.46358306], [-121.5113626, 42.46364483], [-121.51141377, 42.46375807], [-121.51150215, 42.46381983], [-121.51174868, 42.46390905], [-121.51198308, 42.4640128], [-121.51208077, 42.46404025], [-121.5121924, 42.46396133], [-121.51226218, 42.46395104], [-121.51229009, 42.46400594], [-121.5121831, 42.46412604], [-121.51246685, 42.46422898], [-121.51253662, 42.46417751], [-121.51262965, 42.46417065], [-121.51276753, 42.46419828], [-121.51310244, 42.46412966], [-121.51331641, 42.46407818], [-121.51351411, 42.46405073], [-121.5137932, 42.46406103], [-121.51407229, 42.46408505], [-121.51454675, 42.46410563], [-121.51491887, 42.46418799], [-121.51503051, 42.46415368], [-121.51518866, 42.4642223], [-121.51548171, 42.4642875], [-121.51566312, 42.46429093], [-121.51578871, 42.46429093], [-121.51584453, 42.46433554], [-121.51597012, 42.4644179], [-121.51607711, 42.46439044], [-121.51615153, 42.46443162], [-121.51613758, 42.46448309], [-121.5161934, 42.46462035], [-121.51629108, 42.46467525], [-121.51639806, 42.46466839], [-121.5165097, 42.46476447], [-121.51686186, 42.46492264], [-121.51708049, 42.46519372], [-121.51742397, 42.46535699], [-121.51765655, 42.46553199], [-121.517824, 42.46565552], [-121.51802402, 42.46574816], [-121.51839614, 42.46581679], [-121.51847057, 42.46583052], [-121.5185543, 42.46580307], [-121.51887991, 42.46585797], [-121.51917295, 42.46577562], [-121.51936832, 42.46570356], [-121.5194753, 42.46555944], [-121.51951252, 42.46543248], [-121.51953577, 42.46531924], [-121.51972929, 42.46481345], [-121.51981301, 42.46459727], [-121.51999443, 42.4643502], [-121.52013397, 42.46420952], [-121.52018049, 42.46409971], [-121.52042702, 42.46398647], [-121.52075263, 42.46384921], [-121.52085961, 42.46384921], [-121.52094799, 42.46373254], [-121.52107358, 42.46360215], [-121.52122708, 42.4634443], [-121.52134337, 42.46332077], [-121.52140384, 42.46323498], [-121.52145501, 42.46310115], [-121.52149687, 42.46299477], [-121.52153874, 42.46287467], [-121.52159921, 42.46279918], [-121.52168294, 42.46271682], [-121.52188295, 42.46264476], [-121.52219926, 42.46254868], [-121.52238997, 42.46252809], [-121.52273884, 42.46251779], [-121.52302258, 42.46254868], [-121.52320399, 42.46262417], [-121.52325516, 42.46274427], [-121.5233761, 42.46263103], [-121.52352029, 42.46256583], [-121.52370171, 42.46246289], [-121.52407848, 42.46232906], [-121.52409521, 42.46232426], [-121.54292909, 42.4819201], [-121.55985251, 42.49111584]]]}, "properties": {"zone_name": "US-OR-KLA-FHZ-1582-C", "level": 1, "fire_name": "Wrights Spring", "county": "Klamath", "addresses": 4, "unmatched_addresses": 0, "unmatched_fraction_pct": 0, "geometry_source": "cached", "geometry_cache_age_days": 0, "overlapping_zips": [{"zip": "97624", "fraction_pct": 100.0}]}}, {"type": "Feature", "geometry": {"type": "Polygon", "coordinates": [[[-121.59678229, 42.53651318], [-121.59621, 42.5359061], [-121.59423447, 42.53441423], [-121.5913875, 42.5322642], [-121.587459, 42.5293407], [-121.5796777, 42.5235579], [-121.5747347, 42.5198838], [-121.57448272, 42.51968647], [-121.57440819, 42.51962795], [-121.57429412, 42.51953857], [-121.5739099, 42.5192375], [-121.57367552, 42.51903834], [-121.57379884, 42.51895444], [-121.57329683, 42.51840668], [-121.57331084, 42.51825782], [-121.5733494, 42.51817557], [-121.57346343, 42.51810126], [-121.57368072, 42.51816725], [-121.57410485, 42.51789056], [-121.57455237, 42.51731167], [-121.57457716, 42.51715671], [-121.574533, 42.51704564], [-121.57438828, 42.51674496], [-121.57402372, 42.51659114], [-121.57371112, 42.51655208], [-121.5734459, 42.51630924], [-121.5733973, 42.51610303], [-121.57353827, 42.51594922], [-121.57389745, 42.51569861], [-121.57401571, 42.51556736], [-121.57399552, 42.51532523], [-121.57372229, 42.51518961], [-121.57264839, 42.51495143], [-121.57231093, 42.5147419], [-121.57224105, 42.51448307], [-121.57231612, 42.51420779], [-121.57262532, 42.51405579], [-121.57352246, 42.51402094], [-121.57377294, 42.5138587], [-121.57355262, 42.51322565], [-121.57375755, 42.5128342], [-121.5742166, 42.51246523], [-121.57476623, 42.5123173], [-121.57497535, 42.51216564], [-121.57498669, 42.51195242], [-121.57463534, 42.5116585], [-121.57499226, 42.51130909], [-121.57500437, 42.51107246], [-121.57466064, 42.51093168], [-121.57430098, 42.51106295], [-121.57417399, 42.51158768], [-121.57396679, 42.51190049], [-121.57347217, 42.51205187], [-121.57298098, 42.51171648], [-121.57305093, 42.51048319], [-121.57284715, 42.50975369], [-121.57313607, 42.50948828], [-121.57389604, 42.50906328], [-121.57413764, 42.50917776], [-121.57423063, 42.50945576], [-121.57399516, 42.50954208], [-121.57379049, 42.50968641], [-121.57367477, 42.50985596], [-121.57376962, 42.51020626], [-121.5739808, 42.51044559], [-121.57465748, 42.51046348], [-121.57474829, 42.51041097], [-121.57497596, 42.51049971], [-121.57517625, 42.51083563], [-121.57534918, 42.51095968], [-121.57682939, 42.51071138], [-121.57758953, 42.51053331], [-121.57804058, 42.51024999], [-121.57798158, 42.50992244], [-121.57739296, 42.5096612], [-121.57696854, 42.50957988], [-121.57653972, 42.50919073], [-121.57636829, 42.50876234], [-121.57637155, 42.50838969], [-121.57625383, 42.50804021], [-121.57583568, 42.50766056], [-121.57461317, 42.50709743], [-121.57401751, 42.50700144], [-121.57385537, 42.50681381], [-121.5737743, 42.50665064], [-121.57392842, 42.50669553], [-121.5742102, 42.50673547], [-121.57431559, 42.50668005], [-121.57454719, 42.50617381], [-121.57460763, 42.50591556], [-121.57483889, 42.50573583], [-121.57511337, 42.50567293], [-121.5754851, 42.5056658], [-121.57587124, 42.50571709], [-121.57655493, 42.50561423], [-121.57680219, 42.50547791], [-121.57701406, 42.50525043], [-121.57737002, 42.50506544], [-121.57774566, 42.50498401], [-121.57820159, 42.50491674], [-121.57820477, 42.50484325], [-121.57801549, 42.50485488], [-121.57816041, 42.50466249], [-121.57816543, 42.50458418], [-121.57810894, 42.50446458], [-121.57812689, 42.50434234], [-121.57820642, 42.50431659], [-121.57865544, 42.5043952], [-121.57915315, 42.50441054], [-121.5794902, 42.50434476], [-121.57969855, 42.50423154], [-121.5800695, 42.50391995], [-121.58056914, 42.50372695], [-121.58121892, 42.50345094], [-121.58174001, 42.50348327], [-121.58224999, 42.50353115], [-121.58271707, 42.50376087], [-121.58349036, 42.50382894], [-121.58454421, 42.50336558], [-121.58572199, 42.50301643], [-121.58683302, 42.50252751], [-121.58713255, 42.50225233], [-121.58721422, 42.50200931], [-121.58745933, 42.50183658], [-121.58743544, 42.50174166], [-121.58789734, 42.50141896], [-121.60990458, 42.51588198], [-121.60904605, 42.51724856], [-121.60911353, 42.51842708], [-121.60902558, 42.51935739], [-121.60854043, 42.52038316], [-121.60824525, 42.5204734], [-121.60839532, 42.52089191], [-121.60782734, 42.52218989], [-121.60776308, 42.52268978], [-121.6074894, 42.52285759], [-121.60738707, 42.52285703], [-121.60734185, 42.52293129], [-121.60763478, 42.52312954], [-121.60646215, 42.52642184], [-121.60537264, 42.52820917], [-121.60474108, 42.5286192], [-121.60465866, 42.52890305], [-121.60435452, 42.52914333], [-121.60409841, 42.52972128], [-121.60388666, 42.52985263], [-121.60376576, 42.53027055], [-121.60349785, 42.53068847], [-121.60301954, 42.53074986], [-121.60294567, 42.53079372], [-121.6022888, 42.53138988], [-121.60225403, 42.53144408], [-121.60232243, 42.5315644], [-121.60227083, 42.53166288], [-121.60223042, 42.53186646], [-121.60216756, 42.53210171], [-121.60157976, 42.53262181], [-121.60152928, 42.53270479], [-121.60151961, 42.53276309], [-121.60144631, 42.53280218], [-121.60138762, 42.53283871], [-121.60140857, 42.53287932], [-121.60144323, 42.53288535], [-121.60148473, 42.53286619], [-121.60151682, 42.53289673], [-121.6014807, 42.53294327], [-121.60140883, 42.53293499], [-121.60138559, 42.53295023], [-121.60141374, 42.53297613], [-121.60128642, 42.53307685], [-121.60121263, 42.53308423], [-121.60110709, 42.53319076], [-121.60102577, 42.53322648], [-121.60094444, 42.53326221], [-121.60075558, 42.53350333], [-121.60042824, 42.53373267], [-121.60031135, 42.53380865], [-121.60025796, 42.53383785], [-121.60004112, 42.53400386], [-121.59990943, 42.53413281], [-121.59982063, 42.53424857], [-121.59978063, 42.53430858], [-121.59976476, 42.53435541], [-121.59974847, 42.53440616], [-121.59964685, 42.53448972], [-121.59965051, 42.53452065], [-121.59970629, 42.53454687], [-121.5997009, 42.53457623], [-121.5996253, 42.53460559], [-121.59958154, 42.53473643], [-121.59951498, 42.53481753], [-121.59943565, 42.53485787], [-121.59942451, 42.53487378], [-121.59945209, 42.53492637], [-121.59943487, 42.53493372], [-121.5993911, 42.53492151], [-121.59936108, 42.53497697], [-121.59932, 42.53493625], [-121.59925081, 42.53498691], [-121.59906598, 42.53511596], [-121.5989817, 42.53525504], [-121.59890557, 42.5353491], [-121.59883574, 42.5351497], [-121.59872284, 42.53513019], [-121.59864315, 42.53536326], [-121.59853065, 42.53538921], [-121.59841944, 42.53541993], [-121.59816343, 42.53551373], [-121.59823424, 42.53560089], [-121.59820892, 42.5356797], [-121.59818359, 42.53577374], [-121.59803833, 42.53583948], [-121.59796257, 42.53591628], [-121.59766142, 42.53599171], [-121.59747484, 42.53604775], [-121.59720615, 42.53621211], [-121.59685956, 42.53645897], [-121.59678229, 42.53651318]]]}, "properties": {"zone_name": "US-OR-KLA-KLA-1165-A", "level": 1, "fire_name": "Wrights Spring", "county": "Klamath", "addresses": 62, "unmatched_addresses": 0, "unmatched_fraction_pct": 0, "geometry_source": "cached", "geometry_cache_age_days": 0, "overlapping_zips": [{"zip": "97624", "fraction_pct": 100.0}]}}, {"type": "Feature", "geometry": {"type": "Polygon", "coordinates": [[[-121.63262716, 42.53491203], [-121.632383, 42.535211], [-121.631707, 42.535491], [-121.63128418, 42.53602581], [-121.630421, 42.537104], [-121.629296, 42.537602], [-121.628325, 42.53917], [-121.627922, 42.539542], [-121.625783, 42.54015], [-121.6252089, 42.540676], [-121.624326, 42.54214], [-121.621689, 42.54516], [-121.62163947, 42.54528064], [-121.62151046, 42.54531651], [-121.62104837, 42.54525131], [-121.62061577, 42.54468631], [-121.62043879, 42.54404163], [-121.61990787, 42.54328828], [-121.61904267, 42.54270153], [-121.61828562, 42.5423828], [-121.61718445, 42.54168738], [-121.61609311, 42.54042692], [-121.61561135, 42.54006471], [-121.61401832, 42.53878279], [-121.61326332, 42.53828387], [-121.61269878, 42.5380473], [-121.6123764, 42.53840608], [-121.61221909, 42.53843506], [-121.61186877, 42.53862838], [-121.61166877, 42.53862131], [-121.61148596, 42.53864219], [-121.6114522, 42.53868137], [-121.61136671, 42.5387499], [-121.61129363, 42.53893435], [-121.61131152, 42.53898934], [-121.61147211, 42.53900876], [-121.61147557, 42.5390551], [-121.61141486, 42.5390889], [-121.61129568, 42.53910117], [-121.61125099, 42.53913243], [-121.61124561, 42.5391758], [-121.61134889, 42.53916653], [-121.61140832, 42.53919494], [-121.61161316, 42.53920361], [-121.6113468, 42.53948481], [-121.61128305, 42.53955272], [-121.61122194, 42.5395382], [-121.61119055, 42.53951317], [-121.61113724, 42.53949082], [-121.61118408, 42.53947306], [-121.61116731, 42.53940965], [-121.61118708, 42.53938933], [-121.6111718, 42.53935137], [-121.61111201, 42.53934647], [-121.6111655, 42.53928503], [-121.61115921, 42.53921868], [-121.61111272, 42.539221], [-121.61105666, 42.53919268], [-121.61108465, 42.53915629], [-121.61112601, 42.53914542], [-121.61112835, 42.53911023], [-121.61100504, 42.53915819], [-121.61086346, 42.53905269], [-121.61062554, 42.53918405], [-121.61060246, 42.53943224], [-121.61044305, 42.53967847], [-121.61034449, 42.53979031], [-121.61018093, 42.53986794], [-121.61005767, 42.53990327], [-121.60990191, 42.53976758], [-121.60965099, 42.53977579], [-121.60944989, 42.5398082], [-121.60895289, 42.53977563], [-121.60852673, 42.53985023], [-121.60763161, 42.53994888], [-121.60706784, 42.53976612], [-121.60698063, 42.53944187], [-121.60697698, 42.53911079], [-121.60692989, 42.53876087], [-121.60692459, 42.5383015], [-121.6072708, 42.53714083], [-121.60734973, 42.53651772], [-121.6074061, 42.53611062], [-121.60752616, 42.53575581], [-121.60797343, 42.53542241], [-121.60810245, 42.53540656], [-121.60829092, 42.53534104], [-121.60837994, 42.53520224], [-121.60870351, 42.53416196], [-121.60801773, 42.53305023], [-121.60769199, 42.53265859], [-121.60710909, 42.53209008], [-121.60721195, 42.53138259], [-121.60739197, 42.53064351], [-121.60788058, 42.52987284], [-121.60800059, 42.52869786], [-121.60798345, 42.52733966], [-121.60822347, 42.52603899], [-121.60911497, 42.52378994], [-121.60964644, 42.52245059], [-121.60996361, 42.52165454], [-121.61075225, 42.52025196], [-121.61120658, 42.51962648], [-121.61134373, 42.51926635], [-121.61146374, 42.51879249], [-121.61165239, 42.51819853], [-121.61178954, 42.51802794], [-121.61198832, 42.51768783], [-121.63262716, 42.53491203]]]}, "properties": {"zone_name": "US-OR-KLA-KLA-1164-B", "level": 1, "fire_name": "Wrights Spring", "county": "Klamath", "addresses": 2, "unmatched_addresses": 0, "unmatched_fraction_pct": 0, "geometry_source": "cached", "geometry_cache_age_days": 0, "overlapping_zips": [{"zip": "97624", "fraction_pct": 100.0}]}}, {"type": "Feature", "geometry": {"type": "Polygon", "coordinates": [[[-121.55170243, 42.50034188], [-121.5513692, 42.500058], [-121.55068839, 42.49947895], [-121.55040113, 42.49923462], [-121.54991601, 42.498822], [-121.5485335, 42.4976461], [-121.5475769, 42.4968893], [-121.5467396, 42.4963135], [-121.5459304, 42.4958057], [-121.54521589, 42.49542687], [-121.5422408, 42.4938497], [-121.5403497, 42.4928471], [-121.5372481, 42.4912203], [-121.53526904, 42.4901782], [-121.5305241, 42.4876796], [-121.52562347, 42.48510982], [-121.5236522, 42.4840761], [-121.522143, 42.4832753], [-121.51651517, 42.48031277], [-121.51670815, 42.48011614], [-121.51671574, 42.47975201], [-121.51646424, 42.4793553], [-121.51628423, 42.47913934], [-121.51634164, 42.47880852], [-121.51823717, 42.47721241], [-121.51815354, 42.47769472], [-121.51837627, 42.47791342], [-121.51884215, 42.4778914], [-121.51929956, 42.47778416], [-121.519261, 42.47697193], [-121.52003234, 42.47721101], [-121.52061123, 42.47751593], [-121.52093096, 42.47815536], [-121.52227585, 42.47746979], [-121.52283491, 42.47721062], [-121.52336158, 42.4775249], [-121.5244797, 42.47735303], [-121.52530626, 42.47787406], [-121.52632874, 42.47781009], [-121.52676372, 42.47774319], [-121.52712621, 42.47762174], [-121.52737056, 42.47760756], [-121.52764646, 42.4776632], [-121.52757208, 42.47750563], [-121.52773319, 42.47748368], [-121.52787326, 42.47753153], [-121.52803436, 42.47752897], [-121.52823061, 42.47746563], [-121.52823407, 42.4775348], [-121.52814288, 42.4775807], [-121.52792605, 42.47767641], [-121.52785647, 42.4776325], [-121.52779904, 42.47772057], [-121.52811346, 42.47780049], [-121.52795459, 42.47783386], [-121.52796289, 42.47799369], [-121.52836421, 42.47823352], [-121.52913323, 42.47819815], [-121.53075235, 42.47900847], [-121.53427813, 42.4818958], [-121.53433755, 42.48260897], [-121.53409303, 42.48570449], [-121.53388927, 42.48687654], [-121.5345978, 42.48890567], [-121.53496805, 42.48906795], [-121.5353086, 42.48907458], [-121.53554035, 42.4892073], [-121.53569299, 42.48935238], [-121.5356591, 42.48965793], [-121.53546138, 42.48991734], [-121.53566277, 42.48990365], [-121.53608176, 42.48968937], [-121.53626693, 42.48986256], [-121.5364352, 42.49016309], [-121.53666293, 42.49054638], [-121.5371184, 42.49094619], [-121.53768513, 42.49108691], [-121.53822079, 42.4910901], [-121.53872865, 42.49105002], [-121.53914931, 42.49098445], [-121.53963173, 42.49112834], [-121.54182725, 42.49220394], [-121.54338487, 42.49330566], [-121.54489423, 42.49456249], [-121.54554368, 42.49475689], [-121.54757442, 42.49497863], [-121.54883734, 42.49497975], [-121.54997025, 42.49481912], [-121.55223609, 42.49449785], [-121.55660293, 42.4939581], [-121.55988711, 42.49108557], [-121.57413342, 42.49534201], [-121.5741364, 42.49535011], [-121.57409314, 42.49681936], [-121.57482452, 42.4975316], [-121.57528819, 42.49853991], [-121.57543691, 42.4987235], [-121.57561665, 42.49874699], [-121.5759451, 42.49916753], [-121.57595062, 42.4994216], [-121.57599976, 42.49950029], [-121.57609621, 42.49953069], [-121.57635822, 42.49977571], [-121.5763728, 42.50009584], [-121.57617271, 42.50018883], [-121.57608907, 42.50031938], [-121.57619627, 42.50065288], [-121.57584035, 42.50119809], [-121.57508814, 42.50127872], [-121.57570642, 42.50133063], [-121.57552752, 42.50159289], [-121.5755584, 42.5017871], [-121.57511936, 42.501938], [-121.57455547, 42.50178946], [-121.57436081, 42.50161618], [-121.57413258, 42.50137176], [-121.57433231, 42.501282], [-121.57405583, 42.50126493], [-121.57399298, 42.50118541], [-121.57397677, 42.50083081], [-121.57396056, 42.50043037], [-121.57401431, 42.50019612], [-121.57403197, 42.49948145], [-121.57363942, 42.49909491], [-121.57354654, 42.49865388], [-121.57337094, 42.49847967], [-121.57226038, 42.49801877], [-121.57185327, 42.49841426], [-121.5713936, 42.49909389], [-121.57063193, 42.49960072], [-121.56933596, 42.49952957], [-121.56803999, 42.49856724], [-121.56743824, 42.49904779], [-121.56646861, 42.49817219], [-121.56600887, 42.49842508], [-121.56575935, 42.49816134], [-121.56469769, 42.49763462], [-121.56436217, 42.49713608], [-121.56408358, 42.49706101], [-121.56370227, 42.49718825], [-121.56365771, 42.49730693], [-121.563942, 42.49754724], [-121.56396727, 42.49765782], [-121.56375914, 42.49789982], [-121.5636356, 42.49803996], [-121.563418, 42.49790897], [-121.56339519, 42.49758649], [-121.5631976, 42.49740646], [-121.56258579, 42.49737812], [-121.56211682, 42.49724446], [-121.56189637, 42.49680479], [-121.56170188, 42.49663321], [-121.56106618, 42.49643367], [-121.56055859, 42.4965945], [-121.55948699, 42.49645162], [-121.55906961, 42.49601866], [-121.55842237, 42.49550096], [-121.55729448, 42.49576445], [-121.55608086, 42.49619346], [-121.55454357, 42.49713098], [-121.5547448, 42.49758103], [-121.55460736, 42.49764738], [-121.5543077, 42.4980176], [-121.55450931, 42.49803685], [-121.55461181, 42.4981779], [-121.55451116, 42.49834429], [-121.5541364, 42.498604], [-121.55384631, 42.49851655], [-121.55374207, 42.49859355], [-121.55384894, 42.49904511], [-121.55405688, 42.49920289], [-121.55413906, 42.49916133], [-121.55450781, 42.49968529], [-121.55451239, 42.50006076], [-121.55466323, 42.5003495], [-121.5547926, 42.50045853], [-121.55491359, 42.50047417], [-121.55495236, 42.50056624], [-121.55465176, 42.50091374], [-121.55466428, 42.50107679], [-121.55472676, 42.50133359], [-121.55611484, 42.50133978], [-121.55635127, 42.50109442], [-121.55632228, 42.50093513], [-121.55616016, 42.50077245], [-121.55599481, 42.50068935], [-121.55607265, 42.50059679], [-121.55606747, 42.50051647], [-121.55645841, 42.50031911], [-121.5567165, 42.50025642], [-121.55689645, 42.50045047], [-121.55702844, 42.50086938], [-121.55738882, 42.50102344], [-121.55750456, 42.50115309], [-121.55756021, 42.50128274], [-121.55759366, 42.50145246], [-121.55763313, 42.50164651], [-121.55755764, 42.50177642], [-121.5574253, 42.50188734], [-121.5575073, 42.50191262], [-121.55744684, 42.50196738], [-121.55743152, 42.50202117], [-121.55746121, 42.50207719], [-121.55743966, 42.5021332], [-121.55747216, 42.50221134], [-121.55751603, 42.50227178], [-121.55749361, 42.50232409], [-121.55744325, 42.50246025], [-121.55735837, 42.50250378], [-121.55707657, 42.50248071], [-121.55693152, 42.50242235], [-121.55681688, 42.50238502], [-121.55673953, 42.50236806], [-121.55633171, 42.50231731], [-121.55601192, 42.50220599], [-121.55562804, 42.50221346], [-121.55558951, 42.5024059], [-121.55557025, 42.50252107], [-121.55568589, 42.50265281], [-121.55583402, 42.50269554], [-121.55614749, 42.50262169], [-121.55627927, 42.50251021], [-121.55630649, 42.50258644], [-121.55636548, 42.50272549], [-121.55639683, 42.50311074], [-121.55646377, 42.50318485], [-121.55645342, 42.50328577], [-121.55632815, 42.50346415], [-121.55631441, 42.50349775], [-121.55637975, 42.5036026], [-121.55635228, 42.50369247], [-121.55640607, 42.5037548], [-121.55630172, 42.50382362], [-121.55633953, 42.50383058], [-121.55643593, 42.50381242], [-121.55660557, 42.50395389], [-121.55650272, 42.50404062], [-121.55649797, 42.50412635], [-121.55655113, 42.50415216], [-121.55647078, 42.50419605], [-121.55571502, 42.50355473], [-121.55577338, 42.50351467], [-121.55578342, 42.50345193], [-121.55574858, 42.50329732], [-121.555713, 42.50327634], [-121.55556387, 42.50331478], [-121.55550584, 42.50337445], [-121.55466127, 42.50267661], [-121.55485441, 42.50255095], [-121.55493512, 42.50243714], [-121.55493594, 42.50222609], [-121.55490865, 42.50215685], [-121.55474972, 42.50199474], [-121.55463256, 42.50194868], [-121.55410941, 42.50215769], [-121.55396955, 42.50201407], [-121.55423843, 42.50162935], [-121.55427661, 42.50146934], [-121.55446568, 42.50132485], [-121.55423184, 42.50128261], [-121.55407976, 42.50105957], [-121.55379366, 42.5007698], [-121.55392961, 42.5004781], [-121.55426205, 42.50022435], [-121.55432983, 42.50005337], [-121.55419025, 42.50002508], [-121.5538348, 42.50004226], [-121.55353332, 42.4997127], [-121.55363957, 42.49949866], [-121.55378179, 42.49937936], [-121.55376246, 42.49922412], [-121.55369945, 42.49920909], [-121.55345745, 42.49911538], [-121.55313521, 42.49904794], [-121.5525826, 42.49897184], [-121.55222745, 42.49900319], [-121.55203193, 42.49947404], [-121.55181955, 42.50027134], [-121.55170243, 42.50034188]]]}, "properties": {"zone_name": "US-OR-KLA-KLA-1168-A", "level": 1, "fire_name": "Wrights Spring", "county": "Klamath", "addresses": 3, "unmatched_addresses": 0, "unmatched_fraction_pct": 0, "geometry_source": "cached", "geometry_cache_age_days": 0, "overlapping_zips": [{"zip": "97624", "fraction_pct": 100.0}]}}, {"type": "Feature", "geometry": {"type": "Polygon", "coordinates": [[[-121.725697, 42.263958], [-121.726917, 42.265885], [-121.728808, 42.266611], [-121.73015478, 42.26674716], [-121.73057, 42.267025], [-121.730988, 42.267598], [-121.731691, 42.269036], [-121.7316811, 42.269508], [-121.731757, 42.271469], [-121.73214749, 42.27328325], [-121.732393, 42.274306], [-121.73302, 42.275275], [-121.732907, 42.276657], [-121.732235, 42.278734], [-121.731468, 42.279163], [-121.730218, 42.279161], [-121.729585, 42.279332], [-121.729188, 42.279804], [-121.72922067, 42.28097675], [-121.729313, 42.28202], [-121.728703, 42.282897], [-121.727165, 42.282317], [-121.726122, 42.282741], [-121.72613183, 42.28355561], [-121.726561, 42.285347], [-121.726148, 42.287981], [-121.727626, 42.289522], [-121.727999, 42.291094], [-121.72807, 42.292079], [-121.728856, 42.293131], [-121.72923055, 42.29423865], [-121.729765, 42.295046], [-121.729838, 42.29547], [-121.729263, 42.296622], [-121.729428, 42.297345], [-121.728806, 42.298186], [-121.728632, 42.299224], [-121.728252, 42.300207], [-121.727862, 42.300932], [-121.727998, 42.302396], [-121.727358, 42.30354], [-121.727484, 42.304011], [-121.727334, 42.305092], [-121.726781, 42.306983], [-121.726403, 42.30771], [-121.7248446, 42.3091237], [-121.72507563, 42.31024037], [-121.725802, 42.310781], [-121.726592, 42.310894], [-121.7271, 42.311173], [-121.728281, 42.311412], [-121.728471, 42.311565], [-121.72929, 42.312307], [-121.729662, 42.314483], [-121.729884, 42.315014], [-121.73078, 42.315505], [-121.73075271, 42.31551278], [-121.729889, 42.315759], [-121.728956, 42.315801], [-121.72657905, 42.31658655], [-121.725868, 42.316514], [-121.725287, 42.316064], [-121.72439041, 42.31597084], [-121.723713, 42.316537], [-121.721886, 42.317503], [-121.721325, 42.31765], [-121.721006, 42.317585], [-121.7210042, 42.31763699], [-121.72095, 42.319697], [-121.72048, 42.320705], [-121.720724, 42.322225], [-121.721242, 42.322871], [-121.721246, 42.324006], [-121.721721, 42.32602], [-121.720551, 42.328816], [-121.720043, 42.329286], [-121.72001317, 42.32956524], [-121.719951, 42.329557], [-121.719954, 42.33034], [-121.719917, 42.331022], [-121.719869, 42.331591], [-121.71987, 42.331836], [-121.719895, 42.331893], [-121.72007183, 42.33198985], [-121.72007094, 42.33203701], [-121.720247, 42.332122], [-121.720336, 42.332192], [-121.720415, 42.33227], [-121.72047, 42.332375], [-121.72047, 42.332681], [-121.720556, 42.332685], [-121.720706, 42.332703], [-121.720857, 42.33271], [-121.721007, 42.332706], [-121.721155, 42.332692], [-121.721439, 42.332636], [-121.721642, 42.332624], [-121.721791, 42.332637], [-121.721938, 42.332663], [-121.722164, 42.332694], [-121.722817, 42.332732], [-121.723007, 42.332753], [-121.723192, 42.332786], [-121.723299, 42.332812], [-121.723502, 42.332882], [-121.723557, 42.332911], [-121.724019, 42.333255], [-121.724138, 42.33333], [-121.724481, 42.33347], [-121.724605, 42.333542], [-121.724937, 42.333761], [-121.725142, 42.333877], [-121.725258, 42.333918], [-121.725505, 42.333974], [-121.725795, 42.334005], [-121.725987, 42.334033], [-121.726079, 42.334057], [-121.726229, 42.334126], [-121.726336, 42.33419], [-121.726291, 42.334304], [-121.726245, 42.334419], [-121.726078, 42.334762], [-121.725918, 42.335187], [-121.725897, 42.33529], [-121.725897, 42.335377], [-121.725915, 42.335464], [-121.725947, 42.335528], [-121.726021, 42.335627], [-121.726217, 42.335793], [-121.726438, 42.335938], [-121.726694, 42.33606], [-121.726648, 42.336121], [-121.726539, 42.336141], [-121.726315, 42.336204], [-121.726178, 42.336264], [-121.726149, 42.33628], [-121.726065, 42.336328], [-121.726037, 42.336345], [-121.725701, 42.336175], [-121.725408, 42.336019], [-121.725022, 42.335803], [-121.724792, 42.335666], [-121.724671, 42.335605], [-121.724588, 42.335573], [-121.724152, 42.335436], [-121.723967, 42.335385], [-121.723604, 42.335279], [-121.723283, 42.335173], [-121.723133, 42.335108], [-121.723006, 42.335031], [-121.722887, 42.334945], [-121.722652, 42.334762], [-121.722535, 42.334665], [-121.722411, 42.334574], [-121.722265, 42.334475], [-121.722188, 42.334431], [-121.722103, 42.3344], [-121.722009, 42.334383], [-121.721909, 42.334377], [-121.72181, 42.334379], [-121.721711, 42.334393], [-121.721614, 42.334417], [-121.721521, 42.334447], [-121.721468, 42.334469], [-121.721319, 42.33455], [-121.721035, 42.334718], [-121.720852, 42.334833], [-121.720719, 42.334939], [-121.72065, 42.334989], [-121.720569, 42.335026], [-121.720484, 42.335046], [-121.720395, 42.33506], [-121.720323, 42.335065], [-121.72025, 42.335065], [-121.720103, 42.335058], [-121.719958, 42.335059], [-121.719793, 42.335077], [-121.719632, 42.335106], [-121.719483, 42.335147], [-121.71934, 42.335198], [-121.7192, 42.335254], [-121.719074, 42.33531], [-121.718704, 42.335491], [-121.718508, 42.335564], [-121.718146, 42.335677], [-121.717982, 42.335721], [-121.71767, 42.335797], [-121.717113, 42.335924], [-121.716293, 42.33617], [-121.7161, 42.336212], [-121.71606, 42.336217], [-121.71595, 42.336231], [-121.715594, 42.336074], [-121.715502, 42.336186], [-121.71549506, 42.33619755], [-121.715129, 42.3361089], [-121.714412, 42.335973], [-121.712916, 42.336053], [-121.711649, 42.335945], [-121.709982, 42.336834], [-121.708015, 42.337328], [-121.702587, 42.33552], [-121.698405, 42.335301], [-121.69776755, 42.33544817], [-121.697709, 42.335484], [-121.689521, 42.340823], [-121.68895829, 42.34101553], [-121.683506, 42.340985], [-121.67885, 42.340955], [-121.66921748, 42.34094487], [-121.668927, 42.34094], [-121.668878, 42.335487], [-121.66889371, 42.33035256], [-121.66889, 42.330011], [-121.66892791, 42.32734071], [-121.668925, 42.326381], [-121.669082, 42.295752], [-121.669155, 42.289741], [-121.669229, 42.283984], [-121.668959, 42.283103], [-121.66894179, 42.28308052], [-121.668592, 42.282685], [-121.659861, 42.275937], [-121.656144, 42.27176], [-121.658952, 42.27004], [-121.659125, 42.270433], [-121.660268, 42.271592], [-121.670606, 42.271536], [-121.670795, 42.271414], [-121.671155, 42.268319], [-121.67115547, 42.26831141], [-121.670991, 42.267046], [-121.670538, 42.265693], [-121.670068, 42.265106], [-121.669995, 42.264703], [-121.670066, 42.263099], [-121.670685, 42.261003], [-121.671326, 42.260814], [-121.671495, 42.260602], [-121.671834, 42.258866], [-121.672002, 42.258863], [-121.672642, 42.2597], [-121.673927, 42.260692], [-121.675629, 42.262546], [-121.677146, 42.263931], [-121.67811, 42.265217], [-121.685693, 42.27145], [-121.68781362, 42.27424564], [-121.689341, 42.275529], [-121.691686, 42.278145], [-121.692238, 42.279212], [-121.69332, 42.28062], [-121.695355, 42.282149], [-121.696038, 42.282891], [-121.698225, 42.286009], [-121.6989091, 42.28626731], [-121.699662, 42.28634], [-121.702576, 42.286305], [-121.703028, 42.28608], [-121.704483, 42.286363], [-121.705825, 42.286267], [-121.709732, 42.286374], [-121.710824, 42.286371], [-121.7109477, 42.2849391], [-121.711098, 42.284286], [-121.710774, 42.283154], [-121.710814, 42.28153], [-121.710626, 42.280959], [-121.710466, 42.278306], [-121.711469, 42.276207], [-121.713019, 42.275171], [-121.714137, 42.274963], [-121.714875, 42.274209], [-121.716602, 42.27347], [-121.71903612, 42.27337273], [-121.719769, 42.273375], [-121.720835, 42.273794], [-121.721616, 42.273733], [-121.721485, 42.272809], [-121.721731, 42.271888], [-121.722091, 42.271372], [-121.723121, 42.270533], [-121.723, 42.26929], [-121.723331, 42.267926], [-121.723777, 42.266934], [-121.723987, 42.265317], [-121.724711, 42.264609], [-121.725697, 42.263958]]]}, "properties": {"zone_name": "US-OR-KLA-KLA-1931", "level": 1, "fire_name": "Wrights Spring", "county": "Klamath", "addresses": 1, "unmatched_addresses": 0, "unmatched_fraction_pct": 36.4, "geometry_source": "cached", "geometry_cache_age_days": 0, "overlapping_zips": [{"zip": "97603", "fraction_pct": 63.5}, {"zip": "97601", "fraction_pct": 0.0}]}}, {"type": "Feature", "geometry": {"type": "Polygon", "coordinates": [[[-121.71549506, 42.33619755], [-121.71542273, 42.33631796], [-121.71543286, 42.33634204], [-121.7163414, 42.3369877], [-121.7169834, 42.3379536], [-121.7183737, 42.3393631], [-121.7195108, 42.3408043], [-121.721756, 42.341914], [-121.723266, 42.34301], [-121.724307, 42.344009], [-121.725536, 42.345519], [-121.726237, 42.346656], [-121.726386, 42.347591], [-121.726929, 42.348517], [-121.730049, 42.350719], [-121.73264, 42.353305], [-121.735464, 42.3557695], [-121.736042, 42.356392], [-121.736695, 42.357738], [-121.737576, 42.358776], [-121.742369, 42.363088], [-121.74477195, 42.36468727], [-121.745383, 42.365096], [-121.746046, 42.36529], [-121.748654, 42.365372], [-121.752518, 42.36515], [-121.753049, 42.365274], [-121.754468, 42.366022], [-121.754888, 42.366259], [-121.757141, 42.36691], [-121.757522, 42.367853], [-121.758494, 42.369544], [-121.762299, 42.369328], [-121.763376, 42.369391], [-121.763584, 42.369665], [-121.764087, 42.371486], [-121.764276, 42.372274], [-121.764173, 42.373039], [-121.764945, 42.373686], [-121.764634, 42.373951], [-121.765847, 42.37473], [-121.765681, 42.375011], [-121.766024, 42.375135], [-121.765883, 42.375323], [-121.765046, 42.375496], [-121.764734, 42.376098], [-121.764789, 42.376999], [-121.764481, 42.377245], [-121.765063, 42.377922], [-121.765736, 42.379254], [-121.766251, 42.379555], [-121.7668364, 42.380707], [-121.766985, 42.38091], [-121.767861, 42.38128], [-121.768585, 42.381773], [-121.769895, 42.38327], [-121.770227, 42.383974], [-121.77137177, 42.38502203], [-121.771636, 42.385264], [-121.77272, 42.385497], [-121.773967, 42.386085], [-121.775538, 42.386432], [-121.77556256, 42.3864289], [-121.775632, 42.386446], [-121.776318, 42.38658], [-121.776493, 42.386625], [-121.7767134, 42.38668216], [-121.775495, 42.388004], [-121.775199, 42.388446], [-121.774849, 42.390079], [-121.774863, 42.390987], [-121.774781, 42.39139], [-121.774425, 42.391828], [-121.773302, 42.392492], [-121.772543, 42.392748], [-121.772092, 42.393766], [-121.770651, 42.395256], [-121.768575, 42.39521], [-121.76704, 42.395516], [-121.766188, 42.395449], [-121.764944, 42.396716], [-121.764455, 42.397784], [-121.763417, 42.398549], [-121.7620505, 42.40030639], [-121.76200225, 42.40057188], [-121.69521152, 42.40035697], [-121.695237, 42.399911], [-121.693284, 42.398346], [-121.693149, 42.397639], [-121.691789, 42.396195], [-121.691529, 42.395613], [-121.691435, 42.39493], [-121.690779, 42.394212], [-121.688264, 42.392288], [-121.684845, 42.390976], [-121.684783, 42.390082], [-121.685313, 42.388696], [-121.685828, 42.387961], [-121.685635, 42.387634], [-121.684936, 42.387347], [-121.682555, 42.386565], [-121.681749, 42.38656], [-121.681293, 42.38623], [-121.680308, 42.385881], [-121.67638, 42.385127], [-121.674383, 42.384995], [-121.674983, 42.383621], [-121.674912, 42.383245], [-121.67369, 42.382599], [-121.671855, 42.382091], [-121.670446, 42.3812], [-121.669854, 42.38041], [-121.669777, 42.3779177], [-121.670109, 42.376528], [-121.671087, 42.374999], [-121.67151, 42.372179], [-121.671956, 42.371285], [-121.672989, 42.368263], [-121.674857, 42.367675], [-121.67628, 42.367399], [-121.677057, 42.367495], [-121.677399, 42.367856], [-121.677527, 42.367031], [-121.676808, 42.365346], [-121.6766568, 42.3637196], [-121.6762459, 42.3622004], [-121.676464, 42.360612], [-121.676226, 42.360013], [-121.676728, 42.359274], [-121.676913, 42.35874], [-121.676819, 42.357739], [-121.677755, 42.356341], [-121.678312, 42.354781], [-121.6784114, 42.3517694], [-121.67885, 42.340955], [-121.683506, 42.340985], [-121.68895829, 42.34101553], [-121.689521, 42.340823], [-121.697709, 42.335484], [-121.69776755, 42.33544817], [-121.698405, 42.335301], [-121.702587, 42.33552], [-121.708015, 42.337328], [-121.709982, 42.336834], [-121.711649, 42.335945], [-121.712916, 42.336053], [-121.714412, 42.335973], [-121.715129, 42.3361089], [-121.71549506, 42.33619755]]]}, "properties": {"zone_name": "US-OR-KLA-KLA-1701", "level": 1, "fire_name": "Wrights Spring", "county": "Klamath", "addresses": 2, "unmatched_addresses": 2, "unmatched_fraction_pct": 83.5, "geometry_source": "cached", "geometry_cache_age_days": 0, "overlapping_zips": [{"zip": "97603", "fraction_pct": 16.5}, {"zip": "97625", "fraction_pct": 0.0}]}}, {"type": "Feature", "geometry": {"type": "Polygon", "coordinates": [[[-121.604347, 42.240974], [-121.5992464, 42.2325907], [-121.5989651, 42.2321271], [-121.598387, 42.2310725], [-121.5979537, 42.2310824], [-121.59794735, 42.23107548], [-121.5980667, 42.2308169], [-121.598198, 42.2304906], [-121.5987781, 42.228737], [-121.5989243, 42.2282952], [-121.5992661, 42.22723321], [-121.59929745, 42.22713581], [-121.59942666, 42.22673435], [-121.59960789, 42.22617123], [-121.59981217, 42.22553861], [-121.6000581, 42.224777], [-121.60006912, 42.22474286], [-121.60035304, 42.22386343], [-121.600648, 42.2229498], [-121.6007127, 42.2227324], [-121.6007774, 42.222515], [-121.6008342, 42.2220745], [-121.6008299, 42.2213865], [-121.6007343, 42.2207083], [-121.60066165, 42.220508], [-121.600589, 42.2203077], [-121.6002733, 42.2195942], [-121.6000721, 42.2190944], [-121.60001665, 42.21884725], [-121.5999612, 42.2186001], [-121.59994865, 42.2183676], [-121.5999361, 42.2181351], [-121.59995154, 42.2179628], [-121.59996099, 42.21785732], [-121.5999654, 42.21780805], [-121.5999947, 42.217481], [-121.60006745, 42.21709755], [-121.6001066, 42.21689121], [-121.60011834, 42.2168293], [-121.60014016, 42.21671431], [-121.60054439, 42.21458721], [-121.60061875, 42.21419589], [-121.60065102, 42.21402608], [-121.60066464, 42.21395444], [-121.60077326, 42.21338286], [-121.6008229, 42.21312163], [-121.60099224, 42.21223049], [-121.60123668, 42.21094416], [-121.6014063, 42.2100515], [-121.60141738, 42.20997775], [-121.60149755, 42.20944395], [-121.6015888, 42.2088364], [-121.60174027, 42.20808459], [-121.6018485, 42.20754736], [-121.6021082, 42.2062583], [-121.60221915, 42.20571755], [-121.6023301, 42.2051768], [-121.60242205, 42.2046031], [-121.602514, 42.2040294], [-121.60256875, 42.2037535], [-121.6026235, 42.2034776], [-121.60268615, 42.20323105], [-121.602707, 42.203149], [-121.6027488, 42.2029845], [-121.60280605, 42.2028188], [-121.6028633, 42.2026531], [-121.60293845, 42.2024861], [-121.6030136, 42.2023191], [-121.60316215, 42.20204075], [-121.6033107, 42.2017624], [-121.6033894, 42.20162585], [-121.6034681, 42.2014893], [-121.6035387, 42.20132975], [-121.6036093, 42.2011702], [-121.6036851, 42.20090825], [-121.6037609, 42.2006463], [-121.60378755, 42.20039785], [-121.6038142, 42.2001494], [-121.6038201, 42.20001475], [-121.603826, 42.1998801], [-121.6038125, 42.1997522], [-121.603799, 42.1996243], [-121.60375775, 42.19936675], [-121.6037165, 42.1991092], [-121.60980008, 42.19906301], [-121.61644511, 42.19909405], [-121.62024951, 42.19911183], [-121.62030322, 42.19911207], [-121.6204261, 42.19911264], [-121.62049582, 42.19911296], [-121.62461598, 42.19913391], [-121.62991777, 42.19916086], [-121.63276173, 42.19917711], [-121.63466213, 42.19918983], [-121.63466212, 42.19918901], [-121.648415, 42.199203], [-121.649034, 42.199195], [-121.65166, 42.201632], [-121.65188217, 42.20198203], [-121.65214386, 42.20260047], [-121.6522747, 42.20290968], [-121.65235623, 42.20310158], [-121.6523553, 42.20310278], [-121.6524051, 42.20323433], [-121.652461, 42.203382], [-121.652484, 42.203427], [-121.652516, 42.203469], [-121.65256579, 42.20350513], [-121.652629, 42.203551], [-121.65265479, 42.20357218], [-121.652685, 42.203597], [-121.652727, 42.203632], [-121.65282, 42.203716], [-121.653232, 42.204117], [-121.653493, 42.204371], [-121.6536548, 42.20451173], [-121.653708, 42.204558], [-121.654272, 42.20502], [-121.654408, 42.205146], [-121.654606, 42.205339], [-121.654675, 42.205401], [-121.654905, 42.205586], [-121.65493417, 42.20560813], [-121.65521526, 42.20582139], [-121.655343, 42.20594], [-121.655423, 42.206025], [-121.655491, 42.206114], [-121.6555179, 42.20616219], [-121.655539, 42.2062], [-121.655574, 42.20629], [-121.65559178, 42.20634874], [-121.65563, 42.206475], [-121.65564132, 42.20651314], [-121.655657, 42.206566], [-121.655671, 42.206611], [-121.65569818, 42.20671896], [-121.655706, 42.20675], [-121.65575347, 42.20674722], [-121.65575274, 42.20677427], [-121.656197, 42.207705], [-121.657014, 42.208235], [-121.658943, 42.210868], [-121.659643, 42.211324], [-121.661614, 42.212004], [-121.662105, 42.213255], [-121.662888, 42.213898], [-121.663369, 42.214064], [-121.663918, 42.213987], [-121.664855, 42.214389], [-121.665513, 42.214962], [-121.667146, 42.217892], [-121.668458, 42.219703], [-121.669349, 42.221518], [-121.671128, 42.223227], [-121.672759, 42.225419], [-121.67447, 42.229121], [-121.676165, 42.231544], [-121.678588, 42.234191], [-121.680063, 42.236037], [-121.680723, 42.237], [-121.68098, 42.23763], [-121.681439, 42.238668], [-121.682121, 42.239563], [-121.682218, 42.239958], [-121.681455, 42.243334], [-121.681761, 42.244528], [-121.681568, 42.245929], [-121.6820058, 42.24818], [-121.681706, 42.249976], [-121.681471, 42.250513], [-121.679583, 42.251405], [-121.67927, 42.251888], [-121.680931, 42.252771], [-121.681122, 42.253029], [-121.680545, 42.255411], [-121.680034, 42.255611], [-121.678781, 42.255661], [-121.677943, 42.25537], [-121.67213003, 42.2584366], [-121.67184, 42.258594], [-121.671834, 42.258866], [-121.671495, 42.260602], [-121.671326, 42.260814], [-121.670685, 42.261003], [-121.670234, 42.260987], [-121.669821, 42.260783], [-121.669563, 42.260409], [-121.669578, 42.259688], [-121.668585, 42.258809], [-121.666192, 42.257516], [-121.66325987, 42.25633829], [-121.662575, 42.25588], [-121.65924, 42.252785], [-121.658588, 42.251995], [-121.65765572, 42.25029118], [-121.65756, 42.250155], [-121.657336, 42.249858], [-121.655315, 42.24878], [-121.65418, 42.248438], [-121.650692, 42.24637], [-121.648758, 42.245544], [-121.647574, 42.244613], [-121.64651128, 42.24350605], [-121.645134, 42.242483], [-121.643921, 42.240439], [-121.642842, 42.239025], [-121.642842, 42.234977], [-121.642118, 42.235081], [-121.64127724, 42.23496336], [-121.640167, 42.234911], [-121.639443, 42.234549], [-121.639263, 42.234295], [-121.639244, 42.233457], [-121.639773, 42.231987], [-121.639432, 42.231107], [-121.639369, 42.229659], [-121.639111, 42.229018], [-121.63588185, 42.2274376], [-121.634818, 42.22723], [-121.633517, 42.227241], [-121.632092, 42.227637], [-121.631315, 42.228164], [-121.629642, 42.229974], [-121.628484, 42.231011], [-121.6253781, 42.232583], [-121.624838, 42.232838], [-121.62417, 42.233415], [-121.623558, 42.23422], [-121.623353, 42.234848], [-121.623057, 42.234998], [-121.62264668, 42.23482572], [-121.622434, 42.234746], [-121.621762, 42.234892], [-121.620517, 42.235432], [-121.619134, 42.235728], [-121.618638, 42.235972], [-121.617775, 42.235999], [-121.617374, 42.236153], [-121.61607, 42.236033], [-121.615136, 42.236285], [-121.614622, 42.236818], [-121.614702, 42.237452], [-121.614369, 42.23869], [-121.612479, 42.238592], [-121.611515, 42.238278], [-121.610116, 42.2391137], [-121.607625, 42.239281], [-121.607037, 42.238742], [-121.604549, 42.239333], [-121.604498, 42.239464], [-121.605187, 42.240877], [-121.60455, 42.241312], [-121.604347, 42.240974]]]}, "properties": {"zone_name": "US-OR-KLA-KLA-2256", "level": 1, "fire_name": "Wrights Spring", "county": "Klamath", "addresses": 1, "unmatched_addresses": 0, "unmatched_fraction_pct": 27.8, "geometry_source": "cached", "geometry_cache_age_days": 0, "overlapping_zips": [{"zip": "97603", "fraction_pct": 72.2}]}}, {"type": "Feature", "geometry": {"type": "Polygon", "coordinates": [[[-121.656144, 42.27176], [-121.645867, 42.260873], [-121.645454, 42.260437], [-121.644992, 42.26001], [-121.64417681, 42.25967598], [-121.639806, 42.259279], [-121.6391237, 42.2592234], [-121.63791806, 42.25905794], [-121.6311437, 42.2559893], [-121.6288875, 42.2549632], [-121.6203479, 42.2511474], [-121.617955, 42.25020547], [-121.610478, 42.250018], [-121.60978313, 42.24969959], [-121.609436, 42.24935], [-121.604949, 42.241968], [-121.60455, 42.241312], [-121.605187, 42.240877], [-121.604498, 42.239464], [-121.604549, 42.239333], [-121.607037, 42.238742], [-121.607625, 42.239281], [-121.610116, 42.2391137], [-121.611515, 42.238278], [-121.612479, 42.238592], [-121.614369, 42.23869], [-121.614702, 42.237452], [-121.614622, 42.236818], [-121.615136, 42.236285], [-121.61607, 42.236033], [-121.617374, 42.236153], [-121.617775, 42.235999], [-121.618638, 42.235972], [-121.619134, 42.235728], [-121.620517, 42.235432], [-121.621762, 42.234892], [-121.622434, 42.234746], [-121.62264668, 42.23482572], [-121.623057, 42.234998], [-121.623353, 42.234848], [-121.623558, 42.23422], [-121.62417, 42.233415], [-121.624838, 42.232838], [-121.6253781, 42.232583], [-121.628484, 42.231011], [-121.629642, 42.229974], [-121.631315, 42.228164], [-121.632092, 42.227637], [-121.633517, 42.227241], [-121.634818, 42.22723], [-121.63588185, 42.2274376], [-121.639111, 42.229018], [-121.639369, 42.229659], [-121.639432, 42.231107], [-121.639773, 42.231987], [-121.639244, 42.233457], [-121.639263, 42.234295], [-121.639443, 42.234549], [-121.640167, 42.234911], [-121.64127724, 42.23496336], [-121.642118, 42.235081], [-121.642842, 42.234977], [-121.642842, 42.239025], [-121.643921, 42.240439], [-121.645134, 42.242483], [-121.64651128, 42.24350605], [-121.647574, 42.244613], [-121.648758, 42.245544], [-121.650692, 42.24637], [-121.65418, 42.248438], [-121.655315, 42.24878], [-121.657336, 42.249858], [-121.65756, 42.250155], [-121.65765572, 42.25029118], [-121.658588, 42.251995], [-121.65924, 42.252785], [-121.662575, 42.25588], [-121.66325987, 42.25633829], [-121.666192, 42.257516], [-121.668585, 42.258809], [-121.669578, 42.259688], [-121.669563, 42.260409], [-121.669821, 42.260783], [-121.670234, 42.260987], [-121.670685, 42.261003], [-121.670066, 42.263099], [-121.669995, 42.264703], [-121.670068, 42.265106], [-121.670538, 42.265693], [-121.670991, 42.267046], [-121.67115547, 42.26831141], [-121.671155, 42.268319], [-121.670795, 42.271414], [-121.670606, 42.271536], [-121.660268, 42.271592], [-121.659125, 42.270433], [-121.658952, 42.27004], [-121.656144, 42.27176]]]}, "properties": {"zone_name": "US-OR-KLA-KLA-1936", "level": 1, "fire_name": "Wrights Spring", "county": "Klamath", "addresses": 2, "unmatched_addresses": 0, "unmatched_fraction_pct": 0, "geometry_source": "cached", "geometry_cache_age_days": 0, "overlapping_zips": [{"zip": "97603", "fraction_pct": 100.0}]}}, {"type": "Feature", "geometry": {"type": "Polygon", "coordinates": [[[-121.43590908, 42.36942136], [-121.43587455, 42.36942084], [-121.435902, 42.369718], [-121.435641, 42.369713], [-121.43534, 42.369678], [-121.435, 42.369678], [-121.43491017, 42.369678], [-121.434702, 42.3697], [-121.434479, 42.369731], [-121.434199, 42.369801], [-121.434021, 42.36986], [-121.433851, 42.369932], [-121.432225, 42.370666], [-121.432056, 42.370736], [-121.431732, 42.370853], [-121.431567, 42.370906], [-121.431098, 42.371027], [-121.430341, 42.371189], [-121.430092, 42.371266], [-121.429917, 42.371339], [-121.429779, 42.371423], [-121.429699, 42.371483], [-121.42963, 42.371549], [-121.429569, 42.371638], [-121.429431, 42.371935], [-121.429376, 42.372036], [-121.429313, 42.37212], [-121.429272, 42.372164], [-121.429241, 42.3722], [-121.429156, 42.372271], [-121.428753, 42.37251], [-121.42876557, 42.37205981], [-121.42882301, 42.37000244], [-121.42883565, 42.36954953], [-121.42873571, 42.3695478], [-121.42807519, 42.36953051], [-121.42800413, 42.36952865], [-121.41386561, 42.36134841], [-121.414725, 42.361101], [-121.416375, 42.361402], [-121.41820167, 42.36186639], [-121.418869, 42.361984], [-121.423035, 42.364949], [-121.423799, 42.365186], [-121.426437, 42.365184], [-121.42759977, 42.36532719], [-121.427646, 42.365332], [-121.428977, 42.365173], [-121.430284, 42.364527], [-121.432379, 42.363848], [-121.43358337, 42.36361359], [-121.43377, 42.36361], [-121.434807, 42.364313], [-121.4338467, 42.3654738], [-121.43564537, 42.36657566], [-121.436118, 42.366737], [-121.435824, 42.367126], [-121.43590908, 42.36942136]]]}, "properties": {"zone_name": "US-OR-KLA-KLA-1718-A", "level": 1, "fire_name": "Wrights Spring", "county": "Klamath", "addresses": 3, "unmatched_addresses": 0, "unmatched_fraction_pct": 0, "geometry_source": "cached", "geometry_cache_age_days": 0, "overlapping_zips": [{"zip": "97623", "fraction_pct": 62.0}, {"zip": "97639", "fraction_pct": 38.0}]}}, {"type": "Feature", "geometry": {"type": "Polygon", "coordinates": [[[-121.42800413, 42.36952865], [-121.42733381, 42.3695111], [-121.4266052, 42.36949202], [-121.42584441, 42.36947208], [-121.42509944, 42.36945256], [-121.42437001, 42.36943344], [-121.423645, 42.36941443], [-121.42269, 42.369563], [-121.422703, 42.370181], [-121.422742, 42.371427], [-121.422739, 42.371755], [-121.422733, 42.372708], [-121.422703, 42.3732], [-121.422686, 42.373317], [-121.422582, 42.373463], [-121.422381, 42.373705], [-121.422247, 42.373848], [-121.4221, 42.373982], [-121.421974, 42.374077], [-121.421839, 42.374165], [-121.421668, 42.374262], [-121.421485, 42.374348], [-121.421288, 42.374417], [-121.421082, 42.374472], [-121.420912, 42.374508], [-121.420563, 42.374556], [-121.420339, 42.374575], [-121.4196661, 42.3745838], [-121.41920315, 42.37466945], [-121.41878732, 42.37474639], [-121.418481, 42.374893], [-121.418175, 42.37504], [-121.418086, 42.375083], [-121.417915, 42.375181], [-121.417678, 42.375344], [-121.417482, 42.375519], [-121.417318, 42.375707], [-121.417122, 42.375983], [-121.417063, 42.376093], [-121.41701, 42.376228], [-121.416972, 42.376366], [-121.416951, 42.376509], [-121.41691977, 42.37665547], [-121.416909, 42.376706], [-121.416886, 42.376788], [-121.41632394, 42.37679695], [-121.41393103, 42.37683505], [-121.40886303, 42.37681143], [-121.40888246, 42.36937987], [-121.40406006, 42.36937092], [-121.40113771, 42.36936732], [-121.39916534, 42.36936961], [-121.3973217, 42.36937012], [-121.39607421, 42.36936811], [-121.39524996, 42.3693734], [-121.39446688, 42.36936989], [-121.394178, 42.369336], [-121.393755, 42.369629], [-121.39355, 42.369752], [-121.393333, 42.369862], [-121.393141, 42.369943], [-121.39293665, 42.37000995], [-121.392562, 42.370124], [-121.392295, 42.370184], [-121.392085, 42.370219], [-121.391966, 42.37023], [-121.391847, 42.370221], [-121.391799, 42.37021], [-121.391611, 42.37017], [-121.391427, 42.370122], [-121.391065, 42.370012], [-121.390899, 42.369968], [-121.390732, 42.369932], [-121.390432, 42.369911], [-121.389126, 42.369893], [-121.388903, 42.3699], [-121.38851, 42.369952], [-121.387996, 42.370043], [-121.387461, 42.370164], [-121.387355, 42.370195], [-121.38726, 42.370239], [-121.387185, 42.370294], [-121.387117, 42.370357], [-121.386893, 42.370601], [-121.386827, 42.370696], [-121.386723, 42.370928], [-121.386551, 42.371378], [-121.386493, 42.371505], [-121.386422, 42.371627], [-121.386343, 42.37172], [-121.385862, 42.372216], [-121.385444, 42.37262], [-121.385372, 42.372686], [-121.384924, 42.373101], [-121.38482, 42.373174], [-121.384731, 42.373219], [-121.384636, 42.373271], [-121.384442, 42.373361], [-121.3840119, 42.3735843], [-121.3839445, 42.37362405], [-121.383495, 42.373856], [-121.383357, 42.373947], [-121.3832565, 42.3740298], [-121.3828767, 42.3738514], [-121.381528, 42.3736021], [-121.3808197, 42.3734622], [-121.38100315, 42.3730782], [-121.3811866, 42.3726942], [-121.3813108, 42.37250945], [-121.381435, 42.3723247], [-121.3815383, 42.3721953], [-121.3816416, 42.3720659], [-121.38174685, 42.3719444], [-121.3818521, 42.3718229], [-121.38196495, 42.37171465], [-121.3820778, 42.3716064], [-121.38223885, 42.3714672], [-121.3823999, 42.371328], [-121.38249038, 42.37125886], [-121.38254125, 42.37122], [-121.3826826, 42.371112], [-121.3828381, 42.371004], [-121.3829936, 42.370896], [-121.3831456, 42.37080985], [-121.3832976, 42.3707237], [-121.38347395, 42.3706307], [-121.3836503, 42.3705377], [-121.3838715, 42.37043435], [-121.3840927, 42.370331], [-121.3844678, 42.37016955], [-121.3848429, 42.3700081], [-121.38518763, 42.36985816], [-121.38547957, 42.36973118], [-121.3855377, 42.3697059], [-121.3867826, 42.3691551], [-121.3877271, 42.3687642], [-121.3879371, 42.3686633], [-121.3884279, 42.3684431], [-121.3888181, 42.368267], [-121.389241, 42.3680673], [-121.389617, 42.3679264], [-121.3900094, 42.3677869], [-121.3905234, 42.3676252], [-121.3916932, 42.3673175], [-121.3933732, 42.3668415], [-121.3952264, 42.3663035], [-121.3956164, 42.3661567], [-121.3959361, 42.3660136], [-121.3962416, 42.3658516], [-121.396456, 42.3657154], [-121.3966375, 42.3655761], [-121.3968858, 42.3653642], [-121.3971196, 42.3651394], [-121.3973134, 42.3649099], [-121.3974674, 42.3647046], [-121.397605, 42.3644872], [-121.3977509, 42.364183], [-121.3979021, 42.3635208], [-121.3979418, 42.3631164], [-121.3979111, 42.3607015], [-121.3983346, 42.3607005], [-121.3989613, 42.3607113], [-121.400348, 42.36158], [-121.402361, 42.362168], [-121.4033759, 42.3619149], [-121.407314, 42.361735], [-121.409163, 42.361671], [-121.4102609, 42.3618286], [-121.410408, 42.361859], [-121.411818, 42.361984], [-121.413214, 42.361536], [-121.41386561, 42.36134841], [-121.42800413, 42.36952865]]]}, "properties": {"zone_name": "US-OR-KLA-KLA-1718-B", "level": 1, "fire_name": "Wrights Spring", "county": "Klamath", "addresses": 2, "unmatched_addresses": 0, "unmatched_fraction_pct": 0, "geometry_source": "cached", "geometry_cache_age_days": 0, "overlapping_zips": [{"zip": "97623", "fraction_pct": 98.2}, {"zip": "97639", "fraction_pct": 1.8}]}}, {"type": "Feature", "geometry": {"type": "Polygon", "coordinates": [[[-121.39791677, 42.35750386], [-121.3979193, 42.3574281], [-121.3980009, 42.3559882], [-121.3981489, 42.3552579], [-121.3983503, 42.3544596], [-121.398498, 42.353926], [-121.3987575, 42.3531033], [-121.3988501, 42.352741], [-121.3989684, 42.3524277], [-121.3990937, 42.3522005], [-121.3991834, 42.3520392], [-121.399286, 42.351882], [-121.3994695, 42.3516207], [-121.3995942, 42.3514455], [-121.3997431, 42.3512555], [-121.3999321, 42.3509926], [-121.4000994, 42.3507583], [-121.4003103, 42.3504157], [-121.4003917, 42.3502587], [-121.4004511, 42.3501363], [-121.4005157, 42.3499697], [-121.4005766, 42.3498006], [-121.4006541, 42.3495601], [-121.4007936, 42.3490244], [-121.4008251, 42.3488684], [-121.4008461, 42.3487303], [-121.4008516, 42.3486015], [-121.4008449, 42.348463], [-121.4008328, 42.3483514], [-121.4007959, 42.348203], [-121.4007497, 42.3480489], [-121.4005689, 42.3475818], [-121.4005232, 42.3474416], [-121.4004856, 42.3473126], [-121.4004461, 42.3471506], [-121.4004178, 42.34697], [-121.4004023, 42.3467971], [-121.4004017, 42.3466164], [-121.4004095, 42.3464153], [-121.40043, 42.3461665], [-121.4004396, 42.3458918], [-121.4004696, 42.3456117], [-121.4004684, 42.3453818], [-121.4004591, 42.3452131], [-121.4004402, 42.345107], [-121.4004076, 42.3449889], [-121.4003391, 42.3447788], [-121.4002362, 42.3445502], [-121.4000734, 42.3442544], [-121.3997009, 42.3436318], [-121.399618, 42.3434701], [-121.3995382, 42.3432819], [-121.3994654, 42.3430606], [-121.3994346, 42.3428683], [-121.3994254, 42.3427735], [-121.3994371, 42.3426196], [-121.3994601, 42.3424602], [-121.3995287, 42.3422194], [-121.39953915, 42.34219299], [-121.3995789, 42.3422016], [-121.400123, 42.3423491], [-121.4003147, 42.3423927], [-121.4009109, 42.342479], [-121.404912, 42.340377], [-121.405918, 42.340247], [-121.408851, 42.340279], [-121.409992, 42.340468], [-121.410025, 42.341692], [-121.410707, 42.341886], [-121.413101, 42.341931], [-121.41437434, 42.34192723], [-121.419489, 42.341918], [-121.420142, 42.341651], [-121.420739, 42.341684], [-121.42146, 42.341967], [-121.431869, 42.341937], [-121.43408, 42.341683], [-121.435546, 42.341898], [-121.43568625, 42.34193985], [-121.436204, 42.342141], [-121.43626047, 42.3426752], [-121.436272, 42.343972], [-121.436429, 42.344642], [-121.43616, 42.34508], [-121.436359, 42.3472], [-121.4363104, 42.3496626], [-121.436333, 42.350076], [-121.43692, 42.350692], [-121.43700391, 42.35079008], [-121.43798, 42.352356], [-121.438054, 42.353024], [-121.437747, 42.353573], [-121.437017, 42.354212], [-121.436535, 42.35579], [-121.4358762, 42.35671845], [-121.39791677, 42.35750386]]]}, "properties": {"zone_name": "US-OR-KLA-KLA-1719-B", "level": 1, "fire_name": "Wrights Spring", "county": "Klamath", "addresses": 24, "unmatched_addresses": 0, "unmatched_fraction_pct": 0, "geometry_source": "cached", "geometry_cache_age_days": 0, "overlapping_zips": [{"zip": "97623", "fraction_pct": 100.0}]}}, {"type": "Feature", "geometry": {"type": "Polygon", "coordinates": [[[-121.51205206, 42.44178536], [-121.5136668, 42.439263], [-121.5171126, 42.433912], [-121.5181338, 42.432285], [-121.51846798, 42.43152778], [-121.518631, 42.430486], [-121.51833681, 42.42878274], [-121.51832317, 42.428767], [-121.518144, 42.427395], [-121.51821487, 42.42688323], [-121.51901144, 42.4249649], [-121.51902857, 42.42857477], [-121.52143893, 42.42856792], [-121.52142039, 42.4250164], [-121.52624111, 42.42504377], [-121.52618683, 42.42147081], [-121.52867036, 42.42147765], [-121.52878063, 42.42859714], [-121.52633318, 42.42859714], [-121.52617177, 42.43946411], [-121.53107924, 42.43947096], [-121.53118344, 42.42503562], [-121.538859, 42.42502528], [-121.538859, 42.44917446], [-121.51205206, 42.44178536]]]}, "properties": {"zone_name": "US-OR-KLA-KLA-1381-C", "level": 2, "fire_name": "Wrights Spring", "county": "Klamath", "addresses": 8, "unmatched_addresses": 1, "unmatched_fraction_pct": 9.5, "geometry_source": "cached", "geometry_cache_age_days": 0, "overlapping_zips": [{"zip": "97639", "fraction_pct": 88.1}, {"zip": "97624", "fraction_pct": 2.4}]}}, {"type": "Feature", "geometry": {"type": "Polygon", "coordinates": [[[-121.4770433, 42.303812], [-121.4770067, 42.315093], [-121.47698448, 42.32016605], [-121.44216042, 42.3203297], [-121.443616, 42.319093], [-121.444268, 42.318684], [-121.44456572, 42.31858342], [-121.4577821, 42.318665], [-121.46242479, 42.31866742], [-121.462549, 42.318668], [-121.462526, 42.317005], [-121.4624577, 42.311322], [-121.462408, 42.304131], [-121.466375, 42.304149], [-121.470234, 42.30415], [-121.472194, 42.304011], [-121.473932, 42.303814], [-121.4770433, 42.303812]]]}, "properties": {"zone_name": "US-OR-KLA-KLA-1957-A", "level": 2, "fire_name": "Wrights Spring", "county": "Klamath", "addresses": 10, "unmatched_addresses": 0, "unmatched_fraction_pct": 0, "geometry_source": "cached", "geometry_cache_age_days": 0, "overlapping_zips": [{"zip": "97623", "fraction_pct": 100.0}]}}, {"type": "Feature", "geometry": {"type": "Polygon", "coordinates": [[[-121.47698448, 42.32016605], [-121.47697, 42.3234731], [-121.4772297, 42.32576], [-121.467294, 42.325833], [-121.462552, 42.325819], [-121.459869, 42.325824], [-121.45837053, 42.3258267], [-121.457877, 42.325922], [-121.457474, 42.326293], [-121.457284, 42.327669], [-121.45223256, 42.32770698], [-121.452132, 42.327706], [-121.452645, 42.325845], [-121.45245832, 42.32555802], [-121.451673, 42.325269], [-121.450054, 42.32525], [-121.449396, 42.325022], [-121.449366, 42.3247], [-121.449956, 42.323848], [-121.449147, 42.323618], [-121.448932, 42.323267], [-121.447901, 42.322575], [-121.447518, 42.322214], [-121.43934, 42.322306], [-121.44065, 42.321613], [-121.44216042, 42.3203297], [-121.47698448, 42.32016605]]]}, "properties": {"zone_name": "US-OR-KLA-KLA-1957-B", "level": 2, "fire_name": "Wrights Spring", "county": "Klamath", "addresses": 19, "unmatched_addresses": 0, "unmatched_fraction_pct": 0, "geometry_source": "cached", "geometry_cache_age_days": 0, "overlapping_zips": [{"zip": "97623", "fraction_pct": 100.0}]}}, {"type": "Feature", "geometry": {"type": "Polygon", "coordinates": [[[-121.60028945, 42.50164881], [-121.59988309, 42.50136657], [-121.59894656, 42.50088773], [-121.59690899, 42.49972088], [-121.59613696, 42.49945123], [-121.59551979, 42.49929623], [-121.59458874, 42.49938626], [-121.59378231, 42.499592], [-121.59318822, 42.49994748], [-121.59226318, 42.50009819], [-121.59165743, 42.50037564], [-121.59023716, 42.50094866], [-121.58959713, 42.50086235], [-121.58918864, 42.50088649], [-121.58862351, 42.50102611], [-121.58846353, 42.50104069], [-121.58826777, 42.50115843], [-121.58835803, 42.50124606], [-121.58800056, 42.50129578], [-121.58790187, 42.5014158], [-121.58777574, 42.50150392], [-121.57409851, 42.49524731], [-121.57351716, 42.49367039], [-121.57256354, 42.49297687], [-121.57313169, 42.49191682], [-121.57236236, 42.49081568], [-121.57268824, 42.48961787], [-121.57304047, 42.4887699], [-121.57287489, 42.48805694], [-121.57110528, 42.48890547], [-121.57060078, 42.48885997], [-121.57045914, 42.48834981], [-121.57205703, 42.48704279], [-121.57209164, 42.48645244], [-121.57080842, 42.48524012], [-121.56950709, 42.48561433], [-121.56902516, 42.48486415], [-121.56794267, 42.48421983], [-121.56432995, 42.48435299], [-121.56327193, 42.48516354], [-121.56276867, 42.48430749], [-121.56189641, 42.4843844], [-121.56115345, 42.48613204], [-121.56169376, 42.48950538], [-121.55985251, 42.49111584], [-121.54292909, 42.4819201], [-121.52409521, 42.46232426], [-121.52441339, 42.46223297], [-121.52453898, 42.46225013], [-121.52462736, 42.46228445], [-121.52480877, 42.46219866], [-121.52494367, 42.46219866], [-121.52512508, 42.46208199], [-121.52532509, 42.46195502], [-121.52556232, 42.46171824], [-121.52572513, 42.46156725], [-121.52581351, 42.4614643], [-121.52599492, 42.46133047], [-121.52616237, 42.46129615], [-121.52650193, 42.46117262], [-121.52671591, 42.46111085], [-121.52692057, 42.4610834], [-121.52706477, 42.46110398], [-121.5271392, 42.46124468], [-121.527302, 42.4613991], [-121.52728339, 42.4616702], [-121.52727874, 42.46183148], [-121.52728805, 42.46198933], [-121.52730665, 42.46210601], [-121.52740433, 42.46212316], [-121.52741829, 42.46220209], [-121.52732526, 42.46230504], [-121.52734852, 42.4624423], [-121.52726944, 42.4625845], [-121.52746946, 42.46276294], [-121.52746946, 42.46281098], [-121.52743689, 42.46286931], [-121.52752062, 42.46308207], [-121.52747876, 42.46315413], [-121.52753923, 42.46325707], [-121.52782297, 42.46315413], [-121.52778576, 42.46309922], [-121.52784623, 42.46304432], [-121.52799973, 42.46309579], [-121.52818114, 42.46299628], [-121.52821835, 42.46291735], [-121.52832999, 42.46294481], [-121.52873933, 42.46290706], [-121.52914401, 42.46273548], [-121.52928356, 42.46259822], [-121.52944171, 42.46248498], [-121.5295487, 42.46255704], [-121.5297115, 42.4624541], [-121.52979058, 42.46246782], [-121.52983709, 42.46258107], [-121.52994873, 42.46241635], [-121.53005884, 42.4624013], [-121.53011001, 42.46247336], [-121.52992395, 42.46287142], [-121.52996116, 42.46297779], [-121.53001698, 42.46294691], [-121.53009605, 42.46302927], [-121.53007745, 42.46310819], [-121.53023095, 42.46312878], [-121.53020769, 42.4630327], [-121.53029607, 42.46292289], [-121.53042166, 42.46291603], [-121.53064494, 42.46367782], [-121.53074262, 42.46367782], [-121.530831, 42.46385968], [-121.53071006, 42.46390429], [-121.53071471, 42.46403126], [-121.53077518, 42.4640793], [-121.530831, 42.46423028], [-121.53086356, 42.4646798], [-121.53096124, 42.46475529], [-121.53125894, 42.46466264], [-121.53117521, 42.4645048], [-121.5311473, 42.46434009], [-121.53119382, 42.46420626], [-121.53138918, 42.4641342], [-121.53162641, 42.46397292], [-121.53184503, 42.46397979], [-121.53202179, 42.4639489], [-121.53206831, 42.4638391], [-121.5321846, 42.4635886], [-121.53223576, 42.46354742], [-121.5323381, 42.4635234], [-121.53239857, 42.46342046], [-121.53217529, 42.46339987], [-121.53207761, 42.46332437], [-121.53217529, 42.46319741], [-121.53198923, 42.46286799], [-121.53182643, 42.46285083], [-121.53178456, 42.46274445], [-121.53190085, 42.46268268], [-121.53207761, 42.46260376], [-121.5322032, 42.462717], [-121.53222646, 42.46285426], [-121.53232414, 42.46294005], [-121.53240787, 42.46285426], [-121.53243113, 42.46274102], [-121.53249625, 42.462717], [-121.53261719, 42.4627719], [-121.53268696, 42.46271014], [-121.53278465, 42.46275131], [-121.53293815, 42.46283024], [-121.53303118, 42.46286455], [-121.53297071, 42.46296407], [-121.53311491, 42.46307731], [-121.53317072, 42.46313564], [-121.53318933, 42.46306701], [-121.53327306, 42.46298809], [-121.5334033, 42.46293662], [-121.53351494, 42.4629675], [-121.53353355, 42.46305672], [-121.53354285, 42.46313907], [-121.53363123, 42.46314251], [-121.53395684, 42.4632077], [-121.53418011, 42.46332437], [-121.53441269, 42.46334496], [-121.53447316, 42.46337928], [-121.5346127, 42.46348909], [-121.53465457, 42.46377733], [-121.53457084, 42.46383223], [-121.53434757, 42.46390773], [-121.53420337, 42.46392145], [-121.53404521, 42.46402439], [-121.53388241, 42.46407243], [-121.53375217, 42.46405528], [-121.53359867, 42.46404155], [-121.53347773, 42.46402439], [-121.53327306, 42.46409989], [-121.53306839, 42.46424058], [-121.53297071, 42.46432979], [-121.53287768, 42.46440528], [-121.53298466, 42.46445676], [-121.53319863, 42.46453225], [-121.53330562, 42.46460774], [-121.5333847, 42.46468323], [-121.53339865, 42.464745], [-121.53342191, 42.46483764], [-121.53353355, 42.4649097], [-121.53367774, 42.46481019], [-121.53390102, 42.46475872], [-121.53412894, 42.46472098], [-121.5342964, 42.46470039], [-121.53447781, 42.46470382], [-121.53457084, 42.46468323], [-121.53471039, 42.46463519], [-121.53464061, 42.46458029], [-121.53458479, 42.46453568], [-121.53465922, 42.46445676], [-121.53469643, 42.46439842], [-121.5347569, 42.46431264], [-121.53485924, 42.46418567], [-121.53493831, 42.46411361], [-121.53514298, 42.46398665], [-121.53526392, 42.46390086], [-121.5353523, 42.46392145], [-121.53544998, 42.46393861], [-121.5356593, 42.4639592], [-121.53601282, 42.4639592], [-121.53622679, 42.46400381], [-121.53637564, 42.46407243], [-121.53649193, 42.46415136], [-121.53662682, 42.4643092], [-121.5367059, 42.46439156], [-121.53679893, 42.46450823], [-121.53687335, 42.4644396], [-121.53691642, 42.46439902], [-121.53697224, 42.46444362], [-121.53721878, 42.46452941], [-121.53733972, 42.46461176], [-121.53766997, 42.46493088], [-121.53786534, 42.46509902], [-121.53793976, 42.46519167], [-121.53788395, 42.46525344], [-121.53780952, 42.46525], [-121.53770719, 42.46522942], [-121.53763276, 42.4652054], [-121.53752578, 42.46529118], [-121.53742809, 42.46540785], [-121.53723738, 42.46543873], [-121.5371397, 42.46548677], [-121.53714435, 42.46558285], [-121.53734437, 42.46583334], [-121.53749787, 42.46587794], [-121.53769245, 42.46596378], [-121.53782465, 42.46594325], [-121.53796032, 42.46597661], [-121.53815513, 42.46615112], [-121.5381934, 42.46618191], [-121.53818992, 42.46624094], [-121.53808208, 42.46631536], [-121.53798119, 42.46639234], [-121.53785595, 42.46644623], [-121.53779334, 42.46650526], [-121.53776551, 42.46659251], [-121.53777942, 42.46665666], [-121.53772724, 42.46675161], [-121.53777594, 42.46690045], [-121.53790118, 42.4669954], [-121.53804729, 42.46704673], [-121.53810991, 42.46702106], [-121.53815513, 42.46703389], [-121.53832211, 42.46705186], [-121.53839169, 42.46707752], [-121.53835342, 42.46714681], [-121.53840723, 42.46724929], [-121.53839332, 42.46730318], [-121.53838636, 42.46739556], [-121.53848377, 42.46740839], [-121.5386264, 42.46746742], [-121.53881425, 42.46748281], [-121.53889079, 42.46752387], [-121.53896036, 42.46754184], [-121.5390856, 42.46752131], [-121.5390856, 42.46742379], [-121.53899863, 42.4673699], [-121.53905777, 42.46728265], [-121.53909256, 42.46720053], [-121.53910299, 42.46714408], [-121.5391517, 42.46710045], [-121.53924215, 42.46709532], [-121.53930129, 42.46704143], [-121.53929781, 42.46693108], [-121.5393152, 42.46687719], [-121.53941609, 42.46669499], [-121.5394961, 42.46654359], [-121.53957831, 42.46647241], [-121.53976616, 42.46642108], [-121.53998185, 42.46638259], [-121.54036104, 42.46637489], [-121.54054193, 42.46640569], [-121.54059064, 42.46644675], [-121.54062543, 42.46654426], [-121.54066717, 42.46664178], [-121.54077154, 42.46669567], [-121.54080284, 42.46644931], [-121.54080632, 42.46610544], [-121.54086894, 42.46604385], [-121.54095591, 42.46602332], [-121.54104984, 42.46606695], [-121.54109854, 42.4661234], [-121.54106375, 42.46625685], [-121.5410394, 42.46656992], [-121.54102897, 42.46669054], [-121.5411542, 42.46669054], [-121.54121334, 42.46659302], [-121.54127596, 42.46658276], [-121.54135597, 42.46656736], [-121.54148817, 42.46658789], [-121.54161823, 42.46662184], [-121.54166345, 42.46665777], [-121.54176782, 42.46673989], [-121.54187566, 42.46679891], [-121.54198002, 42.46684254], [-121.54202177, 42.4668759], [-121.54215396, 42.46711969], [-121.5422618, 42.46746355], [-121.54228964, 42.4675816], [-121.54225833, 42.46768938], [-121.54228964, 42.46787927], [-121.54231051, 42.46797679], [-121.54230355, 42.46803581], [-121.54243574, 42.46811023], [-121.54247401, 42.46814359], [-121.54255055, 42.46818465], [-121.54263404, 42.46819491], [-121.54265491, 42.46807943], [-121.54264795, 42.46798705], [-121.54262012, 42.46771247], [-121.54266882, 42.46766372], [-121.54270709, 42.46763292], [-121.54284276, 42.46761239], [-121.54300627, 42.46760983], [-121.54314194, 42.46755337], [-121.54319412, 42.46752514], [-121.54332284, 42.46756364], [-121.5434446, 42.4675893], [-121.54364451, 42.467721], [-121.54373844, 42.46786214], [-121.54377322, 42.46789806], [-121.54386019, 42.46796991], [-121.54391585, 42.46808539], [-121.54397499, 42.46811105], [-121.54404805, 42.46815724], [-121.5440724, 42.468206], [-121.54408632, 42.46825989], [-121.54414893, 42.46827785], [-121.54419416, 42.46831378], [-121.54425678, 42.46839589], [-121.54432635, 42.46836767], [-121.54443072, 42.46821626], [-121.54447246, 42.4681829], [-121.54455247, 42.46819317], [-121.54461857, 42.46815724], [-121.54473337, 42.46818804], [-121.54479947, 42.46813928], [-121.54486905, 42.46813671], [-121.54498037, 42.46805716], [-121.54502211, 42.46799301], [-121.54506734, 42.46797505], [-121.54514735, 42.46794169], [-121.54524476, 42.46784674], [-121.54524476, 42.46770047], [-121.54528998, 42.46758756], [-121.54533868, 42.46748748], [-121.54536651, 42.46745155], [-121.54542913, 42.46749774], [-121.54543957, 42.46742589], [-121.54542913, 42.4673412], [-121.54542913, 42.46727705], [-121.54548827, 42.46721803], [-121.54556828, 42.46722059], [-121.54562742, 42.46727962], [-121.54562047, 42.46738996], [-121.54562394, 42.46749517], [-121.54562742, 42.46762862], [-121.54565873, 42.46775436], [-121.54570048, 42.46775949], [-121.54575614, 42.46778258], [-121.54578397, 42.46783904], [-121.54580484, 42.46790063], [-121.54574918, 42.46794682], [-121.54567961, 42.46798275], [-121.54566917, 42.46805973], [-121.54564482, 42.46816494], [-121.54560307, 42.46827015], [-121.54562047, 42.46834457], [-121.54556481, 42.4683728], [-121.5454674, 42.46839076], [-121.54542217, 42.46844978], [-121.54543261, 42.4685473], [-121.54543261, 42.46865507], [-121.54538739, 42.46877554], [-121.54525519, 42.46884996], [-121.54523084, 42.46889615], [-121.5452204, 42.46899366], [-121.54528998, 42.46900392], [-121.54548131, 42.46907064], [-121.54553697, 42.46910657], [-121.54559264, 42.46918355], [-121.54590414, 42.46926861], [-121.54623314, 42.46946371], [-121.54646537, 42.46965404], [-121.54666535, 42.46987293], [-121.54683952, 42.47012988], [-121.54694919, 42.47025836], [-121.54714917, 42.47025836], [-121.54742011, 42.47024884], [-121.54769104, 42.47022981], [-121.54791037, 42.47019174], [-121.54800069, 42.47012988], [-121.54805875, 42.47022981], [-121.54805229, 42.47032498], [-121.54820067, 42.47041063], [-121.54836839, 42.47052959], [-121.54863933, 42.47087219], [-121.54867158, 42.47106252], [-121.54885866, 42.47130995], [-121.54878888, 42.47171725], [-121.54876953, 42.47191709], [-121.54867922, 42.47209791], [-121.54858891, 42.47223589], [-121.54845344, 42.47240719], [-121.54833087, 42.47254042], [-121.54815669, 42.47269744], [-121.54802122, 42.47283543], [-121.54780189, 42.47310664], [-121.54761482, 42.473316], [-121.54738903, 42.47349681], [-121.54727937, 42.47372044], [-121.54705893, 42.4743391], [-121.54708473, 42.47474353], [-121.54714924, 42.47519554], [-121.5472202, 42.47579505], [-121.5472437, 42.47608434], [-121.54715426, 42.47677703], [-121.54696231, 42.47716347], [-121.54651136, 42.4778424], [-121.54611632, 42.47840863], [-121.54585566, 42.47872222], [-121.54558733, 42.47892562], [-121.54535626, 42.4790658], [-121.54502084, 42.47916475], [-121.54478605, 42.47926645], [-121.54466679, 42.47948634], [-121.544162, 42.48052531], [-121.54406883, 42.48073695], [-121.54382286, 42.48106678], [-121.54365888, 42.4812207], [-121.54345763, 42.48128391], [-121.54349117, 42.4814131], [-121.54343899, 42.48164672], [-121.54348371, 42.48172368], [-121.54363279, 42.48179239], [-121.54390112, 42.48185836], [-121.54415455, 42.48190233], [-121.54432971, 42.48192432], [-121.54452723, 42.48197105], [-121.54488874, 42.48199303], [-121.54518688, 42.4818721], [-121.54529982, 42.48188393], [-121.54555698, 42.48187294], [-121.54566133, 42.48180422], [-121.54585512, 42.48177949], [-121.54598929, 42.48185919], [-121.54616072, 42.48192791], [-121.54625762, 42.48198288], [-121.54628371, 42.48205983], [-121.54629489, 42.48215054], [-121.54651105, 42.48223299], [-121.54682783, 42.4823127], [-121.54696572, 42.48231819], [-121.54733468, 42.48242813], [-121.54754338, 42.4823979], [-121.54762165, 42.48241989], [-121.54781172, 42.48235118], [-121.54795706, 42.48229621], [-121.54810614, 42.48219176], [-121.54821049, 42.48215878], [-121.54838192, 42.4821148], [-121.54857945, 42.4820406], [-121.54854963, 42.48176025], [-121.5483782, 42.48114732], [-121.54843783, 42.48104288], [-121.54828503, 42.48095218], [-121.54820304, 42.48094943], [-121.54810614, 42.48078451], [-121.5480875, 42.48069656], [-121.54800551, 42.48060036], [-121.54798688, 42.48041346], [-121.54792689, 42.48029342], [-121.54799398, 42.48025219], [-121.54812441, 42.48026044], [-121.54831448, 42.48024395], [-121.54841138, 42.48029617], [-121.54851946, 42.48031541], [-121.54857909, 42.48034015], [-121.548594, 42.48045009], [-121.54867599, 42.48048307], [-121.54879152, 42.4805353], [-121.54885115, 42.48059302], [-121.54896296, 42.48060401], [-121.54904867, 42.48062875], [-121.54919685, 42.48062798], [-121.54926394, 42.48065547], [-121.54947637, 42.48067471], [-121.54969998, 42.48065547], [-121.54984533, 42.48063073], [-121.54995713, 42.48056476], [-121.55004285, 42.48052903], [-121.55016583, 42.48045757], [-121.55028882, 42.48041359], [-121.55051988, 42.48034762], [-121.55063893, 42.48030036], [-121.55087372, 42.48025088], [-121.55108615, 42.48019041], [-121.55137685, 42.48006948], [-121.5515371, 42.47999801], [-121.55168245, 42.47994304], [-121.55180916, 42.47987158], [-121.55198805, 42.47979462], [-121.55210358, 42.47976163], [-121.55222284, 42.47976163], [-121.55235328, 42.47974789], [-121.55242409, 42.47960221], [-121.55242409, 42.47952525], [-121.5523831, 42.47945379], [-121.55238607, 42.47940205], [-121.55262459, 42.47939655], [-121.55278484, 42.47930859], [-121.55271776, 42.4791904], [-121.55280721, 42.47901449], [-121.55280721, 42.47894028], [-121.55289665, 42.47884132], [-121.55303082, 42.47875337], [-121.55315008, 42.4786929], [-121.55326188, 42.47857196], [-121.55336996, 42.47836306], [-121.55355074, 42.47823387], [-121.55368863, 42.47815416], [-121.55380789, 42.47818714], [-121.5538228, 42.47808269], [-121.55385261, 42.47797275], [-121.55396069, 42.47750547], [-121.55389734, 42.47736528], [-121.5537259, 42.47715363], [-121.55349914, 42.47704035], [-121.55327553, 42.47661155], [-121.55298483, 42.47632843], [-121.55303701, 42.47623222], [-121.55310782, 42.47612227], [-121.5532718, 42.47611402], [-121.55346187, 42.47608929], [-121.55370411, 42.47603706], [-121.55395009, 42.47601782], [-121.55420724, 42.47592161], [-121.55446812, 42.47580891], [-121.55465819, 42.47574569], [-121.5548408, 42.47569071], [-121.55504205, 42.47572095], [-121.55517249, 42.47577867], [-121.55538119, 42.47571545], [-121.55544828, 42.47556977], [-121.55559735, 42.47537185], [-121.55569425, 42.47522617], [-121.5558836, 42.47507329], [-121.55596186, 42.47495784], [-121.55595441, 42.47484514], [-121.55590304, 42.47471057], [-121.55583969, 42.47457862], [-121.55580242, 42.47445218], [-121.55583223, 42.4743972], [-121.55597013, 42.47436696], [-121.55628318, 42.47446867], [-121.55643598, 42.4745099], [-121.55680867, 42.47438346], [-121.55719626, 42.47424876], [-121.55739378, 42.47408383], [-121.55766584, 42.47383918], [-121.5577718, 42.47356031], [-121.55772335, 42.47308201], [-121.55767118, 42.47270266], [-121.5575343, 42.47215375], [-121.55755463, 42.47215392], [-121.55636776, 42.46881611], [-121.5561871, 42.46811061], [-121.5561871, 42.46731887], [-121.5560277, 42.46516309], [-121.55613908, 42.463671], [-121.5561072, 42.4632163], [-121.55601156, 42.46229907], [-121.55597968, 42.46153861], [-121.55584153, 42.46077031], [-121.55540583, 42.46058999], [-121.55443878, 42.46044887], [-121.5536949, 42.46034695], [-121.55287663, 42.46011959], [-121.55205802, 42.45972735], [-121.55185611, 42.45936671], [-121.55173922, 42.45848861], [-121.55200489, 42.45799468], [-121.55165572, 42.45565637], [-121.55166635, 42.4552565], [-121.55082683, 42.45428426], [-121.55013608, 42.45342962], [-121.54942408, 42.45214371], [-121.54961536, 42.45013639], [-121.54973226, 42.45001877], [-121.55008294, 42.44983842], [-121.55050802, 42.44902293], [-121.55089059, 42.4480898], [-121.55123065, 42.44725076], [-121.5516451, 42.44695277], [-121.55203829, 42.44696062], [-121.552474, 42.44714097], [-121.55283531, 42.44749384], [-121.55327101, 42.44805059], [-121.55377048, 42.44821526], [-121.553898, 42.44832504], [-121.55403615, 42.44870143], [-121.55522636, 42.44944636], [-121.55615345, 42.45018756], [-121.55695047, 42.45069724], [-121.55715238, 42.45137157], [-121.55715238, 42.45220272], [-121.55704611, 42.45288488], [-121.55717363, 42.45323772], [-121.55744993, 42.45408452], [-121.55764122, 42.4552371], [-121.55785375, 42.45542527], [-121.55817256, 42.45551152], [-121.55843823, 42.45551152], [-121.55892707, 42.45524494], [-121.55958594, 42.45486859], [-121.56024481, 42.45439815], [-121.56042546, 42.45461769], [-121.56051048, 42.45530766], [-121.56040421, 42.45619364], [-121.55996192, 42.45722808], [-121.55946246, 42.45867069], [-121.55947309, 42.45914109], [-121.55952622, 42.46063853], [-121.55938807, 42.46186155], [-121.55898425, 42.46477787], [-121.55918616, 42.46560884], [-121.5592566, 42.46662904], [-121.55938412, 42.46722482], [-121.55993672, 42.46819685], [-121.56024926, 42.46925462], [-121.56051493, 42.47029717], [-121.5608975, 42.47098697], [-121.56132258, 42.4717238], [-121.56157762, 42.47214708], [-121.5618858, 42.47205302], [-121.56213022, 42.47179435], [-121.56228963, 42.47173164], [-121.56241715, 42.4719276], [-121.56253405, 42.47206869], [-121.56306539, 42.47211572], [-121.56358611, 42.47188057], [-121.56391554, 42.47171596], [-121.56402181, 42.47154351], [-121.56436187, 42.47130836], [-121.56489322, 42.47090075], [-121.5652217, 42.47067536], [-121.56522211, 42.47066544], [-121.56526847, 42.47062119], [-121.56528096, 42.47044308], [-121.56538504, 42.47032945], [-121.56537255, 42.47016976], [-121.56545581, 42.47014827], [-121.56555157, 42.47026189], [-121.56558487, 42.47016055], [-121.56554324, 42.47007456], [-121.56558487, 42.46998858], [-121.56536838, 42.46977054], [-121.56530594, 42.46967534], [-121.56537255, 42.46963542], [-121.56554741, 42.46957707], [-121.56569728, 42.46965691], [-121.566455, 42.46976132], [-121.56713775, 42.47005], [-121.56744583, 42.47006535], [-121.56766649, 42.47018819], [-121.56789963, 42.4701452], [-121.56831179, 42.47011756], [-121.56851163, 42.46998858], [-121.56880722, 42.46979203], [-121.56888632, 42.46985038], [-121.56914028, 42.47001621], [-121.56930265, 42.47020354], [-121.56939424, 42.47035709], [-121.56948167, 42.47022504], [-121.5696482, 42.4701022], [-121.56984388, 42.47001314], [-121.56988551, 42.46979203], [-121.5698522, 42.46969376], [-121.56991465, 42.46965384], [-121.57003122, 42.46973062], [-121.57013114, 42.46994865], [-121.57019359, 42.4700285], [-121.57030184, 42.47025268], [-121.57030184, 42.470483], [-121.57021441, 42.47071946], [-121.57011865, 42.47100198], [-121.57015196, 42.47128758], [-121.570102, 42.47155168], [-121.57028459, 42.47188435], [-121.57052606, 42.47217915], [-121.57057085, 42.47221895], [-121.57059759, 42.47221896], [-121.57071376, 42.47232179], [-121.57102252, 42.47255333], [-121.57130041, 42.4726748], [-121.57166064, 42.47281144], [-121.5718459, 42.47287597], [-121.57202086, 42.47287597], [-121.57222156, 42.47287597], [-121.57248401, 42.47292152], [-121.57276704, 42.47287976], [-121.57307581, 42.47279246], [-121.57339103, 42.47277638], [-121.57362694, 42.47286991], [-121.57399606, 42.47280943], [-121.57428518, 42.4726015], [-121.57468231, 42.4724095], [-121.57510046, 42.47234912], [-121.57534683, 42.47236939], [-121.57567037, 42.47247328], [-121.57618731, 42.47265993], [-121.57709303, 42.47292228], [-121.57740812, 42.47312895], [-121.57799783, 42.47438588], [-121.57836395, 42.47455215], [-121.57862574, 42.47468554], [-121.57882091, 42.47495517], [-121.57903231, 42.47460872], [-121.57919734, 42.4749166], [-121.58155164, 42.47492729], [-121.58201083, 42.47474698], [-121.58202821, 42.47492716], [-121.58189493, 42.47516514], [-121.5823576, 42.47569887], [-121.58250688, 42.47640597], [-121.58279849, 42.47656615], [-121.58294545, 42.47685525], [-121.58246611, 42.47719847], [-121.5820169, 42.47735499], [-121.58186602, 42.47754708], [-121.58188389, 42.47774806], [-121.58274172, 42.47883973], [-121.58275926, 42.47894854], [-121.58324851, 42.47965469], [-121.5834438, 42.47970822], [-121.58362333, 42.47970429], [-121.58411245, 42.4793885], [-121.58458398, 42.47943676], [-121.58479122, 42.47928453], [-121.58490617, 42.47950148], [-121.58516459, 42.47955137], [-121.58524724, 42.47970961], [-121.58468557, 42.48065981], [-121.58437226, 42.48083338], [-121.58396889, 42.48097041], [-121.58379265, 42.4812345], [-121.5843253, 42.48282145], [-121.58472465, 42.48303233], [-121.58506333, 42.48334389], [-121.58501418, 42.48353718], [-121.58473106, 42.48377418], [-121.58476145, 42.48394562], [-121.58486672, 42.48411705], [-121.58509677, 42.48418636], [-121.58535362, 42.4845225], [-121.58529627, 42.48474683], [-121.58503204, 42.48523748], [-121.58502261, 42.48534306], [-121.58519959, 42.48551062], [-121.58516143, 42.48561472], [-121.58510303, 42.48563517], [-121.58520137, 42.48583473], [-121.58562486, 42.48622663], [-121.5860374, 42.4863075], [-121.58620345, 42.48659235], [-121.58638047, 42.48670352], [-121.58679946, 42.4867011], [-121.58696761, 42.48676597], [-121.58720149, 42.48700048], [-121.58749945, 42.48734429], [-121.58783246, 42.48824196], [-121.5875268, 42.48865756], [-121.58844129, 42.48951307], [-121.58840082, 42.4901454], [-121.58947426, 42.49067852], [-121.59015423, 42.49075444], [-121.59383063, 42.49257779], [-121.59750214, 42.494703], [-121.59766931, 42.49494835], [-121.59780863, 42.49571491], [-121.59833102, 42.49662924], [-121.59883954, 42.49666574], [-121.59943986, 42.49683571], [-121.59998034, 42.4966803], [-121.60004418, 42.49668784], [-121.60016938, 42.4970221], [-121.60046749, 42.49699697], [-121.60067357, 42.49713772], [-121.60103644, 42.4971327], [-121.60105581, 42.49749773], [-121.60117255, 42.49763634], [-121.60127211, 42.4975814], [-121.60137167, 42.49752646], [-121.60150339, 42.49727299], [-121.6018024, 42.49710431], [-121.60219877, 42.4971427], [-121.60160071, 42.49734269], [-121.60168422, 42.49753163], [-121.6016257, 42.49789086], [-121.60186766, 42.49780312], [-121.60196384, 42.49786435], [-121.60215491, 42.49782063], [-121.60229983, 42.49762049], [-121.6023709, 42.49758166], [-121.60237071, 42.49771], [-121.60224909, 42.49788895], [-121.60217134, 42.4982197], [-121.60215302, 42.49842488], [-121.6021319, 42.49870167], [-121.6022962, 42.49878442], [-121.60257935, 42.49895745], [-121.60281465, 42.49920104], [-121.60281793, 42.49939001], [-121.60251915, 42.49977665], [-121.60198769, 42.49996205], [-121.60171856, 42.50020238], [-121.60168022, 42.50046273], [-121.60179604, 42.50051118], [-121.60028945, 42.50164881]]]}, "properties": {"zone_name": "US-OR-KLA-FHZ-1582-A", "level": 2, "fire_name": "Wrights Spring", "county": "Klamath", "addresses": 3, "unmatched_addresses": 0, "unmatched_fraction_pct": 12.8, "geometry_source": "cached", "geometry_cache_age_days": 0, "overlapping_zips": [{"zip": "97624", "fraction_pct": 86.7}, {"zip": "97639", "fraction_pct": 0.5}]}}, {"type": "Feature", "geometry": {"type": "Polygon", "coordinates": [[[-121.58789734, 42.50141896], [-121.58790187, 42.5014158], [-121.58800056, 42.50129578], [-121.58835803, 42.50124606], [-121.58826777, 42.50115843], [-121.58846353, 42.50104069], [-121.58862351, 42.50102611], [-121.58918864, 42.50088649], [-121.58959713, 42.50086235], [-121.59023716, 42.50094866], [-121.59165743, 42.50037564], [-121.59226318, 42.50009819], [-121.59318822, 42.49994748], [-121.59378231, 42.499592], [-121.59458874, 42.49938626], [-121.59551979, 42.49929623], [-121.59613696, 42.49945123], [-121.59690899, 42.49972088], [-121.59894656, 42.50088773], [-121.59988309, 42.50136657], [-121.60239577, 42.50311178], [-121.6028689, 42.50341361], [-121.6030358, 42.50380805], [-121.60320245, 42.50365862], [-121.6044056, 42.50418648], [-121.60537619, 42.50421339], [-121.60690681, 42.50463933], [-121.6076006, 42.50521569], [-121.60855127, 42.5055134], [-121.60901391, 42.50621086], [-121.60999789, 42.50679092], [-121.61012783, 42.50733102], [-121.61095706, 42.50823133], [-121.61197997, 42.5085972], [-121.61237383, 42.50908453], [-121.61251754, 42.50989357], [-121.61216094, 42.51055112], [-121.61206711, 42.51108203], [-121.6122345, 42.51152679], [-121.61178562, 42.51267474], [-121.61091536, 42.51308562], [-121.61064411, 42.51359232], [-121.61074592, 42.51463879], [-121.61039308, 42.51510439], [-121.60990458, 42.51588198], [-121.58789734, 42.50141896]]]}, "properties": {"zone_name": "US-OR-KLA-KLA-1165-B", "level": 2, "fire_name": "Wrights Spring", "county": "Klamath", "addresses": 1, "unmatched_addresses": 0, "unmatched_fraction_pct": 0, "geometry_source": "cached", "geometry_cache_age_days": 0, "overlapping_zips": [{"zip": "97624", "fraction_pct": 100.0}]}}, {"type": "Feature", "geometry": {"type": "Polygon", "coordinates": [[[-121.54055559, 42.23487307], [-121.5406087, 42.2348728], [-121.54150162, 42.23486786], [-121.54273968, 42.23486101], [-121.54283135, 42.2348605], [-121.54342761, 42.2348572], [-121.54500059, 42.2348485], [-121.545054, 42.2348482], [-121.55067949, 42.23481995], [-121.5567233, 42.2347896], [-121.5569571, 42.2347861], [-121.55880899, 42.23478273], [-121.5599835, 42.2347806], [-121.56071507, 42.23478292], [-121.5612311, 42.23478455], [-121.5624787, 42.2347885], [-121.56370685, 42.2347594], [-121.564935, 42.2347303], [-121.5664782, 42.2346785], [-121.5698126, 42.2345836], [-121.57383136, 42.23445611], [-121.5793874, 42.23427984], [-121.5795045, 42.23427613], [-121.57967466, 42.2342707], [-121.5798531, 42.234265], [-121.58536344, 42.2340902], [-121.591293, 42.2339021], [-121.5918785, 42.2338843], [-121.5922619, 42.2338434], [-121.5924205, 42.2338212], [-121.5925791, 42.233799], [-121.59274955, 42.23376215], [-121.59292, 42.2337253], [-121.5934339, 42.2335778], [-121.59424822, 42.23329086], [-121.5950626, 42.2330039], [-121.59561428, 42.23280357], [-121.5961256, 42.2326179], [-121.5965937, 42.2323772], [-121.5970159, 42.2321241], [-121.5973553, 42.2318505], [-121.5975489, 42.2316481], [-121.59764515, 42.231527], [-121.5977414, 42.2314059], [-121.5979448, 42.231081], [-121.59794735, 42.23107548], [-121.5979537, 42.2310824], [-121.598387, 42.2310725], [-121.5989651, 42.2321271], [-121.5992464, 42.2325907], [-121.604347, 42.240974], [-121.60455, 42.241312], [-121.604949, 42.241968], [-121.609436, 42.24935], [-121.60978313, 42.24969959], [-121.610478, 42.250018], [-121.617955, 42.25020547], [-121.6203479, 42.2511474], [-121.6288875, 42.2549632], [-121.6311437, 42.2559893], [-121.63791806, 42.25905794], [-121.6391237, 42.2592234], [-121.639806, 42.259279], [-121.64417681, 42.25967598], [-121.644992, 42.26001], [-121.645454, 42.260437], [-121.645867, 42.260873], [-121.656144, 42.27176], [-121.659861, 42.275937], [-121.668592, 42.282685], [-121.66894179, 42.28308052], [-121.668959, 42.283103], [-121.669229, 42.283984], [-121.669155, 42.289741], [-121.669082, 42.295752], [-121.668925, 42.326381], [-121.66892791, 42.32734071], [-121.66889, 42.330011], [-121.66889371, 42.33035256], [-121.668878, 42.335487], [-121.668927, 42.34094], [-121.66921748, 42.34094487], [-121.67885, 42.340955], [-121.6784114, 42.3517694], [-121.678312, 42.354781], [-121.677755, 42.356341], [-121.676819, 42.357739], [-121.676913, 42.35874], [-121.676728, 42.359274], [-121.676226, 42.360013], [-121.676464, 42.360612], [-121.6762459, 42.3622004], [-121.6766568, 42.3637196], [-121.676808, 42.365346], [-121.677527, 42.367031], [-121.677399, 42.367856], [-121.677057, 42.367495], [-121.67628, 42.367399], [-121.674857, 42.367675], [-121.672989, 42.368263], [-121.668271, 42.368344], [-121.667209, 42.368143], [-121.665809, 42.366467], [-121.664215, 42.365217], [-121.660307, 42.364133], [-121.653744, 42.362867], [-121.651962, 42.363233], [-121.649534, 42.363196], [-121.649031, 42.363015], [-121.647235, 42.361869], [-121.645801, 42.361505], [-121.645622, 42.361025], [-121.645073, 42.360901], [-121.644614, 42.360766], [-121.641868, 42.360016], [-121.640573, 42.359906], [-121.638973, 42.358408], [-121.637661, 42.358188], [-121.63736, 42.357978], [-121.636395, 42.357868], [-121.632759, 42.355548], [-121.632355, 42.355413], [-121.631775, 42.35545], [-121.63123, 42.35503], [-121.630591, 42.35443], [-121.630422, 42.352745], [-121.629956, 42.35224], [-121.62967, 42.351062], [-121.628242, 42.351128], [-121.626542, 42.350861], [-121.619467, 42.346547], [-121.61837, 42.345708], [-121.617753, 42.345005], [-121.617323, 42.344588], [-121.613942, 42.344571], [-121.611772, 42.342658], [-121.611281, 42.341997], [-121.611441, 42.341538], [-121.611244, 42.341226], [-121.609836, 42.340333], [-121.608402, 42.340022], [-121.606647, 42.338272], [-121.60574693, 42.33776899], [-121.604762, 42.336472], [-121.604454, 42.3356], [-121.602858, 42.333492], [-121.602813, 42.333127], [-121.602494, 42.332652], [-121.600488, 42.331177], [-121.60018, 42.330605], [-121.599641, 42.330095], [-121.598315, 42.329293], [-121.597728, 42.328302], [-121.596872, 42.327263], [-121.591657, 42.322466], [-121.591452, 42.322133], [-121.591214, 42.32109], [-121.590821, 42.320432], [-121.590238, 42.320054], [-121.589729, 42.319441], [-121.589344, 42.318733], [-121.588405, 42.317677], [-121.586348, 42.314617], [-121.584964, 42.313603], [-121.584047, 42.312538], [-121.582873, 42.310723], [-121.582016, 42.310052], [-121.580939, 42.308241], [-121.580266, 42.307649], [-121.579244, 42.306402], [-121.578873, 42.305519], [-121.57705, 42.302988], [-121.575379, 42.301498], [-121.57463, 42.30024], [-121.573678, 42.299178], [-121.57237, 42.298174], [-121.571074, 42.296758], [-121.566824, 42.291644], [-121.56549383, 42.28981373], [-121.5652909, 42.2895079], [-121.564254, 42.288791], [-121.563161, 42.287776], [-121.562599, 42.28687], [-121.56125, 42.28608], [-121.560479, 42.284942], [-121.560312, 42.28457], [-121.560443, 42.282589], [-121.560231, 42.281035], [-121.559263, 42.2801215], [-121.5575388, 42.2788404], [-121.5571157, 42.2781714], [-121.55628065, 42.27735272], [-121.5554904, 42.2765026], [-121.5552374, 42.2760311], [-121.555204, 42.2737573], [-121.5554557, 42.2732306], [-121.5567426, 42.2719143], [-121.5578047, 42.2695212], [-121.5579477, 42.2688623], [-121.5579074, 42.2674345], [-121.557173, 42.266194], [-121.555687, 42.264663], [-121.555568, 42.26421], [-121.555872, 42.262173], [-121.555182, 42.26048], [-121.55497, 42.258989], [-121.555127, 42.254641], [-121.551604, 42.254761], [-121.550305, 42.254725], [-121.550128, 42.254579], [-121.548816, 42.251896], [-121.547808, 42.250582], [-121.546208, 42.2491], [-121.545882, 42.248552], [-121.545765, 42.248159], [-121.546545, 42.24767], [-121.546749, 42.247322], [-121.546238, 42.245964], [-121.546807, 42.245781], [-121.547188, 42.245611], [-121.547226, 42.245412], [-121.546358, 42.243696], [-121.545569, 42.243273], [-121.54459, 42.243301], [-121.543655, 42.242564], [-121.543039, 42.241772], [-121.541169, 42.2366], [-121.540531, 42.235732], [-121.540572, 42.234898], [-121.54055559, 42.23487307]]]}, "properties": {"zone_name": "US-OR-KLA-KLA-1941", "level": 2, "fire_name": "Wrights Spring", "county": "Klamath", "addresses": 19, "unmatched_addresses": 0, "unmatched_fraction_pct": 0, "geometry_source": "cached", "geometry_cache_age_days": 0, "overlapping_zips": [{"zip": "97603", "fraction_pct": 76.8}, {"zip": "97625", "fraction_pct": 23.2}]}}, {"type": "Feature", "geometry": {"type": "Polygon", "coordinates": [[[-121.55504346, 42.31690606], [-121.554742, 42.316645], [-121.55447, 42.316049], [-121.55324, 42.316069], [-121.55255, 42.31592], [-121.551733, 42.315117], [-121.55164317, 42.3143415], [-121.5516309, 42.314287], [-121.551014, 42.313023], [-121.550622, 42.31274], [-121.550186, 42.312599], [-121.549118, 42.312846], [-121.548133, 42.313559], [-121.54521, 42.315026], [-121.54441, 42.315283], [-121.543509, 42.316731], [-121.54237, 42.317292], [-121.5409171, 42.3174275], [-121.540726, 42.317468], [-121.539628, 42.316533], [-121.535945, 42.313958], [-121.53562, 42.313397], [-121.534735, 42.313117], [-121.534276, 42.312611], [-121.533766, 42.312419], [-121.533359, 42.312176], [-121.531031, 42.312087], [-121.530305, 42.312409], [-121.529806, 42.312422], [-121.52877626, 42.31210219], [-121.526287, 42.31156], [-121.522894, 42.309805], [-121.522424, 42.309416], [-121.520274, 42.306208], [-121.519699, 42.304952], [-121.51847, 42.303276], [-121.518658, 42.300656], [-121.518425, 42.300033], [-121.517457, 42.298778], [-121.51720753, 42.29839594], [-121.516881, 42.297699], [-121.5168, 42.293692], [-121.516123, 42.293016], [-121.51542675, 42.29298904], [-121.513137, 42.293029], [-121.51093, 42.293588], [-121.509206, 42.29289], [-121.508506, 42.292817], [-121.507227, 42.293411], [-121.506779, 42.293453], [-121.506259, 42.293618], [-121.50582841, 42.29367815], [-121.5041328, 42.2936523], [-121.501105, 42.29356], [-121.496435, 42.293384], [-121.486872, 42.293169], [-121.485971, 42.293179], [-121.486648, 42.292558], [-121.486839, 42.291928], [-121.4868437, 42.2853523], [-121.4868131, 42.2784778], [-121.4868085, 42.2692487], [-121.48680815, 42.26923514], [-121.4868199, 42.2692264], [-121.4877389, 42.26854796], [-121.4886579, 42.2678695], [-121.48949239, 42.26722031], [-121.4903269, 42.2665711], [-121.49091325, 42.26606885], [-121.49100593, 42.26598946], [-121.4914996, 42.2655666], [-121.49157709, 42.26549286], [-121.49214829, 42.26494926], [-121.49270826, 42.26441636], [-121.492797, 42.2643319], [-121.49313878, 42.26397539], [-121.49323185, 42.2638783], [-121.4936667, 42.2634247], [-121.4940831, 42.2629617], [-121.49410553, 42.26293676], [-121.4944995, 42.2624987], [-121.49531866, 42.26154815], [-121.4961379, 42.2605975], [-121.49661442, 42.26004931], [-121.49777432, 42.25871495], [-121.49918359, 42.25709367], [-121.49928869, 42.25697277], [-121.4994107, 42.2568324], [-121.49956536, 42.25665431], [-121.50106432, 42.2549283], [-121.50271591, 42.25302649], [-121.50366677, 42.25193344], [-121.50437, 42.25112503], [-121.5060241, 42.2492235], [-121.50663442, 42.24850593], [-121.5076401, 42.2473235], [-121.50906795, 42.24567467], [-121.51048115, 42.24404272], [-121.51207026, 42.2422106], [-121.51216049, 42.24210657], [-121.51226169, 42.24198989], [-121.5140276, 42.2399539], [-121.51466745, 42.23921626], [-121.5153073, 42.2384786], [-121.51556455, 42.2382008], [-121.5158218, 42.237923], [-121.516172, 42.2376133], [-121.5165222, 42.2373036], [-121.51691625, 42.2370118], [-121.5173103, 42.23672], [-121.5175609, 42.2365701], [-121.5178115, 42.2364202], [-121.5180698, 42.23627795], [-121.5183281, 42.2361357], [-121.5187893, 42.2359314], [-121.5192505, 42.2357271], [-121.51972865, 42.23553], [-121.5202068, 42.2353329], [-121.5212561, 42.234895], [-121.5264284, 42.2327642], [-121.5271854, 42.2324915], [-121.52748755, 42.2324026], [-121.5277897, 42.2323137], [-121.5283227, 42.2322023], [-121.5288398, 42.2321451], [-121.5293593, 42.2321213], [-121.5298882, 42.2321278], [-121.530374, 42.2321769], [-121.5308435, 42.232254], [-121.5312838, 42.2323596], [-121.5314767, 42.2324204], [-121.5316696, 42.2324812], [-121.53205979, 42.23263614], [-121.5322395, 42.2327075], [-121.53238217, 42.23277584], [-121.53242483, 42.23279627], [-121.5326299, 42.2328945], [-121.53311988, 42.23318328], [-121.53357162, 42.23344953], [-121.5344067, 42.2339417], [-121.53471715, 42.234101], [-121.5350276, 42.2342603], [-121.5353402, 42.2343876], [-121.5356528, 42.2345149], [-121.5359719, 42.23460235], [-121.536291, 42.2346898], [-121.5366221, 42.23475065], [-121.5369532, 42.2348115], [-121.53730025, 42.2348397], [-121.5376473, 42.2348679], [-121.53821875, 42.2348749], [-121.5387902, 42.2348819], [-121.54055559, 42.23487307], [-121.540572, 42.234898], [-121.540531, 42.235732], [-121.541169, 42.2366], [-121.543039, 42.241772], [-121.543655, 42.242564], [-121.54459, 42.243301], [-121.545569, 42.243273], [-121.546358, 42.243696], [-121.547226, 42.245412], [-121.547188, 42.245611], [-121.546807, 42.245781], [-121.546238, 42.245964], [-121.546749, 42.247322], [-121.546545, 42.24767], [-121.545765, 42.248159], [-121.545882, 42.248552], [-121.546208, 42.2491], [-121.547808, 42.250582], [-121.548816, 42.251896], [-121.550128, 42.254579], [-121.550305, 42.254725], [-121.551604, 42.254761], [-121.555127, 42.254641], [-121.55497, 42.258989], [-121.555182, 42.26048], [-121.555872, 42.262173], [-121.555568, 42.26421], [-121.555687, 42.264663], [-121.557173, 42.266194], [-121.5579074, 42.2674345], [-121.5579477, 42.2688623], [-121.5578047, 42.2695212], [-121.5567426, 42.2719143], [-121.5554557, 42.2732306], [-121.555204, 42.2737573], [-121.5552374, 42.2760311], [-121.5554904, 42.2765026], [-121.55628065, 42.27735272], [-121.5571157, 42.2781714], [-121.5575388, 42.2788404], [-121.559263, 42.2801215], [-121.560231, 42.281035], [-121.560443, 42.282589], [-121.560312, 42.28457], [-121.560479, 42.284942], [-121.56125, 42.28608], [-121.562599, 42.28687], [-121.563161, 42.287776], [-121.564254, 42.288791], [-121.5652909, 42.2895079], [-121.56549383, 42.28981373], [-121.566824, 42.291644], [-121.571074, 42.296758], [-121.57237, 42.298174], [-121.573678, 42.299178], [-121.57463, 42.30024], [-121.575379, 42.301498], [-121.57705, 42.302988], [-121.57793075, 42.30421081], [-121.55504346, 42.31690606]]]}, "properties": {"zone_name": "US-OR-KLA-KLA-1707", "level": 2, "fire_name": "Wrights Spring", "county": "Klamath", "addresses": 36, "unmatched_addresses": 0, "unmatched_fraction_pct": 0, "geometry_source": "cached", "geometry_cache_age_days": 0, "overlapping_zips": [{"zip": "97625", "fraction_pct": 83.8}, {"zip": "97623", "fraction_pct": 16.2}]}}, {"type": "Feature", "geometry": {"type": "Polygon", "coordinates": [[[-121.5059445, 42.4609884], [-121.5061068, 42.4599279], [-121.5062711, 42.4588786], [-121.5063942, 42.4581763], [-121.5064105, 42.4578105], [-121.5063741, 42.4574412], [-121.5062793, 42.4571723], [-121.5061481, 42.4569607], [-121.5059979, 42.4567632], [-121.50599222, 42.45675795], [-121.505739, 42.4565238], [-121.50642219, 42.45601528], [-121.50642708, 42.45572676], [-121.50642708, 42.45215966], [-121.50642708, 42.4507757], [-121.50640472, 42.45057454], [-121.50639968, 42.45058117], [-121.50640033, 42.45057157], [-121.5068717, 42.4498728], [-121.5070599, 42.4495782], [-121.5119555, 42.4419357], [-121.5120247, 42.4418281], [-121.51205206, 42.44178536], [-121.54137985, 42.44986931], [-121.53676012, 42.46445955], [-121.5367059, 42.46439156], [-121.53662682, 42.4643092], [-121.53649193, 42.46415136], [-121.53637564, 42.46407243], [-121.53622679, 42.46400381], [-121.53601282, 42.4639592], [-121.5356593, 42.4639592], [-121.53544998, 42.46393861], [-121.5353523, 42.46392145], [-121.53526392, 42.46390086], [-121.53514298, 42.46398665], [-121.53493831, 42.46411361], [-121.53485924, 42.46418567], [-121.5347569, 42.46431264], [-121.53469643, 42.46439842], [-121.53465922, 42.46445676], [-121.53458479, 42.46453568], [-121.53464061, 42.46458029], [-121.53471039, 42.46463519], [-121.53457084, 42.46468323], [-121.53447781, 42.46470382], [-121.5342964, 42.46470039], [-121.53412894, 42.46472098], [-121.53390102, 42.46475872], [-121.53367774, 42.46481019], [-121.53353355, 42.4649097], [-121.53342191, 42.46483764], [-121.53339865, 42.464745], [-121.5333847, 42.46468323], [-121.53330562, 42.46460774], [-121.53319863, 42.46453225], [-121.53298466, 42.46445676], [-121.53287768, 42.46440528], [-121.53297071, 42.46432979], [-121.53306839, 42.46424058], [-121.53327306, 42.46409989], [-121.53347773, 42.46402439], [-121.53359867, 42.46404155], [-121.53375217, 42.46405528], [-121.53388241, 42.46407243], [-121.53404521, 42.46402439], [-121.53420337, 42.46392145], [-121.53434757, 42.46390773], [-121.53457084, 42.46383223], [-121.53465457, 42.46377733], [-121.5346127, 42.46348909], [-121.53447316, 42.46337928], [-121.53441269, 42.46334496], [-121.53418011, 42.46332437], [-121.53395684, 42.4632077], [-121.53363123, 42.46314251], [-121.53354285, 42.46313907], [-121.53353355, 42.46305672], [-121.53351494, 42.4629675], [-121.5334033, 42.46293662], [-121.53327306, 42.46298809], [-121.53318933, 42.46306701], [-121.53317072, 42.46313564], [-121.53311491, 42.46307731], [-121.53297071, 42.46296407], [-121.53303118, 42.46286455], [-121.53293815, 42.46283024], [-121.53278465, 42.46275131], [-121.53268696, 42.46271014], [-121.53261719, 42.4627719], [-121.53249625, 42.462717], [-121.53243113, 42.46274102], [-121.53240787, 42.46285426], [-121.53232414, 42.46294005], [-121.53222646, 42.46285426], [-121.5322032, 42.462717], [-121.53207761, 42.46260376], [-121.53190085, 42.46268268], [-121.53178456, 42.46274445], [-121.53182643, 42.46285083], [-121.53198923, 42.46286799], [-121.53217529, 42.46319741], [-121.53207761, 42.46332437], [-121.53217529, 42.46339987], [-121.53239857, 42.46342046], [-121.5323381, 42.4635234], [-121.53223576, 42.46354742], [-121.5321846, 42.4635886], [-121.53206831, 42.4638391], [-121.53202179, 42.4639489], [-121.53184503, 42.46397979], [-121.53162641, 42.46397292], [-121.53138918, 42.4641342], [-121.53119382, 42.46420626], [-121.5311473, 42.46434009], [-121.53117521, 42.4645048], [-121.53125894, 42.46466264], [-121.53096124, 42.46475529], [-121.53086356, 42.4646798], [-121.530831, 42.46423028], [-121.53077518, 42.4640793], [-121.53071471, 42.46403126], [-121.53071006, 42.46390429], [-121.530831, 42.46385968], [-121.53074262, 42.46367782], [-121.53064494, 42.46367782], [-121.53042166, 42.46291603], [-121.53029607, 42.46292289], [-121.53020769, 42.4630327], [-121.53023095, 42.46312878], [-121.53007745, 42.46310819], [-121.53009605, 42.46302927], [-121.53001698, 42.46294691], [-121.52996116, 42.46297779], [-121.52992395, 42.46287142], [-121.53011001, 42.46247336], [-121.53005884, 42.4624013], [-121.52994873, 42.46241635], [-121.52983709, 42.46258107], [-121.52979058, 42.46246782], [-121.5297115, 42.4624541], [-121.5295487, 42.46255704], [-121.52944171, 42.46248498], [-121.52928356, 42.46259822], [-121.52914401, 42.46273548], [-121.52873933, 42.46290706], [-121.52832999, 42.46294481], [-121.52821835, 42.46291735], [-121.52818114, 42.46299628], [-121.52799973, 42.46309579], [-121.52784623, 42.46304432], [-121.52778576, 42.46309922], [-121.52782297, 42.46315413], [-121.52753923, 42.46325707], [-121.52747876, 42.46315413], [-121.52752062, 42.46308207], [-121.52743689, 42.46286931], [-121.52746946, 42.46281098], [-121.52746946, 42.46276294], [-121.52726944, 42.4625845], [-121.52734852, 42.4624423], [-121.52732526, 42.46230504], [-121.52741829, 42.46220209], [-121.52740433, 42.46212316], [-121.52730665, 42.46210601], [-121.52728805, 42.46198933], [-121.52727874, 42.46183148], [-121.52728339, 42.4616702], [-121.527302, 42.4613991], [-121.5271392, 42.46124468], [-121.52706477, 42.46110398], [-121.52692057, 42.4610834], [-121.52671591, 42.46111085], [-121.52650193, 42.46117262], [-121.52616237, 42.46129615], [-121.52599492, 42.46133047], [-121.52581351, 42.4614643], [-121.52572513, 42.46156725], [-121.52556232, 42.46171824], [-121.52532509, 42.46195502], [-121.52512508, 42.46208199], [-121.52494367, 42.46219866], [-121.52480877, 42.46219866], [-121.52462736, 42.46228445], [-121.52453898, 42.46225013], [-121.52441339, 42.46223297], [-121.52407848, 42.46232906], [-121.52370171, 42.46246289], [-121.52352029, 42.46256583], [-121.5233761, 42.46263103], [-121.52325516, 42.46274427], [-121.52320399, 42.46262417], [-121.52302258, 42.46254868], [-121.52273884, 42.46251779], [-121.52238997, 42.46252809], [-121.52219926, 42.46254868], [-121.52188295, 42.46264476], [-121.52168294, 42.46271682], [-121.52159921, 42.46279918], [-121.52153874, 42.46287467], [-121.52149687, 42.46299477], [-121.52145501, 42.46310115], [-121.52140384, 42.46323498], [-121.52134337, 42.46332077], [-121.52122708, 42.4634443], [-121.52107358, 42.46360215], [-121.52094799, 42.46373254], [-121.52085961, 42.46384921], [-121.52075263, 42.46384921], [-121.52042702, 42.46398647], [-121.52018049, 42.46409971], [-121.52013397, 42.46420952], [-121.51999443, 42.4643502], [-121.51981301, 42.46459727], [-121.51972929, 42.46481345], [-121.51953577, 42.46531924], [-121.51951252, 42.46543248], [-121.5194753, 42.46555944], [-121.51936832, 42.46570356], [-121.51917295, 42.46577562], [-121.51887991, 42.46585797], [-121.5185543, 42.46580307], [-121.51847057, 42.46583052], [-121.51839614, 42.46581679], [-121.51802402, 42.46574816], [-121.517824, 42.46565552], [-121.51765655, 42.46553199], [-121.51742397, 42.46535699], [-121.51708049, 42.46519372], [-121.51686186, 42.46492264], [-121.5165097, 42.46476447], [-121.51639806, 42.46466839], [-121.51629108, 42.46467525], [-121.5161934, 42.46462035], [-121.51613758, 42.46448309], [-121.51615153, 42.46443162], [-121.51607711, 42.46439044], [-121.51597012, 42.4644179], [-121.51584453, 42.46433554], [-121.51578871, 42.46429093], [-121.51566312, 42.46429093], [-121.51548171, 42.4642875], [-121.51518866, 42.4642223], [-121.51503051, 42.46415368], [-121.51491887, 42.46418799], [-121.51454675, 42.46410563], [-121.51407229, 42.46408505], [-121.5137932, 42.46406103], [-121.51351411, 42.46405073], [-121.51331641, 42.46407818], [-121.51310244, 42.46412966], [-121.51276753, 42.46419828], [-121.51262965, 42.46417065], [-121.51253662, 42.46417751], [-121.51246685, 42.46422898], [-121.5121831, 42.46412604], [-121.51229009, 42.46400594], [-121.51226218, 42.46395104], [-121.5121924, 42.46396133], [-121.51208077, 42.46404025], [-121.51198308, 42.4640128], [-121.51174868, 42.46390905], [-121.51150215, 42.46381983], [-121.51141377, 42.46375807], [-121.5113626, 42.46364483], [-121.51132074, 42.46358306], [-121.5111998, 42.46358649], [-121.5110556, 42.46361051], [-121.51094396, 42.46366542], [-121.51063696, 42.46352816], [-121.51054778, 42.46345908], [-121.51031055, 42.46333555], [-121.5100082, 42.46325319], [-121.50916055, 42.4630642], [-121.50836513, 42.46289605], [-121.50771032, 42.46276275], [-121.50677536, 42.46256372], [-121.50662186, 42.46242646], [-121.50640324, 42.46216909], [-121.50634742, 42.46200781], [-121.50611019, 42.46187054], [-121.50603577, 42.4617676], [-121.50605437, 42.4614313], [-121.50610089, 42.46103667], [-121.50594001, 42.46103115], [-121.5059445, 42.4609884]]]}, "properties": {"zone_name": "US-OR-KLA-KLA-1381-A", "level": 2, "fire_name": "Wrights Spring", "county": "Klamath", "addresses": 14, "unmatched_addresses": 2, "unmatched_fraction_pct": 16.7, "geometry_source": "cached", "geometry_cache_age_days": 0, "overlapping_zips": [{"zip": "97624", "fraction_pct": 63.6}, {"zip": "97639", "fraction_pct": 19.7}]}}, {"type": "Feature", "geometry": {"type": "Polygon", "coordinates": [[[-121.44170326, 42.30031211], [-121.4418147, 42.3002466], [-121.4437164, 42.299161], [-121.44771951, 42.29683581], [-121.4497651, 42.2956476], [-121.4527007, 42.2938861], [-121.4541867, 42.2930109], [-121.4552662, 42.2923925], [-121.456276, 42.2917827], [-121.4572384, 42.2911816], [-121.4575947, 42.2909552], [-121.4579392, 42.2907184], [-121.458416, 42.2903581], [-121.4591034, 42.2898305], [-121.462477, 42.2872977], [-121.4642427, 42.2859749], [-121.46707695, 42.28387839], [-121.46733653, 42.28368638], [-121.46912841, 42.28235765], [-121.46926229, 42.28225838], [-121.46935563, 42.28218917], [-121.4694289, 42.28213483], [-121.47060443, 42.28126313], [-121.47141936, 42.28065883], [-121.47318337, 42.27935069], [-121.47425111, 42.2785589], [-121.4755002, 42.2776326], [-121.4765064, 42.27688581], [-121.47685942, 42.2766238], [-121.47979978, 42.27444144], [-121.48390895, 42.27139146], [-121.48393852, 42.27136967], [-121.4839739, 42.2713436], [-121.48436153, 42.27105524], [-121.48618546, 42.26969838], [-121.48680815, 42.26923514], [-121.4868085, 42.2692487], [-121.4868131, 42.2784778], [-121.4868437, 42.2853523], [-121.486839, 42.291928], [-121.486648, 42.292558], [-121.485971, 42.293179], [-121.480127, 42.297766], [-121.479568, 42.298279], [-121.4773637, 42.3005378], [-121.4770683, 42.301364], [-121.4770433, 42.303812], [-121.473932, 42.303814], [-121.472194, 42.304011], [-121.470234, 42.30415], [-121.466375, 42.304149], [-121.462408, 42.304131], [-121.462445, 42.300461], [-121.46209439, 42.30045445], [-121.4513245, 42.3003247], [-121.44170326, 42.30031211]]]}, "properties": {"zone_name": "US-OR-KLA-KLA-1956", "level": 2, "fire_name": "Wrights Spring", "county": "Klamath", "addresses": 7, "unmatched_addresses": 0, "unmatched_fraction_pct": 0, "geometry_source": "cached", "geometry_cache_age_days": 0, "overlapping_zips": [{"zip": "97623", "fraction_pct": 100.0}, {"zip": "97625", "fraction_pct": 0.0}]}}, {"type": "Feature", "geometry": {"type": "Polygon", "coordinates": [[[-121.54503284, 42.38381725], [-121.54501545, 42.38378725], [-121.48697719, 42.38373294], [-121.48726469, 42.36907851], [-121.47392171, 42.36916422], [-121.43713568, 42.32282566], [-121.438237, 42.322543], [-121.43934, 42.322306], [-121.447518, 42.322214], [-121.447901, 42.322575], [-121.448932, 42.323267], [-121.449147, 42.323618], [-121.449956, 42.323848], [-121.449366, 42.3247], [-121.449396, 42.325022], [-121.450054, 42.32525], [-121.451673, 42.325269], [-121.45245832, 42.32555802], [-121.452645, 42.325845], [-121.452132, 42.327706], [-121.45223256, 42.32770698], [-121.457284, 42.327669], [-121.457474, 42.326293], [-121.457877, 42.325922], [-121.45837053, 42.3258267], [-121.459869, 42.325824], [-121.462552, 42.325819], [-121.467294, 42.325833], [-121.4772297, 42.32576], [-121.4776703, 42.3266171], [-121.4785583, 42.327392], [-121.4807607, 42.328862], [-121.482188, 42.330019], [-121.4914655, 42.3425621], [-121.5047935, 42.3605995], [-121.505911, 42.361992], [-121.5069948, 42.3626721], [-121.5101688, 42.3644699], [-121.5153628, 42.3674924], [-121.5159778, 42.368258], [-121.5164802, 42.3697819], [-121.5166784, 42.3714053], [-121.5172611, 42.3733272], [-121.5190083, 42.375253], [-121.5198551, 42.376458], [-121.5212186, 42.377482], [-121.5217929, 42.3777383], [-121.52804, 42.379258], [-121.5371241, 42.3791649], [-121.541141, 42.3798611], [-121.5427804, 42.380581], [-121.5436614, 42.3814509], [-121.54504857, 42.38377859], [-121.54503284, 42.38381725]]]}, "properties": {"zone_name": "US-OR-KLA-KLA-1716", "level": 2, "fire_name": "Wrights Spring", "county": "Klamath", "addresses": 14, "unmatched_addresses": 0, "unmatched_fraction_pct": 0, "geometry_source": "cached", "geometry_cache_age_days": 0, "overlapping_zips": [{"zip": "97623", "fraction_pct": 100.0}]}}, {"type": "Feature", "geometry": {"type": "Polygon", "coordinates": [[[-121.5181338, 42.432285], [-121.5171126, 42.433912], [-121.5136668, 42.439263], [-121.5120247, 42.4418281], [-121.5119555, 42.4419357], [-121.5070599, 42.4495782], [-121.5068717, 42.4498728], [-121.50640033, 42.45057157], [-121.50639968, 42.45058117], [-121.5063415, 42.4506577], [-121.5060831, 42.4508806], [-121.5059931, 42.45093349], [-121.50595439, 42.4508488], [-121.50228983, 42.45090728], [-121.50230932, 42.44823683], [-121.49934648, 42.44813936], [-121.49928801, 42.44847073], [-121.49663705, 42.4485487], [-121.49661929, 42.45226145], [-121.4941469, 42.45225169], [-121.49310852, 42.4522476], [-121.4914154, 42.4522413], [-121.48976308, 42.45223516], [-121.48975093, 42.45226493], [-121.48672305, 42.45223779], [-121.486694, 42.452237], [-121.48561813, 42.45221782], [-121.48457836, 42.45211075], [-121.481238, 42.45149], [-121.4791541, 42.4511146], [-121.477068, 42.450692], [-121.47701835, 42.45068161], [-121.47520127, 42.45031743], [-121.4696401, 42.450176], [-121.46770282, 42.45010181], [-121.46738037, 42.45006078], [-121.46738058, 42.45005166], [-121.4672905, 42.4500395], [-121.46703604, 42.44999269], [-121.46700442, 42.4498917], [-121.46652155, 42.44932425], [-121.466335, 42.448772], [-121.46633972, 42.44797814], [-121.46630689, 42.44620006], [-121.46638544, 42.44395017], [-121.466784, 42.443395], [-121.46763994, 42.44262383], [-121.467974, 42.442246], [-121.46803999, 42.44162172], [-121.46783914, 42.4400316], [-121.467589, 42.439583], [-121.467779, 42.439255], [-121.46785694, 42.43863067], [-121.468038, 42.437919], [-121.468043, 42.436543], [-121.46770854, 42.43529798], [-121.467376, 42.434353], [-121.466803, 42.433804], [-121.4665106, 42.43214489], [-121.466571, 42.431481], [-121.467352, 42.430815], [-121.46775405, 42.43072483], [-121.468212, 42.430673], [-121.468841, 42.430124], [-121.4696805, 42.4297221], [-121.46987163, 42.42965497], [-121.470415, 42.429437], [-121.47105309, 42.4288243], [-121.47152456, 42.42828087], [-121.50193355, 42.42852735], [-121.50191753, 42.42131009], [-121.50688125, 42.42135737], [-121.50683321, 42.4249624], [-121.51171251, 42.42496914], [-121.51169649, 42.42137593], [-121.51904599, 42.42139957], [-121.51901899, 42.42494671], [-121.51821487, 42.42688323], [-121.518144, 42.427395], [-121.51832317, 42.428767], [-121.51833681, 42.42878274], [-121.518631, 42.430486], [-121.51846798, 42.43152778], [-121.5181338, 42.432285]]]}, "properties": {"zone_name": "US-OR-KLA-KLA-1396", "level": 2, "fire_name": "Wrights Spring", "county": "Klamath", "addresses": 40, "unmatched_addresses": 0, "unmatched_fraction_pct": 0, "geometry_source": "cached", "geometry_cache_age_days": 0, "overlapping_zips": [{"zip": "97639", "fraction_pct": 100.0}]}}, {"type": "Feature", "geometry": {"type": "Polygon", "coordinates": [[[-121.54808543, 42.42869149], [-121.55067514, 42.42876133], [-121.55064657, 42.42514427], [-121.55549239, 42.42527069], [-121.55551214, 42.42887879], [-121.56519703, 42.42913516], [-121.56545413, 42.46504633], [-121.5652217, 42.47067536], [-121.56489322, 42.47090075], [-121.56436187, 42.47130836], [-121.56402181, 42.47154351], [-121.56391554, 42.47171596], [-121.56358611, 42.47188057], [-121.56306539, 42.47211572], [-121.56253405, 42.47206869], [-121.56241715, 42.4719276], [-121.56228963, 42.47173164], [-121.56213022, 42.47179435], [-121.5618858, 42.47205302], [-121.56157762, 42.47214708], [-121.56132258, 42.4717238], [-121.5608975, 42.47098697], [-121.56051493, 42.47029717], [-121.56024926, 42.46925462], [-121.55993672, 42.46819685], [-121.55938412, 42.46722482], [-121.5592566, 42.46662904], [-121.55918616, 42.46560884], [-121.55898425, 42.46477787], [-121.55938807, 42.46186155], [-121.55952622, 42.46063853], [-121.55947309, 42.45914109], [-121.55946246, 42.45867069], [-121.55996192, 42.45722808], [-121.56040421, 42.45619364], [-121.56051048, 42.45530766], [-121.56042546, 42.45461769], [-121.56024481, 42.45439815], [-121.55958594, 42.45486859], [-121.55892707, 42.45524494], [-121.55843823, 42.45551152], [-121.55817256, 42.45551152], [-121.55785375, 42.45542527], [-121.55764122, 42.4552371], [-121.55744993, 42.45408452], [-121.55717363, 42.45323772], [-121.55704611, 42.45288488], [-121.55715238, 42.45220272], [-121.55715238, 42.45137157], [-121.55695047, 42.45069724], [-121.55615345, 42.45018756], [-121.55522636, 42.44944636], [-121.55403615, 42.44870143], [-121.553898, 42.44832504], [-121.55377048, 42.44821526], [-121.55327101, 42.44805059], [-121.55283531, 42.44749384], [-121.552474, 42.44714097], [-121.55203829, 42.44696062], [-121.5516451, 42.44695277], [-121.55123065, 42.44725076], [-121.55089059, 42.4480898], [-121.55050802, 42.44902293], [-121.55008294, 42.44983842], [-121.54973226, 42.45001877], [-121.54961536, 42.45013639], [-121.54942408, 42.45214371], [-121.55013608, 42.45342962], [-121.55082683, 42.45428426], [-121.55166635, 42.4552565], [-121.55165572, 42.45565637], [-121.55200489, 42.45799468], [-121.55173922, 42.45848861], [-121.55185611, 42.45936671], [-121.55205802, 42.45972735], [-121.55287663, 42.46011959], [-121.5536949, 42.46034695], [-121.55443878, 42.46044887], [-121.55540583, 42.46058999], [-121.55584153, 42.46077031], [-121.55597968, 42.46153861], [-121.55601156, 42.46229907], [-121.5561072, 42.4632163], [-121.55613908, 42.463671], [-121.5560277, 42.46516309], [-121.5561871, 42.46731887], [-121.5561871, 42.46811061], [-121.55636776, 42.46881611], [-121.55755463, 42.47215392], [-121.5575343, 42.47215375], [-121.55767118, 42.47270266], [-121.55772335, 42.47308201], [-121.5577718, 42.47356031], [-121.55766584, 42.47383918], [-121.55739378, 42.47408383], [-121.55719626, 42.47424876], [-121.55680867, 42.47438346], [-121.55643598, 42.4745099], [-121.55628318, 42.47446867], [-121.55597013, 42.47436696], [-121.55583223, 42.4743972], [-121.55580242, 42.47445218], [-121.55583969, 42.47457862], [-121.55590304, 42.47471057], [-121.55595441, 42.47484514], [-121.55596186, 42.47495784], [-121.5558836, 42.47507329], [-121.55569425, 42.47522617], [-121.55559735, 42.47537185], [-121.55544828, 42.47556977], [-121.55538119, 42.47571545], [-121.55517249, 42.47577867], [-121.55504205, 42.47572095], [-121.5548408, 42.47569071], [-121.55465819, 42.47574569], [-121.55446812, 42.47580891], [-121.55420724, 42.47592161], [-121.55395009, 42.47601782], [-121.55370411, 42.47603706], [-121.55346187, 42.47608929], [-121.5532718, 42.47611402], [-121.55310782, 42.47612227], [-121.55303701, 42.47623222], [-121.55298483, 42.47632843], [-121.55327553, 42.47661155], [-121.55349914, 42.47704035], [-121.5537259, 42.47715363], [-121.55389734, 42.47736528], [-121.55396069, 42.47750547], [-121.55385261, 42.47797275], [-121.5538228, 42.47808269], [-121.55380789, 42.47818714], [-121.55368863, 42.47815416], [-121.55355074, 42.47823387], [-121.55336996, 42.47836306], [-121.55326188, 42.47857196], [-121.55315008, 42.4786929], [-121.55303082, 42.47875337], [-121.55289665, 42.47884132], [-121.55280721, 42.47894028], [-121.55280721, 42.47901449], [-121.55271776, 42.4791904], [-121.55278484, 42.47930859], [-121.55262459, 42.47939655], [-121.55238607, 42.47940205], [-121.5523831, 42.47945379], [-121.55242409, 42.47952525], [-121.55242409, 42.47960221], [-121.55235328, 42.47974789], [-121.55222284, 42.47976163], [-121.55210358, 42.47976163], [-121.55198805, 42.47979462], [-121.55180916, 42.47987158], [-121.55168245, 42.47994304], [-121.5515371, 42.47999801], [-121.55137685, 42.48006948], [-121.55108615, 42.48019041], [-121.55087372, 42.48025088], [-121.55063893, 42.48030036], [-121.55051988, 42.48034762], [-121.55028882, 42.48041359], [-121.55016583, 42.48045757], [-121.55004285, 42.48052903], [-121.54995713, 42.48056476], [-121.54984533, 42.48063073], [-121.54969998, 42.48065547], [-121.54947637, 42.48067471], [-121.54926394, 42.48065547], [-121.54919685, 42.48062798], [-121.54904867, 42.48062875], [-121.54896296, 42.48060401], [-121.54885115, 42.48059302], [-121.54879152, 42.4805353], [-121.54867599, 42.48048307], [-121.548594, 42.48045009], [-121.54857909, 42.48034015], [-121.54851946, 42.48031541], [-121.54841138, 42.48029617], [-121.54831448, 42.48024395], [-121.54812441, 42.48026044], [-121.54799398, 42.48025219], [-121.54792689, 42.48029342], [-121.54798688, 42.48041346], [-121.54800551, 42.48060036], [-121.5480875, 42.48069656], [-121.54810614, 42.48078451], [-121.54820304, 42.48094943], [-121.54828503, 42.48095218], [-121.54843783, 42.48104288], [-121.5483782, 42.48114732], [-121.54854963, 42.48176025], [-121.54857945, 42.4820406], [-121.54838192, 42.4821148], [-121.54821049, 42.48215878], [-121.54810614, 42.48219176], [-121.54795706, 42.48229621], [-121.54781172, 42.48235118], [-121.54762165, 42.48241989], [-121.54754338, 42.4823979], [-121.54733468, 42.48242813], [-121.54696572, 42.48231819], [-121.54682783, 42.4823127], [-121.54651105, 42.48223299], [-121.54629489, 42.48215054], [-121.54628371, 42.48205983], [-121.54625762, 42.48198288], [-121.54616072, 42.48192791], [-121.54598929, 42.48185919], [-121.54585512, 42.48177949], [-121.54566133, 42.48180422], [-121.54555698, 42.48187294], [-121.54529982, 42.48188393], [-121.54518688, 42.4818721], [-121.54488874, 42.48199303], [-121.54452723, 42.48197105], [-121.54432971, 42.48192432], [-121.54415455, 42.48190233], [-121.54390112, 42.48185836], [-121.54363279, 42.48179239], [-121.54348371, 42.48172368], [-121.54343899, 42.48164672], [-121.54349117, 42.4814131], [-121.54345763, 42.48128391], [-121.54365888, 42.4812207], [-121.54382286, 42.48106678], [-121.54406883, 42.48073695], [-121.544162, 42.48052531], [-121.54466679, 42.47948634], [-121.54478605, 42.47926645], [-121.54502084, 42.47916475], [-121.54535626, 42.4790658], [-121.54558733, 42.47892562], [-121.54585566, 42.47872222], [-121.54611632, 42.47840863], [-121.54651136, 42.4778424], [-121.54696231, 42.47716347], [-121.54715426, 42.47677703], [-121.5472437, 42.47608434], [-121.5472202, 42.47579505], [-121.54714924, 42.47519554], [-121.54708473, 42.47474353], [-121.54705893, 42.4743391], [-121.54727937, 42.47372044], [-121.54738903, 42.47349681], [-121.54761482, 42.473316], [-121.54780189, 42.47310664], [-121.54802122, 42.47283543], [-121.54815669, 42.47269744], [-121.54833087, 42.47254042], [-121.54845344, 42.47240719], [-121.54858891, 42.47223589], [-121.54867922, 42.47209791], [-121.54876953, 42.47191709], [-121.54878888, 42.47171725], [-121.54885866, 42.47130995], [-121.54867158, 42.47106252], [-121.54863933, 42.47087219], [-121.54836839, 42.47052959], [-121.54820067, 42.47041063], [-121.54805229, 42.47032498], [-121.54805875, 42.47022981], [-121.54800069, 42.47012988], [-121.54791037, 42.47019174], [-121.54769104, 42.47022981], [-121.54742011, 42.47024884], [-121.54714917, 42.47025836], [-121.54694919, 42.47025836], [-121.54683952, 42.47012988], [-121.54666535, 42.46987293], [-121.54646537, 42.46965404], [-121.54623314, 42.46946371], [-121.54590414, 42.46926861], [-121.54559264, 42.46918355], [-121.54553697, 42.46910657], [-121.54548131, 42.46907064], [-121.54528998, 42.46900392], [-121.5452204, 42.46899366], [-121.54523084, 42.46889615], [-121.54525519, 42.46884996], [-121.54538739, 42.46877554], [-121.54543261, 42.46865507], [-121.54543261, 42.4685473], [-121.54542217, 42.46844978], [-121.5454674, 42.46839076], [-121.54556481, 42.4683728], [-121.54562047, 42.46834457], [-121.54560307, 42.46827015], [-121.54564482, 42.46816494], [-121.54566917, 42.46805973], [-121.54567961, 42.46798275], [-121.54574918, 42.46794682], [-121.54580484, 42.46790063], [-121.54578397, 42.46783904], [-121.54575614, 42.46778258], [-121.54570048, 42.46775949], [-121.54565873, 42.46775436], [-121.54562742, 42.46762862], [-121.54562394, 42.46749517], [-121.54562047, 42.46738996], [-121.54562742, 42.46727962], [-121.54556828, 42.46722059], [-121.54548827, 42.46721803], [-121.54542913, 42.46727705], [-121.54542913, 42.4673412], [-121.54543957, 42.46742589], [-121.54542913, 42.46749774], [-121.54536651, 42.46745155], [-121.54533868, 42.46748748], [-121.54528998, 42.46758756], [-121.54524476, 42.46770047], [-121.54524476, 42.46784674], [-121.54514735, 42.46794169], [-121.54506734, 42.46797505], [-121.54502211, 42.46799301], [-121.54498037, 42.46805716], [-121.54486905, 42.46813671], [-121.54479947, 42.46813928], [-121.54473337, 42.46818804], [-121.54461857, 42.46815724], [-121.54455247, 42.46819317], [-121.54447246, 42.4681829], [-121.54443072, 42.46821626], [-121.54432635, 42.46836767], [-121.54425678, 42.46839589], [-121.54419416, 42.46831378], [-121.54414893, 42.46827785], [-121.54408632, 42.46825989], [-121.5440724, 42.468206], [-121.54404805, 42.46815724], [-121.54397499, 42.46811105], [-121.54391585, 42.46808539], [-121.54386019, 42.46796991], [-121.54377322, 42.46789806], [-121.54373844, 42.46786214], [-121.54364451, 42.467721], [-121.5434446, 42.4675893], [-121.54332284, 42.46756364], [-121.54319412, 42.46752514], [-121.54314194, 42.46755337], [-121.54300627, 42.46760983], [-121.54284276, 42.46761239], [-121.54270709, 42.46763292], [-121.54266882, 42.46766372], [-121.54262012, 42.46771247], [-121.54264795, 42.46798705], [-121.54265491, 42.46807943], [-121.54263404, 42.46819491], [-121.54255055, 42.46818465], [-121.54247401, 42.46814359], [-121.54243574, 42.46811023], [-121.54230355, 42.46803581], [-121.54231051, 42.46797679], [-121.54228964, 42.46787927], [-121.54225833, 42.46768938], [-121.54228964, 42.4675816], [-121.5422618, 42.46746355], [-121.54215396, 42.46711969], [-121.54202177, 42.4668759], [-121.54198002, 42.46684254], [-121.54187566, 42.46679891], [-121.54176782, 42.46673989], [-121.54166345, 42.46665777], [-121.54161823, 42.46662184], [-121.54148817, 42.46658789], [-121.54135597, 42.46656736], [-121.54127596, 42.46658276], [-121.54121334, 42.46659302], [-121.5411542, 42.46669054], [-121.54102897, 42.46669054], [-121.5410394, 42.46656992], [-121.54106375, 42.46625685], [-121.54109854, 42.4661234], [-121.54104984, 42.46606695], [-121.54095591, 42.46602332], [-121.54086894, 42.46604385], [-121.54080632, 42.46610544], [-121.54080284, 42.46644931], [-121.54077154, 42.46669567], [-121.54066717, 42.46664178], [-121.54062543, 42.46654426], [-121.54059064, 42.46644675], [-121.54054193, 42.46640569], [-121.54036104, 42.46637489], [-121.53998185, 42.46638259], [-121.53976616, 42.46642108], [-121.53957831, 42.46647241], [-121.5394961, 42.46654359], [-121.53941609, 42.46669499], [-121.5393152, 42.46687719], [-121.53929781, 42.46693108], [-121.53930129, 42.46704143], [-121.53924215, 42.46709532], [-121.5391517, 42.46710045], [-121.53910299, 42.46714408], [-121.53909256, 42.46720053], [-121.53905777, 42.46728265], [-121.53899863, 42.4673699], [-121.5390856, 42.46742379], [-121.5390856, 42.46752131], [-121.53896036, 42.46754184], [-121.53889079, 42.46752387], [-121.53881425, 42.46748281], [-121.5386264, 42.46746742], [-121.53848377, 42.46740839], [-121.53838636, 42.46739556], [-121.53839332, 42.46730318], [-121.53840723, 42.46724929], [-121.53835342, 42.46714681], [-121.53839169, 42.46707752], [-121.53832211, 42.46705186], [-121.53815513, 42.46703389], [-121.53810991, 42.46702106], [-121.53804729, 42.46704673], [-121.53790118, 42.4669954], [-121.53777594, 42.46690045], [-121.53772724, 42.46675161], [-121.53777942, 42.46665666], [-121.53776551, 42.46659251], [-121.53779334, 42.46650526], [-121.53785595, 42.46644623], [-121.53798119, 42.46639234], [-121.53808208, 42.46631536], [-121.53818992, 42.46624094], [-121.5381934, 42.46618191], [-121.53815513, 42.46615112], [-121.53796032, 42.46597661], [-121.53782465, 42.46594325], [-121.53769245, 42.46596378], [-121.53749787, 42.46587794], [-121.53734437, 42.46583334], [-121.53714435, 42.46558285], [-121.5371397, 42.46548677], [-121.53723738, 42.46543873], [-121.53742809, 42.46540785], [-121.53752578, 42.46529118], [-121.53763276, 42.4652054], [-121.53770719, 42.46522942], [-121.53780952, 42.46525], [-121.53788395, 42.46525344], [-121.53793976, 42.46519167], [-121.53786534, 42.46509902], [-121.53766997, 42.46493088], [-121.53733972, 42.46461176], [-121.53721878, 42.46452941], [-121.53697224, 42.46444362], [-121.53691642, 42.46439902], [-121.53687335, 42.4644396], [-121.53679893, 42.46450823], [-121.53676012, 42.46445955], [-121.54808543, 42.42869149]]]}, "properties": {"zone_name": "US-OR-KLA-KLA-1381-B", "level": 3, "fire_name": "Wrights Spring", "county": "Klamath", "addresses": 1, "unmatched_addresses": 0, "unmatched_fraction_pct": 37.3, "geometry_source": "cached", "geometry_cache_age_days": 0, "overlapping_zips": [{"zip": "97639", "fraction_pct": 46.8}, {"zip": "97624", "fraction_pct": 15.9}]}}, {"type": "Feature", "geometry": {"type": "Polygon", "coordinates": [[[-121.57059759, 42.47221896], [-121.574317, 42.472221], [-121.576025, 42.471974], [-121.577306, 42.472161], [-121.577828, 42.472077], [-121.578222, 42.471717], [-121.578862, 42.47146], [-121.583262, 42.472083], [-121.584624, 42.47214], [-121.586603, 42.471392], [-121.587181, 42.470979], [-121.587441, 42.470285], [-121.587395, 42.469418], [-121.58791, 42.468615], [-121.590252, 42.468358], [-121.591296, 42.468738], [-121.592898, 42.470337], [-121.593672, 42.470741], [-121.594225, 42.471807], [-121.595483, 42.472543], [-121.595918, 42.472593], [-121.5961988, 42.4728042], [-121.596612, 42.473303], [-121.59654, 42.474955], [-121.597029, 42.477518], [-121.600019, 42.479808], [-121.601838, 42.481572], [-121.602649, 42.482616], [-121.60421, 42.483518], [-121.606625, 42.485565], [-121.609655, 42.486776], [-121.610491, 42.48727], [-121.61153, 42.487466], [-121.615018, 42.487498], [-121.615473, 42.487781], [-121.615924, 42.487847], [-121.618312, 42.487097], [-121.6190554, 42.4865637], [-121.619692, 42.485653], [-121.62049806, 42.48546229], [-121.621175, 42.485897], [-121.622869, 42.485827], [-121.622599, 42.486337], [-121.622772, 42.488759], [-121.622517, 42.488959], [-121.621954, 42.489088], [-121.620276, 42.490493], [-121.619198, 42.491288], [-121.61856325, 42.4925822], [-121.618189, 42.493682], [-121.618465, 42.494726], [-121.618422, 42.495069], [-121.6178183, 42.4957755], [-121.616511, 42.496846], [-121.616119, 42.496888], [-121.616234, 42.49728], [-121.615831, 42.497675], [-121.615143, 42.497836], [-121.614697, 42.498252], [-121.613711, 42.498687], [-121.613624, 42.498543], [-121.613907, 42.498162], [-121.613792, 42.498006], [-121.612011, 42.499042], [-121.610287, 42.499823], [-121.608722, 42.500374], [-121.607735, 42.500364], [-121.608, 42.500793], [-121.607951, 42.501665], [-121.608583, 42.502201], [-121.609302, 42.502314], [-121.612248, 42.503352], [-121.61340469, 42.50366004], [-121.61338049, 42.50368217], [-121.61310844, 42.50366168], [-121.6131234, 42.50380365], [-121.61310233, 42.50392285], [-121.61271621, 42.50414191], [-121.61221688, 42.50436098], [-121.61180488, 42.50440455], [-121.61132532, 42.50417252], [-121.61067688, 42.50407151], [-121.61015742, 42.50386557], [-121.60971661, 42.50373639], [-121.60886896, 42.50354376], [-121.60823412, 42.50337177], [-121.6080213, 42.50335113], [-121.60757183, 42.50321816], [-121.60760061, 42.50309241], [-121.60765601, 42.50300031], [-121.60762232, 42.50293803], [-121.60750499, 42.50293295], [-121.60746791, 42.5029848], [-121.60735636, 42.50298215], [-121.6072941, 42.50290401], [-121.60703006, 42.50289684], [-121.60687874, 42.50288888], [-121.60680461, 42.50283714], [-121.6065942, 42.50263238], [-121.60556668, 42.50217085], [-121.6054879, 42.50219618], [-121.60512419, 42.50203946], [-121.60499475, 42.50190142], [-121.60495396, 42.5017587], [-121.60463018, 42.50144526], [-121.60437605, 42.50128819], [-121.60411283, 42.50120649], [-121.60344293, 42.50113145], [-121.60229895, 42.50072153], [-121.60168022, 42.50046273], [-121.60171856, 42.50020238], [-121.60198769, 42.49996205], [-121.60251915, 42.49977665], [-121.60281793, 42.49939001], [-121.60281465, 42.49920104], [-121.60257935, 42.49895745], [-121.6022962, 42.49878442], [-121.6021319, 42.49870167], [-121.60215302, 42.49842488], [-121.60217134, 42.4982197], [-121.60224909, 42.49788895], [-121.60237071, 42.49771], [-121.6023709, 42.49758166], [-121.60229983, 42.49762049], [-121.60215491, 42.49782063], [-121.60196384, 42.49786435], [-121.60186766, 42.49780312], [-121.6016257, 42.49789086], [-121.60168422, 42.49753163], [-121.60160071, 42.49734269], [-121.60219877, 42.4971427], [-121.6018024, 42.49710431], [-121.60150339, 42.49727299], [-121.60137167, 42.49752646], [-121.60127211, 42.4975814], [-121.60117255, 42.49763634], [-121.60105581, 42.49749773], [-121.60103644, 42.4971327], [-121.60067357, 42.49713772], [-121.60046749, 42.49699697], [-121.60016938, 42.4970221], [-121.60004418, 42.49668784], [-121.59998034, 42.4966803], [-121.59943986, 42.49683571], [-121.59883954, 42.49666574], [-121.59833102, 42.49662924], [-121.59780863, 42.49571491], [-121.59766931, 42.49494835], [-121.59750214, 42.494703], [-121.59383063, 42.49257779], [-121.59015423, 42.49075444], [-121.58947426, 42.49067852], [-121.58840082, 42.4901454], [-121.58844129, 42.48951307], [-121.5875268, 42.48865756], [-121.58783246, 42.48824196], [-121.58749945, 42.48734429], [-121.58720149, 42.48700048], [-121.58696761, 42.48676597], [-121.58679946, 42.4867011], [-121.58638047, 42.48670352], [-121.58620345, 42.48659235], [-121.5860374, 42.4863075], [-121.58562486, 42.48622663], [-121.58520137, 42.48583473], [-121.58510303, 42.48563517], [-121.58516143, 42.48561472], [-121.58519959, 42.48551062], [-121.58502261, 42.48534306], [-121.58503204, 42.48523748], [-121.58529627, 42.48474683], [-121.58535362, 42.4845225], [-121.58509677, 42.48418636], [-121.58486672, 42.48411705], [-121.58476145, 42.48394562], [-121.58473106, 42.48377418], [-121.58501418, 42.48353718], [-121.58506333, 42.48334389], [-121.58472465, 42.48303233], [-121.5843253, 42.48282145], [-121.58379265, 42.4812345], [-121.58396889, 42.48097041], [-121.58437226, 42.48083338], [-121.58468557, 42.48065981], [-121.58524724, 42.47970961], [-121.58516459, 42.47955137], [-121.58490617, 42.47950148], [-121.58479122, 42.47928453], [-121.58458398, 42.47943676], [-121.58411245, 42.4793885], [-121.58362333, 42.47970429], [-121.5834438, 42.47970822], [-121.58324851, 42.47965469], [-121.58275926, 42.47894854], [-121.58274172, 42.47883973], [-121.58188389, 42.47774806], [-121.58186602, 42.47754708], [-121.5820169, 42.47735499], [-121.58246611, 42.47719847], [-121.58294545, 42.47685525], [-121.58279849, 42.47656615], [-121.58250688, 42.47640597], [-121.5823576, 42.47569887], [-121.58189493, 42.47516514], [-121.58202821, 42.47492716], [-121.58201083, 42.47474698], [-121.58155164, 42.47492729], [-121.57919734, 42.4749166], [-121.57903231, 42.47460872], [-121.57882091, 42.47495517], [-121.57862574, 42.47468554], [-121.57836395, 42.47455215], [-121.57799783, 42.47438588], [-121.57740812, 42.47312895], [-121.57709303, 42.47292228], [-121.57618731, 42.47265993], [-121.57567037, 42.47247328], [-121.57534683, 42.47236939], [-121.57510046, 42.47234912], [-121.57468231, 42.4724095], [-121.57428518, 42.4726015], [-121.57399606, 42.47280943], [-121.57362694, 42.47286991], [-121.57339103, 42.47277638], [-121.57307581, 42.47279246], [-121.57276704, 42.47287976], [-121.57248401, 42.47292152], [-121.57222156, 42.47287597], [-121.57202086, 42.47287597], [-121.5718459, 42.47287597], [-121.57166064, 42.47281144], [-121.57130041, 42.4726748], [-121.57102252, 42.47255333], [-121.57071376, 42.47232179], [-121.57059759, 42.47221896]]]}, "properties": {"zone_name": "US-OR-KLA-KLA-1167", "level": 3, "fire_name": "Wrights Spring", "county": "Klamath", "addresses": 2, "unmatched_addresses": 1, "unmatched_fraction_pct": 41.0, "geometry_source": "cached", "geometry_cache_age_days": 0, "overlapping_zips": [{"zip": "97624", "fraction_pct": 58.9}, {"zip": "97639", "fraction_pct": 0.1}]}}, {"type": "Feature", "geometry": {"type": "Polygon", "coordinates": [[[-121.501105, 42.29356], [-121.5041328, 42.2936523], [-121.50582841, 42.29367815], [-121.506259, 42.293618], [-121.506779, 42.293453], [-121.507227, 42.293411], [-121.508506, 42.292817], [-121.509206, 42.29289], [-121.51093, 42.293588], [-121.513137, 42.293029], [-121.51542675, 42.29298904], [-121.516123, 42.293016], [-121.5168, 42.293692], [-121.516881, 42.297699], [-121.51720753, 42.29839594], [-121.517457, 42.298778], [-121.518425, 42.300033], [-121.518658, 42.300656], [-121.51847, 42.303276], [-121.519699, 42.304952], [-121.520274, 42.306208], [-121.522424, 42.309416], [-121.522894, 42.309805], [-121.526287, 42.31156], [-121.52877626, 42.31210219], [-121.529806, 42.312422], [-121.530305, 42.312409], [-121.531031, 42.312087], [-121.533359, 42.312176], [-121.533766, 42.312419], [-121.534276, 42.312611], [-121.534735, 42.313117], [-121.53562, 42.313397], [-121.535945, 42.313958], [-121.539628, 42.316533], [-121.540726, 42.317468], [-121.5409171, 42.3174275], [-121.54237, 42.317292], [-121.543509, 42.316731], [-121.54441, 42.315283], [-121.54521, 42.315026], [-121.548133, 42.313559], [-121.549118, 42.312846], [-121.550186, 42.312599], [-121.550622, 42.31274], [-121.551014, 42.313023], [-121.5516309, 42.314287], [-121.55164317, 42.3143415], [-121.551733, 42.315117], [-121.55255, 42.31592], [-121.55324, 42.316069], [-121.55447, 42.316049], [-121.554742, 42.316645], [-121.555048, 42.31691], [-121.555302, 42.317901], [-121.554999, 42.318566], [-121.554903, 42.319354], [-121.555399, 42.320679], [-121.555368, 42.322096], [-121.556021, 42.324012], [-121.556031, 42.324463], [-121.555937, 42.324797], [-121.555021, 42.325665], [-121.554858, 42.326053], [-121.554952, 42.326439], [-121.554359, 42.327214], [-121.554067, 42.329915], [-121.553767, 42.330874], [-121.553884, 42.331848], [-121.553717, 42.332458], [-121.55372, 42.333614], [-121.55315, 42.336197], [-121.552874, 42.336637], [-121.55155973, 42.33830482], [-121.550478, 42.340326], [-121.55050328, 42.34048408], [-121.51359206, 42.33895417], [-121.51315786, 42.33863591], [-121.511577, 42.335925], [-121.510764, 42.335072], [-121.510352, 42.333749], [-121.51026, 42.33263], [-121.509377, 42.330462], [-121.508635, 42.32956], [-121.50858, 42.328885], [-121.50804988, 42.32759451], [-121.506112, 42.325813], [-121.505339, 42.32458], [-121.504194, 42.324033], [-121.50332657, 42.32252924], [-121.501044, 42.31918], [-121.499464, 42.317894], [-121.498993, 42.315333], [-121.49845, 42.314174], [-121.496699, 42.312705], [-121.496544, 42.312433], [-121.49650709, 42.31233249], [-121.496482, 42.311482], [-121.496613, 42.300766], [-121.496425, 42.299387], [-121.496435, 42.293609], [-121.496435, 42.293384], [-121.501105, 42.29356]]]}, "properties": {"zone_name": "US-OR-KLA-KLA-1713-A", "level": 3, "fire_name": "Wrights Spring", "county": "Klamath", "addresses": 3, "unmatched_addresses": 0, "unmatched_fraction_pct": 0, "geometry_source": "cached", "geometry_cache_age_days": 0, "overlapping_zips": [{"zip": "97623", "fraction_pct": 99.7}, {"zip": "97625", "fraction_pct": 0.3}]}}, {"type": "Feature", "geometry": {"type": "Polygon", "coordinates": [[[-121.55050328, 42.34048408], [-121.550537, 42.340695], [-121.552209, 42.341755], [-121.553356, 42.343786], [-121.554148, 42.344665], [-121.554535, 42.345437], [-121.555564, 42.346415], [-121.555716, 42.348122], [-121.556656, 42.348565], [-121.556709, 42.348944], [-121.557745, 42.350531], [-121.557863, 42.351906], [-121.559286, 42.353879], [-121.560269, 42.355617], [-121.56053417, 42.35640028], [-121.560551, 42.35645], [-121.560789, 42.35742], [-121.561161, 42.357816], [-121.562552, 42.358715], [-121.564241, 42.360361], [-121.566069, 42.361315], [-121.566466, 42.36225], [-121.56646649, 42.3622534], [-121.56437059, 42.3622034], [-121.56309605, 42.36184118], [-121.56222022, 42.36151278], [-121.55963847, 42.3611409], [-121.55913519, 42.36121817], [-121.55890642, 42.36141135], [-121.55850119, 42.36134857], [-121.5567103, 42.36088493], [-121.55531811, 42.36059515], [-121.55493248, 42.36033435], [-121.55447496, 42.36037299], [-121.55414815, 42.36018463], [-121.55365795, 42.36007355], [-121.55317428, 42.36030054], [-121.55289976, 42.36030537], [-121.55248025, 42.36021857], [-121.55160441, 42.36059045], [-121.55121225, 42.36088989], [-121.55053903, 42.36113137], [-121.54965666, 42.36175438], [-121.54871546, 42.3622325], [-121.54818604, 42.3625271], [-121.54675981, 42.36275853], [-121.54649837, 42.36289376], [-121.54556091, 42.36372235], [-121.54495306, 42.36391069], [-121.54420794, 42.36456266], [-121.54382648, 42.36508551], [-121.54293103, 42.36535112], [-121.54233027, 42.3655053], [-121.54210151, 42.36588198], [-121.54143483, 42.36602686], [-121.5409773, 42.36608481], [-121.54051978, 42.36602203], [-121.53985963, 42.36582403], [-121.53951975, 42.3657854], [-121.539404, 42.36582428], [-121.53911545, 42.36578067], [-121.53884953, 42.36558998], [-121.53853925, 42.36540984], [-121.53824919, 42.36526361], [-121.53780339, 42.36481983], [-121.53734865, 42.36421706], [-121.53653243, 42.36378807], [-121.53644151, 42.36344184], [-121.53646249, 42.36278554], [-121.5366793, 42.36195353], [-121.53704298, 42.36166414], [-121.53763046, 42.3612197], [-121.53743463, 42.36057372], [-121.53733672, 42.35927657], [-121.53606031, 42.35821278], [-121.53569656, 42.35800344], [-121.53461251, 42.35752798], [-121.5331438, 42.35655636], [-121.5330319, 42.3561418], [-121.53267521, 42.35559396], [-121.53212969, 42.35512881], [-121.53205485, 42.35474629], [-121.53216362, 42.35475261], [-121.53164028, 42.35334493], [-121.529975, 42.351765], [-121.528039, 42.350262], [-121.526383, 42.348741], [-121.524158, 42.347851], [-121.523461, 42.346915], [-121.5231116, 42.34633162], [-121.52296939, 42.34524124], [-121.52275487, 42.34430992], [-121.52236281, 42.34361315], [-121.52189104, 42.34330875], [-121.521287, 42.342274], [-121.52113, 42.341176], [-121.520819, 42.340969], [-121.51812204, 42.34033496], [-121.515655, 42.339798], [-121.5139359, 42.3392062], [-121.51359206, 42.33895417], [-121.55050328, 42.34048408]]]}, "properties": {"zone_name": "US-OR-KLA-KLA-1713-B", "level": 3, "fire_name": "Wrights Spring", "county": "Klamath", "addresses": 1, "unmatched_addresses": 0, "unmatched_fraction_pct": 0, "geometry_source": "cached", "geometry_cache_age_days": 0, "overlapping_zips": [{"zip": "97623", "fraction_pct": 97.5}, {"zip": "97625", "fraction_pct": 2.4}]}}, {"type": "Feature", "geometry": {"type": "Polygon", "coordinates": [[[-121.49031256, 42.34100334], [-121.482188, 42.330019], [-121.4807607, 42.328862], [-121.4785583, 42.327392], [-121.4776703, 42.3266171], [-121.4772297, 42.32576], [-121.47697, 42.3234731], [-121.4770067, 42.315093], [-121.4770433, 42.303812], [-121.4770683, 42.301364], [-121.4773637, 42.3005378], [-121.479568, 42.298279], [-121.480127, 42.297766], [-121.485971, 42.293179], [-121.486872, 42.293169], [-121.496435, 42.293384], [-121.496435, 42.293609], [-121.496425, 42.299387], [-121.496613, 42.300766], [-121.496482, 42.311482], [-121.49650709, 42.31233249], [-121.496544, 42.312433], [-121.496699, 42.312705], [-121.49845, 42.314174], [-121.498993, 42.315333], [-121.499464, 42.317894], [-121.501044, 42.31918], [-121.50332657, 42.32252924], [-121.504194, 42.324033], [-121.505339, 42.32458], [-121.506112, 42.325813], [-121.50804988, 42.32759451], [-121.50858, 42.328885], [-121.508635, 42.32956], [-121.509377, 42.330462], [-121.51026, 42.33263], [-121.510352, 42.333749], [-121.510764, 42.335072], [-121.511577, 42.335925], [-121.51315786, 42.33863591], [-121.5139359, 42.3392062], [-121.51471586, 42.3394747], [-121.49031256, 42.34100334]]]}, "properties": {"zone_name": "US-OR-KLA-KLA-1712-B", "level": 3, "fire_name": "Wrights Spring", "county": "Klamath", "addresses": 7, "unmatched_addresses": 0, "unmatched_fraction_pct": 0, "geometry_source": "cached", "geometry_cache_age_days": 0, "overlapping_zips": [{"zip": "97623", "fraction_pct": 100.0}]}}, {"type": "Feature", "geometry": {"type": "Polygon", "coordinates": [[[-121.538859, 42.42502528], [-121.54585762, 42.42501585], [-121.54585442, 42.42863132], [-121.54808543, 42.42869149], [-121.54137985, 42.44986931], [-121.538859, 42.44917446], [-121.538859, 42.42502528]]]}, "properties": {"zone_name": "US-OR-KLA-KLA-1381-D", "level": 3, "fire_name": "Wrights Spring", "county": "Klamath", "addresses": 1, "unmatched_addresses": 0, "unmatched_fraction_pct": 5.2, "geometry_source": "cached", "geometry_cache_age_days": 0, "overlapping_zips": [{"zip": "97639", "fraction_pct": 94.8}]}}]}