{"type": "FeatureCollection", "generated_at": "2026-09-14T15:15:48Z", "date": "2026-09-14", "features": [{"type": "Feature", "geometry": {"type": "Polygon", "coordinates": [[[-118.11512991, 46.00014337], [-118.11488907, 46.00014899], [-118.11459974, 46.0001551], [-118.11408196, 46.00016604], [-118.11140775, 46.00022878], [-118.09800425, 46.00054327], [-118.09802675, 46.00053248], [-118.09749227, 45.99889885], [-118.09617389, 45.99686911], [-118.10034281, 45.9939729], [-118.1028014, 45.99214103], [-118.10319335, 45.98986348], [-118.10376346, 45.98785817], [-118.1051531, 45.98607562], [-118.10621336, 45.98552835], [-118.10621336, 45.9881465], [-118.10775017, 45.99073964], [-118.1103847, 45.99173109], [-118.1135132, 45.99348517], [-118.11450115, 45.99569676], [-118.11472069, 45.9987852], [-118.11512991, 46.00014337]]]}, "properties": {"zone_name": "US-OR-UMA-UMC-032", "level": 1, "fire_name": "No named fire", "county": "Umatilla", "addresses": 28, "unmatched_addresses": 0, "unmatched_fraction_pct": 0, "geometry_source": "cached", "geometry_cache_age_days": 0, "overlapping_zips": [{"zip": "99362", "fraction_pct": 78.4}, {"zip": "97862", "fraction_pct": 21.6}]}}, {"type": "Feature", "geometry": {"type": "Polygon", "coordinates": [[[-118.06399088, 45.98901867], [-118.06425764, 45.98894864], [-118.06382109, 45.98807913], [-118.06277976, 45.98810609], [-118.06251096, 45.98811305], [-118.0620032, 45.98812646], [-118.06208752, 45.98660316], [-118.06466716, 45.98542092], [-118.06933247, 45.98469631], [-118.07826728, 45.98364546], [-118.0844694, 45.98391243], [-118.09176924, 45.9836836], [-118.10281043, 45.98505747], [-118.10621336, 45.98547698], [-118.10621336, 45.98552835], [-118.1051531, 45.98607562], [-118.10376346, 45.98785817], [-118.10319335, 45.98986348], [-118.1028014, 45.99214103], [-118.10034281, 45.9939729], [-118.09617389, 45.99686911], [-118.09621947, 45.99693927], [-118.08995266, 45.99650392], [-118.08425538, 45.99549839], [-118.07446223, 45.99483515], [-118.07071485, 45.99633002], [-118.06748126, 45.9967365], [-118.06286185, 45.99386963], [-118.06399088, 45.98901867]]]}, "properties": {"zone_name": "US-OR-UMA-UMC-039", "level": 1, "fire_name": "No named fire", "county": "Umatilla", "addresses": 65, "unmatched_addresses": 0, "unmatched_fraction_pct": 0, "geometry_source": "cached", "geometry_cache_age_days": 0, "overlapping_zips": [{"zip": "99362", "fraction_pct": 88.5}, {"zip": "97862", "fraction_pct": 11.5}]}}, {"type": "Feature", "geometry": {"type": "Polygon", "coordinates": [[[-118.20896535, 44.85196258], [-118.2088462, 44.85265696], [-118.20894318, 44.85283147], [-118.20912568, 44.85299156], [-118.20944978, 44.85319066], [-118.20977763, 44.85358776], [-118.20987435, 44.85391979], [-118.21026533, 44.85427121], [-118.21039937, 44.85455334], [-118.21038954, 44.85468847], [-118.21018586, 44.85474463], [-118.20968441, 44.85463293], [-118.20917324, 44.8543773], [-118.20844457, 44.85406547], [-118.20683917, 44.85254318], [-118.2064262, 44.85208397], [-118.206157, 44.85186178], [-118.20589764, 44.85177], [-118.20475709, 44.85157951], [-118.2044924, 44.8515733], [-118.20432537, 44.85164258], [-118.20395367, 44.85194805], [-118.20329955, 44.85259407], [-118.20303256, 44.8526869], [-118.20254632, 44.85279104], [-118.20235379, 44.85277507], [-118.20210528, 44.85261566], [-118.20215416, 44.85232259], [-118.20233426, 44.85206415], [-118.20235331, 44.85166788], [-118.20230689, 44.85147033], [-118.20221358, 44.85130028], [-118.20184334, 44.85078209], [-118.20143216, 44.85044436], [-118.20121179, 44.85040167], [-118.20104021, 44.85030896], [-118.20093124, 44.85010757], [-118.20056434, 44.84969286], [-118.1992811, 44.84896822], [-118.19908587, 44.84842117], [-118.19918344, 44.84769102], [-118.1988965, 44.84682088], [-118.19884212, 44.84612383], [-118.19862513, 44.84576604], [-118.1982523, 44.84538739], [-118.19808218, 44.84509662], [-118.19805845, 44.84486733], [-118.19755397, 44.84466109], [-118.19741491, 44.84443751], [-118.19741894, 44.84390637], [-118.19765819, 44.84352579], [-118.19785995, 44.84301508], [-118.19805886, 44.84209933], [-118.19805071, 44.84189688], [-118.19792786, 44.84174964], [-118.19748933, 44.84153821], [-118.19732162, 44.84138244], [-118.19730036, 44.84108111], [-118.19719151, 44.84088422], [-118.19671025, 44.84078574], [-118.19650295, 44.84060789], [-118.19724303, 44.83976298], [-118.19725146, 44.83934881], [-118.19720616, 44.83907024], [-118.19676726, 44.83870577], [-118.1956075, 44.8380113], [-118.19545534, 44.83784187], [-118.19535517, 44.83743334], [-118.19564278, 44.83679121], [-118.19576376, 44.83631286], [-118.19533141, 44.83565127], [-118.19501201, 44.83536656], [-118.19515319, 44.83523456], [-118.19569101, 44.83548998], [-118.196362, 44.83570348], [-118.19729215, 44.83617532], [-118.19744671, 44.83617369], [-118.19754847, 44.8360286], [-118.19742661, 44.83581384], [-118.19726661, 44.83566699], [-118.19685569, 44.83539225], [-118.19644151, 44.83496002], [-118.19630063, 44.8344754], [-118.1963931, 44.83388033], [-118.19657919, 44.83339679], [-118.19685149, 44.83310588], [-118.19685947, 44.83343436], [-118.19702521, 44.83410774], [-118.19722703, 44.83438468], [-118.19769173, 44.83456433], [-118.19842995, 44.8346646], [-118.19874323, 44.83463431], [-118.19808794, 44.83443415], [-118.19796596, 44.83415638], [-118.19861419, 44.8331954], [-118.19880861, 44.83330588], [-118.19928444, 44.83383198], [-118.19938729, 44.8332818], [-118.19954549, 44.83296058], [-118.19967587, 44.83251813], [-118.19962607, 44.83219459], [-118.19983927, 44.83239039], [-118.20030573, 44.8330561], [-118.2005652, 44.83330992], [-118.2020215, 44.83407837], [-118.20156807, 44.83296181], [-118.20157112, 44.83280425], [-118.20146246, 44.83236881], [-118.20074527, 44.8309181], [-118.20059195, 44.83073067], [-118.20059566, 44.83060461], [-118.20043966, 44.83042172], [-118.19981825, 44.82994667], [-118.19914727, 44.82969267], [-118.19870831, 44.82966578], [-118.19825025, 44.82942304], [-118.19766914, 44.82906008], [-118.19707941, 44.82856667], [-118.19624721, 44.8274727], [-118.19615652, 44.82723511], [-118.1956888, 44.82677192], [-118.19541329, 44.82658127], [-118.19509438, 44.82649009], [-118.19495638, 44.82639252], [-118.19490805, 44.8262535], [-118.195453, 44.82600096], [-118.195825, 44.82588792], [-118.19661147, 44.82537699], [-118.19709439, 44.82493259], [-118.19786163, 44.82396925], [-118.19820763, 44.82361785], [-118.1985856, 44.82331455], [-118.19994633, 44.82264617], [-118.20049241, 44.82232174], [-118.20080192, 44.82206492], [-118.2010095, 44.82185408], [-118.20131422, 44.82137938], [-118.20158926, 44.82045944], [-118.20211307, 44.81977773], [-118.20245378, 44.81959279], [-118.20273204, 44.81926409], [-118.20290913, 44.81895758], [-118.20298804, 44.81857813], [-118.20456042, 44.81684503], [-118.20484648, 44.81664483], [-118.20538769, 44.81647258], [-118.20575494, 44.81631579], [-118.20593607, 44.81607202], [-118.20598669, 44.8157397], [-118.20643393, 44.81514718], [-118.20666809, 44.8149415], [-118.20695461, 44.81477472], [-118.20722954, 44.81455066], [-118.20784308, 44.81377993], [-118.20789428, 44.81342858], [-118.20798267, 44.81317301], [-118.20841025, 44.81235174], [-118.20827134, 44.81208305], [-118.20819788, 44.81186298], [-118.20816667, 44.81157695], [-118.20788294, 44.81080153], [-118.20783924, 44.81048675], [-118.20793921, 44.81028846], [-118.20781971, 44.80940143], [-118.20756101, 44.8088996], [-118.209673, 44.80882], [-118.211018, 44.808928], [-118.211416, 44.809118], [-118.211793, 44.809666], [-118.2121135, 44.8096988], [-118.2118618, 44.81003174], [-118.21137764, 44.81030721], [-118.21119122, 44.81051433], [-118.21110871, 44.81068656], [-118.21112582, 44.81096082], [-118.21129167, 44.81141097], [-118.21127709, 44.81187653], [-118.21123169, 44.81209501], [-118.21106753, 44.81241208], [-118.21103412, 44.81265815], [-118.21086195, 44.81323081], [-118.21063097, 44.81362902], [-118.21051332, 44.81410209], [-118.21052615, 44.81451328], [-118.21057153, 44.8147058], [-118.21055297, 44.81488817], [-118.21038279, 44.81539693], [-118.21010782, 44.81596797], [-118.21002044, 44.81629539], [-118.20972947, 44.81696664], [-118.20972175, 44.81721311], [-118.20978481, 44.81766163], [-118.20990471, 44.81793753], [-118.21004913, 44.81866133], [-118.21030321, 44.81916767], [-118.210372, 44.81943362], [-118.2106709, 44.82015074], [-118.21081134, 44.82100234], [-118.2108764, 44.82179796], [-118.21079416, 44.82196105], [-118.21049378, 44.82211157], [-118.21033559, 44.82223693], [-118.21027733, 44.8224552], [-118.21030987, 44.82264751], [-118.21044497, 44.82297972], [-118.21044975, 44.82310638], [-118.2101722, 44.82334859], [-118.20935724, 44.82392022], [-118.20922389, 44.82407337], [-118.20898859, 44.82419751], [-118.20883612, 44.8241403], [-118.20855262, 44.82375222], [-118.20845698, 44.82352237], [-118.20843902, 44.8232755], [-118.20813526, 44.82271356], [-118.20793426, 44.82256425], [-118.20761648, 44.82244962], [-118.20728327, 44.82241694], [-118.20697318, 44.82246683], [-118.20683982, 44.82261998], [-118.20708562, 44.82298006], [-118.207133, 44.82310868], [-118.20694567, 44.82334317], [-118.20677462, 44.82346833], [-118.20658728, 44.82370282], [-118.20622974, 44.82403508], [-118.20583825, 44.82422067], [-118.20575599, 44.82438376], [-118.20578508, 44.82468562], [-118.20568882, 44.82488502], [-118.20546321, 44.82510977], [-118.20536552, 44.82535482], [-118.2051496, 44.82568019], [-118.20458301, 44.82611872], [-118.20390277, 44.82649152], [-118.203447, 44.82667608], [-118.20315799, 44.82687242], [-118.20279389, 44.82700364], [-118.20250372, 44.82723649], [-118.20184743, 44.82766446], [-118.20175173, 44.8278456], [-118.20174828, 44.82795514], [-118.20188446, 44.8281217], [-118.20253198, 44.82878958], [-118.20261504, 44.82901009], [-118.20277433, 44.82925922], [-118.20281855, 44.82948825], [-118.20282874, 44.8299816], [-118.2027757, 44.83005697], [-118.20275673, 44.83048284], [-118.20286201, 44.83077428], [-118.20287095, 44.83190839], [-118.20292451, 44.83216438], [-118.20282215, 44.83224197], [-118.20261546, 44.83213163], [-118.20240773, 44.83191328], [-118.20215077, 44.83195199], [-118.20200364, 44.83208303], [-118.20231243, 44.83290514], [-118.20224436, 44.83343378], [-118.20226058, 44.83373543], [-118.20274345, 44.83412414], [-118.20258112, 44.83435989], [-118.20258192, 44.8344364], [-118.20247946, 44.83450949], [-118.20247384, 44.83458156], [-118.20282204, 44.83510898], [-118.2027537, 44.83549227], [-118.20286498, 44.83582416], [-118.20281902, 44.83608569], [-118.20290697, 44.83658886], [-118.20285213, 44.83708902], [-118.20311028, 44.83756339], [-118.20312231, 44.8377613], [-118.20307194, 44.83790585], [-118.20296957, 44.83798345], [-118.20297063, 44.83809146], [-118.203284, 44.83867326], [-118.20338971, 44.83904121], [-118.20339321, 44.83951376], [-118.20329474, 44.84006389], [-118.20309095, 44.84032259], [-118.20304134, 44.84057965], [-118.2030385, 44.84165988], [-118.20313386, 44.8418344], [-118.20325323, 44.84192766], [-118.20353343, 44.84285187], [-118.20352944, 44.84313547], [-118.20346584, 44.84334767], [-118.20338357, 44.84475279], [-118.20326064, 44.84507814], [-118.20328664, 44.84566298], [-118.20342816, 44.84592703], [-118.20404833, 44.84619954], [-118.20419476, 44.84631951], [-118.20435498, 44.84649335], [-118.20441121, 44.84666829], [-118.20543069, 44.84720212], [-118.20623631, 44.84754917], [-118.20672044, 44.84770609], [-118.20743685, 44.84830611], [-118.20784202, 44.84854487], [-118.20811281, 44.84912711], [-118.20828217, 44.84935935], [-118.20847618, 44.85075255], [-118.20863269, 44.85108845], [-118.20882598, 44.85168951], [-118.20896535, 44.85196258]]]}, "properties": {"zone_name": "US-OR-BAK-BAB-1247", "level": 1, "fire_name": "No named fire", "county": "Baker", "addresses": 1, "unmatched_addresses": 0, "unmatched_fraction_pct": 0, "geometry_source": "cached", "geometry_cache_age_days": 0, "overlapping_zips": [{"zip": "97814", "fraction_pct": 53.3}, {"zip": "97877", "fraction_pct": 46.7}]}}, {"type": "Feature", "geometry": {"type": "Polygon", "coordinates": [[[-118.29481096, 44.85943599], [-118.29495303, 44.85986503], [-118.29545294, 44.86046505], [-118.29585306, 44.86106508], [-118.29625303, 44.861865], [-118.29615308, 44.86266492], [-118.29545294, 44.863165], [-118.29445295, 44.86376502], [-118.29315295, 44.86436505], [-118.29245298, 44.86476501], [-118.29145299, 44.86536503], [-118.29075302, 44.86616496], [-118.28995293, 44.86656492], [-118.28915301, 44.86636502], [-118.28805308, 44.865765], [-118.286253, 44.86536503], [-118.28545308, 44.86536503], [-118.28405296, 44.86536503], [-118.28315293, 44.86536503], [-118.28265302, 44.86536503], [-118.28125307, 44.865765], [-118.28108293, 44.865826], [-118.28070001, 44.86596005], [-118.28069866, 44.86596053], [-118.28072618, 44.86593361], [-118.28069109, 44.86571474], [-118.28039632, 44.8656849], [-118.27983913, 44.86566997], [-118.27952331, 44.86561526], [-118.27882149, 44.86533173], [-118.27807756, 44.86501337], [-118.27715116, 44.86456071], [-118.2763581, 44.86438163], [-118.27510184, 44.86437168], [-118.27461758, 44.86437666], [-118.27367714, 44.86431696], [-118.27334783, 44.86434563], [-118.274042, 44.863991], [-118.27488063, 44.86392884], [-118.2759369, 44.86368302], [-118.278377, 44.863278], [-118.279663, 44.862729], [-118.27967146, 44.86261396], [-118.27968727, 44.86239888], [-118.27924242, 44.8620483], [-118.27839652, 44.86228113], [-118.27622186, 44.86214957], [-118.27582124, 44.86197402], [-118.27480651, 44.86198534], [-118.27444549, 44.86190463], [-118.27441848, 44.86097722], [-118.27473779, 44.86069359], [-118.274811, 44.86028], [-118.274297, 44.859914], [-118.274233, 44.859617], [-118.273944, 44.859342], [-118.27339598, 44.85904967], [-118.272819, 44.858908], [-118.272498, 44.858999], [-118.272016, 44.858633], [-118.271759, 44.858016], [-118.270988, 44.857467], [-118.270796, 44.856689], [-118.27021324, 44.85632112], [-118.2688205, 44.8555931], [-118.268774, 44.855505], [-118.2660379, 44.8534739], [-118.265239, 44.852412], [-118.26254, 44.851199], [-118.262412, 44.85097], [-118.260998, 44.849872], [-118.260452, 44.848569], [-118.259586, 44.847951], [-118.258688, 44.845596], [-118.257949, 44.844247], [-118.25756926, 44.84401691], [-118.255638, 44.841959], [-118.25551, 44.841205], [-118.254932, 44.84077], [-118.254418, 44.84061], [-118.253841, 44.839718], [-118.252299, 44.83862], [-118.251657, 44.83862], [-118.250934, 44.838774], [-118.250206, 44.838253], [-118.24953, 44.837178], [-118.2486822, 44.83630471], [-118.247664, 44.835008], [-118.247599, 44.834459], [-118.247212, 44.83359], [-118.247212, 44.833156], [-118.246084, 44.829842], [-118.245698, 44.828927], [-118.245697, 44.828606], [-118.243637, 44.825887], [-118.241323, 44.824311], [-118.24081049, 44.82409986], [-118.2395448, 44.8235539], [-118.237595, 44.822415], [-118.235666, 44.821021], [-118.232161, 44.816702], [-118.231487, 44.81629], [-118.22928477, 44.81563179], [-118.227118, 44.815194], [-118.225126, 44.814372], [-118.224258, 44.813915], [-118.223455, 44.813184], [-118.222298, 44.812475], [-118.220692, 44.811996], [-118.219889, 44.811996], [-118.216515, 44.811471], [-118.21893658, 44.81165981], [-118.219405, 44.8116278], [-118.22005365, 44.81152185], [-118.22031465, 44.81136154], [-118.22097678, 44.81086387], [-118.22129093, 44.81069397], [-118.22165334, 44.81056407], [-118.22225428, 44.81044512], [-118.22329988, 44.8103304], [-118.22393738, 44.81042709], [-118.22416228, 44.8105597], [-118.22438928, 44.8107733], [-118.22451992, 44.81095193], [-118.22472922, 44.81107571], [-118.2252375, 44.81107926], [-118.22637729, 44.81091399], [-118.22680428, 44.81079238], [-118.22807776, 44.81054014], [-118.22830779, 44.81028112], [-118.22828821, 44.81004729], [-118.22853579, 44.80957204], [-118.22899741, 44.80935103], [-118.22956256, 44.80924143], [-118.22992142, 44.80905753], [-118.23022846, 44.80883368], [-118.23048495, 44.80872289], [-118.23156416, 44.80849972], [-118.23192262, 44.80831582], [-118.23212702, 44.80809757], [-118.23309927, 44.80739845], [-118.23413962, 44.80689211], [-118.23436897, 44.8067141], [-118.23456465, 44.80651395], [-118.23506843, 44.80577037], [-118.23511907, 44.8056438], [-118.235257, 44.80555229], [-118.23546449, 44.80559055], [-118.23563244, 44.80566524], [-118.23662726, 44.8063791], [-118.2367394, 44.80663444], [-118.23689633, 44.80682177], [-118.23723159, 44.80708819], [-118.23798099, 44.80750314], [-118.23823655, 44.80759038], [-118.23842231, 44.8077954], [-118.23897191, 44.80806849], [-118.23928169, 44.80815964], [-118.23944736, 44.80827487], [-118.23945179, 44.80848186], [-118.23938527, 44.80875263], [-118.23939105, 44.80902261], [-118.23926923, 44.80925798], [-118.23940049, 44.80946359], [-118.23955681, 44.80952941], [-118.2401155, 44.80945132], [-118.24032183, 44.80945358], [-118.24052654, 44.80934334], [-118.24078338, 44.80926854], [-118.24114332, 44.80922862], [-118.24145236, 44.80926576], [-118.24181351, 44.80937435], [-118.24205889, 44.80950221], [-118.2425346, 44.80944302], [-118.24295565, 44.80945194], [-118.24339575, 44.80950116], [-118.24372428, 44.80967311], [-118.24419308, 44.80982553], [-118.244653, 44.81015357], [-118.24483551, 44.81020559], [-118.24510675, 44.81017563], [-118.24531796, 44.80988978], [-118.24548084, 44.8098745], [-118.24568103, 44.80992182], [-118.24586411, 44.81000084], [-118.24619492, 44.8104068], [-118.24663553, 44.81068104], [-118.24681622, 44.81059355], [-118.24686684, 44.81048498], [-118.24709886, 44.8102484], [-118.24728213, 44.80989534], [-118.2472376, 44.80960777], [-118.24730698, 44.80926945], [-118.24783273, 44.80902066], [-118.24798683, 44.80898297], [-118.24850086, 44.80890534], [-118.24914307, 44.80888931], [-118.24961715, 44.80919468], [-118.2498746, 44.80931338], [-118.2501886, 44.80928744], [-118.25034058, 44.80937129], [-118.2503897, 44.80955978], [-118.2503257, 44.81007358], [-118.25043361, 44.81022092], [-118.25103687, 44.81061488], [-118.25173876, 44.81094476], [-118.25186936, 44.81089832], [-118.25230458, 44.81145165], [-118.25222189, 44.81179462], [-118.25204766, 44.81205307], [-118.25196283, 44.81229705], [-118.25196653, 44.81246804], [-118.25202843, 44.81255288], [-118.25239345, 44.81278292], [-118.25244268, 44.81297591], [-118.2524216, 44.81339022], [-118.25221205, 44.81409914], [-118.25217392, 44.81441912], [-118.25233311, 44.81485395], [-118.25256856, 44.81534196], [-118.25269033, 44.81541714], [-118.25280957, 44.81539333], [-118.25291351, 44.81533818], [-118.25292629, 44.81523452], [-118.25304435, 44.81515671], [-118.25341798, 44.8150896], [-118.25368551, 44.81497865], [-118.25564096, 44.81522723], [-118.2564133, 44.81541228], [-118.25661914, 44.81551804], [-118.25692181, 44.81555072], [-118.25707293, 44.81561207], [-118.25732001, 44.81594241], [-118.25717582, 44.81620054], [-118.25703583, 44.81667016], [-118.25704491, 44.81708864], [-118.25696635, 44.81760259], [-118.25738535, 44.8182596], [-118.25775179, 44.81855263], [-118.25790322, 44.81862747], [-118.25799791, 44.81883797], [-118.25797834, 44.81931977], [-118.25792454, 44.81960841], [-118.25815531, 44.82000061], [-118.25832313, 44.82014796], [-118.2587583, 44.82076621], [-118.25887859, 44.82101996], [-118.25889658, 44.82130223], [-118.25906689, 44.82182848], [-118.2592093, 44.82214172], [-118.25948479, 44.82239523], [-118.25977138, 44.82246859], [-118.26014396, 44.82236996], [-118.26064698, 44.82205386], [-118.26070283, 44.82185971], [-118.26069588, 44.82154023], [-118.26092457, 44.82102462], [-118.26085561, 44.81992718], [-118.26074709, 44.81906422], [-118.26096684, 44.81882776], [-118.26136461, 44.81858033], [-118.26182533, 44.81813866], [-118.26218542, 44.81806717], [-118.26233953, 44.81806547], [-118.26305969, 44.81813853], [-118.26331781, 44.8182842], [-118.26415727, 44.81866199], [-118.26487697, 44.81934715], [-118.26532903, 44.81948618], [-118.26594597, 44.81944784], [-118.26620284, 44.81933697], [-118.26640833, 44.81929869], [-118.26676754, 44.81907867], [-118.26702362, 44.8188598], [-118.26722921, 44.81882601], [-118.26733068, 44.81846032], [-118.2673803, 44.8180547], [-118.26753236, 44.81758043], [-118.26791706, 44.81711708], [-118.26789712, 44.81689226], [-118.26808858, 44.8167191], [-118.26843344, 44.81672878], [-118.26864622, 44.81686144], [-118.26886206, 44.81711559], [-118.2689881, 44.81740224], [-118.26905783, 44.81784255], [-118.26916323, 44.81787288], [-118.26932841, 44.81787105], [-118.26952065, 44.81775189], [-118.26985742, 44.81737459], [-118.2700309, 44.81708461], [-118.270674, 44.81633033], [-118.27104563, 44.81617317], [-118.27212454, 44.81546804], [-118.27226085, 44.81483641], [-118.27233227, 44.81468709], [-118.27289858, 44.81452325], [-118.27338902, 44.81432425], [-118.27351792, 44.81405727], [-118.273527, 44.81378712], [-118.27359811, 44.8136063], [-118.27394305, 44.81360245], [-118.27430568, 44.81373793], [-118.27449998, 44.81371326], [-118.27522232, 44.81315161], [-118.27540031, 44.8130506], [-118.27571443, 44.81302909], [-118.27609099, 44.8130969], [-118.27641016, 44.81328687], [-118.27719489, 44.81351215], [-118.2775449, 44.81375578], [-118.27836997, 44.81419664], [-118.27916629, 44.81451629], [-118.27945257, 44.8145761], [-118.27963046, 44.81448859], [-118.27971498, 44.8142536], [-118.27963483, 44.81400695], [-118.27918638, 44.81340436], [-118.27915297, 44.81323371], [-118.27897071, 44.81314123], [-118.27869349, 44.81281127], [-118.27855011, 44.81242131], [-118.27829, 44.81218567], [-118.27795521, 44.81196887], [-118.27791366, 44.81144725], [-118.27780558, 44.81129543], [-118.27783603, 44.81063347], [-118.27768142, 44.81043266], [-118.27734585, 44.81016186], [-118.27724118, 44.80950141], [-118.27711353, 44.80916078], [-118.27673283, 44.80888598], [-118.27662446, 44.80873866], [-118.27654049, 44.80851456], [-118.27656536, 44.80831624], [-118.27666372, 44.80813511], [-118.27695132, 44.80791586], [-118.2772074, 44.80761144], [-118.27740788, 44.80742017], [-118.27785488, 44.80713612], [-118.27867339, 44.80647885], [-118.27864167, 44.80636669], [-118.27850624, 44.80619267], [-118.2789023, 44.80625125], [-118.27956566, 44.80651387], [-118.28151749, 44.80687458], [-118.28213332, 44.80695318], [-118.28298076, 44.80694367], [-118.28340537, 44.80697041], [-118.28380285, 44.80710998], [-118.28401029, 44.80723367], [-118.28427341, 44.80723071], [-118.28463956, 44.80727611], [-118.28558941, 44.80801706], [-118.28600377, 44.80845348], [-118.28621615, 44.80931525], [-118.2865248, 44.80924426], [-118.28675143, 44.80903917], [-118.28679395, 44.80885416], [-118.28664255, 44.80817624], [-118.28648822, 44.80798895], [-118.2864035, 44.80771535], [-118.2863857, 44.8069144], [-118.28644117, 44.80677876], [-118.28677139, 44.80652299], [-118.28707606, 44.80641604], [-118.28738333, 44.80642609], [-118.28745801, 44.80649726], [-118.28714173, 44.80673936], [-118.28705772, 44.80690684], [-118.28715633, 44.80739632], [-118.28730845, 44.80778617], [-118.28754155, 44.80815712], [-118.28765395, 44.80848441], [-118.28789757, 44.8086527], [-118.2882614, 44.80884213], [-118.28852157, 44.80914815], [-118.28859412, 44.8094086], [-118.2884653, 44.80968504], [-118.28846074, 44.80983725], [-118.28860332, 44.8100535], [-118.28917876, 44.81030355], [-118.28960096, 44.81041581], [-118.28990494, 44.81059691], [-118.29008168, 44.81099099], [-118.29020164, 44.81112466], [-118.29018994, 44.81127332], [-118.29002719, 44.81138318], [-118.28977534, 44.81146703], [-118.28907781, 44.81157392], [-118.28739758, 44.81247052], [-118.28721801, 44.81248154], [-118.28689973, 44.81242211], [-118.28636248, 44.81245067], [-118.2861848, 44.81254718], [-118.28602904, 44.81295401], [-118.28625074, 44.81348711], [-118.28727975, 44.81458273], [-118.28758966, 44.81502932], [-118.28775773, 44.81517595], [-118.28809567, 44.81519465], [-118.28848056, 44.81531633], [-118.28881601, 44.81556009], [-118.28901532, 44.81576038], [-118.28910871, 44.81590785], [-118.28916188, 44.81628982], [-118.2895502, 44.81688405], [-118.2899174, 44.81722197], [-118.29052244, 44.81744918], [-118.29061635, 44.81761915], [-118.29093656, 44.81774606], [-118.29138668, 44.817867], [-118.29251559, 44.81831332], [-118.29267651, 44.818298], [-118.29273606, 44.81823881], [-118.29196417, 44.81754991], [-118.29187046, 44.81737094], [-118.29178895, 44.81708381], [-118.29155819, 44.81682087], [-118.29144475, 44.81644858], [-118.29134514, 44.81467639], [-118.29138667, 44.81451839], [-118.29156394, 44.81438587], [-118.29246394, 44.8144072], [-118.29286976, 44.81445662], [-118.29319898, 44.81442139], [-118.29355452, 44.81423733], [-118.29433644, 44.81366138], [-118.29463039, 44.8133925], [-118.29483306, 44.81307065], [-118.29472352, 44.81285585], [-118.2947204, 44.81271636], [-118.29487258, 44.81215203], [-118.29493024, 44.81137274], [-118.29489631, 44.81052697], [-118.29505398, 44.81056906], [-118.29505398, 44.81146993], [-118.29495403, 44.81216806], [-118.29495403, 44.81286804], [-118.29495403, 44.81296799], [-118.29505398, 44.81306793], [-118.29515393, 44.813268], [-118.29555405, 44.81396797], [-118.29555405, 44.81466795], [-118.29585407, 44.81576805], [-118.29625403, 44.81608795], [-118.29635398, 44.81616801], [-118.29687495, 44.81620795], [-118.29792006, 44.81628801], [-118.29895397, 44.81636807], [-118.30015402, 44.81646802], [-118.30135407, 44.81666708], [-118.30265407, 44.81706704], [-118.30325393, 44.81766707], [-118.30415397, 44.81846699], [-118.30465404, 44.81856694], [-118.30605399, 44.81866705], [-118.30705397, 44.81896707], [-118.30755405, 44.81976699], [-118.30715392, 44.82036701], [-118.30695403, 44.82096704], [-118.30745394, 44.821367], [-118.30815408, 44.82126705], [-118.30915406, 44.82126705], [-118.30955402, 44.82156706], [-118.31055401, 44.82246693], [-118.31115403, 44.822667], [-118.31115403, 44.82306696], [-118.31065396, 44.82346692], [-118.31095397, 44.82426701], [-118.31055401, 44.82476708], [-118.31005393, 44.82506693], [-118.30975392, 44.82596697], [-118.30935396, 44.82716702], [-118.30880307, 44.82811101], [-118.30865399, 44.82836707], [-118.30875393, 44.82936705], [-118.30845392, 44.82996708], [-118.30828394, 44.83039094], [-118.30825402, 44.83046699], [-118.30825402, 44.83066705], [-118.30885405, 44.83086695], [-118.31015405, 44.83126707], [-118.31145405, 44.83176698], [-118.31255398, 44.83226706], [-118.31395393, 44.83276697], [-118.315754, 44.83306698], [-118.31655392, 44.83366701], [-118.31745396, 44.83446693], [-118.31795404, 44.83516707], [-118.31845395, 44.83566698], [-118.31865401, 44.83596699], [-118.31885407, 44.83606694], [-118.31895402, 44.836267], [-118.31855406, 44.83636695], [-118.31775397, 44.83656702], [-118.31665404, 44.83686703], [-118.315754, 44.83726699], [-118.314454, 44.83806708], [-118.31395393, 44.83846604], [-118.31295394, 44.83936607], [-118.31215402, 44.840166], [-118.31135393, 44.84056596], [-118.31005393, 44.84086597], [-118.30885405, 44.84126593], [-118.30745394, 44.84296606], [-118.30735399, 44.843066], [-118.30725404, 44.843066], [-118.30715392, 44.84316595], [-118.30705397, 44.84356608], [-118.30695403, 44.84366603], [-118.30655407, 44.84406599], [-118.30655407, 44.84476596], [-118.30675396, 44.84576595], [-118.30665401, 44.84676593], [-118.30595404, 44.84706595], [-118.30525407, 44.84736596], [-118.30295408, 44.848266], [-118.30195393, 44.84866596], [-118.30115401, 44.84916503], [-118.30005407, 44.85006507], [-118.29895397, 44.85046503], [-118.29765397, 44.85126495], [-118.29665399, 44.85186498], [-118.29545394, 44.85226494], [-118.29455407, 44.85266507], [-118.29425406, 44.85276501], [-118.29375398, 44.85296508], [-118.29365403, 44.85306503], [-118.29395404, 44.85356494], [-118.29425406, 44.85436502], [-118.29445395, 44.85526506], [-118.29445395, 44.85586492], [-118.29505398, 44.85646494], [-118.29505398, 44.85746493], [-118.29455407, 44.85826502], [-118.29465402, 44.85896499], [-118.29481096, 44.85943599]]]}, "properties": {"zone_name": "US-OR-BAK-SMT-McCullyForkHeadwaters", "level": 1, "fire_name": "No named fire", "county": "Baker", "addresses": 7, "unmatched_addresses": 1, "unmatched_fraction_pct": 8.1, "geometry_source": "cached", "geometry_cache_age_days": 0, "overlapping_zips": [{"zip": "97877", "fraction_pct": 91.9}]}}, {"type": "Feature", "geometry": {"type": "Polygon", "coordinates": [[[-118.28021799, 44.86613303], [-118.27984193, 44.86626507], [-118.27904702, 44.86646296], [-118.27795594, 44.86666202], [-118.27656201, 44.86676097], [-118.27576794, 44.86676097], [-118.27377198, 44.86725603], [-118.27337904, 44.86764797], [-118.27209592, 44.86814704], [-118.27172504, 44.86825802], [-118.27138793, 44.86834494], [-118.270882, 44.86864796], [-118.26987299, 44.86895499], [-118.26917402, 44.86925801], [-118.26816601, 44.86936297], [-118.26806105, 44.86936297], [-118.26785998, 44.86936297], [-118.26776404, 44.86936297], [-118.26766293, 44.86936598], [-118.26746203, 44.86936598], [-118.267157, 44.86896401], [-118.26694707, 44.86845892], [-118.266446, 44.86808403], [-118.26625295, 44.86796403], [-118.26587104, 44.86796002], [-118.26535208, 44.86796503], [-118.264852, 44.86766502], [-118.26475205, 44.86676498], [-118.26345205, 44.86636502], [-118.26285203, 44.86626507], [-118.26175193, 44.86616496], [-118.26155203, 44.86596506], [-118.26115207, 44.86556493], [-118.26005197, 44.86486496], [-118.25945194, 44.86436505], [-118.25875197, 44.86396492], [-118.258052, 44.86356496], [-118.25765204, 44.86346501], [-118.25685195, 44.86366508], [-118.25595208, 44.86416499], [-118.25495192, 44.864465], [-118.25425195, 44.86476501], [-118.254152, 44.86486496], [-118.25405205, 44.86496507], [-118.25395194, 44.86496507], [-118.25385801, 44.86501204], [-118.25375204, 44.86506502], [-118.25345203, 44.86506502], [-118.25315202, 44.86496507], [-118.25305207, 44.86486496], [-118.25245204, 44.86486496], [-118.25235193, 44.86476501], [-118.25175207, 44.86466506], [-118.25165196, 44.86466506], [-118.25155201, 44.86466506], [-118.25135194, 44.86466506], [-118.25125199, 44.86466506], [-118.25105193, 44.86451497], [-118.25085203, 44.864465], [-118.25075793, 44.86445998], [-118.25050205, 44.86444494], [-118.25045399, 44.86444193], [-118.25040594, 44.86443892], [-118.24977901, 44.86440199], [-118.24915207, 44.86436505], [-118.24776801, 44.86406805], [-118.24573093, 44.86370101], [-118.24379898, 44.86341103], [-118.236652, 44.86156499], [-118.23625204, 44.86196495], [-118.23525205, 44.86236508], [-118.23495204, 44.86256497], [-118.2328431, 44.86342089], [-118.23272192, 44.86347003], [-118.22805192, 44.86536503], [-118.22805192, 44.86576399], [-118.22795197, 44.86616395], [-118.22785203, 44.86666403], [-118.22785203, 44.86686393], [-118.22785203, 44.867364], [-118.22745207, 44.86806398], [-118.22775208, 44.86896401], [-118.22795197, 44.86966399], [-118.22825199, 44.87056402], [-118.22815204, 44.87136395], [-118.22795197, 44.87226398], [-118.22775208, 44.87286401], [-118.227252, 44.87316402], [-118.22665198, 44.87356398], [-118.22645208, 44.87396394], [-118.2263471, 44.87422598], [-118.22601326, 44.87421043], [-118.22526974, 44.87408694], [-118.22389366, 44.87425253], [-118.22342587, 44.87413683], [-118.22273939, 44.87420861], [-118.22206278, 44.87412894], [-118.22217275, 44.87399723], [-118.22303531, 44.87336689], [-118.22347527, 44.87320014], [-118.22358132, 44.87288395], [-118.22358598, 44.87250583], [-118.22364805, 44.87241065], [-118.22355821, 44.87211007], [-118.22331502, 44.87179762], [-118.22311191, 44.87169628], [-118.22286977, 44.87132081], [-118.22270714, 44.87116953], [-118.22167341, 44.87041997], [-118.22152786, 44.87019649], [-118.22144476, 44.86989582], [-118.2213153, 44.8698162], [-118.22039379, 44.86980805], [-118.22030211, 44.86971902], [-118.22025777, 44.86943594], [-118.22007575, 44.86930287], [-118.2197918, 44.86917538], [-118.2194945, 44.86905254], [-118.21837559, 44.86878094], [-118.21795206, 44.86873145], [-118.21767985, 44.86863534], [-118.21745955, 44.86843066], [-118.21691993, 44.86711318], [-118.21690102, 44.86681633], [-118.21682136, 44.86667766], [-118.21674331, 44.86661548], [-118.21642755, 44.86659184], [-118.21584376, 44.86644504], [-118.21567435, 44.86628932], [-118.21540362, 44.86558558], [-118.21533333, 44.86495172], [-118.21512401, 44.86455338], [-118.21512215, 44.86433286], [-118.21532635, 44.86407414], [-118.21555984, 44.86389162], [-118.21559357, 44.86367072], [-118.21543559, 44.86345637], [-118.21546572, 44.86306448], [-118.21543575, 44.86286226], [-118.21507274, 44.86264109], [-118.2148472, 44.86226093], [-118.21466239, 44.86137174], [-118.21457187, 44.86071559], [-118.21442684, 44.86051459], [-118.21417987, 44.86033719], [-118.21392827, 44.8599393], [-118.21389776, 44.85969208], [-118.21371523, 44.85953199], [-118.21365863, 44.85928505], [-118.21356567, 44.85911501], [-118.21343472, 44.85898138], [-118.21339912, 44.85788807], [-118.21347319, 44.85764874], [-118.21346984, 44.8572437], [-118.2133156, 44.85696179], [-118.21302852, 44.8566813], [-118.21298639, 44.85650171], [-118.21309834, 44.856352], [-118.21313736, 44.85577998], [-118.21307908, 44.85543404], [-118.21287162, 44.85531022], [-118.21259474, 44.8549126], [-118.21205666, 44.85456275], [-118.21198649, 44.85434746], [-118.21178336, 44.85405256], [-118.21140436, 44.85368752], [-118.21045366, 44.85319802], [-118.20990521, 44.8529563], [-118.20971025, 44.85280534], [-118.20957819, 44.8526177], [-118.209438, 44.85236264], [-118.20942006, 44.85222331], [-118.20910243, 44.85206915], [-118.20896535, 44.85196258], [-118.20882598, 44.85168951], [-118.20863269, 44.85108845], [-118.20847618, 44.85075255], [-118.20828217, 44.84935935], [-118.20811281, 44.84912711], [-118.20784202, 44.84854487], [-118.20743685, 44.84830611], [-118.20672044, 44.84770609], [-118.20623631, 44.84754917], [-118.20543069, 44.84720212], [-118.20441121, 44.84666829], [-118.20435498, 44.84649335], [-118.20419476, 44.84631951], [-118.20404833, 44.84619954], [-118.20342816, 44.84592703], [-118.20328664, 44.84566298], [-118.20326064, 44.84507814], [-118.20338357, 44.84475279], [-118.20346584, 44.84334767], [-118.20352944, 44.84313547], [-118.20353343, 44.84285187], [-118.20325323, 44.84192766], [-118.20313386, 44.8418344], [-118.2030385, 44.84165988], [-118.20304134, 44.84057965], [-118.20309095, 44.84032259], [-118.20329474, 44.84006389], [-118.20339321, 44.83951376], [-118.20338971, 44.83904121], [-118.203284, 44.83867326], [-118.20297063, 44.83809146], [-118.20296957, 44.83798345], [-118.20307194, 44.83790585], [-118.20312231, 44.8377613], [-118.20311028, 44.83756339], [-118.20285213, 44.83708902], [-118.20290697, 44.83658886], [-118.20281902, 44.83608569], [-118.20286498, 44.83582416], [-118.2027537, 44.83549227], [-118.20282204, 44.83510898], [-118.20247384, 44.83458156], [-118.20247946, 44.83450949], [-118.20258192, 44.8344364], [-118.20258112, 44.83435989], [-118.20274345, 44.83412414], [-118.20226058, 44.83373543], [-118.20224436, 44.83343378], [-118.20231243, 44.83290514], [-118.20200364, 44.83208303], [-118.20215077, 44.83195199], [-118.20240773, 44.83191328], [-118.20261546, 44.83213163], [-118.20282215, 44.83224197], [-118.20292451, 44.83216438], [-118.20287095, 44.83190839], [-118.20286201, 44.83077428], [-118.20275673, 44.83048284], [-118.2027757, 44.83005697], [-118.20282874, 44.8299816], [-118.20281855, 44.82948825], [-118.20277433, 44.82925922], [-118.20261504, 44.82901009], [-118.20253198, 44.82878958], [-118.20188446, 44.8281217], [-118.20174828, 44.82795514], [-118.20175173, 44.8278456], [-118.20184743, 44.82766446], [-118.20250372, 44.82723649], [-118.20279389, 44.82700364], [-118.20315799, 44.82687242], [-118.203447, 44.82667608], [-118.20390277, 44.82649152], [-118.20458301, 44.82611872], [-118.2051496, 44.82568019], [-118.20536552, 44.82535482], [-118.20546321, 44.82510977], [-118.20568882, 44.82488502], [-118.20578508, 44.82468562], [-118.20575599, 44.82438376], [-118.20583825, 44.82422067], [-118.20622974, 44.82403508], [-118.20658728, 44.82370282], [-118.20677462, 44.82346833], [-118.20694567, 44.82334317], [-118.207133, 44.82310868], [-118.20708562, 44.82298006], [-118.20683982, 44.82261998], [-118.20697318, 44.82246683], [-118.20728327, 44.82241694], [-118.20761648, 44.82244962], [-118.20793426, 44.82256425], [-118.20813526, 44.82271356], [-118.20843902, 44.8232755], [-118.20845698, 44.82352237], [-118.20855262, 44.82375222], [-118.20883612, 44.8241403], [-118.20898859, 44.82419751], [-118.20922389, 44.82407337], [-118.20935724, 44.82392022], [-118.2101722, 44.82334859], [-118.21044975, 44.82310638], [-118.21044497, 44.82297972], [-118.21030987, 44.82264751], [-118.21027733, 44.8224552], [-118.21033559, 44.82223693], [-118.21049378, 44.82211157], [-118.21079416, 44.82196105], [-118.2108764, 44.82179796], [-118.21081134, 44.82100234], [-118.2106709, 44.82015074], [-118.210372, 44.81943362], [-118.21030321, 44.81916767], [-118.21004913, 44.81866133], [-118.20990471, 44.81793753], [-118.20978481, 44.81766163], [-118.20972175, 44.81721311], [-118.20972947, 44.81696664], [-118.21002044, 44.81629539], [-118.21010782, 44.81596797], [-118.21038279, 44.81539693], [-118.21055297, 44.81488817], [-118.21057153, 44.8147058], [-118.21052615, 44.81451328], [-118.21051332, 44.81410209], [-118.21063097, 44.81362902], [-118.21086195, 44.81323081], [-118.21103412, 44.81265815], [-118.21106753, 44.81241208], [-118.21123169, 44.81209501], [-118.21127709, 44.81187653], [-118.21129167, 44.81141097], [-118.21112582, 44.81096082], [-118.21110871, 44.81068656], [-118.21119122, 44.81051433], [-118.21137764, 44.81030721], [-118.2118618, 44.81003174], [-118.2121135, 44.8096988], [-118.212692, 44.809871], [-118.21372, 44.810511], [-118.216515, 44.811471], [-118.219889, 44.811996], [-118.220692, 44.811996], [-118.222298, 44.812475], [-118.223455, 44.813184], [-118.224258, 44.813915], [-118.225126, 44.814372], [-118.227118, 44.815194], [-118.22928477, 44.81563179], [-118.231487, 44.81629], [-118.232161, 44.816702], [-118.235666, 44.821021], [-118.237595, 44.822415], [-118.2395448, 44.8235539], [-118.24081049, 44.82409986], [-118.241323, 44.824311], [-118.243637, 44.825887], [-118.245697, 44.828606], [-118.245698, 44.828927], [-118.246084, 44.829842], [-118.247212, 44.833156], [-118.247212, 44.83359], [-118.247599, 44.834459], [-118.247664, 44.835008], [-118.2486822, 44.83630471], [-118.24953, 44.837178], [-118.250206, 44.838253], [-118.250934, 44.838774], [-118.251657, 44.83862], [-118.252299, 44.83862], [-118.253841, 44.839718], [-118.254418, 44.84061], [-118.254932, 44.84077], [-118.25551, 44.841205], [-118.255638, 44.841959], [-118.25756926, 44.84401691], [-118.257949, 44.844247], [-118.258688, 44.845596], [-118.259586, 44.847951], [-118.260452, 44.848569], [-118.260998, 44.849872], [-118.262412, 44.85097], [-118.26254, 44.851199], [-118.265239, 44.852412], [-118.2660379, 44.8534739], [-118.268774, 44.855505], [-118.2688205, 44.8555931], [-118.27021324, 44.85632112], [-118.270796, 44.856689], [-118.270988, 44.857467], [-118.271759, 44.858016], [-118.272016, 44.858633], [-118.272498, 44.858999], [-118.272819, 44.858908], [-118.27339598, 44.85904967], [-118.273944, 44.859342], [-118.274233, 44.859617], [-118.274297, 44.859914], [-118.274811, 44.86028], [-118.27473779, 44.86069359], [-118.27441848, 44.86097722], [-118.27444549, 44.86190463], [-118.27480651, 44.86198534], [-118.27582124, 44.86197402], [-118.27622186, 44.86214957], [-118.27839652, 44.86228113], [-118.27924242, 44.8620483], [-118.27968727, 44.86239888], [-118.27967146, 44.86261396], [-118.279663, 44.862729], [-118.278377, 44.863278], [-118.2759369, 44.86368302], [-118.27488063, 44.86392884], [-118.274042, 44.863991], [-118.27334783, 44.86434563], [-118.27367714, 44.86431696], [-118.27461758, 44.86437666], [-118.27510184, 44.86437168], [-118.2763581, 44.86438163], [-118.27715116, 44.86456071], [-118.27807756, 44.86501337], [-118.27882149, 44.86533173], [-118.27952331, 44.86561526], [-118.27983913, 44.86566997], [-118.28039632, 44.8656849], [-118.28069109, 44.86571474], [-118.28072618, 44.86593361], [-118.28069866, 44.86596053], [-118.28021799, 44.86613303]]]}, "properties": {"zone_name": "US-OR-BAK-BAB-1246", "level": 1, "fire_name": "No named fire", "county": "Baker", "addresses": 1, "unmatched_addresses": 0, "unmatched_fraction_pct": 0.1, "geometry_source": "cached", "geometry_cache_age_days": 0, "overlapping_zips": [{"zip": "97877", "fraction_pct": 99.2}, {"zip": "97814", "fraction_pct": 0.6}]}}, {"type": "Feature", "geometry": {"type": "Polygon", "coordinates": [[[-118.39197275, 44.85474752], [-118.3919818, 44.8547724], [-118.3922166, 44.8549999], [-118.3926481, 44.8552625], [-118.3933149, 44.8556455], [-118.3939565, 44.8560416], [-118.3942836, 44.8563072], [-118.3944218, 44.8564993], [-118.3944546, 44.8566831], [-118.3944664, 44.8570223], [-118.3944617, 44.8572198], [-118.3945195, 44.8574723], [-118.3947038, 44.8577056], [-118.3950062, 44.8580074], [-118.3951544, 44.8582804], [-118.3951612, 44.8585962], [-118.3950867, 44.8589733], [-118.3951111, 44.8592844], [-118.3952733, 44.8596207], [-118.3955706, 44.8600167], [-118.3957567, 44.8603612], [-118.3958491, 44.8607095], [-118.3958717, 44.8609688], [-118.3958637, 44.8614106], [-118.3958905, 44.8616919], [-118.3959934, 44.8619421], [-118.3962616, 44.8621458], [-118.3965366, 44.8622269], [-118.3968937, 44.8622579], [-118.397253, 44.8622119], [-118.3975408, 44.8620739], [-118.3977378, 44.8618716], [-118.3981272, 44.8613151], [-118.3983701, 44.8610888], [-118.3985818, 44.8609694], [-118.3988872, 44.8608873], [-118.3992843, 44.8609001], [-118.3996023, 44.860994], [-118.3998319, 44.8611205], [-118.3999853, 44.8613093], [-118.4001462, 44.8615555], [-118.4006715, 44.8625769], [-118.4015321, 44.864179], [-118.4016912, 44.8645413], [-118.4020346, 44.8651561], [-118.4022395, 44.8653897], [-118.4025235, 44.8656004], [-118.4028484, 44.8657503], [-118.4038172, 44.8661314], [-118.4045832, 44.8664491], [-118.4051651, 44.866854], [-118.4054664, 44.867213], [-118.4062523, 44.8683276], [-118.4066518, 44.8691933], [-118.4067635, 44.8695796], [-118.4067521, 44.8701043], [-118.4066655, 44.8704977], [-118.4064603, 44.8710695], [-118.4058962, 44.8725382], [-118.4057, 44.8730138], [-118.405315, 44.873785], [-118.4048491, 44.8745021], [-118.4046647, 44.8749073], [-118.404554, 44.8752831], [-118.4044303, 44.8759321], [-118.4044011, 44.8766075], [-118.4044641, 44.877219], [-118.4047268, 44.878268], [-118.4049084, 44.8794746], [-118.4049718, 44.8805179], [-118.4050492, 44.8811726], [-118.4051087, 44.8817502], [-118.4051673, 44.882339], [-118.4052242, 44.8829557], [-118.4052572, 44.8833483], [-118.40527032, 44.88348086], [-118.404931, 44.883259], [-118.404504, 44.883082], [-118.404389, 44.882736], [-118.403986, 44.882347], [-118.403777, 44.882422], [-118.403695, 44.882409], [-118.403598, 44.882293], [-118.403477, 44.882317], [-118.403365, 44.882347], [-118.403314, 44.882287], [-118.403262, 44.882252], [-118.403044, 44.882277], [-118.402878, 44.882328], [-118.402756, 44.88226], [-118.402608, 44.882268], [-118.401409, 44.882253], [-118.400999, 44.882307], [-118.4007, 44.882228], [-118.400537, 44.882289], [-118.400307, 44.88241], [-118.399862, 44.882586], [-118.399503, 44.882695], [-118.399127, 44.882707], [-118.398521, 44.882616], [-118.397845, 44.882434], [-118.397262, 44.882094], [-118.397006, 44.881973], [-118.39663, 44.881912], [-118.39604, 44.881634], [-118.395502, 44.881355], [-118.395297, 44.881016], [-118.395092, 44.880925], [-118.394758, 44.88068], [-118.394476, 44.880529], [-118.393348, 44.879923], [-118.39269, 44.879288], [-118.392331, 44.878646], [-118.391509, 44.877742], [-118.391347, 44.877548], [-118.391116, 44.877445], [-118.390569, 44.877427], [-118.390464, 44.877218], [-118.389776, 44.877068], [-118.389009, 44.876824], [-118.387739, 44.876337], [-118.385437, 44.876393], [-118.384538, 44.876449], [-118.382897, 44.875905], [-118.382051, 44.875418], [-118.381389, 44.875324], [-118.379301, 44.875747], [-118.377952, 44.875766], [-118.376788, 44.875391], [-118.375465, 44.874828], [-118.374301, 44.87436], [-118.373243, 44.874322], [-118.372687, 44.874116], [-118.372211, 44.873722], [-118.371497, 44.873553], [-118.370597, 44.872672], [-118.369512, 44.872503], [-118.365994, 44.871491], [-118.364883, 44.871472], [-118.362078, 44.871866], [-118.359856, 44.871547], [-118.357855, 44.870868], [-118.357115, 44.870933], [-118.356282, 44.87122], [-118.354782, 44.871654], [-118.353874, 44.871572], [-118.351673, 44.870915], [-118.350939, 44.870683], [-118.34445, 44.870738], [-118.34362, 44.870655], [-118.343137, 44.870382], [-118.342172, 44.869109], [-118.341708, 44.868698], [-118.340627, 44.868192], [-118.339893, 44.868055], [-118.339024, 44.86837], [-118.338677, 44.868863], [-118.338213, 44.86941], [-118.337344, 44.869821], [-118.33605, 44.870163], [-118.334351, 44.869957], [-118.330566, 44.868561], [-118.32671425, 44.86858734], [-118.326313, 44.868054], [-118.325849, 44.867383], [-118.32596, 44.866688], [-118.325917, 44.866029], [-118.325874, 44.865815], [-118.326313, 44.86537], [-118.326399, 44.864979], [-118.326279, 44.864009], [-118.327777, 44.862789], [-118.330178, 44.861691], [-118.329472, 44.860263], [-118.329249, 44.859842], [-118.32918, 44.858457], [-118.328706, 44.856968], [-118.328276, 44.85634], [-118.328155, 44.856224], [-118.327846, 44.85587], [-118.327982, 44.855742], [-118.328491, 44.855763], [-118.3284628, 44.85566067], [-118.328821, 44.855597], [-118.329122, 44.855824], [-118.330044, 44.855811], [-118.330759, 44.855424], [-118.331041, 44.854744], [-118.332171, 44.854103], [-118.332886, 44.853957], [-118.334504, 44.854117], [-118.335257, 44.854544], [-118.336386, 44.855077], [-118.33838, 44.856238], [-118.339509, 44.856731], [-118.341146, 44.856891], [-118.342859, 44.856851], [-118.344571, 44.856705], [-118.345738, 44.856651], [-118.346923, 44.856465], [-118.348128, 44.856251], [-118.349106, 44.856465], [-118.350329, 44.856625], [-118.352738, 44.857051], [-118.356445, 44.857212], [-118.357574, 44.857678], [-118.358571, 44.857838], [-118.361244, 44.857999], [-118.362881, 44.857852], [-118.364518, 44.857132], [-118.367472, 44.856611], [-118.368733, 44.856651], [-118.371744, 44.856811], [-118.372647, 44.857145], [-118.373531, 44.857398], [-118.374999, 44.857278], [-118.375526, 44.857011], [-118.376109, 44.856705], [-118.377125, 44.856478], [-118.378085, 44.856545], [-118.37897, 44.857105], [-118.379534, 44.857492], [-118.380117, 44.857078], [-118.380851, 44.856144], [-118.381322, 44.856118], [-118.382827, 44.856304], [-118.383674, 44.855984], [-118.384897, 44.856024], [-118.386196, 44.855477], [-118.387287, 44.855211], [-118.387776, 44.855117], [-118.38994, 44.854997], [-118.39186, 44.854797], [-118.39197275, 44.85474752]]]}, "properties": {"zone_name": "US-OR-GRA-GRN-043-N", "level": 1, "fire_name": "No named fire", "county": "Grant", "addresses": 2, "unmatched_addresses": 0, "unmatched_fraction_pct": 0, "geometry_source": "cached", "geometry_cache_age_days": 0, "overlapping_zips": [{"zip": "97877", "fraction_pct": 100.0}]}}, {"type": "Feature", "geometry": {"type": "Polygon", "coordinates": [[[-118.27588111, 44.80625386], [-118.27590708, 44.80629373], [-118.27605425, 44.8063551], [-118.27753999, 44.80611796], [-118.27800914, 44.80617572], [-118.27850624, 44.80619267], [-118.27864167, 44.80636669], [-118.27867339, 44.80647885], [-118.27785488, 44.80713612], [-118.27740788, 44.80742017], [-118.2772074, 44.80761144], [-118.27695132, 44.80791586], [-118.27666372, 44.80813511], [-118.27656536, 44.80831624], [-118.27654049, 44.80851456], [-118.27662446, 44.80873866], [-118.27673283, 44.80888598], [-118.27711353, 44.80916078], [-118.27724118, 44.80950141], [-118.27734585, 44.81016186], [-118.27768142, 44.81043266], [-118.27783603, 44.81063347], [-118.27780558, 44.81129543], [-118.27791366, 44.81144725], [-118.27795521, 44.81196887], [-118.27829, 44.81218567], [-118.27855011, 44.81242131], [-118.27869349, 44.81281127], [-118.27897071, 44.81314123], [-118.27915297, 44.81323371], [-118.27918638, 44.81340436], [-118.27963483, 44.81400695], [-118.27971498, 44.8142536], [-118.27963046, 44.81448859], [-118.27945257, 44.8145761], [-118.27916629, 44.81451629], [-118.27836997, 44.81419664], [-118.2775449, 44.81375578], [-118.27719489, 44.81351215], [-118.27641016, 44.81328687], [-118.27609099, 44.8130969], [-118.27571443, 44.81302909], [-118.27540031, 44.8130506], [-118.27522232, 44.81315161], [-118.27449998, 44.81371326], [-118.27430568, 44.81373793], [-118.27394305, 44.81360245], [-118.27359811, 44.8136063], [-118.273527, 44.81378712], [-118.27351792, 44.81405727], [-118.27338902, 44.81432425], [-118.27289858, 44.81452325], [-118.27233227, 44.81468709], [-118.27226085, 44.81483641], [-118.27212454, 44.81546804], [-118.27104563, 44.81617317], [-118.270674, 44.81633033], [-118.2700309, 44.81708461], [-118.26985742, 44.81737459], [-118.26952065, 44.81775189], [-118.26932841, 44.81787105], [-118.26916323, 44.81787288], [-118.26905783, 44.81784255], [-118.2689881, 44.81740224], [-118.26886206, 44.81711559], [-118.26864622, 44.81686144], [-118.26843344, 44.81672878], [-118.26808858, 44.8167191], [-118.26789712, 44.81689226], [-118.26791706, 44.81711708], [-118.26753236, 44.81758043], [-118.2673803, 44.8180547], [-118.26733068, 44.81846032], [-118.26722921, 44.81882601], [-118.26702362, 44.8188598], [-118.26676754, 44.81907867], [-118.26640833, 44.81929869], [-118.26620284, 44.81933697], [-118.26594597, 44.81944784], [-118.26532903, 44.81948618], [-118.26487697, 44.81934715], [-118.26415727, 44.81866199], [-118.26331781, 44.8182842], [-118.26305969, 44.81813853], [-118.26233953, 44.81806547], [-118.26218542, 44.81806717], [-118.26182533, 44.81813866], [-118.26136461, 44.81858033], [-118.26096684, 44.81882776], [-118.26074709, 44.81906422], [-118.26085561, 44.81992718], [-118.26092457, 44.82102462], [-118.26069588, 44.82154023], [-118.26070283, 44.82185971], [-118.26064698, 44.82205386], [-118.26014396, 44.82236996], [-118.25977138, 44.82246859], [-118.25948479, 44.82239523], [-118.2592093, 44.82214172], [-118.25906689, 44.82182848], [-118.25889658, 44.82130223], [-118.25887859, 44.82101996], [-118.2587583, 44.82076621], [-118.25832313, 44.82014796], [-118.25815531, 44.82000061], [-118.25792454, 44.81960841], [-118.25797834, 44.81931977], [-118.25799791, 44.81883797], [-118.25790322, 44.81862747], [-118.25775179, 44.81855263], [-118.25738535, 44.8182596], [-118.25696635, 44.81760259], [-118.25704491, 44.81708864], [-118.25703583, 44.81667016], [-118.25717582, 44.81620054], [-118.25732001, 44.81594241], [-118.25707293, 44.81561207], [-118.25692181, 44.81555072], [-118.25661914, 44.81551804], [-118.2564133, 44.81541228], [-118.25564096, 44.81522723], [-118.25368551, 44.81497865], [-118.25341798, 44.8150896], [-118.25304435, 44.81515671], [-118.25292629, 44.81523452], [-118.25291351, 44.81533818], [-118.25280957, 44.81539333], [-118.25269033, 44.81541714], [-118.25256856, 44.81534196], [-118.25233311, 44.81485395], [-118.25217392, 44.81441912], [-118.25221205, 44.81409914], [-118.2524216, 44.81339022], [-118.25244268, 44.81297591], [-118.25239345, 44.81278292], [-118.25202843, 44.81255288], [-118.25196653, 44.81246804], [-118.25196283, 44.81229705], [-118.25204766, 44.81205307], [-118.25222189, 44.81179462], [-118.25230458, 44.81145165], [-118.25186936, 44.81089832], [-118.25173876, 44.81094476], [-118.25103687, 44.81061488], [-118.25043361, 44.81022092], [-118.2503257, 44.81007358], [-118.2503897, 44.80955978], [-118.25034058, 44.80937129], [-118.2501886, 44.80928744], [-118.2498746, 44.80931338], [-118.24961715, 44.80919468], [-118.24923313, 44.80894732], [-118.249662, 44.808491], [-118.249969, 44.808252], [-118.250566, 44.808078], [-118.251057, 44.808089], [-118.251609, 44.807839], [-118.252942, 44.80773], [-118.254811, 44.807067], [-118.255762, 44.806338], [-118.256359, 44.805153], [-118.256651, 44.803946], [-118.256298, 44.803609], [-118.255762, 44.803413], [-118.254413, 44.803598], [-118.254122, 44.803446], [-118.253754, 44.802978], [-118.253402, 44.802859], [-118.252681, 44.802804], [-118.252543, 44.802543], [-118.253049, 44.801064], [-118.253892, 44.799977], [-118.25452, 44.799161], [-118.25452, 44.798683], [-118.253907, 44.797726], [-118.253509, 44.797356], [-118.253417, 44.797106], [-118.252896, 44.796976], [-118.252666, 44.797106], [-118.251685, 44.797258], [-118.251057, 44.797585], [-118.24966139, 44.79668682], [-118.249718, 44.796662], [-118.250188, 44.796717], [-118.251033, 44.79684], [-118.251503, 44.796662], [-118.251659, 44.796406], [-118.251534, 44.796129], [-118.251659, 44.795684], [-118.252332, 44.795273], [-118.253475, 44.795051], [-118.255197, 44.795407], [-118.255854, 44.796251], [-118.25598, 44.797373], [-118.256731, 44.797861], [-118.256731, 44.798472], [-118.256548, 44.799364], [-118.256516, 44.80003], [-118.255765, 44.80073], [-118.255655, 44.801085], [-118.256375, 44.801063], [-118.257456, 44.801052], [-118.258504, 44.800608], [-118.258958, 44.800597], [-118.25924, 44.801241], [-118.259647, 44.801741], [-118.260367, 44.802018], [-118.260774, 44.802596], [-118.261416, 44.803707], [-118.261447, 44.804218], [-118.261525, 44.805006], [-118.26237, 44.805073], [-118.26273, 44.804084], [-118.262792, 44.803529], [-118.262989, 44.80287], [-118.264036, 44.802863], [-118.26436, 44.802988], [-118.265092, 44.802712], [-118.266037, 44.802732], [-118.266778, 44.803001], [-118.268815, 44.803071], [-118.269667, 44.803157], [-118.270158, 44.803781], [-118.270733, 44.804701], [-118.271224, 44.805535], [-118.271779, 44.8061], [-118.272946, 44.806527], [-118.274318, 44.806441], [-118.274892, 44.806431], [-118.275392, 44.806289], [-118.275841, 44.806285], [-118.27588111, 44.80625386]]]}, "properties": {"zone_name": "US-OR-BAK-BAB-1347-C", "level": 1, "fire_name": "No named fire", "county": "Baker", "addresses": 1, "unmatched_addresses": 0, "unmatched_fraction_pct": 32.1, "geometry_source": "cached", "geometry_cache_age_days": 0, "overlapping_zips": [{"zip": "97877", "fraction_pct": 67.9}]}}, {"type": "Feature", "geometry": {"type": "Polygon", "coordinates": [[[-118.06425764, 45.98894864], [-118.05980583, 45.99011737], [-118.05790824, 45.99259904], [-118.05307834, 45.99615151], [-118.0528923, 45.99871045], [-118.04942488, 46.00061142], [-118.04925203, 46.00061196], [-118.04547129, 46.00060439], [-118.0440771, 46.0006016], [-118.03926721, 46.00059193], [-118.03977642, 45.9999365], [-118.04000273, 45.99943343], [-118.03943695, 45.99806567], [-118.04018378, 45.99676077], [-118.03974837, 45.99495117], [-118.03861681, 45.99359903], [-118.03739472, 45.9924827], [-118.03724174, 45.99214023], [-118.0424198, 45.98980171], [-118.04811347, 45.98873083], [-118.05083952, 45.98892872], [-118.05318311, 45.98830678], [-118.05651365, 45.98827136], [-118.059435, 45.98846359], [-118.06037081, 45.98816959], [-118.06251096, 45.98811305], [-118.06382109, 45.98807913], [-118.06425764, 45.98894864]]]}, "properties": {"zone_name": "US-OR-UMA-UMC-1406043-C", "level": 2, "fire_name": "No named fire", "county": "Umatilla", "addresses": 4, "unmatched_addresses": 0, "unmatched_fraction_pct": 0, "geometry_source": "cached", "geometry_cache_age_days": 0, "overlapping_zips": [{"zip": "99362", "fraction_pct": 100.0}]}}, {"type": "Feature", "geometry": {"type": "Polygon", "coordinates": [[[-118.40527032, 44.88348086], [-118.4052912, 44.8836918], [-118.405316, 44.8839314], [-118.4053677, 44.8846191], [-118.4053244, 44.8850412], [-118.4051161, 44.8855669], [-118.4047125, 44.886102], [-118.3997534, 44.8919834], [-118.399158, 44.892678], [-118.3984814, 44.8939096], [-118.3983029, 44.8944154], [-118.3981748, 44.894917], [-118.3980668, 44.8954086], [-118.398018, 44.895917], [-118.3980314, 44.8965217], [-118.3980803, 44.897095], [-118.3981971, 44.8977069], [-118.3983371, 44.8984469], [-118.3983284, 44.898782], [-118.3982061, 44.8991584], [-118.3979831, 44.8995894], [-118.3975661, 44.9002215], [-118.3973033, 44.9006807], [-118.3971334, 44.9011197], [-118.3968258, 44.9020534], [-118.3966464, 44.9024569], [-118.3964801, 44.9027145], [-118.3959896, 44.9032645], [-118.3957792, 44.9035626], [-118.3956075, 44.9039429], [-118.3953635, 44.9050387], [-118.3952759, 44.9054447], [-118.3950303, 44.9062512], [-118.394838, 44.9068196], [-118.394458, 44.9077324], [-118.3943772, 44.9080759], [-118.3943671, 44.908294], [-118.3944513, 44.9088259], [-118.3945806, 44.9090654], [-118.394725, 44.9092548], [-118.3955093, 44.9100867], [-118.3958502, 44.9105085], [-118.3962309, 44.9108899], [-118.3966353, 44.9111176], [-118.3976061, 44.9115498], [-118.3988588, 44.9120419], [-118.3994954, 44.912303], [-118.3998068, 44.9124505], [-118.3999946, 44.9126232], [-118.4001584, 44.9128322], [-118.4002646, 44.9129921], [-118.40065296, 44.91359466], [-118.398686, 44.914066], [-118.39799, 44.91413], [-118.397089, 44.914025], [-118.392638, 44.913362], [-118.391223, 44.913015], [-118.389329, 44.912764], [-118.387344, 44.912166], [-118.386568, 44.91211], [-118.385038, 44.912417], [-118.384023, 44.912522], [-118.382847, 44.91232], [-118.379858, 44.911213], [-118.379254, 44.91127], [-118.376709, 44.912255], [-118.37629943, 44.91233963], [-118.376539, 44.911855], [-118.376254, 44.911718], [-118.375711, 44.911635], [-118.374947, 44.911461], [-118.374896, 44.911149], [-118.374482, 44.910902], [-118.37399, 44.910801], [-118.373395, 44.910563], [-118.373149, 44.910572], [-118.372787, 44.910128], [-118.372212, 44.909528], [-118.371611, 44.908785], [-118.370346, 44.907553], [-118.36878, 44.906179], [-118.367946, 44.905609], [-118.367371, 44.905253], [-118.366121, 44.90454], [-118.365891, 44.904276], [-118.365561, 44.903604], [-118.365216, 44.902963], [-118.364454, 44.902006], [-118.36375, 44.901059], [-118.363017, 44.900408], [-118.362701, 44.900123], [-118.362356, 44.899593], [-118.361666, 44.898789], [-118.361249, 44.898473], [-118.360789, 44.89774], [-118.360617, 44.897079], [-118.360459, 44.896641], [-118.359712, 44.896122], [-118.358849, 44.895959], [-118.357944, 44.895938], [-118.357225, 44.895888], [-118.356507, 44.895949], [-118.35586, 44.895898], [-118.355156, 44.895857], [-118.353747, 44.895908], [-118.352986, 44.895867], [-118.35244, 44.895776], [-118.35185, 44.895552], [-118.350255, 44.894462], [-118.349723, 44.894299], [-118.348229, 44.893475], [-118.347467, 44.893047], [-118.346821, 44.892742], [-118.346375, 44.892599], [-118.346102, 44.892446], [-118.344967, 44.89154], [-118.344564, 44.891286], [-118.343965, 44.891118], [-118.343375, 44.891088], [-118.342887, 44.890955], [-118.342513, 44.891077], [-118.341895, 44.891159], [-118.341004, 44.89122], [-118.340429, 44.891108], [-118.339869, 44.891139], [-118.338963, 44.891312], [-118.338719, 44.891179], [-118.338518, 44.891149], [-118.33813, 44.891505], [-118.337627, 44.891312], [-118.337397, 44.891505], [-118.336908, 44.891607], [-118.337081, 44.892035], [-118.336578, 44.892197], [-118.335945, 44.892309], [-118.335744, 44.891912], [-118.334939, 44.892035], [-118.334436, 44.892035], [-118.334149, 44.892197], [-118.333847, 44.892136], [-118.333603, 44.892432], [-118.333301, 44.892564], [-118.3331, 44.892289], [-118.333359, 44.891943], [-118.333129, 44.8918], [-118.328688, 44.893338], [-118.326848, 44.893551], [-118.325799, 44.893837], [-118.325109, 44.892818], [-118.320933, 44.894049], [-118.319927, 44.892614], [-118.322859, 44.891789], [-118.321263, 44.88962], [-118.326552, 44.888001], [-118.325877, 44.886912], [-118.329226, 44.885721], [-118.332157, 44.883918], [-118.332948, 44.883857], [-118.332991, 44.883552], [-118.332524, 44.882241], [-118.332231, 44.881771], [-118.332057, 44.881475], [-118.331854, 44.880971], [-118.331645, 44.880832], [-118.331582, 44.880669], [-118.331401, 44.880471], [-118.331345, 44.880392], [-118.331324, 44.880199], [-118.331296, 44.880095], [-118.331052, 44.879893], [-118.331038, 44.879764], [-118.331087, 44.879522], [-118.331045, 44.878785], [-118.330228, 44.8788], [-118.330075, 44.878162], [-118.330417, 44.876921], [-118.330693, 44.876486], [-118.331095, 44.87555], [-118.331033, 44.875358], [-118.330852, 44.874959], [-118.33065, 44.874711], [-118.330608, 44.874417], [-118.329918, 44.872867], [-118.329748, 44.872709], [-118.32892, 44.871603], [-118.329068, 44.870956], [-118.328666, 44.870666], [-118.32805, 44.8705], [-118.327784, 44.870244], [-118.32771, 44.869921], [-118.326717, 44.868591], [-118.32671425, 44.86858734], [-118.330566, 44.868561], [-118.334351, 44.869957], [-118.33605, 44.870163], [-118.337344, 44.869821], [-118.338213, 44.86941], [-118.338677, 44.868863], [-118.339024, 44.86837], [-118.339893, 44.868055], [-118.340627, 44.868192], [-118.341708, 44.868698], [-118.342172, 44.869109], [-118.343137, 44.870382], [-118.34362, 44.870655], [-118.34445, 44.870738], [-118.350939, 44.870683], [-118.351673, 44.870915], [-118.353874, 44.871572], [-118.354782, 44.871654], [-118.356282, 44.87122], [-118.357115, 44.870933], [-118.357855, 44.870868], [-118.359856, 44.871547], [-118.362078, 44.871866], [-118.364883, 44.871472], [-118.365994, 44.871491], [-118.369512, 44.872503], [-118.370597, 44.872672], [-118.371497, 44.873553], [-118.372211, 44.873722], [-118.372687, 44.874116], [-118.373243, 44.874322], [-118.374301, 44.87436], [-118.375465, 44.874828], [-118.376788, 44.875391], [-118.377952, 44.875766], [-118.379301, 44.875747], [-118.381389, 44.875324], [-118.382051, 44.875418], [-118.382897, 44.875905], [-118.384538, 44.876449], [-118.385437, 44.876393], [-118.387739, 44.876337], [-118.389009, 44.876824], [-118.389776, 44.877068], [-118.390464, 44.877218], [-118.390569, 44.877427], [-118.391116, 44.877445], [-118.391347, 44.877548], [-118.391509, 44.877742], [-118.392331, 44.878646], [-118.39269, 44.879288], [-118.393348, 44.879923], [-118.394476, 44.880529], [-118.394758, 44.88068], [-118.395092, 44.880925], [-118.395297, 44.881016], [-118.395502, 44.881355], [-118.39604, 44.881634], [-118.39663, 44.881912], [-118.397006, 44.881973], [-118.397262, 44.882094], [-118.397845, 44.882434], [-118.398521, 44.882616], [-118.399127, 44.882707], [-118.399503, 44.882695], [-118.399862, 44.882586], [-118.400307, 44.88241], [-118.400537, 44.882289], [-118.4007, 44.882228], [-118.400999, 44.882307], [-118.401409, 44.882253], [-118.402608, 44.882268], [-118.402756, 44.88226], [-118.402878, 44.882328], [-118.403044, 44.882277], [-118.403262, 44.882252], [-118.403314, 44.882287], [-118.403365, 44.882347], [-118.403477, 44.882317], [-118.403598, 44.882293], [-118.403695, 44.882409], [-118.403777, 44.882422], [-118.403986, 44.882347], [-118.404389, 44.882736], [-118.404504, 44.883082], [-118.404931, 44.883259], [-118.40527032, 44.88348086]]]}, "properties": {"zone_name": "US-OR-GRA-GRN-043-L", "level": 2, "fire_name": "No named fire", "county": "Grant", "addresses": 2, "unmatched_addresses": 0, "unmatched_fraction_pct": 0, "geometry_source": "cached", "geometry_cache_age_days": 0, "overlapping_zips": [{"zip": "97877", "fraction_pct": 100.0}]}}, {"type": "Feature", "geometry": {"type": "Polygon", "coordinates": [[[-118.0663173, 45.72425404], [-118.06647107, 45.73217804], [-118.06658004, 45.73759197], [-118.06676105, 45.74644994], [-118.06673297, 45.74976094], [-118.06664907, 45.75526897], [-118.06645904, 45.767814], [-118.06644603, 45.76955049], [-118.06548263, 45.76897965], [-118.06478837, 45.76854958], [-118.06435301, 45.7682071], [-118.06377819, 45.76742037], [-118.06358576, 45.76704412], [-118.06351123, 45.76673879], [-118.06350802, 45.76597602], [-118.0636731, 45.76518912], [-118.06377198, 45.76442762], [-118.06380267, 45.76350474], [-118.06377423, 45.76308646], [-118.06363394, 45.76268272], [-118.06363021, 45.76250724], [-118.06291887, 45.76153276], [-118.06228949, 45.76102106], [-118.06137608, 45.76047149], [-118.06015007, 45.76005084], [-118.05802913, 45.75948094], [-118.05696075, 45.75906329], [-118.05611521, 45.75863456], [-118.0559962, 45.75854566], [-118.05525301, 45.757862], [-118.05497898, 45.75755399], [-118.05421186, 45.75693747], [-118.05334105, 45.75616692], [-118.05287567, 45.75567166], [-118.05178753, 45.75462407], [-118.05138684, 45.75410571], [-118.05056282, 45.7532762], [-118.05001573, 45.75264217], [-118.04941653, 45.75203561], [-118.04912861, 45.75180873], [-118.04659674, 45.7493072], [-118.04559216, 45.7482453], [-118.04511952, 45.74784909], [-118.04458921, 45.74726889], [-118.04350269, 45.74622572], [-118.0429044, 45.74568214], [-118.04243294, 45.74532641], [-118.04198242, 45.74501549], [-118.04140737, 45.7446832], [-118.04035266, 45.74394125], [-118.03989964, 45.74347283], [-118.03918827, 45.74252522], [-118.03858711, 45.74154059], [-118.03762977, 45.74041069], [-118.03674604, 45.7395608], [-118.03582799, 45.73854499], [-118.03551701, 45.738111], [-118.034182, 45.73575599], [-118.0330983, 45.73454273], [-118.03255981, 45.73409305], [-118.03135855, 45.73327133], [-118.03017419, 45.73257996], [-118.03014496, 45.73259987], [-118.02958446, 45.73228434], [-118.02956358, 45.72895254], [-118.03137057, 45.72736447], [-118.03160661, 45.72540954], [-118.03462896, 45.72386259], [-118.0373409, 45.72403604], [-118.03885618, 45.72400837], [-118.04236616, 45.72313443], [-118.04443384, 45.72287819], [-118.0477744, 45.72442775], [-118.04910936, 45.72371293], [-118.05048571, 45.72376601], [-118.05376272, 45.7224893], [-118.05569682, 45.72166559], [-118.05856066, 45.72199946], [-118.06004937, 45.72140201], [-118.06118296, 45.72008185], [-118.06628651, 45.72425552], [-118.0663173, 45.72425404]]]}, "properties": {"zone_name": "US-OR-UNI-UCO-140618N", "level": 3, "fire_name": "No named fire", "county": "Union", "addresses": 42, "unmatched_addresses": 13, "unmatched_fraction_pct": 31.3, "geometry_source": "cached", "geometry_cache_age_days": 0, "overlapping_zips": [{"zip": "97827", "fraction_pct": 68.1}, {"zip": "97886", "fraction_pct": 0.6}]}}, {"type": "Feature", "geometry": {"type": "Polygon", "coordinates": [[[-122.006866792286, 44.8316916823164], [-122.006933617061, 44.8316504882092], [-122.006967515887, 44.8316295910853], [-122.007104753309, 44.8315449889358], [-122.007268815325, 44.8314449491658], [-122.007342479873, 44.8313862271396], [-122.007386857546, 44.8317062711722], [-122.00748762786, 44.832006641515], [-122.007678327618, 44.8323202414153], [-122.007861217424, 44.8325907815065], [-122.007938298265, 44.8327834511199], [-122.00799379798, 44.8330365414275], [-122.007974308131, 44.8332867314073], [-122.008014159194, 44.833469811117], [-122.00816847898, 44.833784970823], [-122.00850694801, 44.8342844105726], [-122.008722148419, 44.8345275915542], [-122.008803609446, 44.8345697716481], [-122.008833668872, 44.8345853312553], [-122.008999668553, 44.8347395415472], [-122.009109429206, 44.8348093611045], [-122.009383958848, 44.8349868415658], [-122.009572049001, 44.8350995610114], [-122.009720088665, 44.8351579212434], [-122.010093059289, 44.8352681916169], [-122.010445299492, 44.8354666014418], [-122.010672659497, 44.8356062208734], [-122.010831019007, 44.8356731014261], [-122.010836328949, 44.8356753412024], [-122.011172659089, 44.8357093104965], [-122.011250699331, 44.8357082511262], [-122.01128367918, 44.8357078007505], [-122.011342349948, 44.8357070012858], [-122.011488089925, 44.8356776612437], [-122.011515469676, 44.8356646614943], [-122.011678399814, 44.8355873012353], [-122.011859959215, 44.8354532111476], [-122.01199798985, 44.8354239811819], [-122.012167519012, 44.8354161705962], [-122.012391159992, 44.8354187409995], [-122.012723879803, 44.8354636602913], [-122.012941708683, 44.8355320705078], [-122.013082349823, 44.835601531097], [-122.01328692945, 44.8357705813058], [-122.013350329848, 44.8358229604926], [-122.013494569638, 44.8360295509308], [-122.013613050238, 44.836137711104], [-122.013776520263, 44.8361959212223], [-122.014017390032, 44.8362639910392], [-122.014235580035, 44.8363488811998], [-122.014352169681, 44.8364322908111], [-122.014416320172, 44.836478180761], [-122.014576320005, 44.8366955305438], [-122.014866410265, 44.837171831258], [-122.014950329981, 44.8372736510746], [-122.014973190308, 44.8373013812269], [-122.01512139077, 44.8374811905439], [-122.01535159035, 44.8377304713368], [-122.01557192014, 44.8378976514397], [-122.01591714989, 44.8381235303537], [-122.016066510077, 44.8382312209526], [-122.016138120178, 44.8383125913668], [-122.016147350368, 44.8383728102787], [-122.016125820446, 44.838433480756], [-122.01601950034, 44.8384952213174], [-122.015867030185, 44.8385631310811], [-122.015775160379, 44.838586280642], [-122.015605421012, 44.8385831109707], [-122.01545096019, 44.83857421092], [-122.015320649677, 44.8386033303621], [-122.015169491062, 44.8387205908446], [-122.015019149914, 44.838870710795], [-122.014968210048, 44.8389866712791], [-122.014957181431, 44.8391514010758], [-122.015017479946, 44.8393920205939], [-122.015123270046, 44.8395991708819], [-122.015296970984, 44.8397559615342], [-122.015462091215, 44.8398744210107], [-122.015573021474, 44.839988171078], [-122.015597960503, 44.8400537413818], [-122.015568561339, 44.8401089410223], [-122.015364620413, 44.8402708413605], [-122.01488613098, 44.8405515413817], [-122.014542370874, 44.8406768612866], [-122.014365550985, 44.8406956709691], [-122.014203520959, 44.8406923810267], [-122.014032980294, 44.8406616511092], [-122.013831530396, 44.8406259712873], [-122.013529840191, 44.84059158067], [-122.01337605131, 44.8406100610671], [-122.013192341343, 44.840661941567], [-122.012971300087, 44.8407581613654], [-122.012795970503, 44.8408373013747], [-122.012527140671, 44.8408792615553], [-122.012106940222, 44.8410275809145], [-122.012048370066, 44.8410551118012], [-122.011794570845, 44.8411744011175], [-122.011613470484, 44.8413248809275], [-122.011516520705, 44.8414524208673], [-122.011429790161, 44.8416210519903], [-122.011428600792, 44.8416233717922], [-122.011423800195, 44.8416439710176], [-122.011387290865, 44.8418040510802], [-122.011387501071, 44.8418053116165], [-122.01141556983, 44.842013461526], [-122.011554721563, 44.8423188616478], [-122.011678580376, 44.8426299710187], [-122.011658971051, 44.842729331496], [-122.011651430593, 44.8427675609823], [-122.011637481553, 44.842804050946], [-122.011600831188, 44.842899902198], [-122.011557411119, 44.8430046711296], [-122.011575180693, 44.8430977316053], [-122.011694299995, 44.8432278510511], [-122.011931870252, 44.843460641502], [-122.011975761038, 44.843521732096], [-122.012172011487, 44.8437949112832], [-122.012311011404, 44.8440948014265], [-122.012315090654, 44.8442484213129], [-122.01230761128, 44.8444049012309], [-122.012307391193, 44.8444058215911], [-122.01226940144, 44.8445672410774], [-122.012137071514, 44.8448105117802], [-122.011949061311, 44.8449940612295], [-122.011599690328, 44.8452016811662], [-122.011269990652, 44.8454201018183], [-122.011126521616, 44.8455372420625], [-122.011039070623, 44.8457304817363], [-122.010949870611, 44.8460061515944], [-122.01094834078, 44.8460108717325], [-122.010946921442, 44.8460170917925], [-122.010904610792, 44.8461931116964], [-122.010915781342, 44.8463246412672], [-122.01099579159, 44.8464333616985], [-122.011020780924, 44.8464544916566], [-122.011129881315, 44.8465467822749], [-122.011233561272, 44.846677131495], [-122.011316341924, 44.8468900322728], [-122.011451421593, 44.8471899916478], [-122.011515961953, 44.8472933617974], [-122.011500571117, 44.8474067724008], [-122.011496561936, 44.8474363217405], [-122.011480481194, 44.8474735023241], [-122.011427390761, 44.8475963220188], [-122.01130723121, 44.8477187013601], [-122.011302481817, 44.8477234920528], [-122.011224571831, 44.847802072221], [-122.01118755136, 44.8478574714268], [-122.011220091035, 44.8479228423447], [-122.011371091546, 44.8480909615778], [-122.011519321652, 44.848302992241], [-122.011590412527, 44.8484120216481], [-122.011639921378, 44.8484879520835], [-122.011646091905, 44.8484934515621], [-122.011718822206, 44.8485582224527], [-122.012030242063, 44.8486693116845], [-122.012427581287, 44.8488176816818], [-122.012842352318, 44.849042551643], [-122.013171521988, 44.8492412019033], [-122.013373841454, 44.8493369921318], [-122.01337447297, 44.8493373213951], [-122.013450801921, 44.8493563123062], [-122.013646303175, 44.8494050113958], [-122.014048632539, 44.8494544918857], [-122.014327522604, 44.8495002020561], [-122.014374132591, 44.8495010013294], [-122.014469503131, 44.8495026514625], [-122.014505012636, 44.849503261585], [-122.014721052072, 44.8495004319666], [-122.014728662599, 44.8495005013855], [-122.014960851947, 44.8494316721333], [-122.014961262478, 44.8494315511276], [-122.014981262569, 44.8494256422298], [-122.014985302293, 44.8494238316028], [-122.015209892792, 44.8493238114078], [-122.015438172672, 44.8492055108362], [-122.015503603262, 44.849168751708], [-122.015628162761, 44.8490987712252], [-122.015850032263, 44.8490299217497], [-122.01603238308, 44.8489922415856], [-122.016133982538, 44.8489712513977], [-122.016305142143, 44.8489542111145], [-122.016337473408, 44.8489509910634], [-122.016387752114, 44.848945981387], [-122.016402031734, 44.8489418009245], [-122.016525612968, 44.8489056715], [-122.016621673414, 44.848829591312], [-122.016631312337, 44.8488219608695], [-122.016759382453, 44.8487054813806], [-122.016861432865, 44.8486104212413], [-122.017041682522, 44.8484433511965], [-122.017343222708, 44.848175971244], [-122.017456281975, 44.8480466011268], [-122.017605201988, 44.8478762017013], [-122.017805793096, 44.8476632911937], [-122.017830332375, 44.8476372410537], [-122.018123863182, 44.847364480694], [-122.018217133461, 44.8472860610633], [-122.018342743091, 44.847180461125], [-122.018622293417, 44.8469626713089], [-122.018810763557, 44.8467955913896], [-122.018976912359, 44.8466616305635], [-122.018984081813, 44.8466578110589], [-122.018990342172, 44.8466544813322], [-122.019220292919, 44.8465322009976], [-122.019510982355, 44.8464405307013], [-122.019717552649, 44.8463774006461], [-122.019986763367, 44.8463519008483], [-122.02033400175, 44.8463582106752], [-122.020662522836, 44.8463866905515], [-122.020919512873, 44.8464765807852], [-122.021208923108, 44.8466329406452], [-122.021216821994, 44.8466372110786], [-122.021485512587, 44.8467627406613], [-122.021513612787, 44.8467758710192], [-122.021531572805, 44.8467840513784], [-122.021700962728, 44.8468612010764], [-122.021817803004, 44.8469035205394], [-122.021956843345, 44.8469126409445], [-122.022141243219, 44.8468882005484], [-122.022317412727, 44.8468419112732], [-122.022472463742, 44.8468028106625], [-122.022478302791, 44.8468013413319], [-122.022616982908, 44.8467940704699], [-122.022945333314, 44.8468222711682], [-122.023003512704, 44.8468272702019], [-122.023373433548, 44.8468168403152], [-122.023481943746, 44.8468047404724], [-122.023687143211, 44.8467818699919], [-122.023765682917, 44.8467731202426], [-122.024717183855, 44.8465903210019], [-122.024788433732, 44.846577030102], [-122.025446323914, 44.8464543203292], [-122.026046134419, 44.8463858899612], [-122.026568573927, 44.8463130202745], [-122.027043784509, 44.8461969000233], [-122.027396623888, 44.8461262701046], [-122.027664953358, 44.8460622996219], [-122.027794104146, 44.8459893104237], [-122.027922423993, 44.845883279467], [-122.028019063853, 44.845750330484], [-122.028077863978, 44.8456397406953], [-122.028183344159, 44.8455450398118], [-122.02833634432, 44.8454990806533], [-122.028644613786, 44.8454894594087], [-122.02909783361, 44.8454888301362], [-122.029099654495, 44.8454888294993], [-122.02914585485, 44.8454882397156], [-122.029674844873, 44.8455140704547], [-122.030230773575, 44.8455340199096], [-122.030577684073, 44.845529309923], [-122.030831894722, 44.845514909909], [-122.031156483882, 44.8455434997516], [-122.031281214959, 44.845591189371], [-122.031494664552, 44.8456928898556], [-122.031529844375, 44.8457096393974], [-122.031617145349, 44.8457512291677], [-122.031891314767, 44.8459121697486], [-122.032259814477, 44.8461376593003], [-122.032684194787, 44.8464337393832], [-122.033030515091, 44.8466924298875], [-122.033305495688, 44.8468807494545], [-122.033868934306, 44.8471859295206], [-122.034196845436, 44.8473351790696], [-122.034437614593, 44.8473977100313], [-122.034670155182, 44.8474384795372], [-122.034839275611, 44.847419739567], [-122.034991788885, 44.8473718132628], [-122.035176444778, 44.847418319293], [-122.035329975843, 44.8474183696077], [-122.035375811482, 44.8473443949406], [-122.035469356646, 44.8473274783707], [-122.035610657149, 44.8472850948927], [-122.03577135138, 44.8472409172471], [-122.035983657418, 44.8473147302757], [-122.036114285036, 44.8473068308627], [-122.036210568265, 44.8472716360126], [-122.036295290176, 44.8472183386384], [-122.036325333433, 44.8471240683451], [-122.03630495515, 44.8469708580106], [-122.036284882295, 44.8469417956601], [-122.036337875711, 44.8469275692358], [-122.036339790919, 44.8469270871028], [-122.037696772512, 44.846999261793], [-122.061309080485, 44.8482525172214], [-122.064001444579, 44.8483951053917], [-122.064261703585, 44.8484088856353], [-122.064428769567, 44.8484502843025], [-122.064557402027, 44.8485286233748], [-122.064675701167, 44.8484649453415], [-122.064833479467, 44.8484172090613], [-122.064851018175, 44.848413248285], [-122.064964742195, 44.848387560234], [-122.065093608217, 44.8483689212002], [-122.06520742656, 44.8483748575924], [-122.065332647219, 44.8483434350216], [-122.065398441627, 44.8482578364841], [-122.065523682049, 44.8482471845836], [-122.06566870517, 44.8482267749635], [-122.06584169105, 44.848201116126], [-122.065984554621, 44.8482647734338], [-122.066067740413, 44.8483568165883], [-122.066152479392, 44.848447674357], [-122.066222180573, 44.8485506518411], [-122.06631158091, 44.8486375351687], [-122.066408987931, 44.8487276358815], [-122.066520460773, 44.8488321719438], [-122.066607537169, 44.8489558357881], [-122.066701836019, 44.8490745349199], [-122.066839203697, 44.8492036734536], [-122.066972253174, 44.8493336058783], [-122.067086693151, 44.8494401680038], [-122.067170362237, 44.8495433551546], [-122.06722378325, 44.8496333016017], [-122.067280408554, 44.849722909731], [-122.06732971169, 44.8498061917139], [-122.067394458663, 44.8499305094394], [-122.06745142353, 44.8500284141881], [-122.06747565828, 44.8501180338032], [-122.067455617764, 44.8502026666388], [-122.067459222703, 44.8503094717116], [-122.067511158801, 44.8504579330129], [-122.067599599738, 44.850584567499], [-122.067685850581, 44.8506888167894], [-122.067768401264, 44.8507926500235], [-122.067858442999, 44.8508638123637], [-122.067963227883, 44.8509515621461], [-122.068005346294, 44.8510224892907], [-122.068026265362, 44.8510577130548], [-122.068076650968, 44.851137100662], [-122.068147665486, 44.8511942925839], [-122.068240635728, 44.8512605169171], [-122.068330485222, 44.8513226073745], [-122.068439307136, 44.8514085783726], [-122.068570919308, 44.8514981334289], [-122.06862763624, 44.8515581825311], [-122.068685111351, 44.8516195816878], [-122.068703906801, 44.8516388151221], [-122.068766369358, 44.8517027303746], [-122.068768229769, 44.8517046332728], [-122.068770005738, 44.8517053121514], [-122.068898626521, 44.8517545518478], [-122.069018364761, 44.8518204876826], [-122.069076420183, 44.8519206328214], [-122.069096074423, 44.8519369449509], [-122.069148562087, 44.8519805082616], [-122.069165890589, 44.8519865404449], [-122.069276987037, 44.8520252216782], [-122.069433436728, 44.852096849301], [-122.069592987404, 44.8521623707968], [-122.069730263454, 44.8522265331993], [-122.069866397746, 44.8522708719627], [-122.069871804706, 44.8522726328267], [-122.069873485453, 44.8522708859732], [-122.069954538645, 44.8521865937026], [-122.069952343162, 44.8520093986694], [-122.069928613266, 44.851862540485], [-122.069955851982, 44.8517410895542], [-122.070040574791, 44.851649785456], [-122.070187307406, 44.8516128922391], [-122.070139971581, 44.8514725887711], [-122.070153063628, 44.8513952198046], [-122.070278332796, 44.8514420894118], [-122.070380159528, 44.8514869592744], [-122.070559211731, 44.851504852186], [-122.070672021266, 44.8515644599453], [-122.070790215303, 44.8516091768691], [-122.070901619872, 44.8516550846627], [-122.07102668692, 44.8517080111079], [-122.071190557594, 44.8518164500821], [-122.071309487351, 44.8518898012664], [-122.071366667814, 44.8519610851619], [-122.071441347458, 44.8520827254079], [-122.071533030414, 44.852166545294], [-122.071659865346, 44.8522328232775], [-122.071802086622, 44.8523026337372], [-122.071934855824, 44.8523645848769], [-122.072070616416, 44.8524159204834], [-122.072162239185, 44.8524504600675], [-122.072279679536, 44.8525215165548], [-122.072419901162, 44.8525659684481], [-122.072601964517, 44.8525797718936], [-122.072768637935, 44.8525925691335], [-122.072898088761, 44.8526491921889], [-122.073020371929, 44.8527005682992], [-122.073147369455, 44.8527461937417], [-122.073250549949, 44.8528083150759], [-122.073383679376, 44.8529012126055], [-122.073516926482, 44.8530144898955], [-122.073649695684, 44.8531205815977], [-122.073740339289, 44.8532034593751], [-122.073826190383, 44.8532999874671], [-122.074040583207, 44.8533459219333], [-122.074182328376, 44.8534123851502], [-122.074300290647, 44.8534729640072], [-122.074432913424, 44.8535293785916], [-122.074527903977, 44.8536083348449], [-122.074571591744, 44.8536875845662], [-122.074599150261, 44.8538049270647], [-122.074626304535, 44.8539172912844], [-122.074633171257, 44.8540212237735], [-122.074618333784, 44.8541447058087], [-122.074619280608, 44.8542637228452], [-122.07460463717, 44.8544259145486], [-122.074582980586, 44.8545694834147], [-122.074555205575, 44.854688469643], [-122.074526522368, 44.8547989127857], [-122.074572080428, 44.8548839080937], [-122.074588515106, 44.8549834219208], [-122.07457005293, 44.8551086524812], [-122.074556142518, 44.8552077067813], [-122.074556608744, 44.8553284454566], [-122.074551295209, 44.8554417058729], [-122.074563864436, 44.8555632317842], [-122.074585831838, 44.8557003438211], [-122.074615494209, 44.855817414125], [-122.074666140326, 44.8559402637873], [-122.074756282672, 44.8560419421785], [-122.074848404904, 44.8561324490474], [-122.074896778284, 44.8562197138414], [-122.074892177113, 44.8563393175356], [-122.074752386678, 44.8564915477593], [-122.074777709288, 44.8566464005273], [-122.074829368705, 44.8567666439468], [-122.074898309013, 44.8568843284951], [-122.074959212993, 44.8570015625936], [-122.074962647252, 44.8570872799512], [-122.07499318009, 44.8571831284502], [-122.075010017214, 44.8572694294695], [-122.074992198232, 44.8573641588355], [-122.075028217081, 44.8574868192574], [-122.075118168086, 44.8576145080811], [-122.075077758271, 44.857752308687], [-122.075025342472, 44.8578663704977], [-122.075037411338, 44.8579558785789], [-122.075104898172, 44.8580462493532], [-122.075196245159, 44.8581661096947], [-122.075287461889, 44.8583105467101], [-122.075328031604, 44.8584358935689], [-122.075338373908, 44.8585239521099], [-122.075369346022, 44.8586050461581], [-122.075408100242, 44.8587187172137], [-122.075434721815, 44.8588399044531], [-122.075446724206, 44.8589394267261], [-122.075449827885, 44.8590224979839], [-122.07544989975, 44.8591014766337], [-122.075459607844, 44.8591661458106], [-122.075462086296, 44.8591826551949], [-122.075472990047, 44.8593038166241], [-122.075453939474, 44.8594361459553], [-122.075430695566, 44.8595215304836], [-122.075421579463, 44.8595550151521], [-122.075393310379, 44.8596976256443], [-122.07540112662, 44.8598070499198], [-122.075408539518, 44.859893687671], [-122.075409846567, 44.8600120624381], [-122.075410544558, 44.8601619740849], [-122.075376635851, 44.8602921498595], [-122.075404047942, 44.8604179935269], [-122.07546649343, 44.860557913528], [-122.075480653574, 44.8606709567155], [-122.075515217153, 44.8607898666617], [-122.075597186626, 44.8608879739001], [-122.075726275431, 44.8609765234413], [-122.075836275036, 44.86107631009], [-122.075912044337, 44.8611602435975], [-122.07597883318, 44.8612388098902], [-122.07604370412, 44.8613198230692], [-122.076111970691, 44.8613936893692], [-122.076140224504, 44.8614868831407], [-122.076168162109, 44.8615850662367], [-122.076187444446, 44.8616810428734], [-122.07619920519, 44.8617972885439], [-122.076227576682, 44.8619029794781], [-122.076230391104, 44.8620156010545], [-122.076228647474, 44.8621210368953], [-122.076215651546, 44.8622159435681], [-122.076210779983, 44.8622948216912], [-122.076221406154, 44.8623778849242], [-122.076246386506, 44.8624935809654], [-122.076255477456, 44.8625990216613], [-122.076278221901, 44.8627051536477], [-122.07630953807, 44.8628285661234], [-122.076310164196, 44.8628310359748], [-122.076346305216, 44.8629568206081], [-122.076406527375, 44.863063264565], [-122.076457881364, 44.8631744830879], [-122.076507407283, 44.8632969299289], [-122.076576706917, 44.8634170594956], [-122.07662623014, 44.8635126535955], [-122.076684086136, 44.8636227098821], [-122.07676400745, 44.8637261301273], [-122.076850433466, 44.8638025707542], [-122.076942128998, 44.8638775595759], [-122.07704943725, 44.8639397211123], [-122.077081877212, 44.864008788983], [-122.076994048028, 44.8640663183122], [-122.07690280884, 44.8641109446661], [-122.076828749033, 44.8641675786805], [-122.076779671374, 44.864241955787], [-122.076772648345, 44.8643466986335], [-122.076841952471, 44.8644478642762], [-122.07692520923, 44.864558220573], [-122.077006783444, 44.8646707439965], [-122.07705186899, 44.8647456177176], [-122.077120989859, 44.864828399176], [-122.077198110227, 44.8649139380662], [-122.07727425143, 44.8649943615833], [-122.077380344262, 44.8651036739201], [-122.077512840376, 44.8652306875071], [-122.077616953321, 44.8653550763538], [-122.077710776064, 44.8654540843762], [-122.077778970771, 44.8655203394261], [-122.077834362688, 44.8655876194759], [-122.077910490417, 44.8656924681116], [-122.077981701666, 44.8658082077901], [-122.078071711959, 44.8659318109875], [-122.078196877821, 44.8660560085862], [-122.078296444392, 44.8661514677832], [-122.078365723365, 44.8662245797778], [-122.078442010994, 44.8663084172803], [-122.078570937203, 44.866406500471], [-122.078684591155, 44.8664955088497], [-122.078815086721, 44.8665898429372], [-122.078918473827, 44.8666758051497], [-122.07902252928, 44.8667572264301], [-122.079143342804, 44.8668626179328], [-122.079307862062, 44.8669196407974], [-122.079505362067, 44.8669622352099], [-122.079647878888, 44.8669779853488], [-122.07978012617, 44.866980846579], [-122.079944443306, 44.8669738087419], [-122.080096584678, 44.866973247192], [-122.080241925803, 44.8669885306431], [-122.080255496652, 44.8669886401517], [-122.080384587253, 44.8669896690229], [-122.080536413316, 44.8669830189237], [-122.080684080179, 44.8669939863344], [-122.080808901986, 44.8670259150743], [-122.080811905054, 44.8670266835438], [-122.080978105958, 44.8670431346466], [-122.081146146611, 44.86705826464], [-122.081319773888, 44.867080350323], [-122.08146605465, 44.8670925630546], [-122.081585646466, 44.8671018655354], [-122.081712432888, 44.8671298105328], [-122.081882430073, 44.867145456211], [-122.082051649316, 44.8671630844934], [-122.082215738281, 44.8671906831096], [-122.082366268973, 44.8672125204385], [-122.08252338791, 44.8672236087737], [-122.08268321347, 44.867238383455], [-122.082841026804, 44.8672611967881], [-122.082981262803, 44.8672751813467], [-122.083129891762, 44.8672327215042], [-122.08327208519, 44.867151529463], [-122.083261720428, 44.8670327676319], [-122.08318936203, 44.8669258598727], [-122.083086998105, 44.8668659222974], [-122.08298438894, 44.8667800374072], [-122.082995133689, 44.8666592514362], [-122.083014445671, 44.8665232720502], [-122.08310873464, 44.8664484885036], [-122.083221486683, 44.8663651732864], [-122.083308298076, 44.8662800739557], [-122.083434652408, 44.8662107235746], [-122.083595060975, 44.8661848365389], [-122.083718498479, 44.8662020665498], [-122.083845560684, 44.8662131238821], [-122.083999229192, 44.8661797583262], [-122.084193585093, 44.8661849244017], [-122.084364866868, 44.8661733144199], [-122.084542694667, 44.8661416507056], [-122.084605110511, 44.8659256707544], [-122.084605163512, 44.8657434021814], [-122.084605387192, 44.8649906534436], [-122.083888734615, 44.8644852745522], [-122.08388889182, 44.8639766497283], [-122.084605047629, 44.8634647706086], [-122.083889205332, 44.8629593999702], [-122.083172515924, 44.8604150103511], [-122.086753555481, 44.8578691016412], [-122.093198947881, 44.8568537657756], [-122.094630641459, 44.8568561384545], [-122.095346613113, 44.8563441902947], [-122.101792490604, 44.8573628801729], [-122.103225018716, 44.8583824053053], [-122.106805373757, 44.8593962464806], [-122.108381821859, 44.8593966922138], [-122.109335418568, 44.859396950739], [-122.113966688405, 44.8593980949998], [-122.114683246659, 44.858890531933], [-122.116937866207, 44.8588910088717], [-122.118264270945, 44.8588912693095], [-122.118869814498, 44.8587185943172], [-122.119248130997, 44.8586107127782], [-122.120148996598, 44.8583538135574], [-122.120456458479, 44.8582661323633], [-122.120759153, 44.8581798092771], [-122.121656603207, 44.857923868395], [-122.121845010465, 44.8578701357696], [-122.121844937701, 44.8576583816668], [-122.121844656528, 44.8568528806378], [-122.121720179674, 44.8567642833633], [-122.121128634568, 44.8563432401959], [-122.118631224654, 44.8563435840654], [-122.118263608887, 44.8563436305515], [-122.1153990126, 44.8548180725617], [-122.116115501684, 44.8543105009634], [-122.118054768549, 44.8543102761667], [-122.11897963444, 44.8543101577185], [-122.119310894489, 44.8541924800089], [-122.121431117087, 44.8534392516385], [-122.121844203777, 44.8532924919878], [-122.122338257421, 44.8535260600882], [-122.123992874224, 44.8543082657324], [-122.124709281562, 44.8538006386948], [-122.125215390596, 44.8538013385639], [-122.125425094214, 44.8538016295923], [-122.125457186528, 44.8538244699021], [-122.126141121564, 44.8543112441299], [-122.12620281157, 44.854311716012], [-122.129319952131, 44.8543100558276], [-122.131154366738, 44.8543090388294], [-122.131709672009, 44.8544400703446], [-122.134453816793, 44.8550875397077], [-122.135327188557, 44.8552935904686], [-122.136069141286, 44.8556027550168], [-122.136046856779, 44.8556061383546], [-122.136025377162, 44.8556090071548], [-122.136013201397, 44.8556162055821], [-122.135994619745, 44.8556190540042], [-122.13597360276, 44.8556119033375], [-122.13594950725, 44.855614585554], [-122.135929989553, 44.8556208612524], [-122.135904469315, 44.8556320091326], [-122.135881845244, 44.8556450495899], [-122.135870413284, 44.855650597419], [-122.13585889778, 44.8556521601338], [-122.135840529928, 44.8556714094151], [-122.135829047662, 44.8556836156517], [-122.135820752618, 44.8556939465021], [-122.135814298223, 44.8557019861349], [-122.135799032253, 44.8557238189066], [-122.135786576213, 44.855743402485], [-122.135776866323, 44.8557604114667], [-122.135773058365, 44.8557746503557], [-122.135769549545, 44.8557892114628], [-122.135767285791, 44.8558033134325], [-122.135767867899, 44.8558161647209], [-122.135765126241, 44.8558299170801], [-122.135761201501, 44.8558454206387], [-122.135757344136, 44.8558611744558], [-122.135754764174, 44.855874423095], [-122.135754259321, 44.8558878277472], [-122.135754617749, 44.8559001364628], [-122.135753536177, 44.8559135309202], [-122.135752369266, 44.8559254683759], [-122.135750542092, 44.855936906578], [-122.135745510628, 44.8559501214493], [-122.135739936582, 44.8559633656104], [-122.135729002288, 44.8559780247369], [-122.135719009429, 44.8559937918906], [-122.135708699465, 44.8560098003868], [-122.135699896873, 44.8560247237731], [-122.135685547185, 44.856041775974], [-122.135678298679, 44.8560475810316], [-122.135668508839, 44.8560600406344], [-122.135657630241, 44.8560748525679], [-122.135658960646, 44.856086945369], [-122.13564306316, 44.8561075336913], [-122.135627051588, 44.8561287734504], [-122.135609791359, 44.8561505678523], [-122.135593066525, 44.8561822192315], [-122.135574308803, 44.8562165782537], [-122.135551450273, 44.8562457702884], [-122.135546324485, 44.8562549872809], [-122.135527370033, 44.8562717273834], [-122.135514389377, 44.856284407906], [-122.135501108684, 44.8563035187912], [-122.135491818307, 44.8563232938479], [-122.135492660029, 44.8563342008835], [-122.135484393731, 44.8563543490917], [-122.135477402144, 44.8563761790689], [-122.135470452777, 44.8563970710389], [-122.135475224627, 44.8564140358886], [-122.135476523591, 44.8564319571987], [-122.135463296797, 44.8564524613408], [-122.135449329791, 44.8564707736305], [-122.135438650619, 44.8564910892677], [-122.135436051793, 44.8565119092384], [-122.135442971515, 44.8565240497072], [-122.135436334762, 44.8565470576874], [-122.135437735236, 44.8565667982737], [-122.135441378802, 44.8565829702664], [-122.135445679936, 44.8566007527031], [-122.135452232248, 44.8566201366672], [-122.135484402715, 44.8566297630573], [-122.135486089751, 44.8566530193442], [-122.135476917952, 44.8566741302702], [-122.135462838656, 44.8566942038549], [-122.135447937402, 44.8567148588231], [-122.13542873771, 44.8567372140163], [-122.135408525616, 44.8567584166092], [-122.13539198314, 44.8567785945983], [-122.135378249696, 44.8567984656472], [-122.13536818048, 44.8568152221483], [-122.135359103004, 44.8568361941946], [-122.13534766206, 44.8568570325073], [-122.135337359282, 44.8568717824673], [-122.135330134133, 44.8568931785947], [-122.135323584516, 44.8569147179917], [-122.135317176833, 44.8569379703428], [-122.135307263025, 44.8569609877095], [-122.135302826246, 44.8569797099292], [-122.13529699079, 44.8569993465707], [-122.135295617266, 44.8570188246453], [-122.135290137543, 44.8570391757493], [-122.135288354387, 44.8570553202275], [-122.1352851483, 44.8570762017625], [-122.135285556135, 44.8570915305059], [-122.135285636983, 44.8570945743486], [-122.135279876087, 44.8571156730137], [-122.135270940545, 44.857136721365], [-122.135259962234, 44.8571615923375], [-122.135249666643, 44.8571838874993], [-122.135239795954, 44.8572033565965], [-122.135232710942, 44.8571920237157], [-122.135221766767, 44.8572089342044], [-122.135206356168, 44.8572289808577], [-122.135196596871, 44.8572382575507], [-122.13517457557, 44.8572514587508], [-122.135152565947, 44.8572724554729], [-122.135137494013, 44.857289315632], [-122.135120612872, 44.8573051015301], [-122.135108521549, 44.8573207721659], [-122.135092841455, 44.8573419255116], [-122.135081043881, 44.8573639728946], [-122.135081543344, 44.8573755056917], [-122.135085680086, 44.8573940978727], [-122.135094270675, 44.8574118845164], [-122.135105787077, 44.8574267648749], [-122.135105293003, 44.8574543216737], [-122.135111884841, 44.8574697299143], [-122.135121939684, 44.8574862448793], [-122.135121129404, 44.8575158323491], [-122.135121484238, 44.8575350071406], [-122.135119183653, 44.8575561132857], [-122.135118789292, 44.8575746812107], [-122.13511904621, 44.8575970984747], [-122.135113310467, 44.8576187840681], [-122.135106550645, 44.8576379766552], [-122.135092907931, 44.8576605129725], [-122.13507806866, 44.8576825888886], [-122.135068331821, 44.8576968139299], [-122.135058842917, 44.8577080823966], [-122.135042773853, 44.8577269342765], [-122.135027034471, 44.8577410249463], [-122.135013900203, 44.8577545157661], [-122.135000447932, 44.8577685440247], [-122.134984998705, 44.8577821730192], [-122.134967523778, 44.8577975544273], [-122.134949279893, 44.8578107758762], [-122.134939768531, 44.8578180396165], [-122.134927063658, 44.8578277434933], [-122.134906135607, 44.8578365609722], [-122.134887593481, 44.8578550982414], [-122.134872741634, 44.8578643264383], [-122.134861459693, 44.8578737972463], [-122.134850163378, 44.857887793637], [-122.13484564575, 44.8578974179048], [-122.134841721011, 44.8579061455873], [-122.134839926177, 44.8579157946863], [-122.134836695835, 44.8579264702698], [-122.134834439267, 44.8579394567181], [-122.134827659682, 44.8579566420752], [-122.134824339508, 44.8579725449575], [-122.134822469216, 44.8579940756727], [-122.134818448357, 44.8580182757488], [-122.134820244987, 44.8580342480227], [-122.134823406159, 44.8580521325323], [-122.134821001369, 44.8580716382689], [-122.134814901808, 44.8580909421408], [-122.134812545527, 44.8581097556889], [-122.13480336744, 44.8581353349725], [-122.134801814253, 44.858153172966], [-122.134798322501, 44.8581732702326], [-122.134795098448, 44.8581933063618], [-122.134793013458, 44.8582154451143], [-122.134797696375, 44.8582347756826], [-122.134793915366, 44.8582529746964], [-122.134785459525, 44.8582703554496], [-122.134770792731, 44.8582887932424], [-122.134753031241, 44.858306840687], [-122.134736130337, 44.8583242424375], [-122.134735858148, 44.8583245321695], [-122.134719288723, 44.8583420351617], [-122.134698823304, 44.8583602067603], [-122.134678373156, 44.8583799301689], [-122.134660688023, 44.8584016995215], [-122.134641368855, 44.8584224837789], [-122.134621896074, 44.8584375561814], [-122.134604873898, 44.8584536378638], [-122.134587798721, 44.8584692234963], [-122.134563175001, 44.8584922943766], [-122.134538575535, 44.8585160115705], [-122.134519213248, 44.8585392830149], [-122.13450305525, 44.858559668604], [-122.134494629053, 44.8585770549956], [-122.134488463017, 44.8585932850066], [-122.134486456181, 44.8586155643316], [-122.134488376779, 44.8586321350038], [-122.134497750699, 44.8586470819077], [-122.134510852627, 44.858663651934], [-122.134512480374, 44.8586661378833], [-122.134522447183, 44.8586813592262], [-122.134532178632, 44.858696141194], [-122.134541225565, 44.8587114701429], [-122.134552995292, 44.8587278376582], [-122.134566314613, 44.8587429927607], [-122.134581291325, 44.8587606885666], [-122.134595604183, 44.8587790739874], [-122.134615277287, 44.8587845922232], [-122.13463200841, 44.8588003076669], [-122.134644201243, 44.8588216635981], [-122.13465540054, 44.85883699124], [-122.134664383692, 44.858855514815], [-122.134670944987, 44.8588643397777], [-122.134679709849, 44.8588859440244], [-122.134687432666, 44.8589068000617], [-122.134695280348, 44.8589264417769], [-122.134701178686, 44.8589430091758], [-122.134709362339, 44.8589628011555], [-122.134717837045, 44.8589835750221], [-122.134730483528, 44.8589906902479], [-122.134735893182, 44.8589967758221], [-122.134743101264, 44.8590048850381], [-122.134755574372, 44.8590181826217], [-122.134757378189, 44.8590201062914], [-122.134769225171, 44.8590402089863], [-122.134781279664, 44.859057673555], [-122.134797494255, 44.8590749279858], [-122.13481449038, 44.8590918442892], [-122.134832258158, 44.8591108256161], [-122.134849786086, 44.859129792928], [-122.134866897195, 44.8591486640822], [-122.134882296116, 44.859168378306], [-122.13489740488, 44.8591869800963], [-122.134911939622, 44.8592047190657], [-122.134924610359, 44.8592229394229], [-122.134937793136, 44.8592409878482], [-122.134955056959, 44.8592609045311], [-122.134971609316, 44.8592793528317], [-122.134986791743, 44.8592964448216], [-122.135000058063, 44.8593152662536], [-122.135016440639, 44.8593331713785], [-122.135031774881, 44.8593504932235], [-122.135046871069, 44.8593673839755], [-122.135060458088, 44.8593854903009], [-122.135071810098, 44.859404583601], [-122.135084424241, 44.8594264073277], [-122.13509599005, 44.8594494727303], [-122.135107897219, 44.8594656693838], [-122.135118897988, 44.8594829542569], [-122.135134267265, 44.8594951698738], [-122.135143218078, 44.8595166108731], [-122.13515301241, 44.8595385650932], [-122.135168177768, 44.8595540224433], [-122.13517993941, 44.8595738925345], [-122.135190173916, 44.859594426759], [-122.135194534339, 44.859613202247], [-122.135202357767, 44.859630082097], [-122.135214582939, 44.8596475216531], [-122.135228927238, 44.8596651375862], [-122.135240103178, 44.8596848974798], [-122.135251752531, 44.8597048133724], [-122.135264849069, 44.8597253017036], [-122.135275732159, 44.8597422642992], [-122.135278227679, 44.8597609270329], [-122.135284771007, 44.8597793426987], [-122.135297013248, 44.8597998144477], [-122.135310417909, 44.8598209796178], [-122.135320249071, 44.8598404987638], [-122.135329585262, 44.8598589506992], [-122.135339634715, 44.8598751606095], [-122.135349418267, 44.8598947618787], [-122.135358567608, 44.8599145458902], [-122.135368901827, 44.8599348959708], [-122.135378537157, 44.8599543947021], [-122.135385781171, 44.8599722881665], [-122.135394682577, 44.8599907738077], [-122.135405101238, 44.8600100222754], [-122.135414414971, 44.8600275534091], [-122.135424833632, 44.8600478321333], [-122.135436180252, 44.8600681165811], [-122.135443362283, 44.860088009418], [-122.135448784514, 44.8601088064385], [-122.135462706604, 44.8601205195239], [-122.13547527673, 44.8601302835042], [-122.135487874703, 44.860150480051], [-122.135500240013, 44.8601699220382], [-122.135509994819, 44.8601906642684], [-122.135517333156, 44.860211100213], [-122.135528847762, 44.8602309134064], [-122.135537009854, 44.8602496090928], [-122.135547528228, 44.8602712548454], [-122.135556285904, 44.8602907846636], [-122.135566102693, 44.8603099031336], [-122.135574786707, 44.8603289248111], [-122.135583868674, 44.8603483654645], [-122.135594880223, 44.860366050589], [-122.135606777511, 44.8603802297581], [-122.13561670659, 44.8604034348637], [-122.135626705737, 44.8604253085151], [-122.135635564024, 44.8604426179333], [-122.135649584929, 44.8604588416877], [-122.135662918623, 44.8604827873016], [-122.13567118492, 44.8605052492792], [-122.135684937229, 44.8605212259573], [-122.135696614429, 44.860539833678], [-122.135708025728, 44.8605596473951], [-122.135722447282, 44.8605758023477], [-122.135729361615, 44.8605988214439], [-122.135742329694, 44.8606171827181], [-122.135755500793, 44.8606332516935], [-122.135764333927, 44.8606558479662], [-122.13577472474, 44.8606771185218], [-122.135785310487, 44.8606968163036], [-122.135797163757, 44.8607160409756], [-122.135809360184, 44.8607358164272], [-122.135825298094, 44.8607494912018], [-122.135835885638, 44.8607672653476], [-122.135849855339, 44.8607798729278], [-122.135859080138, 44.8607911242356], [-122.135870561506, 44.8608007868596], [-122.135882528862, 44.8608083934289], [-122.135891026925, 44.860825464589], [-122.135904872658, 44.8608449375489], [-122.135921481609, 44.8608649058901], [-122.135938283698, 44.8608838605259], [-122.13595330353, 44.8609041491364], [-122.135969380679, 44.8609236354413], [-122.13598393698, 44.8609410274865], [-122.135999880279, 44.8609597878902], [-122.136016423653, 44.8609793607735], [-122.136035719466, 44.8609980473024], [-122.136052019397, 44.8610174431579], [-122.136063891531, 44.8610331923763], [-122.136078502629, 44.8610500921858], [-122.136094851069, 44.8610605850796], [-122.136102656531, 44.8610748188376], [-122.136108116491, 44.8610880115172], [-122.136115270674, 44.8610994563347], [-122.136124978767, 44.8611097874869], [-122.136135035407, 44.8611223026644], [-122.13614366642, 44.8611418926844], [-122.136152414214, 44.8611566447305], [-122.13615804755, 44.8611663875226], [-122.136159972639, 44.8611697176839], [-122.136168369192, 44.8611805302003], [-122.136179811932, 44.8611874490382], [-122.136192175446, 44.861203901173], [-122.136210845132, 44.8612185965331], [-122.136231147956, 44.8612348531794], [-122.136250535396, 44.8612498395224], [-122.136266440068, 44.8612654314022], [-122.136284201558, 44.8612816128999], [-122.136304922099, 44.861299495764], [-122.136323534293, 44.8613169685618], [-122.136333837071, 44.8613224101455], [-122.136344412937, 44.8613279962688], [-122.136365632042, 44.8613420408488], [-122.136391028313, 44.8613542879083], [-122.136412869053, 44.8613704598299], [-122.136432335545, 44.8613857466787], [-122.136449216686, 44.8613996747213], [-122.136466219099, 44.8614151398494], [-122.136481365593, 44.8614316988913], [-122.136495002918, 44.8614472480604], [-122.136505189813, 44.8614658446573], [-122.136517503021, 44.8614801305277], [-122.136520416257, 44.8614880082578], [-122.136525342618, 44.8615013313742], [-122.136525658825, 44.8615148506028], [-122.136539548576, 44.861531813308], [-122.136554122843, 44.8615520883187], [-122.136569976311, 44.8615632942672], [-122.136590033895, 44.8615756075003], [-122.136606431742, 44.8615923740725], [-122.136621150638, 44.8616083689142], [-122.136632517021, 44.8616192513894], [-122.136639116045, 44.8616300167029], [-122.136645817477, 44.8616421153414], [-122.136649737725, 44.8616542776511], [-122.136646001632, 44.8616685539236], [-122.136641829856, 44.8616821138641], [-122.136642261047, 44.8616985461187], [-122.136647512598, 44.8617115820184], [-122.136653844823, 44.8617246503886], [-122.136656421191, 44.8617396206857], [-122.136665902011, 44.8617533875486], [-122.13667963276, 44.8617628749088], [-122.136699460375, 44.8617694937743], [-122.136719334702, 44.8617803615741], [-122.13674283463, 44.861785793563], [-122.136766924751, 44.8617926473812], [-122.136792314734, 44.8617985957612], [-122.136816361736, 44.861805150949], [-122.136839969462, 44.8618097952944], [-122.136865578634, 44.8618152247336], [-122.136889395667, 44.861816530677], [-122.13691418827, 44.8618155348235], [-122.136938894636, 44.8618127134509], [-122.136961719929, 44.8618107230173], [-122.1369848767, 44.8618057596677], [-122.137009200383, 44.8618015221958], [-122.13703374595, 44.8618005900156], [-122.137059806076, 44.8617982722997], [-122.137084211506, 44.8618022550779], [-122.137108775937, 44.8618096214658], [-122.137132715141, 44.8618187993635], [-122.137154528931, 44.8618264293575], [-122.137175340201, 44.8618318708931], [-122.137198857197, 44.8618397110078], [-122.137222131648, 44.8618504565413], [-122.137241109457, 44.8618595338285], [-122.137267397755, 44.8618731510302], [-122.137292371818, 44.8618840347288], [-122.137312944137, 44.8618937092673], [-122.137333721271, 44.8619015767531], [-122.13735200558, 44.861909893772], [-122.137373406145, 44.8619166291429], [-122.1373937988, 44.8619250028289], [-122.137416473177, 44.8619299215968], [-122.137435715988, 44.8619390186103], [-122.137456744651, 44.8619471356895], [-122.137480347885, 44.8619539640191], [-122.137507308123, 44.8619638913289], [-122.137532556173, 44.8619719128946], [-122.137557749425, 44.8619754875148], [-122.137582273432, 44.8619804871435], [-122.137607419972, 44.8619893523782], [-122.13763130348, 44.8619986353082], [-122.137650099829, 44.8620066536854], [-122.137674183662, 44.8620162237792], [-122.137699270015, 44.8620203307051], [-122.137723828158, 44.8620301637672], [-122.137746310294, 44.8620423030724], [-122.137768120491, 44.8620521125716], [-122.137789805822, 44.8620623887938], [-122.137811739088, 44.8620716035818], [-122.137831713128, 44.862085114399], [-122.13785699711, 44.8620921337318], [-122.137878964512, 44.8621037706427], [-122.137899720985, 44.8621160805766], [-122.137916132307, 44.8621290667166], [-122.137926706376, 44.8621434027242], [-122.137944245982, 44.8621595432243], [-122.137958408821, 44.8621754398519], [-122.137971095728, 44.8621914924741], [-122.137980996061, 44.862203471926], [-122.137999976564, 44.8622144803613], [-122.138020844428, 44.8622260402031], [-122.13803370471, 44.8622390084899], [-122.138047037505, 44.8622536380027], [-122.138064291447, 44.862266184768], [-122.138079594248, 44.8622860195398], [-122.138084756866, 44.8623054760874], [-122.138089006796, 44.8623221023665], [-122.138091791573, 44.8623368833997], [-122.138094461366, 44.862352327264], [-122.13809410204, 44.8623721136147], [-122.13809574416, 44.8623935439918], [-122.138094958134, 44.8624075316431], [-122.138093500169, 44.8624271772579], [-122.138097296449, 44.862444203367], [-122.138102618069, 44.8624599827581], [-122.138106906626, 44.8624747357399], [-122.138116188019, 44.8624917917612], [-122.138125075951, 44.8625091387618], [-122.138131183596, 44.8625305321577], [-122.138135765903, 44.8625533785562], [-122.138137554448, 44.8625684766199], [-122.138144587359, 44.8625852486334], [-122.138150622241, 44.8626027356856], [-122.138155642027, 44.8626175828663], [-122.138164099665, 44.8626342962867], [-122.138171365239, 44.862651444586], [-122.138179503976, 44.8626690067517], [-122.138188187989, 44.8626860856376], [-122.138196167724, 44.8627025991065], [-122.138206430976, 44.8627199759696], [-122.138219985656, 44.8627381137136], [-122.13823046091, 44.8627550722381], [-122.138240251648, 44.8627708693722], [-122.138249413566, 44.8627871351311], [-122.138259985838, 44.8628053078737], [-122.138273489314, 44.8628176482203], [-122.138282931506, 44.8628365818381], [-122.138287688984, 44.8628544871413], [-122.138294343703, 44.8628693266164], [-122.138297689029, 44.8628875158879], [-122.138303961067, 44.8629065666397], [-122.138313595498, 44.8629251251987], [-122.138323402406, 44.8629432807062], [-122.138335178421, 44.8629602028771], [-122.138342911119, 44.8629760712678], [-122.138354791339, 44.8629908795121], [-122.138369413217, 44.8630113265605], [-122.138387608593, 44.8630218776753], [-122.138401523496, 44.8630360447293], [-122.138414684714, 44.8630500468691], [-122.138427064396, 44.863068885539], [-122.138440849045, 44.8630871651619], [-122.138456980092, 44.863103230901], [-122.138473448906, 44.8631203497715], [-122.138488255837, 44.8631370433076], [-122.13850096071, 44.8631540641131], [-122.138511548254, 44.8631690575972], [-122.13852956756, 44.8631890856207], [-122.13854617202, 44.8632069379665], [-122.138564468007, 44.8632286430956], [-122.138586631242, 44.8632505309548], [-122.138604252595, 44.8632684609613], [-122.138620567797, 44.8632862547045], [-122.138636323349, 44.863303675325], [-122.138650616443, 44.8633236517275], [-122.138668486629, 44.863338318531], [-122.138682962082, 44.8633587062413], [-122.138697759131, 44.8633778364269], [-122.138716545598, 44.863392770638], [-122.138734635872, 44.8634076405367], [-122.138750796564, 44.8634195808958], [-122.138774534545, 44.8634393318602], [-122.138796818154, 44.8634559049644], [-122.138818922998, 44.8634731014094], [-122.138838870089, 44.8634939500546], [-122.138856659427, 44.863511319675], [-122.138871080082, 44.8635277870637], [-122.138886505054, 44.8635449688427], [-122.138901236526, 44.8635629713431], [-122.138915658978, 44.8635798914216], [-122.138929488542, 44.8635964861337], [-122.138943180663, 44.8636136048574], [-122.138953202269, 44.8636303345433], [-122.13896680366, 44.8636467662418], [-122.138982185513, 44.8636659345346], [-122.139006251379, 44.8636835269532], [-122.139029994751, 44.8636988647617], [-122.139041606374, 44.8637149487949], [-122.139048812659, 44.8637319516015], [-122.139059254676, 44.8637455919186], [-122.139073492075, 44.8637598288331], [-122.139085259107, 44.8637751131374], [-122.139098925177, 44.8637856768464], [-122.139107039659, 44.8637836259932], [-122.13913045245, 44.8637777083806], [-122.139151140651, 44.8637914429205], [-122.13916190157, 44.8638064731679], [-122.139168325423, 44.8638232951211], [-122.139181640252, 44.8638432649761], [-122.139191045613, 44.8638581767815], [-122.139194469093, 44.8638636041174], [-122.139204343374, 44.8638842947166], [-122.139212202735, 44.8639039079919], [-122.139226137401, 44.8639138680745], [-122.13924153183, 44.863922462409], [-122.139260927356, 44.8639276547922], [-122.139279152376, 44.8639387985174], [-122.139295338221, 44.8639507304891], [-122.139311437827, 44.8639589122292], [-122.139322997348, 44.8639746950254], [-122.139324380754, 44.8639765032848], [-122.139336861947, 44.8639928279171], [-122.139353598459, 44.8640128193615], [-122.139373709941, 44.8640249416943], [-122.139389442137, 44.8640402647675], [-122.139396463369, 44.8640561112124], [-122.139404241881, 44.8640702347156], [-122.139413730785, 44.8640844721865], [-122.13943000197, 44.864093537024], [-122.139446000965, 44.8641051907215], [-122.13946213381, 44.8641170029573], [-122.139477024284, 44.864129143096], [-122.139495019335, 44.8641374712539], [-122.139512275972, 44.8641432493902], [-122.1395172733, 44.864144922662], [-122.139538048638, 44.864156550244], [-122.139556919547, 44.8641657373183], [-122.139574456458, 44.8641782995846], [-122.139590304536, 44.8641911114381], [-122.139612039274, 44.8642098605954], [-122.139631522834, 44.8642248448906], [-122.139652441903, 44.8642389594385], [-122.139676722466, 44.8642548567654], [-122.139676876078, 44.8642549611855], [-122.139698175134, 44.8642694755786], [-122.139718331532, 44.8642824529557], [-122.139735465099, 44.8642960167375], [-122.139756891716, 44.8643102566994], [-122.139777778444, 44.8643266977544], [-122.139800733993, 44.8643400272177], [-122.139820766424, 44.8643525219551], [-122.139838801001, 44.8643648899851], [-122.139859324811, 44.8643762558363], [-122.139881559911, 44.8643882023615], [-122.139904177693, 44.8644020227111], [-122.139924651197, 44.8644162454556], [-122.139945690639, 44.8644277437315], [-122.139964047712, 44.8644372733103], [-122.139983542052, 44.8644413807003], [-122.140006538923, 44.8644364984392], [-122.140030237378, 44.8644327622485], [-122.140055248273, 44.8644341827396], [-122.140077365693, 44.864438321965], [-122.140096634556, 44.8644445578627], [-122.140119538901, 44.864453738524], [-122.140142863657, 44.8644676002437], [-122.140165290997, 44.8644837171707], [-122.140186796664, 44.8644983817686], [-122.140208556556, 44.8645089478917], [-122.1402279952, 44.8645198380958], [-122.140251395415, 44.8645313369877], [-122.140267968434, 44.864544268463], [-122.140286430609, 44.8645565816953], [-122.140304528967, 44.8645659355223], [-122.140324093376, 44.8645730806201], [-122.140343523935, 44.8645780450045], [-122.140359531914, 44.8645828674034], [-122.140374293929, 44.864587521712], [-122.140386443643, 44.8645923288292], [-122.140398443339, 44.8645958408897], [-122.140411597369, 44.8645972575565], [-122.140426044076, 44.8645995261335], [-122.140440222186, 44.8646012649725], [-122.140454791063, 44.8646018800287], [-122.140468512829, 44.8646022601411], [-122.140480622119, 44.864602830628], [-122.140492226556, 44.8646041747103], [-122.140504000774, 44.864607986021], [-122.140517839321, 44.8646127931365], [-122.14053372962, 44.8646190672175], [-122.140548965946, 44.8646292009966], [-122.140566845115, 44.8646408966081], [-122.140584807827, 44.8646527106441], [-122.140602797489, 44.8646652167743], [-122.140622580189, 44.8646794993039], [-122.140642609026, 44.8646923759895], [-122.14066198928, 44.8647029478074], [-122.140674512693, 44.8647134209343], [-122.14068653844, 44.8647211371363], [-122.140696383976, 44.8647291557709], [-122.140706164832, 44.8647373851531], [-122.140716624816, 44.864746145544], [-122.140727996589, 44.8647531034289], [-122.140739549822, 44.8647612086507], [-122.140760112259, 44.8647729061454], [-122.140781692487, 44.8647822975028], [-122.140805050481, 44.8647917716298], [-122.140825593155, 44.8647990879724], [-122.140842649467, 44.8648055766016], [-122.140856298469, 44.8648175147607], [-122.140870109168, 44.8648287035194], [-122.140885406579, 44.8648368959586], [-122.14089973381, 44.8648429783681], [-122.140916633815, 44.8648531662273], [-122.140939646856, 44.8648648592465], [-122.140961818176, 44.8648736011537], [-122.14098782081, 44.8648840596055], [-122.141013734511, 44.8648954909343], [-122.141039284394, 44.8649034134029], [-122.141059492895, 44.8649085528515], [-122.141074483082, 44.8649115211503], [-122.141087050513, 44.8649131784822], [-122.141098828325, 44.8649106004811], [-122.141113001943, 44.8649096384263], [-122.141128752105, 44.8649116338463], [-122.141144700795, 44.8649140743201], [-122.141162667999, 44.8649203184433], [-122.141179446731, 44.8649265880339], [-122.141193702995, 44.8649331925283], [-122.141205216702, 44.8649378856472], [-122.141222895547, 44.8649452993864], [-122.141249309609, 44.8649563926153], [-122.141277301114, 44.8649688082681], [-122.141305685182, 44.8649783963338], [-122.141333691059, 44.8649894176092], [-122.141360480617, 44.8649986924151], [-122.141387669028, 44.8650065722106], [-122.141416636102, 44.8650152879916], [-122.141447348604, 44.8650252988179], [-122.141476201592, 44.8650345067646], [-122.141507245572, 44.8650454242473], [-122.141540784173, 44.8650579786813], [-122.14157004859, 44.865069527765], [-122.141596554281, 44.8650794755487], [-122.141624284375, 44.86509132897], [-122.141653269416, 44.8651046729002], [-122.141674250468, 44.8651182167507], [-122.141697802498, 44.8651310729638], [-122.1417184368, 44.865143585357], [-122.141744362179, 44.8651515122484], [-122.141771746422, 44.8651615994548], [-122.141800044252, 44.8651728276219], [-122.141827507547, 44.8651836298361], [-122.141851810569, 44.8651946612594], [-122.141877220315, 44.8652055099484], [-122.141906054439, 44.8652162325693], [-122.141926245872, 44.8652235755992], [-122.141948703754, 44.8652345115103], [-122.141979252762, 44.8652490122857], [-122.14200621839, 44.865262989056], [-122.142031225691, 44.8652775095619], [-122.142060430819, 44.8652877552837], [-122.142086641862, 44.8652973082779], [-122.142113368539, 44.8653049206201], [-122.142138558197, 44.8653131658373], [-122.142167054555, 44.865320252903], [-122.142195910238, 44.8653261614434], [-122.142224588056, 44.8653326372793], [-122.142253817438, 44.8653405635079], [-122.142283325299, 44.8653487259495], [-122.142311684214, 44.8653593390321], [-122.142339309206, 44.8653709631853], [-122.142365602894, 44.8653821034476], [-122.142392716744, 44.8653891771343], [-122.142420758554, 44.8653972001328], [-122.142450485603, 44.8654061960005], [-122.142478693602, 44.8654148747926], [-122.142504715999, 44.865421272305], [-122.142535437483, 44.8654311888299], [-122.142570133114, 44.8654418980382], [-122.142604513437, 44.8654511116485], [-122.142632295634, 44.8654562122099], [-122.142658706103, 44.8654639900716], [-122.142682832157, 44.8654719697645], [-122.142707623862, 44.8654829119953], [-122.142730864177, 44.8654970918143], [-122.142750929845, 44.8655071076504], [-122.142768674267, 44.8655146543853], [-122.142792126584, 44.8655329383251], [-122.142818207372, 44.8655474345685], [-122.142846059637, 44.865562500649], [-122.142866159442, 44.8655803121472], [-122.142888595764, 44.8655928785617], [-122.142913505149, 44.8656034164694], [-122.142936775108, 44.865614247254], [-122.142963720075, 44.8656287332899], [-122.142988072504, 44.8656435325749], [-122.143007983662, 44.865660876079], [-122.143033510189, 44.8656752602324], [-122.143052234673, 44.8656871580995], [-122.143070740866, 44.8656986255603], [-122.143078809534, 44.8657106144695], [-122.143095723912, 44.8657221952568], [-122.143110242484, 44.8657341013911], [-122.143126882876, 44.8657463468796], [-122.143145573224, 44.8657613435086], [-122.143166836347, 44.8657765094936], [-122.143190046119, 44.8657918722122], [-122.14321589065, 44.8658053165772], [-122.143242426883, 44.865815385205], [-122.143257100863, 44.8658264247842], [-122.143271310414, 44.8658344515419], [-122.143283672131, 44.8658410221875], [-122.143296205426, 44.8658478965336], [-122.143308158409, 44.8658548574688], [-122.14332162146, 44.8658618120363], [-122.143336467917, 44.8658682941788], [-122.143348950906, 44.8658740753249], [-122.143360325374, 44.8658808618039], [-122.143373126367, 44.8658874343542], [-122.143387273934, 44.8658931429157], [-122.143401291246, 44.8658996002239], [-122.143412884005, 44.8659059473839], [-122.1434236575, 44.8659122143204], [-122.143433808463, 44.8659180113793], [-122.143443976494, 44.8659238090743], [-122.14345657806, 44.8659292075644], [-122.143466692192, 44.8659321204186], [-122.143541198462, 44.8659400338309], [-122.143660910652, 44.8659080529168], [-122.143779192723, 44.8659040761529], [-122.143834455283, 44.8659132495778], [-122.14385874483, 44.8659172810964], [-122.143928154957, 44.8659212686831], [-122.144002108763, 44.865916494148], [-122.144106720272, 44.865944001042], [-122.144129956994, 44.8659458353438], [-122.144214464208, 44.8659525033901], [-122.144302022998, 44.8659535793948], [-122.144392675587, 44.865943093123], [-122.144487248424, 44.8659226751303], [-122.144569454153, 44.8659099992771], [-122.144683806096, 44.8658884193135], [-122.144744518734, 44.8658676262909], [-122.144796354221, 44.8658421663202], [-122.144881598053, 44.8658265457554], [-122.144987987329, 44.8658122787909], [-122.145060899988, 44.865799783097], [-122.145133072434, 44.8657296400928], [-122.14517203686, 44.8656550675338], [-122.14523428921, 44.865599710279], [-122.145300998103, 44.8655350852567], [-122.145387405254, 44.8654656811324], [-122.145488352536, 44.8653740880874], [-122.145571749432, 44.8653031569711], [-122.145649581265, 44.8652629801423], [-122.145706939594, 44.8652135049578], [-122.145811930193, 44.8651859461423], [-122.145923722835, 44.865149098526], [-122.146020238727, 44.8651006228604], [-122.146102363609, 44.8650390941833], [-122.146087566559, 44.8649866212234], [-122.146081989818, 44.8649668351346], [-122.146144162219, 44.8649183453081], [-122.146211761342, 44.8648940921025], [-122.146237833147, 44.8648323473627], [-122.146296738375, 44.8647559322979], [-122.146314767563, 44.8647325430293], [-122.146429066505, 44.8646794661953], [-122.146544966244, 44.864655326859], [-122.146649220225, 44.8646494749164], [-122.146716212087, 44.8646455146199], [-122.146779371736, 44.864629167888], [-122.146875015364, 44.8646291927194], [-122.146957038736, 44.8646443475421], [-122.147048134194, 44.864675179272], [-122.147167697264, 44.8647132140059], [-122.147286141931, 44.8647531893837], [-122.147396791017, 44.8647796112564], [-122.147509366092, 44.864791625825], [-122.147645128481, 44.864808313783], [-122.147774322389, 44.8648353303095], [-122.147899627489, 44.8648768260448], [-122.147901808599, 44.8648773404993], [-122.14801737147, 44.8649045741085], [-122.14811303037, 44.8649229913124], [-122.148235926189, 44.8649492361045], [-122.14835712509, 44.8649903179028], [-122.148467793042, 44.8650108132669], [-122.148560950134, 44.8650175731063], [-122.148644712644, 44.8650262252156], [-122.148736482737, 44.8650484816769], [-122.148863096683, 44.8650897225791], [-122.148978912879, 44.8651265072002], [-122.149063732706, 44.8651621107232], [-122.149174790527, 44.8652062854459], [-122.149268976189, 44.865256702948], [-122.149325468543, 44.8652749965202], [-122.14937442942, 44.8652911246817], [-122.14941942783, 44.8653380059001], [-122.149493122921, 44.8653607843314], [-122.149595114045, 44.8653755664945], [-122.149681268769, 44.8653880966621], [-122.149748164511, 44.865410393732], [-122.149820466315, 44.8654293347742], [-122.149964839954, 44.8654326812429], [-122.150062502097, 44.8654583916157], [-122.150127918315, 44.865454943914], [-122.150199267904, 44.865479249729], [-122.150264349948, 44.86547506983], [-122.150380923424, 44.8654595873283], [-122.150504508251, 44.8654460811231], [-122.150630112491, 44.8654407137858], [-122.150713309961, 44.8654951524436], [-122.150830203237, 44.8655576547745], [-122.150937744153, 44.8656006443078], [-122.151032401431, 44.8656758803707], [-122.151118614546, 44.8657775880484], [-122.151216491386, 44.8658264623489], [-122.151172468547, 44.8659279781171], [-122.151204834847, 44.8660194091987], [-122.151339435714, 44.8660492367717], [-122.151502505091, 44.8660677745802], [-122.15160408838, 44.8660922138408], [-122.151708265105, 44.8661378407698], [-122.151788768528, 44.8661682858677], [-122.151883735724, 44.8661899898802], [-122.151984429681, 44.866205176763], [-122.152084364562, 44.8662013642847], [-122.152152605082, 44.8662096233806], [-122.152226133985, 44.8662156158722], [-122.152296943687, 44.8662196594667], [-122.152388570049, 44.8662361744687], [-122.152546441774, 44.8662519400867], [-122.152638106764, 44.8662899336676], [-122.152707882505, 44.8663410429338], [-122.152794657965, 44.8663743848389], [-122.152854281846, 44.8664028828314], [-122.152951204675, 44.8664194499889], [-122.153012000857, 44.8664395220862], [-122.153110590959, 44.8664663754929], [-122.153190960533, 44.866495146577], [-122.15329695994, 44.8664904198407], [-122.153413032156, 44.8664891184602], [-122.153334337042, 44.8665559466064], [-122.153436503337, 44.8665681982869], [-122.153504101563, 44.8665675724281], [-122.153580567058, 44.8665822148479], [-122.153436838409, 44.8666971696199], [-122.153561441925, 44.8667040381337], [-122.153677710873, 44.8667075163212], [-122.153595391955, 44.8667935413893], [-122.153504759129, 44.866856259418], [-122.153492327344, 44.8668648622267], [-122.153411644259, 44.8669130034237], [-122.153336226199, 44.8669515434748], [-122.153261621115, 44.8670146299676], [-122.153310325074, 44.8670360605266], [-122.153396465425, 44.8670302814072], [-122.153525866844, 44.8670348049991], [-122.153668669329, 44.8670262786171], [-122.153800893254, 44.8670123506623], [-122.153894568674, 44.8669786952446], [-122.153921872967, 44.8669744390531], [-122.154012846254, 44.8669602589613], [-122.154140566925, 44.8669468078626], [-122.154263227385, 44.8669328843454], [-122.154357216317, 44.8669218316081], [-122.154415163941, 44.8669275126899], [-122.154492124408, 44.8669224243558], [-122.154563912375, 44.8669093151446], [-122.154636551946, 44.8668938877831], [-122.154733935611, 44.8668796720175], [-122.154878294877, 44.8668624587631], [-122.154968810023, 44.8669019226688], [-122.155039317892, 44.8669437142431], [-122.155137706771, 44.8669436582154], [-122.155237457497, 44.8669364554741], [-122.15532571877, 44.8669349624635], [-122.15542072729, 44.8669773091969], [-122.155517386913, 44.867028788399], [-122.15558646107, 44.867061483042], [-122.155682030138, 44.867068937255], [-122.155792521121, 44.8670831523372], [-122.155882241259, 44.8671243898716], [-122.155969770405, 44.8671578605682], [-122.156066661793, 44.8671741492812], [-122.156202364893, 44.8671641171815], [-122.15631187312, 44.8671576491918], [-122.156420617778, 44.8671523316747], [-122.156519818735, 44.8671483237996], [-122.156608407893, 44.8671422473639], [-122.156691344852, 44.8671391403847], [-122.156774649221, 44.8671365414729], [-122.15688264738, 44.8671534916982], [-122.156993267721, 44.8671701337675], [-122.157097051882, 44.8671726741036], [-122.157201534034, 44.8671671235646], [-122.157311903745, 44.8671907238568], [-122.157458120727, 44.8672111967906], [-122.157593272262, 44.8672270487294], [-122.157659912883, 44.8672256448608], [-122.15775575953, 44.8672200720432], [-122.157860194072, 44.8672199491649], [-122.157959028516, 44.8672235069057], [-122.158084236599, 44.867261815636], [-122.158219062045, 44.8672754347432], [-122.158221777652, 44.8672753946327], [-122.158329044582, 44.8672738424201], [-122.158445093442, 44.8672846143163], [-122.158565935712, 44.8673040106005], [-122.158661765292, 44.8673188291917], [-122.158769254105, 44.8673432055271], [-122.158888898921, 44.8673531618314], [-122.158981653568, 44.8673497562636], [-122.159074577097, 44.8673458668236], [-122.159196765942, 44.8673564680778], [-122.159303969092, 44.8673765315716], [-122.159401451571, 44.8673841780192], [-122.159524584546, 44.8673757510099], [-122.159646616185, 44.867373071888], [-122.159736227627, 44.867355420113], [-122.15985859344, 44.8673445705558], [-122.160004761913, 44.8673379300477], [-122.160153035139, 44.8673100367219], [-122.160274042699, 44.8672917030493], [-122.160377618451, 44.8672791179054], [-122.160509703137, 44.8672501040034], [-122.160632125544, 44.8672233216332], [-122.160742604849, 44.8671925708524], [-122.16085181214, 44.8671879243946], [-122.160945043792, 44.867182271989], [-122.161033235895, 44.8671761070589], [-122.161147265342, 44.8671788091103], [-122.161248405762, 44.8671802231669], [-122.161311505224, 44.8671817919356], [-122.161378310237, 44.8671726925672], [-122.161465383937, 44.867169329646], [-122.161550596328, 44.8671589085366], [-122.161671416141, 44.8671014345054], [-122.16160193325, 44.8669960752738], [-122.161736291572, 44.8669704025151], [-122.16184656696, 44.8669652416035], [-122.161970039497, 44.8669642197353], [-122.162059391325, 44.8669201896143], [-122.161978495339, 44.8668130333409], [-122.162126821566, 44.8667789862484], [-122.162221874103, 44.866768298936], [-122.16232336756, 44.8667594299805], [-122.162403861999, 44.8667553514066], [-122.162507080222, 44.8667475953664], [-122.162659802804, 44.8667336412404], [-122.162821910085, 44.8667121653646], [-122.162970246193, 44.8666864173508], [-122.163050006708, 44.8666730858842], [-122.163143153919, 44.8666578271799], [-122.163240595974, 44.8666356311889], [-122.16332929832, 44.8666205908565], [-122.163446342513, 44.8665688298758], [-122.163545038617, 44.8665202796405], [-122.163624705708, 44.866490955928], [-122.163666848373, 44.866486951827], [-122.163716410224, 44.8664822410072], [-122.163836202364, 44.8664345088377], [-122.163985062189, 44.8663774421979], [-122.16410706688, 44.8663429790926], [-122.164200273379, 44.8663044303571], [-122.164283760106, 44.8662778748437], [-122.164369443215, 44.866252016489], [-122.164469553267, 44.8662273971141], [-122.164560666691, 44.8662351054728], [-122.164635206198, 44.8662378604134], [-122.164646807042, 44.8662382577055], [-122.16470369645, 44.8662402040546], [-122.164813396916, 44.8662522195918], [-122.164930955844, 44.8662224137713], [-122.165052290391, 44.8662042191866], [-122.165099413316, 44.8661987175791], [-122.16518622381, 44.8661885828029], [-122.165199148771, 44.8661854795924], [-122.16531234548, 44.8661583045277], [-122.165341920714, 44.866146968316], [-122.165411026312, 44.8661204802188], [-122.165511007006, 44.8661020716749], [-122.16561233158, 44.8660912728165], [-122.165715101544, 44.8660840107566], [-122.165795732527, 44.8660733506927], [-122.165880604457, 44.866080472046], [-122.165972618891, 44.8660885261458], [-122.166058405306, 44.8660780710963], [-122.166155542833, 44.8660704728635], [-122.166257214157, 44.8660486631157], [-122.166359942798, 44.866023955154], [-122.166482407425, 44.866005142282], [-122.166577533624, 44.866007918881], [-122.166685572207, 44.8660306346517], [-122.166773731072, 44.8660846149732], [-122.166878319226, 44.8661205668083], [-122.166980761304, 44.8661655799487], [-122.166998282944, 44.8661745890668], [-122.167063066747, 44.8662078947771], [-122.167187220207, 44.8662459749764], [-122.16730513936, 44.8662794410902], [-122.167396371362, 44.8663113403023], [-122.167511175157, 44.8663197731975], [-122.167614994352, 44.866337979206], [-122.167718063455, 44.8663785977803], [-122.167764686916, 44.8664029248525], [-122.167794133691, 44.8664182893139], [-122.167869591277, 44.8664658788798], [-122.167971397348, 44.8665002273086], [-122.167982614611, 44.8665026530713], [-122.168037375911, 44.8665144985594], [-122.16811304999, 44.8665336913646], [-122.168205534244, 44.8665450052163], [-122.168293723652, 44.866554549725], [-122.168394715849, 44.8665783056189], [-122.168489868099, 44.8666017495288], [-122.168511195002, 44.8666059172491], [-122.16860712699, 44.8666246586165], [-122.168695204109, 44.8666521377947], [-122.168778025184, 44.8666638107114], [-122.168873377759, 44.8666689678299], [-122.168880450195, 44.8666700266308], [-122.168995683385, 44.8666872736869], [-122.169115818681, 44.8666909447898], [-122.16923382497, 44.8666775044517], [-122.169367850017, 44.8666711650169], [-122.169494179197, 44.8666709752859], [-122.169576741558, 44.8666633274702], [-122.169674045273, 44.8666678262604], [-122.169775223422, 44.8666774738911], [-122.169884071386, 44.8666892028305], [-122.169981025657, 44.8666968035283], [-122.169999028793, 44.8666967958882], [-122.170100807017, 44.8666967532305], [-122.170103841526, 44.8666967519572], [-122.17022405228, 44.8666986721869], [-122.170310897809, 44.8666983850438], [-122.170402494527, 44.8667139544376], [-122.170481053097, 44.8667521151604], [-122.170546039919, 44.8667766591827], [-122.170650105253, 44.8667981095673], [-122.170726771073, 44.8668247889933], [-122.170817265558, 44.8668658185187], [-122.170893289981, 44.8669005525362], [-122.170993992921, 44.8669097748266], [-122.171092772567, 44.8669030578669], [-122.171174945958, 44.8668941188975], [-122.171267008003, 44.8668933485162], [-122.171391320466, 44.8669051971072], [-122.171511651595, 44.8669011096301], [-122.171615359399, 44.8669002189166], [-122.171706072175, 44.8669016291599], [-122.171795488682, 44.8669088077118], [-122.171876009172, 44.8669185208799], [-122.171980476053, 44.8669355921383], [-122.17204119498, 44.8669629470159], [-122.172074349102, 44.866977882207], [-122.172167619381, 44.8670159217862], [-122.172243338377, 44.8670220116055], [-122.172332087435, 44.8670069993879], [-122.172442556859, 44.8669989626069], [-122.172577617664, 44.8669859349079], [-122.172727017377, 44.8669756818483], [-122.172863061837, 44.8669312245249], [-122.172972455079, 44.8668949433965], [-122.173068737409, 44.8668699021783], [-122.173138916494, 44.8668582318502], [-122.173155119407, 44.8668555374238], [-122.173233148869, 44.866831369076], [-122.173323706236, 44.866804815079], [-122.173400715212, 44.8667767470446], [-122.173469736369, 44.8667579821696], [-122.173550859629, 44.8667506571624], [-122.173644577269, 44.8667299707769], [-122.173730591856, 44.8667058482174], [-122.173806115917, 44.8666866962172], [-122.173936331209, 44.866653972074], [-122.174097559938, 44.8666339796367], [-122.174217706912, 44.8666013057614], [-122.174261084761, 44.866594808421], [-122.174321232359, 44.8665857987321], [-122.174416121402, 44.8665837556189], [-122.174510563983, 44.8665794089892], [-122.17462889097, 44.8665756188196], [-122.174746340304, 44.8665726174991], [-122.174844746252, 44.8665809752276], [-122.174941003429, 44.8666030840143], [-122.175039960044, 44.866613926071], [-122.175134531983, 44.8666308573498], [-122.175249830749, 44.8666796564341], [-122.175354678516, 44.8667190007692], [-122.175496571008, 44.8667593987832], [-122.17556136649, 44.8668172214197], [-122.175643395252, 44.8668544105016], [-122.175750376517, 44.8668998324526], [-122.175856739742, 44.8669454822985], [-122.175945077372, 44.8669840013175], [-122.176051613971, 44.8670046837917], [-122.176059371822, 44.8670056680952], [-122.176166915433, 44.8670193140034], [-122.176263198662, 44.8670357606516], [-122.176353066123, 44.867033191659], [-122.176509687393, 44.8670323996325], [-122.176612727749, 44.8670438922924], [-122.17670555965, 44.8670437974275], [-122.176789515299, 44.8670403600076], [-122.176884213001, 44.8670444831288], [-122.176991136774, 44.8670530521655], [-122.177085453591, 44.8670428920726], [-122.177195790064, 44.8670147241959], [-122.177298620214, 44.8669916637342], [-122.177406943563, 44.8669675113605], [-122.177524816003, 44.8669522883882], [-122.177623623498, 44.8669226790272], [-122.177709526693, 44.8669028732301], [-122.177803538083, 44.8668707171275], [-122.177898666078, 44.8668363918402], [-122.177994223468, 44.8668146893447], [-122.178095716926, 44.8668085931367], [-122.178189830723, 44.8667977409297], [-122.178269803241, 44.8667940507332], [-122.178304484499, 44.8667924513933], [-122.178381827649, 44.8667761358317], [-122.178465995299, 44.8667692921571], [-122.178582605606, 44.8667593039178], [-122.178722790401, 44.8667534254486], [-122.178834757317, 44.8667452218219], [-122.178931745723, 44.8667171633086], [-122.179014480561, 44.8666876416886], [-122.17909565233, 44.866658852237], [-122.179187609272, 44.8666481362516], [-122.179267780318, 44.8666615734131], [-122.179360221452, 44.8666466292265], [-122.179452290684, 44.8666297960014], [-122.179561675841, 44.8666308656266], [-122.179686973755, 44.8666293827949], [-122.17978794619, 44.866600914202], [-122.179874968686, 44.866575459649], [-122.180008304726, 44.8665515624104], [-122.180146407226, 44.8665441144972], [-122.180253392983, 44.8665588747093], [-122.180367749417, 44.8665493976896], [-122.180466071821, 44.8665529726623], [-122.180604837278, 44.8665859095148], [-122.180758923502, 44.8665901593682], [-122.180855394479, 44.8665929149285], [-122.180946401004, 44.8665860196608], [-122.181065468203, 44.8665787111855], [-122.181187908576, 44.8665513675856], [-122.181280148488, 44.8665324988578], [-122.181348258753, 44.8664916276288], [-122.181445107022, 44.8664349016716], [-122.181555861212, 44.8663794159198], [-122.181624896741, 44.866355207261], [-122.181686952361, 44.8663197916614], [-122.181847421115, 44.8663060456277], [-122.181970865805, 44.866290896336], [-122.182095694799, 44.8662694419423], [-122.182237725632, 44.8662275066241], [-122.182344691626, 44.8661986042489], [-122.182392878156, 44.8662326784255], [-122.18251545687, 44.8661790458738], [-122.182572840352, 44.8661774738943], [-122.182729527198, 44.8661589233874], [-122.182877270418, 44.8661192756064], [-122.182786046501, 44.866061049882], [-122.182779604682, 44.8660569381507], [-122.182794846398, 44.8660499059309], [-122.182863799282, 44.8660180848867], [-122.182930228799, 44.8659426569909], [-122.18306690747, 44.8659013511207], [-122.183147822321, 44.8658929824699], [-122.183228557508, 44.8658591493978], [-122.183275003104, 44.8658656913895], [-122.183317206854, 44.8658716368019], [-122.18340376582, 44.8658602082136], [-122.18349268466, 44.8658561531335], [-122.183609326408, 44.8658334653083], [-122.183688496731, 44.8658014658709], [-122.183769522074, 44.8657844394813], [-122.183828969885, 44.865758702513], [-122.183930465139, 44.8657052879051], [-122.184028580931, 44.8656657900709], [-122.184079713935, 44.8656490584298], [-122.184132460314, 44.865629247101], [-122.184209199795, 44.8656246794668], [-122.18428520176, 44.8656140505159], [-122.184348269781, 44.865632900444], [-122.18441957715, 44.8656296342102], [-122.184520844232, 44.8656084323371], [-122.184617364616, 44.8655936133056], [-122.184714803078, 44.8655940812751], [-122.184862782555, 44.8655587651681], [-122.184932516075, 44.865545041237], [-122.185001858829, 44.8654896564985], [-122.185100837902, 44.8654488322813], [-122.185194025536, 44.8654357316483], [-122.185295340229, 44.8654163353713], [-122.185434783914, 44.8653858866922], [-122.185460953634, 44.8653801710768], [-122.185465747943, 44.8653792160335], [-122.185557203626, 44.8653610065382], [-122.185578022082, 44.8653660256105], [-122.185657798768, 44.8653852633673], [-122.185744756586, 44.8653736735985], [-122.185870024855, 44.8653634087912], [-122.185968529618, 44.8653497994188], [-122.186077676721, 44.8653824752778], [-122.186194018432, 44.8654056236115], [-122.186253571346, 44.8654031475036], [-122.186358351739, 44.8653987905977], [-122.186421445811, 44.8653976388158], [-122.186761615351, 44.8655095601961], [-122.186737578231, 44.8655162289296], [-122.186435921263, 44.865599926118], [-122.186609029314, 44.865606126235], [-122.186775662307, 44.8655852528871], [-122.186951863257, 44.8655605663741], [-122.187069511118, 44.8655369603199], [-122.187230161332, 44.8655392543276], [-122.187102874548, 44.8655302667577], [-122.187131094224, 44.8655246046389], [-122.187295765297, 44.8654959979736], [-122.18747994149, 44.865496338605], [-122.187613401497, 44.8654663732194], [-122.187776784386, 44.8654510893642], [-122.187856546698, 44.8654337483436], [-122.187873141276, 44.8654240387451], [-122.188333454198, 44.8653844815053], [-122.188496306182, 44.8654736207133], [-122.188741700765, 44.8656079408101], [-122.189306579382, 44.8657199852997], [-122.189976601311, 44.8657247458438], [-122.190591321155, 44.8659496650296], [-122.191669609415, 44.8661778673667], [-122.192956889827, 44.8662274938903], [-122.193212977955, 44.8663013252428], [-122.194707233802, 44.8663163885792], [-122.195070357095, 44.866247007681], [-122.195111502629, 44.866261117913], [-122.195224074111, 44.8662882120701], [-122.195316234073, 44.8662803337234], [-122.195408981532, 44.8662679514611], [-122.19551281061, 44.8662731983878], [-122.19561657411, 44.8662814982213], [-122.19572205968, 44.8662838877021], [-122.195816327988, 44.8662787451929], [-122.195915058228, 44.8662866375469], [-122.196033261248, 44.8662855577283], [-122.196140081715, 44.866280466154], [-122.196249541432, 44.8662750021182], [-122.196361252327, 44.8662774750051], [-122.196423717579, 44.8662963412698], [-122.196490251301, 44.8663114262548], [-122.196593942037, 44.8663438800016], [-122.196704400681, 44.8663989220187], [-122.196928869908, 44.8665213479945], [-122.19703528254, 44.8665804085804], [-122.197156277524, 44.866615182881], [-122.197175487098, 44.8666191678727], [-122.197261929282, 44.8666371019235], [-122.197354759387, 44.8666405571945], [-122.197429230623, 44.8666234355508], [-122.19751023261, 44.8665948186079], [-122.197594047223, 44.8665741391699], [-122.197715900098, 44.8665610967311], [-122.197839413958, 44.8665699701739], [-122.197954356093, 44.8666106293322], [-122.198059414066, 44.8666495153037], [-122.198138932036, 44.8666709440885], [-122.198231525884, 44.8666805267772], [-122.19833583556, 44.8666864733788], [-122.198444697, 44.8667211457465], [-122.198540182524, 44.8667695130851], [-122.198650381555, 44.8668150503421], [-122.198746650411, 44.8668635774083], [-122.198807771783, 44.8669362727475], [-122.198850053687, 44.8670144084039], [-122.198878215871, 44.867105542342], [-122.198906731093, 44.8671869426409], [-122.198950067619, 44.8672963813325], [-122.199009325885, 44.8674393883965], [-122.199102645572, 44.8675027856873], [-122.199218616278, 44.8674951519889], [-122.199320493316, 44.867490296727], [-122.199389471354, 44.8674713321695], [-122.199480361996, 44.8674874189687], [-122.19939315265, 44.8675490144261], [-122.199319454864, 44.8675947573479], [-122.199330169968, 44.8677029970515], [-122.199409641227, 44.8677492784731], [-122.199497738108, 44.8677475550092], [-122.19958282204, 44.8677344771828], [-122.199662846661, 44.8677279182134], [-122.199605977015, 44.867800720058], [-122.199521066458, 44.8678628041413], [-122.199606873534, 44.8679355542453], [-122.199733968079, 44.8679629462111], [-122.19981312852, 44.8679642055383], [-122.199927708634, 44.8679493953899], [-122.200092924985, 44.8678979354745], [-122.200192007364, 44.867847638706], [-122.200263277004, 44.8678030897391], [-122.20037636322, 44.8677699288389], [-122.20047248565, 44.867772166094], [-122.200544187379, 44.8677723997516], [-122.200624300035, 44.867769690088], [-122.200724783786, 44.8677556483493], [-122.200828186163, 44.8677353245899], [-122.20090531192, 44.8677000836502], [-122.200994953904, 44.8676770387432], [-122.201071705064, 44.8676743672753], [-122.201103244015, 44.8676698545571], [-122.201174847828, 44.8676596054393], [-122.201275472615, 44.8676232751097], [-122.201370886274, 44.8676172687578], [-122.201453431567, 44.8676109790868], [-122.201543118467, 44.8676100514574], [-122.201659481737, 44.8676077887291], [-122.201778092592, 44.8676091110945], [-122.201889747792, 44.8676423026475], [-122.202028049719, 44.8676557408503], [-122.202129784823, 44.8677144660207], [-122.202236430118, 44.8677899934619], [-122.202328657454, 44.867826241556], [-122.202425119447, 44.8678641487843], [-122.202522183312, 44.8679343178375], [-122.202635193171, 44.8679827592834], [-122.202755173059, 44.8680339873765], [-122.202865476294, 44.8680675957006], [-122.20294500774, 44.868090604798], [-122.203030933393, 44.8680926160245], [-122.203140526061, 44.8681160580443], [-122.203224210418, 44.8681041804159], [-122.203327319047, 44.8681211067996], [-122.203413635467, 44.8681433143145], [-122.203511982126, 44.8681638091927], [-122.203621299012, 44.8682104932523], [-122.203722720604, 44.8682265823916], [-122.203828615806, 44.8682512983211], [-122.203875378506, 44.8683261533784], [-122.203884332015, 44.8684056184086], [-122.203918980035, 44.8685044938519], [-122.203948119587, 44.8685731112203], [-122.203958107954, 44.8686514859487], [-122.203971665329, 44.8687569573855], [-122.203955374381, 44.8688745970531], [-122.203981974395, 44.8689627892425], [-122.204022140766, 44.8690817750139], [-122.204025216598, 44.8691937662661], [-122.204001122883, 44.8692629863593], [-122.203959584785, 44.8693568244164], [-122.203953884076, 44.8693697038757], [-122.203938842685, 44.8694626065194], [-122.203936447776, 44.8694774016355], [-122.20397571673, 44.869539827701], [-122.203995412293, 44.8695711368425], [-122.204053393155, 44.8696894617891], [-122.204054734339, 44.8696921961916], [-122.204111257235, 44.8698092641491], [-122.204152106326, 44.8698870559368], [-122.20417218008, 44.8699676062013], [-122.204039828594, 44.8699438300603], [-122.203963708052, 44.8699470960493], [-122.203915213399, 44.8699491766051], [-122.203937161038, 44.87004357761], [-122.203959006269, 44.8701065754038], [-122.203970266652, 44.8701390499301], [-122.204027514488, 44.8702144213957], [-122.204080480954, 44.8702651770245], [-122.204062436495, 44.8703580483008], [-122.203964229075, 44.870440440341], [-122.20394911492, 44.8704420472192], [-122.20385519426, 44.8704520316362], [-122.20377688093, 44.8704883722765], [-122.203694129923, 44.8705591760421], [-122.203629417087, 44.8706450094558], [-122.203649790877, 44.8707200931358], [-122.203673795658, 44.8708005072677], [-122.203674231341, 44.8709252151283], [-122.203692331496, 44.871035200583], [-122.20372556467, 44.8711154532067], [-122.203754847952, 44.8712055162045], [-122.203746435229, 44.871325824076], [-122.203724909798, 44.8714561076627], [-122.203716833045, 44.8715449121519], [-122.203716328192, 44.8716278697272], [-122.203720710174, 44.8717372032082], [-122.203751876325, 44.8718448233262], [-122.203757315624, 44.8719145380706], [-122.203796011453, 44.8720302900666], [-122.203845986529, 44.8721398099496], [-122.203878443558, 44.8722194855287], [-122.203895952621, 44.8722450203463], [-122.203927351436, 44.8722908161952], [-122.20400551834, 44.872359853674], [-122.204091424231, 44.8724432143268], [-122.204144460765, 44.8725365977478], [-122.204166866545, 44.8726177611846], [-122.204152631841, 44.872683520342], [-122.204150898991, 44.8727647281346], [-122.204150746277, 44.8728392730211], [-122.204150626801, 44.8728974384135], [-122.204181395896, 44.8730128497556], [-122.204185146363, 44.8730639816998], [-122.204186591752, 44.8730836803362], [-122.204189107035, 44.8731179624281], [-122.204152448584, 44.8732359363144], [-122.204128010815, 44.8732914778443], [-122.20411144139, 44.8733291376525], [-122.204066650492, 44.873388988285], [-122.204022324022, 44.8734563266179], [-122.203958445721, 44.8735409334287], [-122.20391710076, 44.873609323891], [-122.20385787663, 44.8736677546055], [-122.203853833313, 44.8736733127936], [-122.20381124149, 44.8737318567585], [-122.203767022819, 44.8738077347107], [-122.203694882711, 44.8739027908155], [-122.203663212606, 44.8739822271386], [-122.203656615379, 44.8739987730166], [-122.203613277954, 44.8740731902579], [-122.203457029485, 44.8742266849837], [-122.203376428146, 44.8743379570565], [-122.203356728991, 44.874461652705], [-122.203372323744, 44.8745939573802], [-122.203348701645, 44.8747447509306], [-122.203298743637, 44.8748548837776], [-122.203227591677, 44.8749512673519], [-122.203141373173, 44.8750105675577], [-122.203093217185, 44.8750812600863], [-122.203021882867, 44.8751417308427], [-122.202944738245, 44.8752015203875], [-122.202848497237, 44.8753012760129], [-122.202720453173, 44.8753843332101], [-122.202567051465, 44.875436011783], [-122.202756613058, 44.8754271409802], [-122.203093745395, 44.8754568739197], [-122.203189571381, 44.8754625490664], [-122.203357293133, 44.875472484232], [-122.203460270607, 44.8754912182563], [-122.203528736605, 44.8755504109598], [-122.203559752736, 44.8756085220489], [-122.203562554582, 44.8756810478344], [-122.203510168428, 44.8758375970379], [-122.203459182747, 44.8760304078401], [-122.203396042861, 44.8762468686841], [-122.203227949206, 44.8764538756051], [-122.202678359017, 44.8774000973571], [-122.202393515817, 44.8780282576892], [-122.2022670465, 44.8788195659949], [-122.202076802187, 44.8793583672921], [-122.201918986158, 44.8801269509262], [-122.201316307332, 44.8808474062492], [-122.200588040437, 44.8819495727511], [-122.199922761612, 44.8835292923221], [-122.199571285876, 44.8839151035992], [-122.199468809661, 44.8840275904535], [-122.199226023786, 44.8842940878833], [-122.19935263324, 44.8842949783276], [-122.200208262379, 44.8839994079758], [-122.201697757155, 44.8831906455622], [-122.202394956715, 44.8825608701262], [-122.202847153358, 44.8822023299317], [-122.203250288511, 44.8818826835508], [-122.203720126269, 44.8816489408714], [-122.203883765178, 44.8815675298369], [-122.204105940107, 44.8815240697495], [-122.20461227911, 44.8815906175574], [-122.205626883105, 44.8818137434256], [-122.206229175655, 44.8820384902591], [-122.206982033932, 44.8823413211476], [-122.209158266488, 44.8824643554474], [-122.211406055246, 44.8825913905556], [-122.215194344224, 44.8841471096434], [-122.216237129267, 44.8834040853925], [-122.217882368557, 44.8833504115571], [-122.221469800526, 44.8849337944263], [-122.222900682026, 44.8838393408134], [-122.224438866389, 44.8849539969097], [-122.226551346408, 44.8852728452707], [-122.231454256007, 44.8864303890115], [-122.232582942449, 44.8876408588806], [-122.232097952807, 44.8891241738744], [-122.236262198409, 44.8927042079185], [-122.239892636324, 44.8934895951817], [-122.244484011081, 44.8972244014561], [-122.246321522181, 44.8986573852592], [-122.249099095972, 44.89918312543], [-122.253940456601, 44.8998461082049], [-122.256279984909, 44.8993669800648], [-122.260319333246, 44.8976902874391], [-122.26039213631, 44.902159563941], [-122.248296845626, 44.9020640741223], [-122.248416822818, 44.9102381810753], [-122.245259929111, 44.9102413639798], [-122.245558869573, 44.9427967327892], [-122.240460166767, 44.9427629360453], [-122.240489744697, 44.9463643090179], [-122.235390617886, 44.9463302829432], [-122.23532899256, 44.9599345107631], [-122.235313254076, 44.9607552508823], [-122.229974754988, 44.9609132675318], [-122.229857613777, 44.9645736826524], [-122.224626181295, 44.9646974269881], [-122.219394714677, 44.9648209219038], [-122.219284071879, 44.9685245888266], [-122.214054933694, 44.9686691866405], [-122.21414206309, 44.9721901279774], [-122.214227972574, 44.975709938086], [-122.209207019855, 44.9757132768666], [-122.209261888054, 44.9792267578516], [-122.209317244937, 44.9827408908686], [-122.204232376187, 44.9827291334972], [-122.204181739053, 44.9860097125799], [-122.204131085749, 44.9892898586944], [-122.204123595596, 44.9897750163913], [-122.204080438733, 44.992570003878], [-122.204068189306, 44.9933632370396], [-122.204043518873, 44.994960833227], [-122.201288667069, 44.9962172837898], [-122.198434486748, 44.9969000531085], [-122.194438190171, 44.9977524774206], [-122.190960742536, 44.999937640688], [-122.186595017392, 45.0004616352058], [-122.178715565251, 44.99877655835], [-122.174372959149, 44.9955374405755], [-122.170277800281, 44.9928120115772], [-122.166160038002, 44.9916720056859], [-122.15905768877, 44.9959806945374], [-122.154588419314, 44.9959476958633], [-122.148616167777, 44.9993126534862], [-122.144525174396, 45.0038807033389], [-122.138496105316, 45.0051511151224], [-122.138154425708, 45.0113650214301], [-122.132574013908, 45.0182206901925], [-122.129272788782, 45.0276702816322], [-122.123672676928, 45.0411928117778], [-122.125404303605, 45.0427193596793], [-122.124833715296, 45.0472818631676], [-122.126237138892, 45.0506048581513], [-122.126646460742, 45.0551609058739], [-122.125485076522, 45.0562837303748], [-122.123521953098, 45.0581815452414], [-122.123778845218, 45.0601117474062], [-122.124834131216, 45.0611980808317], [-122.125964045655, 45.0623611811734], [-122.125305805131, 45.063269513711], [-122.125324008592, 45.0667709113405], [-122.123971550914, 45.0677088199407], [-122.122718614892, 45.068577668546], [-122.122125636075, 45.0698924265123], [-122.123492453322, 45.0713243464095], [-122.124662953646, 45.0725505297762], [-122.124203886688, 45.0744752358636], [-122.125511767266, 45.0779357680043], [-122.125552420524, 45.0799657899942], [-122.124100790636, 45.08122323293], [-122.12284220421, 45.0839029377339], [-122.121681656322, 45.0849852119832], [-122.120349593994, 45.0876387241204], [-122.122937586429, 45.0914446651604], [-122.120397046601, 45.0938804364087], [-122.118919199381, 45.0968121152897], [-122.11975307312, 45.0984930516141], [-122.124080170707, 45.1013171642364], [-122.126419499589, 45.1029588444014], [-122.129224305808, 45.1022698699864], [-122.130291482806, 45.1014791779387], [-122.132993429229, 45.1014739810286], [-122.134151631616, 45.1063191663143], [-122.132768132654, 45.1101361217618], [-122.131379726195, 45.1124591428437], [-122.133034590934, 45.1132330625941], [-122.134203285644, 45.113779591193], [-122.135520941689, 45.1146014526273], [-122.135614890196, 45.1174924525773], [-122.136873081363, 45.1192231514437], [-122.136429449258, 45.1212657314603], [-122.136072125489, 45.123666187414], [-122.137843332837, 45.1248486762161], [-122.138575863137, 45.1262254226496], [-122.139092468985, 45.1271963075271], [-122.142010619236, 45.1283873717161], [-122.147738969191, 45.1297053429447], [-122.148339089614, 45.1299332140474], [-122.148797905044, 45.1301074262758], [-122.148901835631, 45.1300878747528], [-122.149045588534, 45.1302014705923], [-122.149129863983, 45.1303596295481], [-122.149582925703, 45.1314792204506], [-122.149967356136, 45.1319771800202], [-122.150554136577, 45.1323371203848], [-122.151352041772, 45.1326510843719], [-122.154308421627, 45.1338142992916], [-122.155146168901, 45.1345136413126], [-122.155221666911, 45.1355899032062], [-122.155526048469, 45.1358622103505], [-122.155526041282, 45.135970230208], [-122.156058567972, 45.136779823845], [-122.156058597617, 45.1374774559528], [-122.156057960711, 45.1376483069264], [-122.155990022025, 45.1380238930006], [-122.155980269016, 45.1380778077578], [-122.155902102111, 45.138509926836], [-122.155441473881, 45.1392580588042], [-122.155218201211, 45.1410404055867], [-122.155217421473, 45.1418460519543], [-122.155064750096, 45.1427090835001], [-122.154530489657, 45.1432497254263], [-122.153984148674, 45.1436056339402], [-122.153350752855, 45.1440832496341], [-122.153158300484, 45.1442747375532], [-122.152929331596, 45.1446511068248], [-122.152829466784, 45.1450059326461], [-122.152832362054, 45.1451859861786], [-122.152922631062, 45.145371192773], [-122.15346184571, 45.1460008135225], [-122.153766303624, 45.1466466931417], [-122.153994422706, 45.1476700786499], [-122.15406988119, 45.1483727695164], [-122.153993561222, 45.1484262126242], [-122.153993546848, 45.1485882427433], [-122.153840881759, 45.1489651809745], [-122.153307341769, 45.1495598321911], [-122.153001979251, 45.1504757358029], [-122.152925654792, 45.1505291794731], [-122.152924800494, 45.1510692727228], [-122.153076595115, 45.1521461014387], [-122.153000270656, 45.1521995435426], [-122.152923892297, 45.1527390767791], [-122.152572072506, 45.1535691186208], [-122.152236777224, 45.1540887231031], [-122.151550517348, 45.1547362404963], [-122.150864253878, 45.1557573218753], [-122.150863325918, 45.1566754855512], [-122.150931733526, 45.1569194205522], [-122.151015104371, 45.1572167152593], [-122.151069061678, 45.1577105068124], [-122.151091399186, 45.1579149125435], [-122.151100667105, 45.1579396127206], [-122.151245830363, 45.158326424725], [-122.151502345191, 45.1590099411213], [-122.151699486768, 45.1595352374373], [-122.151534934273, 45.1601177863258], [-122.151307635353, 45.1605071799439], [-122.151013487403, 45.1609112212367], [-122.150909250491, 45.1610279677288], [-122.150754978315, 45.1611071878835], [-122.150575600025, 45.1612241373003], [-122.150359999865, 45.1610499992381], [-122.150150000701, 45.1609300001888], [-122.149940000639, 45.160840000261], [-122.149730000576, 45.1607699997965], [-122.149460000239, 45.160699999246], [-122.149240000131, 45.1606599999787], [-122.148920000464, 45.1606399997011], [-122.148778641571, 45.1606444171819], [-122.148503670856, 45.1606652098678], [-122.148220000856, 45.1607099996919], [-122.147889999346, 45.1607999991917], [-122.147390000652, 45.160979999665], [-122.147210000727, 45.1610499992381], [-122.146800000648, 45.1612199998339], [-122.146770000511, 45.161229999555], [-122.146159999517, 45.1614800002483], [-122.146090000096, 45.1615099992697], [-122.146029999821, 45.1615400001754], [-122.145670000869, 45.1616899994002], [-122.145010000545, 45.1619700000211], [-122.144460000724, 45.1622499998994], [-122.144029999656, 45.1624999992839], [-122.143609999531, 45.1627799997244], [-122.143219999544, 45.1631000001714], [-122.142669999723, 45.1636099998212], [-122.142310000771, 45.163949999796], [-122.141930000829, 45.164319999717], [-122.141380001009, 45.1648100003988], [-122.141010001113, 45.1651599992102], [-122.140670000456, 45.1654899991963], [-122.14042000021, 45.1656899998314], [-122.14020999925, 45.1658600011491], [-122.139970000847, 45.1660199999141], [-122.139719999703, 45.1661599992564], [-122.139480000402, 45.1662599997523], [-122.13920000002, 45.1663399992625], [-122.13891000049, 45.1664099992169], [-122.138620000062, 45.166459999584], [-122.138040000103, 45.1665399994467], [-122.137460000145, 45.1666299992371], [-122.137360000586, 45.1666499999454], [-122.136950000507, 45.1667299995413], [-122.136670001023, 45.1668099996582], [-122.13641999988, 45.1668799996683], [-122.136170000533, 45.1669799995335], [-122.13589000015, 45.1670899998159], [-122.135169999552, 45.1674399998192], [-122.134620000629, 45.1676800000081], [-122.134130000184, 45.1678799999209], [-122.133799999573, 45.1680000001648], [-122.133440000621, 45.1681299999327], [-122.133020000497, 45.1682400005276], [-122.132550000144, 45.168340001172], [-122.13215000011, 45.1684199996611], [-122.131619998584, 45.1684799992458], [-122.131159999175, 45.1685099996478], [-122.130820000315, 45.1685199993561], [-122.130380000099, 45.1685300003293], [-122.129770000902, 45.1685099996478], [-122.129210001035, 45.1684399997408], [-122.128780000865, 45.1683699997477], [-122.128460001198, 45.1683099994137], [-122.128110000495, 45.1682300001368], [-122.127450000171, 45.1680800003981], [-122.126599999876, 45.1678599990112], [-122.125979999735, 45.1677299992605], [-122.125360000492, 45.1676300000786], [-122.124740000351, 45.1675599990901], [-122.124429999831, 45.1675199995723], [-122.124120001108, 45.1674700001356], [-122.123820000634, 45.1673900003123], [-122.123520001059, 45.1672799993426], [-122.123259999869, 45.167180000004], [-122.123009999624, 45.1670500006014], [-122.122790000414, 45.1668999996554], [-122.122589999499, 45.1667299995413], [-122.122420000518, 45.1665300000242], [-122.122269999832, 45.1663400011626], [-122.122159999329, 45.1661300001502], [-122.122070000714, 45.1659299991598], [-122.12201000044, 45.1657199998027], [-122.121979999404, 45.1655099996715], [-122.121969999358, 45.1652899997592], [-122.121960000211, 45.1650000005633], [-122.121940000119, 45.1644099992146], [-122.121930000074, 45.1632999990631], [-122.121930000972, 45.1628599990545], [-122.121920000028, 45.1624199994482], [-122.121900000835, 45.1621999996375], [-122.12184000056, 45.1620199998515], [-122.121670000681, 45.1615899997498], [-122.121530000041, 45.1612899997455], [-122.121350000116, 45.1610399994853], [-122.121160001043, 45.1608299998379], [-122.120970001072, 45.1606599993453], [-122.120710000781, 45.1604499995641], [-122.120290000657, 45.160179999613], [-122.119810001156, 45.1599299995497], [-122.119020001136, 45.159609999667], [-122.118219999273, 45.1592900011542], [-122.117690000442, 45.1590799994908], [-122.117199999997, 45.1588699995871], [-122.117159999814, 45.1588500005815], [-122.116659999323, 45.1585800006497], [-122.11642000092, 45.1584399997825], [-122.116341780117, 45.1583965447457], [-122.116063303277, 45.1587587659561], [-122.116052098591, 45.1589146926392], [-122.116065640694, 45.1590121752625], [-122.116080854561, 45.1590643997924], [-122.116027739874, 45.1591201297221], [-122.115960866589, 45.1591704779105], [-122.115861499444, 45.1592414317625], [-122.115782907636, 45.1592767940033], [-122.115709853942, 45.159303234273], [-122.115699878151, 45.1593071235716], [-122.115621674416, 45.1593160480539], [-122.115592527678, 45.1592963855596], [-122.115569749097, 45.1592280117654], [-122.115543938703, 45.1591523894593], [-122.115453440624, 45.1591312224928], [-122.115340327459, 45.1591424292801], [-122.115304496357, 45.1591400405851], [-122.115217544827, 45.1591342420925], [-122.115086715088, 45.1591536360651], [-122.115014055754, 45.1591652704185], [-122.114931640717, 45.1591807953437], [-122.11485244614, 45.1592270400729], [-122.114734634785, 45.1592561401668], [-122.114586698427, 45.1592841393333], [-122.114486923447, 45.1592734279213], [-122.114452691347, 45.1592697539889], [-122.114345964304, 45.1591901695865], [-122.114257507198, 45.1591136623166], [-122.114190937544, 45.1590662411993], [-122.114140077628, 45.1590339155358], [-122.114078795457, 45.1589941684747], [-122.113998574106, 45.1589511661369], [-122.11393034167, 45.1588988312845], [-122.11383106795, 45.1588374780788], [-122.113737104171, 45.1587916029635], [-122.113658491702, 45.1587611514999], [-122.113583088914, 45.1587247836655], [-122.113501211069, 45.1586702448559], [-122.113425404039, 45.1586282070085], [-122.113348736423, 45.1585887364795], [-122.113233476283, 45.1585043762166], [-122.113119284241, 45.1584259290476], [-122.11302139752, 45.1583717415149], [-122.112917731037, 45.1583118896452], [-122.112814274761, 45.1582684927879], [-122.112723117319, 45.1582397215826], [-122.112636049907, 45.1582015468203], [-122.112541438443, 45.1581746480559], [-122.11249698621, 45.1581603764521], [-122.112447424359, 45.1581271159369], [-122.11244387242, 45.1581247329004], [-122.112382570487, 45.1581097435858], [-122.112338371578, 45.1580870996605], [-122.112227985698, 45.1580264879847], [-122.112139723526, 45.157972670641], [-122.11205734532, 45.1579288820523], [-122.111976314586, 45.1578804242548], [-122.111871972571, 45.1578448242362], [-122.111763675273, 45.1577717218719], [-122.111672536696, 45.1576912422067], [-122.111591026262, 45.1575960840046], [-122.111489066579, 45.1575272685517], [-122.111510445585, 45.1576973854451], [-122.111538429004, 45.1578414086602], [-122.111582625218, 45.1579697935062], [-122.111660966395, 45.1580827035188], [-122.111709886849, 45.1581684560933], [-122.111741679125, 45.1582400604774], [-122.1117740589, 45.1583151975069], [-122.111832844652, 45.1584141412493], [-122.111894946984, 45.1585140311868], [-122.111939533067, 45.1586367477303], [-122.111966066605, 45.1587420703143], [-122.111976287637, 45.1588742379413], [-122.111976010057, 45.1590130848816], [-122.112003587438, 45.1591317507802], [-122.112043168108, 45.1592243365632], [-122.112041452326, 45.1593140546304], [-122.112019633146, 45.1594038295655], [-122.11200141082, 45.1595067069431], [-122.111962924298, 45.1595814825123], [-122.111890919837, 45.1595073669814], [-122.111883915673, 45.1595001572351], [-122.111844387105, 45.1594675239685], [-122.111810273582, 45.1594393601991], [-122.111753561142, 45.159364426718], [-122.111686124613, 45.1592973870224], [-122.111616345279, 45.1592065851177], [-122.111548265557, 45.1591226489063], [-122.11150908823, 45.1591030477887], [-122.111458062126, 45.1590775164108], [-122.111400047128, 45.1590270313174], [-122.111292478364, 45.1589623628245], [-122.111208811974, 45.1588797843508], [-122.111129543735, 45.158834667499], [-122.111058217501, 45.1587816230845], [-122.110980040715, 45.1587416737793], [-122.11097314345, 45.15873744365], [-122.110916809201, 45.1587029102512], [-122.110835508972, 45.1586247256014], [-122.110746985391, 45.1585306217436], [-122.110724051402, 45.1585100556855], [-122.110570895832, 45.1583992793336], [-122.110565697282, 45.158396311004], [-122.110476326589, 45.1583728842526], [-122.110431579708, 45.158313484032], [-122.110417708822, 45.1582950722505], [-122.110337449741, 45.1582349251134], [-122.110252644287, 45.1582284747105], [-122.110299435733, 45.1583338442908], [-122.110357877431, 45.1584380772742], [-122.110377312482, 45.1584765888712], [-122.110404816201, 45.1585310828915], [-122.110446773813, 45.1586294479249], [-122.110478334324, 45.1587079606916], [-122.110521672646, 45.158802755975], [-122.110575735955, 45.1589440576706], [-122.110611434106, 45.1590567313802], [-122.110623492192, 45.1591387325354], [-122.110639957413, 45.1592125292935], [-122.110654237033, 45.1593220004529], [-122.110646456724, 45.1594376543593], [-122.11063432318, 45.1595148674729], [-122.11061546844, 45.1595951995062], [-122.110551068218, 45.1596659114916], [-122.110511347411, 45.1595971511133], [-122.110466779294, 45.1595377908085], [-122.110400946259, 45.1594663831531], [-122.11033147864, 45.1593768648579], [-122.11026087016, 45.159283548337], [-122.110208987062, 45.1592193444448], [-122.11015128378, 45.159145895453], [-122.110084353003, 45.1590652162952], [-122.110028821847, 45.1590095135496], [-122.109970566999, 45.1589481889679], [-122.109900815513, 45.1588774159149], [-122.109838475127, 45.1588068138033], [-122.109756585604, 45.1587457664512], [-122.10967654122, 45.1586829910008], [-122.109593961791, 45.1586493703612], [-122.109578300563, 45.1586429947516], [-122.109572407614, 45.1587479055864], [-122.109623850537, 45.1588315516003], [-122.109628324148, 45.1588388241419], [-122.109658335065, 45.1589773848537], [-122.109670041011, 45.1590814779368], [-122.109675421021, 45.1591726955761], [-122.109674981745, 45.1592622369957], [-122.109651428817, 45.1593530521139], [-122.109628742762, 45.1594705707881], [-122.109579289608, 45.1595763536036], [-122.109513091856, 45.1596030072012], [-122.109480778557, 45.1594760195907], [-122.109426441262, 45.159385538489], [-122.109361431982, 45.159289858631], [-122.109279413101, 45.159179135737], [-122.109197348407, 45.1590821614172], [-122.109135367347, 45.1590177596649], [-122.109082498798, 45.1589502907225], [-122.109054307867, 45.1589268052889], [-122.109016482506, 45.1588952935177], [-122.108943735138, 45.1588396146768], [-122.108881679518, 45.15878969757], [-122.108816425895, 45.1587399311789], [-122.108738572503, 45.1586776776793], [-122.108667843649, 45.1586284344148], [-122.108611595638, 45.1586317422581], [-122.108640890597, 45.1587218514591], [-122.108651381123, 45.1588067042178], [-122.108678318005, 45.1589182829803], [-122.108698822052, 45.1590260501198], [-122.108703113304, 45.1590486030902], [-122.10870678382, 45.1591731700209], [-122.108661258998, 45.1592780748121], [-122.10859954923, 45.1591965248649], [-122.108516224199, 45.1591108986249], [-122.108425735104, 45.1590349372733], [-122.108384329057, 45.1590037530501], [-122.108337776563, 45.1589686940576], [-122.108236743043, 45.1589097353329], [-122.108154105223, 45.1588673277325], [-122.108079722023, 45.1588236101434], [-122.107986772442, 45.1587851032151], [-122.107967555681, 45.1588507550101], [-122.107972789266, 45.1589315193526], [-122.107968609405, 45.1590561593848], [-122.107960804842, 45.1590671425829], [-122.107908467197, 45.1591407823411], [-122.107819577103, 45.1591692534753], [-122.107740699631, 45.1591283112108], [-122.107643922329, 45.1590621010425], [-122.107618893468, 45.1590443495464], [-122.10756332099, 45.1590049382156], [-122.107465550151, 45.1589427337805], [-122.107348631722, 45.1588941273531], [-122.107251450178, 45.1588884054819], [-122.107148428686, 45.1588890104179], [-122.107042593671, 45.158902300006], [-122.106971636645, 45.1589585153095], [-122.106905444283, 45.1590015360115], [-122.106823266401, 45.1590704123944], [-122.106714274706, 45.1591198605109], [-122.106623014856, 45.159140138768], [-122.106527427822, 45.1591494363715], [-122.106509062664, 45.1591512220331], [-122.106394577771, 45.1591734715373], [-122.106300166631, 45.1591887709564], [-122.106208930138, 45.1591585445755], [-122.106305246604, 45.1590670988756], [-122.106401081574, 45.1589585412805], [-122.106262652985, 45.1589796012598], [-122.106199356792, 45.1589957609421], [-122.106176230563, 45.1590016658666], [-122.106102870544, 45.159033052158], [-122.106015839064, 45.1590227011259], [-122.105915387652, 45.1590102413716], [-122.105792273543, 45.1590135225883], [-122.105765149811, 45.1590201204937], [-122.105662567595, 45.1590450697667], [-122.105572874407, 45.1590786439318], [-122.105489402951, 45.1591140151418], [-122.105370948403, 45.1591327231078], [-122.105253464035, 45.1591847663641], [-122.105119421022, 45.159205985886], [-122.104993571542, 45.1591680265064], [-122.10487390337, 45.159182097058], [-122.104780413003, 45.1591456560135], [-122.104672533422, 45.1591293665188], [-122.104571742448, 45.1591040201168], [-122.104448959816, 45.1590925479112], [-122.104337316294, 45.159082550982], [-122.104228652484, 45.1590872048562], [-122.104127185976, 45.1591395775418], [-122.104062008711, 45.1591838675161], [-122.103998656822, 45.1592299272792], [-122.103936979393, 45.1592731384408], [-122.103901254293, 45.1592859401932], [-122.103852527875, 45.1593034040339], [-122.103738397816, 45.1593682545691], [-122.103635220916, 45.1594308506359], [-122.103550237595, 45.159471614688], [-122.103446379772, 45.1594279786422], [-122.103328059073, 45.1593631231075], [-122.103233490728, 45.1592817481105], [-122.103150679533, 45.1592107746722], [-122.10304573385, 45.1591454539467], [-122.102950150409, 45.1590947497437], [-122.102827090198, 45.1590956023521], [-122.102655434724, 45.1591300050246], [-122.102577110614, 45.1591387756092], [-122.102548190252, 45.159142015645], [-122.102441012255, 45.1591528005605], [-122.102361322707, 45.1592040608698], [-122.102259091732, 45.1592301489822], [-122.102158689728, 45.1592453635056], [-122.102057413663, 45.1592481645636], [-122.102011753195, 45.1592419771517], [-122.101934100127, 45.1592314513289], [-122.101852094721, 45.1592265193876], [-122.101757141898, 45.1592387649928], [-122.101650832572, 45.1592449986459], [-122.101567693492, 45.1592128105396], [-122.101464678289, 45.1591657163588], [-122.10138624728, 45.1591860047346], [-122.101291600781, 45.1592315697816], [-122.101196810553, 45.159299624953], [-122.101085414966, 45.1593619385829], [-122.101002794214, 45.1592966383007], [-122.100963235104, 45.1592209084013], [-122.100884320801, 45.1591190801149], [-122.100788624172, 45.1590418341595], [-122.100703144982, 45.159004262969], [-122.100599394058, 45.1589723426719], [-122.100480048381, 45.1589385290037], [-122.100371734015, 45.1589014828675], [-122.100242068492, 45.1588855169914], [-122.100157156138, 45.1588778346194], [-122.100066521516, 45.158851699471], [-122.099951841689, 45.1588076372776], [-122.099835963509, 45.1587854072673], [-122.099759587845, 45.1587004233542], [-122.099664544291, 45.1586212144222], [-122.099568100264, 45.1585548560721], [-122.099425465763, 45.1585082079262], [-122.099344059534, 45.1584398749937], [-122.099277075756, 45.1584064195401], [-122.099170354104, 45.1583380731831], [-122.099073201306, 45.1582608996489], [-122.098972799301, 45.1582698451989], [-122.098853666525, 45.1582419310495], [-122.098726747152, 45.1582060367032], [-122.098622406035, 45.158192015953], [-122.09853898219, 45.1581835777832], [-122.098426573303, 45.1581778476058], [-122.098305095026, 45.1581108983643], [-122.098186502137, 45.1580322447823], [-122.098061175476, 45.1580158270124], [-122.097957834184, 45.1580154672124], [-122.097839181108, 45.1579760741735], [-122.097700358159, 45.1579099906236], [-122.097617931444, 45.1578280523122], [-122.09755792578, 45.1577607086517], [-122.097439319416, 45.1576750390795], [-122.097299229842, 45.157625157693], [-122.09721638541, 45.1576268642205], [-122.09711336302, 45.1576608826394], [-122.097050893277, 45.157693913483], [-122.096979036139, 45.1577286558995], [-122.09688965826, 45.1577648381344], [-122.096777898855, 45.1578247843297], [-122.096656591258, 45.1578805553794], [-122.096570122123, 45.1578945629038], [-122.096505951869, 45.1578727588506], [-122.096421865067, 45.1578168547682], [-122.096272141062, 45.1578161776071], [-122.096148398132, 45.1578454785926], [-122.096041379137, 45.1578521108397], [-122.09595049658, 45.1578469640386], [-122.095868902603, 45.1578629321061], [-122.095765651142, 45.1578787044324], [-122.095636805781, 45.1578713000102], [-122.095515928476, 45.1578462355683], [-122.095395105969, 45.1578237125278], [-122.095303282875, 45.1578178530898], [-122.095211108541, 45.1578275487173], [-122.095125032869, 45.1578375990766], [-122.095008569885, 45.1578571670565], [-122.0949025588, 45.1578206250791], [-122.094789669315, 45.1578125149829], [-122.09470497615, 45.1578060721336], [-122.094563699004, 45.1577968078839], [-122.094433620256, 45.1578047222454], [-122.094342071148, 45.1578171828967], [-122.09426800685, 45.1578655317942], [-122.094162168241, 45.157880699173], [-122.094057184829, 45.1578795545251], [-122.093957395476, 45.1578782540479], [-122.093839273304, 45.1578778011297], [-122.093721437695, 45.1578547517027], [-122.093624044149, 45.1578321083095], [-122.093505433293, 45.1578122261284], [-122.093404458164, 45.1578083253256], [-122.093316923628, 45.1577977130883], [-122.092784544261, 45.1580156762511], [-122.092733493003, 45.1582364998655], [-122.092664365846, 45.1583608956407], [-122.092642391257, 45.1584734077079], [-122.092587092765, 45.1585777544561], [-122.092542392596, 45.1587028906145], [-122.092511782503, 45.1588107531776], [-122.092469840163, 45.158935738699], [-122.092469572465, 45.1589362505188], [-122.092408381922, 45.1590535527831], [-122.092391715479, 45.1590800571337], [-122.092333206408, 45.1591731092109], [-122.092291501222, 45.1592749374007], [-122.09223745588, 45.159375283803], [-122.092166780027, 45.1595302295103], [-122.092070304558, 45.159613088919], [-122.091990595247, 45.159672910284], [-122.091920072107, 45.1597369565742], [-122.091865043109, 45.1597838330161], [-122.091841071566, 45.1598042522919], [-122.091778707824, 45.1598633152405], [-122.091721516581, 45.1599134189018], [-122.091659938865, 45.1599502673836], [-122.091567133913, 45.1600090882112], [-122.0914502604, 45.1600722960985], [-122.091401605847, 45.1601336220041], [-122.091339985911, 45.1601699800713], [-122.091222072148, 45.1602100550604], [-122.091110522051, 45.1602295468478], [-122.091001150369, 45.1602379321403], [-122.090934107302, 45.1602344837697], [-122.090838010923, 45.1601803746015], [-122.090857489992, 45.1600647716101], [-122.090866986981, 45.1599990319006], [-122.090880718628, 45.1598926937185], [-122.090880814748, 45.1598848645266], [-122.090881711267, 45.1598128188081], [-122.090891507395, 45.1597309073035], [-122.090875883895, 45.1596405190876], [-122.090852621123, 45.1595541010896], [-122.090813760004, 45.1594667619469], [-122.090782501327, 45.1593835742059], [-122.090770030914, 45.1592948165377], [-122.090731891142, 45.1592252107065], [-122.090701291828, 45.1591498386046], [-122.090698814275, 45.1591437347959], [-122.090671920512, 45.1590707316476], [-122.090614241484, 45.1589982769645], [-122.090642008409, 45.1588782476229], [-122.090621102816, 45.1587608366791], [-122.090613837242, 45.1586442888769], [-122.090622177201, 45.1585403115489], [-122.090622413458, 45.158539529878], [-122.090658391884, 45.1584208209386], [-122.090660390635, 45.1582781154923], [-122.090561614581, 45.1581585432508], [-122.090488789958, 45.1580675976384], [-122.090421105495, 45.158002453602], [-122.09031357985, 45.1579333649888], [-122.090244494015, 45.1578370657096], [-122.090172084413, 45.1577619160139], [-122.090098074013, 45.1576688001871], [-122.090003988064, 45.1575954201435], [-122.089948440738, 45.1575374868298], [-122.089899947883, 45.1574542709338], [-122.089821772893, 45.1573815671468], [-122.089730482501, 45.1573390969637], [-122.08971826182, 45.1573992197081], [-122.089769985915, 45.1575107157101], [-122.089771925378, 45.1576189320976], [-122.089800452278, 45.1576953210181], [-122.089772611691, 45.1577698690209], [-122.089713744192, 45.1578559698316], [-122.089700194004, 45.1579740059559], [-122.089706195649, 45.1580924105034], [-122.089709063969, 45.1582315095609], [-122.089719623666, 45.1583326116028], [-122.08967243696, 45.15837402509], [-122.089605235791, 45.1582943336507], [-122.089547388778, 45.1582297815142], [-122.089509484365, 45.1581486791821], [-122.089470342971, 45.1580809355603], [-122.089426201555, 45.1580113649863], [-122.089347298032, 45.1579298822723], [-122.089289114151, 45.1578516496863], [-122.089252314665, 45.1577999232058], [-122.089203054648, 45.1577314595659], [-122.089159758546, 45.1576635938248], [-122.089125424936, 45.1576014785093], [-122.089078414301, 45.1575402892387], [-122.088990585117, 45.157532272854], [-122.088977789514, 45.1576664126972], [-122.088980235627, 45.1577893337712], [-122.088980428764, 45.1579183008766], [-122.088981896612, 45.1579922062686], [-122.088976884911, 45.1580756842606], [-122.089001525699, 45.1581725804789], [-122.089002300945, 45.1582773148145], [-122.088916063576, 45.1581888848163], [-122.088857273332, 45.1581146585206], [-122.088806503247, 45.1580232067112], [-122.088770333481, 45.1579477747418], [-122.088763314045, 45.1578798642832], [-122.088722300562, 45.1578220250097], [-122.088689422223, 45.1577552020409], [-122.088653726767, 45.1576771453153], [-122.088597579367, 45.1575971203374], [-122.088517135233, 45.1575151796758], [-122.08843539483, 45.1574306974665], [-122.088348885272, 45.1573495971643], [-122.088278322606, 45.1572992403989], [-122.088208750783, 45.1572557629546], [-122.088137310463, 45.157220125805], [-122.088074532598, 45.1571760123065], [-122.088007660211, 45.1572462357299], [-122.087922908656, 45.1572675921674], [-122.087821202298, 45.1572522421892], [-122.087702489035, 45.1572112079624], [-122.087629600631, 45.1571693381724], [-122.087555099751, 45.1571203906974], [-122.087475380558, 45.1570830355171], [-122.087389886994, 45.1570531177817], [-122.087275130809, 45.1570591356637], [-122.087351526236, 45.1571433960792], [-122.087389732483, 45.1572439432412], [-122.087435579801, 45.1573689809756], [-122.08747175855, 45.1574526131773], [-122.087499543442, 45.1575150871912], [-122.087554598491, 45.1575905976484], [-122.087611129472, 45.157696054558], [-122.087626656851, 45.1577867391473], [-122.087652425025, 45.1579078368875], [-122.087604008527, 45.1580251913116], [-122.087561237939, 45.1581060214362], [-122.087562063491, 45.1582038418042], [-122.087544959568, 45.1583227450305], [-122.087525644891, 45.1584235333547], [-122.087459464207, 45.1585054676425], [-122.087391589301, 45.1585794590548], [-122.087314970194, 45.1586455538637], [-122.087240304024, 45.1587376843581], [-122.087170795981, 45.1588311594999], [-122.087095000629, 45.1588988179822], [-122.087010845555, 45.1589438448347], [-122.086931202718, 45.1589841810299], [-122.086848748155, 45.1590344026506], [-122.08674473672, 45.1590722233961], [-122.086666552747, 45.1591007490403], [-122.086573751388, 45.1591270817072], [-122.086488725847, 45.1591602941309], [-122.08640869404, 45.1591803367348], [-122.086312385658, 45.159216981724], [-122.086223282663, 45.1592507071792], [-122.086140974526, 45.1592781273873], [-122.08605598312, 45.1593072591269], [-122.08597892294, 45.1593359366781], [-122.085878981771, 45.159409257471], [-122.085768815978, 45.1594803288444], [-122.085685801764, 45.1595211264331], [-122.08561601704, 45.159544132746], [-122.085547415397, 45.1595691337311], [-122.085542135099, 45.1595710574681], [-122.085475528614, 45.1595954231081], [-122.085365190345, 45.1596304411753], [-122.085231550675, 45.1596700851765], [-122.085143873306, 45.1596904994256], [-122.085120810858, 45.1596958690282], [-122.085018166659, 45.1597110023479], [-122.084913342248, 45.1597065949297], [-122.084806458899, 45.1596970250414], [-122.084690445073, 45.1596850139045], [-122.084560413936, 45.1596718321824], [-122.084416406809, 45.1596676901693], [-122.084312911007, 45.1596575634874], [-122.084239943552, 45.159682338921], [-122.084158617272, 45.1596977427197], [-122.084053269144, 45.1597123027833], [-122.083942404462, 45.159744927675], [-122.08385008999, 45.1597722919033], [-122.083827982451, 45.1597933876874], [-122.083778619127, 45.1598404933847], [-122.083727910128, 45.1599695698647], [-122.083753434858, 45.1600398487541], [-122.083798775526, 45.1601142796726], [-122.083730263714, 45.1601515866256], [-122.083647306094, 45.1601813690811], [-122.083564617969, 45.1602193524893], [-122.083478513551, 45.1602279556818], [-122.083377727966, 45.1602419410926], [-122.08327372731, 45.1602501540914], [-122.083171241214, 45.1602671463679], [-122.083072974505, 45.1602837611179], [-122.082946420746, 45.1602936400192], [-122.082807829563, 45.160299902061], [-122.082697195747, 45.1603082461705], [-122.082601376049, 45.1603043290695], [-122.08249559134, 45.1603066581737], [-122.082413709003, 45.1603110718798], [-122.082319693122, 45.1603113138481], [-122.082199291026, 45.1603141161206], [-122.082121160055, 45.1603329617791], [-122.082049509529, 45.1603422857918], [-122.081955736193, 45.1603613449051], [-122.08182706241, 45.1603851388585], [-122.081685801434, 45.1604070078264], [-122.08155650961, 45.1604186482581], [-122.081454995491, 45.1604420000578], [-122.081349463208, 45.1604571173438], [-122.081216404748, 45.1604950327918], [-122.08108564328, 45.1605244046099], [-122.080974262067, 45.1605326378375], [-122.080870945928, 45.1605459473118], [-122.080759812649, 45.1605475270674], [-122.080627053328, 45.1605527534357], [-122.080523969852, 45.1605670314079], [-122.080435126471, 45.1605689380087], [-122.080327688861, 45.1605817876101], [-122.080189080609, 45.1605982274439], [-122.080045519047, 45.1606411430267], [-122.079907352767, 45.1606443158344], [-122.079811523187, 45.1606515659749], [-122.079723636511, 45.160663035333], [-122.079643002833, 45.1606699225208], [-122.079565008405, 45.1606885469978], [-122.079439237977, 45.1606999853107], [-122.079297091262, 45.1607281326215], [-122.079189975249, 45.1607434727955], [-122.079101693314, 45.1607640760526], [-122.079016974996, 45.1607902888679], [-122.07892150115, 45.1608072037061], [-122.078808175083, 45.1608431249177], [-122.078683611093, 45.1609022228942], [-122.07855374794, 45.1609382979665], [-122.078438473428, 45.160966471763], [-122.078315077247, 45.1609851240135], [-122.078215768493, 45.1610002025169], [-122.078103838408, 45.1610043431663], [-122.077995813301, 45.1610182846808], [-122.077910750928, 45.1610550304679], [-122.077790187135, 45.1611041474856], [-122.077669128371, 45.1611668550267], [-122.077586145598, 45.1611949767702], [-122.07756899676, 45.1611983345043], [-122.077510920677, 45.1612097068398], [-122.077428728421, 45.1612216935855], [-122.077340676455, 45.1612412838396], [-122.07726610371, 45.161256901311], [-122.077219928508, 45.1612956225629], [-122.077106792885, 45.1613358145752], [-122.076996503124, 45.1613673344979], [-122.076915046589, 45.1613910684903], [-122.0768330322, 45.1614024452212], [-122.07671849251, 45.1614248762691], [-122.076604087567, 45.1614423755587], [-122.076505121969, 45.1614595809396], [-122.076363601379, 45.1614944154385], [-122.076221729548, 45.1615277170601], [-122.076112368645, 45.1615493873317], [-122.076012252305, 45.1615791405531], [-122.075894711343, 45.161627118247], [-122.075785913684, 45.1616393696704], [-122.075692176281, 45.1616662870682], [-122.075582932159, 45.1616988278644], [-122.075477531929, 45.1617048294205], [-122.075342508853, 45.1617134678596], [-122.075217949354, 45.1617279742016], [-122.075104869426, 45.1617379009916], [-122.075007212673, 45.1617401584619], [-122.074907820375, 45.1617484776575], [-122.074823288009, 45.1617609241448], [-122.074786960139, 45.1617662732831], [-122.074709304376, 45.1617986791062], [-122.074637057369, 45.1618173469194], [-122.074542289598, 45.1618268176398], [-122.074452967414, 45.1618367235101], [-122.074382501767, 45.161832446105], [-122.074304386066, 45.1618344419741], [-122.074223661658, 45.1618453967667], [-122.074132672202, 45.1618823656133], [-122.074041633337, 45.1619078317602], [-122.073963540095, 45.161928054552], [-122.073858128186, 45.1619477794789], [-122.073750695966, 45.1619733963473], [-122.073664823313, 45.1619939009817], [-122.073575281043, 45.1620141889839], [-122.073471288472, 45.162063796064], [-122.073365762477, 45.1621335941495], [-122.073279587092, 45.1621793512945], [-122.073173572414, 45.162222870587], [-122.073054418078, 45.1622880908737], [-122.072945793794, 45.1623572647832], [-122.072852010576, 45.1624136033582], [-122.072776886266, 45.1624578432824], [-122.072684159467, 45.1625026266301], [-122.0725926957, 45.1625504730658], [-122.072515842132, 45.1626010107764], [-122.07242581567, 45.1626577076142], [-122.072357461063, 45.1627088830619], [-122.072281504014, 45.1627645644556], [-122.072200706843, 45.1628250152755], [-122.072140144223, 45.1628976608118], [-122.072111803274, 45.1629824142426], [-122.072094283431, 45.1630575114484], [-122.071960451521, 45.1631814583901], [-122.071875037009, 45.1632489596924], [-122.071807836738, 45.163335002819], [-122.071645131179, 45.1634821229948], [-122.071522761772, 45.1635313861332], [-122.071376553773, 45.1635557418454], [-122.071293161369, 45.163584802992], [-122.071192558142, 45.1635947535272], [-122.07108979267, 45.1635878388238], [-122.07097855878, 45.1636079489096], [-122.070870591164, 45.1636622961433], [-122.070777922756, 45.1637007408703], [-122.070682280026, 45.1637377515834], [-122.070590576409, 45.1637872868568], [-122.070493873667, 45.163844855953], [-122.070415072552, 45.1638908733117], [-122.070316013529, 45.1639681272607], [-122.070246608791, 45.1640501232475], [-122.070154703053, 45.164105789396], [-122.070081932329, 45.1641553370171], [-122.070011906856, 45.1641865507231], [-122.069938695058, 45.1642161632233], [-122.069601033614, 45.1642977249872], [-122.069502480343, 45.1643303269851], [-122.069403419523, 45.1643221348426], [-122.069297852206, 45.164319798302], [-122.069201034479, 45.1643318090952], [-122.0690838762, 45.1643549331743], [-122.068982669305, 45.1643891762264], [-122.068882716459, 45.1644297593848], [-122.068785431608, 45.1644690890575], [-122.068646252028, 45.1645049066198], [-122.068551494139, 45.1645539110889], [-122.068479194131, 45.164606756316], [-122.068383972711, 45.1646665319017], [-122.068317117393, 45.164703916946], [-122.068277069599, 45.1647263105917], [-122.068169181035, 45.1647698526403], [-122.068066685956, 45.164769287036], [-122.06798828549, 45.1647412975322], [-122.067901204603, 45.1647085627605], [-122.067811347023, 45.1646897058818], [-122.067735378296, 45.1646615497608], [-122.067641046208, 45.1646124769796], [-122.067540121384, 45.1645820229266], [-122.06744485954, 45.1645789687798], [-122.067353805405, 45.1645705948937], [-122.067246077639, 45.1645585746502], [-122.067110125706, 45.1645474500006], [-122.066989251096, 45.1645169072399], [-122.066829665386, 45.1644896371302], [-122.066702507959, 45.1644578041456], [-122.066619703951, 45.1644469499292], [-122.066512711007, 45.1644516907715], [-122.066395819528, 45.1644321484914], [-122.066309269545, 45.1644176441046], [-122.066226838338, 45.1644230050277], [-122.066138537539, 45.1644385912247], [-122.066060429923, 45.1644168542805], [-122.06599921872, 45.1644153417704], [-122.065935471572, 45.1643971365423], [-122.065828021386, 45.1643725753412], [-122.065711246687, 45.1643588347957], [-122.065624599687, 45.1643894688478], [-122.065524514788, 45.1643697016965], [-122.065438738254, 45.1643600496187], [-122.065321022121, 45.1643451366833], [-122.065205147534, 45.1643413072664], [-122.065092128692, 45.1643150637825], [-122.064998596104, 45.1642945511162], [-122.064913250763, 45.1642791111908], [-122.0648299958, 45.1642639037121], [-122.064743701838, 45.1642512848585], [-122.064657480638, 45.1642509529668], [-122.064561290834, 45.1642561910296], [-122.064479282734, 45.1642618065871], [-122.064380802226, 45.1642383436111], [-122.064249752399, 45.1642135163213], [-122.064135336676, 45.1641908507532], [-122.064030750319, 45.1641817971911], [-122.063936252043, 45.1641423001071], [-122.063845365892, 45.1641063607073], [-122.063771009641, 45.1640821040382], [-122.063702400811, 45.1640705967321], [-122.063629235726, 45.1640468321867], [-122.063561066173, 45.164030325576], [-122.063456978381, 45.163995209505], [-122.063350157015, 45.1639516649641], [-122.063234711823, 45.1639256366516], [-122.063119051035, 45.1639063209429], [-122.062992681431, 45.1638788035207], [-122.062869047197, 45.1638679023234], [-122.062777009406, 45.1638637314796], [-122.062690001283, 45.1638421570961], [-122.062604686484, 45.1638407649141], [-122.06248805282, 45.1638189549023], [-122.062380559515, 45.1637841294254], [-122.062305770276, 45.1637818486007], [-122.062213476466, 45.1637686937954], [-122.062117416917, 45.1637567588899], [-122.062033203453, 45.1637411611053], [-122.061934552265, 45.1637262663762], [-122.061814487935, 45.1637187138679], [-122.06172411113, 45.1637042226007], [-122.061651107741, 45.1636705960566], [-122.061551534882, 45.1636386258025], [-122.06147150038, 45.1636361454547], [-122.061346265348, 45.1636084771555], [-122.061218128758, 45.1635883081648], [-122.06113342661, 45.1635703199247], [-122.061043412723, 45.163552528663], [-122.060916518503, 45.1635220867112], [-122.060790174051, 45.1634831813892], [-122.060682912511, 45.1634425063483], [-122.060563821058, 45.1634008279874], [-122.060476377251, 45.1633548609043], [-122.060378369257, 45.1633260099264], [-122.060275398969, 45.1632997260712], [-122.060181306731, 45.1632519024334], [-122.060073754137, 45.1632230476031], [-122.059956992015, 45.1632041186592], [-122.059867930343, 45.1631889216612], [-122.059758666458, 45.1631719302561], [-122.059632767571, 45.1631316445301], [-122.059550812471, 45.1631024514064], [-122.05945358691, 45.1630726362745], [-122.059365991288, 45.1630487642692], [-122.05927806868, 45.1630144254022], [-122.059199185818, 45.1630118069472], [-122.059073897785, 45.1629690426313], [-122.058953405858, 45.162959795056], [-122.058827785449, 45.1629233133567], [-122.058675270378, 45.1629015783678], [-122.058582454646, 45.162873817236], [-122.058503796363, 45.1628630735622], [-122.058370291441, 45.1628198220523], [-122.05823990457, 45.1627695600638], [-122.05810502792, 45.162712198269], [-122.057959177451, 45.1626610310585], [-122.057819657409, 45.1626342237087], [-122.057704204132, 45.1625998434209], [-122.057577936038, 45.1625499695127], [-122.05745396224, 45.1625353138975], [-122.057391124188, 45.1625222405129], [-122.057242523975, 45.1624738740312], [-122.057156202164, 45.1624361904582], [-122.05707365777, 45.1624052715917], [-122.056956950445, 45.1623626841732], [-122.05687263008, 45.1623334836881], [-122.056781939763, 45.1622915353196], [-122.056668481644, 45.162265422006], [-122.056556999819, 45.1622450872215], [-122.056430661656, 45.1622208766318], [-122.056352458818, 45.1621974653877], [-122.056261378632, 45.1622051004402], [-122.056141767053, 45.1622014013607], [-122.05603815986, 45.1621837787904], [-122.055941042096, 45.1621720532097], [-122.055843766229, 45.1621620815236], [-122.055746309801, 45.162152022426], [-122.055655597923, 45.1621383098481], [-122.055553788259, 45.1621496857964], [-122.055455641924, 45.162149143602], [-122.055349942555, 45.1621394993822], [-122.055269987104, 45.1621466973933], [-122.05517954562, 45.1621463775239], [-122.055081052536, 45.1621368751863], [-122.054986503954, 45.1621183392261], [-122.054906008616, 45.1621150550212], [-122.05477283607, 45.1620902306065], [-122.054649281786, 45.1620341172042], [-122.054542057077, 45.1619686590993], [-122.054438899041, 45.1619261879013], [-122.054358099175, 45.161906568746], [-122.054281582475, 45.1618788495676], [-122.054192903486, 45.1618784169502], [-122.054102207778, 45.1618701877175], [-122.053996200286, 45.1618620420934], [-122.053885208941, 45.1618553875104], [-122.053780185105, 45.1618550442033], [-122.053698651315, 45.1618657741322], [-122.053624015688, 45.1618672607402], [-122.053523916415, 45.161850980258], [-122.053395012664, 45.1618682881276], [-122.053282117789, 45.1618947829345], [-122.053199973144, 45.1618576912149], [-122.05311755092, 45.1618342658866], [-122.053025595774, 45.16181208963], [-122.052921331913, 45.1617969480007], [-122.05281563434, 45.1617800809619], [-122.052716142329, 45.1617998642135], [-122.052638226953, 45.1618043278432], [-122.05243422584, 45.1618158185051], [-122.052307099854, 45.1618411871369], [-122.052198456705, 45.16190831505], [-122.052113485961, 45.1619621597134], [-122.052052689779, 45.1620169481009], [-122.051951835024, 45.162093202544], [-122.051860788075, 45.162148758492], [-122.05177791849, 45.1621992648887], [-122.051714153376, 45.1622457035232], [-122.051612147879, 45.1623280623951], [-122.051497316236, 45.1623459104121], [-122.05140619293, 45.1623429378543], [-122.051292626115, 45.1623448798663], [-122.051170140826, 45.1623656700314], [-122.051098812796, 45.1624131327408], [-122.05100906571, 45.1624306196922], [-122.050896367566, 45.1624404412151], [-122.050810160739, 45.162434025492], [-122.050728245165, 45.1624379323121], [-122.050617370601, 45.162451496602], [-122.050529570164, 45.1624657348274], [-122.050399456381, 45.1624983302729], [-122.050251851502, 45.1625136281658], [-122.050126728759, 45.1625147594193], [-122.050016197352, 45.1625051424976], [-122.04992004348, 45.1625024492779], [-122.049810860444, 45.1624897438917], [-122.049682625937, 45.1624993392803], [-122.04960416708, 45.162515130592], [-122.049526935322, 45.1625346830307], [-122.049412463904, 45.1625795898309], [-122.049302790388, 45.1626214277758], [-122.049199728472, 45.1626401801949], [-122.04905247663, 45.1626731878832], [-122.048951399093, 45.1627222452332], [-122.04889928423, 45.1627488739234], [-122.048831665343, 45.1627893068682], [-122.047872892542, 45.1631895765897], [-122.047398032303, 45.1633676307034], [-122.047298373206, 45.1634068737015], [-122.047221328297, 45.1634235135049], [-122.047118976949, 45.1634704635539], [-122.046969421827, 45.1635193352677], [-122.046867654383, 45.1635284966113], [-122.046764598756, 45.1635523709491], [-122.046762933279, 45.1635525749004], [-122.046662354307, 45.1635649076169], [-122.046189927604, 45.1636467135342], [-122.046072576187, 45.1636692127378], [-122.045962452614, 45.1636745281274], [-122.04586686019, 45.1636868874198], [-122.045800930136, 45.1636921572039], [-122.045701468668, 45.1637007662058], [-122.045612706135, 45.1636983067626], [-122.045533038145, 45.1637028779193], [-122.045432558886, 45.1637171969056], [-122.045299558817, 45.1637194498638], [-122.045189573585, 45.1637028880535], [-122.045073480707, 45.1636891948505], [-122.044926905297, 45.1637156058369], [-122.044826799737, 45.1637041427939], [-122.044759167376, 45.1637030920043], [-122.044683215717, 45.1636929179022], [-122.044655653607, 45.1636960816726], [-122.044572685208, 45.1637056008515], [-122.044467523031, 45.1637080108903], [-122.044384513309, 45.1637162981292], [-122.044289061021, 45.163711603463], [-122.044187263933, 45.1637363220289], [-122.044099281138, 45.1637312644336], [-122.043994957089, 45.1637003222013], [-122.04389213143, 45.1636674550868], [-122.043781011626, 45.1636170209311], [-122.043693678312, 45.163576390323], [-122.043599433361, 45.1635568122728], [-122.04351530883, 45.163537914476], [-122.043447212039, 45.1635049288239], [-122.043353975896, 45.1634430833668], [-122.0432387463, 45.1634012656604], [-122.043203056233, 45.1633872189528], [-122.043158201555, 45.1633695669799], [-122.043075066068, 45.1633456304931], [-122.042985472594, 45.1633324420173], [-122.04286132093, 45.1633350598242], [-122.042661425118, 45.1632126365264], [-122.042548991977, 45.1631457514731], [-122.042444644572, 45.1630866374553], [-122.042353722489, 45.163037153511], [-122.042268881102, 45.1629621158175], [-122.042182659902, 45.1628966220418], [-122.042069045477, 45.1628089624566], [-122.0419575376, 45.1627352419307], [-122.041865320147, 45.1626899856171], [-122.041773971364, 45.1626287296034], [-122.041708163481, 45.1625769371523], [-122.041641872305, 45.1625294473432], [-122.04155531783, 45.1624620832699], [-122.041463829809, 45.162396659227], [-122.041401517271, 45.1623570019213], [-122.041341641862, 45.1623191542196], [-122.041258411154, 45.1622860069775], [-122.041152735141, 45.1622502177902], [-122.041078717555, 45.1622377809109], [-122.040985202934, 45.1622201817878], [-122.040861504021, 45.1622077487023], [-122.040765669051, 45.1621711506084], [-122.040638207994, 45.1621431731296], [-122.040521662366, 45.1621392954259], [-122.040461085373, 45.1621416396568], [-122.040399731337, 45.1621403373767], [-122.040317999918, 45.1621488484355], [-122.040202394825, 45.1621512528394], [-122.04008501556, 45.1621510666185], [-122.039965305167, 45.1621522586859], [-122.039834281392, 45.1621515600407], [-122.039739802878, 45.1621696608413], [-122.039641070842, 45.1621982850126], [-122.039535794579, 45.1622357571862], [-122.039449000254, 45.1622529059546], [-122.03933309243, 45.1622908050059], [-122.039201059846, 45.162321990597], [-122.039116637972, 45.162332720438], [-122.039029268726, 45.1623365829269], [-122.038907070898, 45.1623308557007], [-122.038761255463, 45.1623073646931], [-122.038639786168, 45.1622638606668], [-122.038572649677, 45.1622376840001], [-122.038486352121, 45.1621896833845], [-122.038342026991, 45.162146088058], [-122.038233729694, 45.1621089040248], [-122.038118067109, 45.1620628643244], [-122.037993893886, 45.1620193911482], [-122.037927676371, 45.1619921990188], [-122.037854822103, 45.161956303868], [-122.037730114382, 45.1619055837976], [-122.037634029681, 45.1618659996254], [-122.03755518904, 45.1618198989215], [-122.037483782857, 45.1617845268576], [-122.037416136123, 45.16175028224], [-122.037348047417, 45.1616896117534], [-122.037349604198, 45.1616042191882], [-122.037350198882, 45.1615716498344], [-122.037242292352, 45.1614851099833], [-122.03717362064, 45.1614590020008], [-122.037105809514, 45.1614336331988], [-122.037021103773, 45.1613999191703], [-122.036939111842, 45.1613175348869], [-122.036841402987, 45.1612423251734], [-122.036748775003, 45.1611900120613], [-122.036647904078, 45.1611762207084], [-122.036635266579, 45.1611759679756], [-122.036543149736, 45.1611741323376], [-122.036437895931, 45.1611484200974], [-122.036327016876, 45.1611272956779], [-122.036203989004, 45.1611030909473], [-122.036130247201, 45.1610317574632], [-122.036047391091, 45.1609979969574], [-122.035957439188, 45.1610073069261], [-122.035854866854, 45.1610012501893], [-122.035743909645, 45.1609853906823], [-122.035661139773, 45.1609860437358], [-122.035577369178, 45.1610002639584], [-122.035442046065, 45.1610313793132], [-122.035327329407, 45.1610481211571], [-122.035254176, 45.1610520128702], [-122.035175775533, 45.1610489876714], [-122.035114407125, 45.1610331490804], [-122.035032734096, 45.1610122494813], [-122.034954445919, 45.1610073525321], [-122.034890750873, 45.1609947443588], [-122.034786030668, 45.1609716467861], [-122.034687085731, 45.1609472348617], [-122.034600764818, 45.1609281658097], [-122.034502382227, 45.1609173235892], [-122.034394416408, 45.1609010358679], [-122.0343093729, 45.1608677858203], [-122.034216109807, 45.1608380753], [-122.034114195938, 45.1608192982178], [-122.034014414669, 45.1607758982029], [-122.033995267079, 45.1607670284233], [-122.033909116847, 45.1607271261164], [-122.033773292474, 45.1607014434453], [-122.033681920335, 45.1606948685377], [-122.033581232666, 45.1606803967708], [-122.033492214113, 45.1606612782226], [-122.033374285079, 45.1606427601515], [-122.03325132548, 45.1606114406227], [-122.033119127606, 45.1605573267451], [-122.03301840131, 45.1605245566314], [-122.032930558652, 45.1604759135481], [-122.032836620026, 45.1604314896588], [-122.032735089737, 45.1604168778383], [-122.032607707732, 45.1604187705089], [-122.032513977515, 45.1604017985471], [-122.032414146839, 45.1603720719482], [-122.032314790474, 45.1603903183683], [-122.03224255245, 45.1603928964047], [-122.03215763291, 45.160374301602], [-122.032075364298, 45.1603142447059], [-122.032001540748, 45.1602644859805], [-122.031937739701, 45.1602006752845], [-122.031902613777, 45.1601249934603], [-122.031898139269, 45.1600859198604], [-122.031893910898, 45.1600489853201], [-122.031852336867, 45.1599816835571], [-122.031785312665, 45.1599291672236], [-122.031706659772, 45.1599116560675], [-122.031621175192, 45.1598906547082], [-122.031537359681, 45.1598447082298], [-122.031446552582, 45.159787835666], [-122.031376312412, 45.1597011714864], [-122.031372518826, 45.1596964929586], [-122.03135945283, 45.1596803708475], [-122.031293280232, 45.1595775412909], [-122.031231791449, 45.159515566784], [-122.03115874584, 45.1594630373521], [-122.031048926796, 45.1593776876906], [-122.030928815754, 45.159311458809], [-122.030866534657, 45.1592473810021], [-122.030804582344, 45.1591869909969], [-122.03076338291, 45.1590936228565], [-122.030701706379, 45.1590102812783], [-122.030643780315, 45.1589203460962], [-122.030574909177, 45.1588061303196], [-122.03051898905, 45.158745212189], [-122.03046792881, 45.1587023680241], [-122.030388350652, 45.1586567227399], [-122.030333667506, 45.1585597766694], [-122.030285375873, 45.1584326347069], [-122.030215467181, 45.1583333958103], [-122.030128391683, 45.1582576050865], [-122.030043988674, 45.1581788636576], [-122.029938805836, 45.1581242926531], [-122.02983715697, 45.1580634333379], [-122.0297470811, 45.1580134921135], [-122.029637213547, 45.1579627736007], [-122.029556506207, 45.1578966336581], [-122.029487140996, 45.1578481948368], [-122.029438295102, 45.1577597014608], [-122.029337363092, 45.1576744506004], [-122.02922754315, 45.1576083172912], [-122.029156925687, 45.1575200167468], [-122.02910430687, 45.157433339616], [-122.029067756217, 45.1573569218386], [-122.029038745125, 45.1572897296514], [-122.029000537081, 45.157178707045], [-122.028950138001, 45.1570479531716], [-122.028899060692, 45.1569381995531], [-122.028829966772, 45.1568195157835], [-122.028740415518, 45.1566980692248], [-122.028683359921, 45.1565785538469], [-122.028682044787, 45.1564536873148], [-122.028684599596, 45.1563301609302], [-122.028661056549, 45.1562052412757], [-122.028643306737, 45.1560896036134], [-122.028585358215, 45.1559982214033], [-122.028491239028, 45.155928503221], [-122.028409308182, 45.1558601697287], [-122.028355164025, 45.1558025722931], [-122.028304512518, 45.1557519740732], [-122.028234140295, 45.1556929448716], [-122.02815184114, 45.1556309198956], [-122.028071476957, 45.1555720654084], [-122.028008902111, 45.1555296249171], [-122.027914384071, 45.1554796238254], [-122.02779585137, 45.1554012326728], [-122.027710816845, 45.1553484891326], [-122.027570711101, 45.1551345206446], [-122.027506786088, 45.1550565939942], [-122.027476667373, 45.154954936275], [-122.027421034707, 45.1548890741087], [-122.027366803413, 45.1548420061281], [-122.027304986745, 45.1547724195634], [-122.02724810632, 45.1547173695476], [-122.027185332946, 45.1546602752132], [-122.027096455429, 45.1545713277428], [-122.027002735992, 45.1545022881827], [-122.026952061128, 45.1544519890827], [-122.026864676611, 45.1543741071102], [-122.02675952701, 45.1542809743445], [-122.026678518734, 45.154158518922], [-122.026561003824, 45.154055483017], [-122.0264687172, 45.1539619189535], [-122.026380973356, 45.1538669952525], [-122.026341011801, 45.1537618993188], [-122.026312610665, 45.1536615987789], [-122.026242230357, 45.1535656888516], [-122.026166941655, 45.1534713910232], [-122.026101359249, 45.1533977211321], [-122.026047908591, 45.1533327858809], [-122.025980780185, 45.1532126616162], [-122.025916286538, 45.1531021302685], [-122.025825453388, 45.1530386226028], [-122.025743611475, 45.1529801867202], [-122.025673930955, 45.1529014430668], [-122.025608986354, 45.1528346276314], [-122.025548486616, 45.1527528929806], [-122.025494931754, 45.1526723998921], [-122.025471628557, 45.1525927847359], [-122.025409952924, 45.152514888186], [-122.025335053193, 45.1524501647891], [-122.025263986572, 45.1523738961734], [-122.025199737266, 45.152272905194], [-122.025130389123, 45.152201866643], [-122.025043807699, 45.1521396801219], [-122.024966047732, 45.1520782309462], [-122.024867657954, 45.1520226271679], [-122.024771398081, 45.1519783208576], [-122.024693049717, 45.1519355723341], [-122.024627504142, 45.1518941148896], [-122.02455471096, 45.151852597864], [-122.024463610112, 45.1518052942403], [-122.024393358263, 45.1517648604694], [-122.024309929028, 45.1517331217384], [-122.024197717771, 45.1517049326065], [-122.024072755827, 45.1516878256434], [-122.023960228363, 45.1516563580166], [-122.023874495847, 45.1516183479941], [-122.02376351079, 45.1515735839665], [-122.023655127255, 45.1515580759744], [-122.023542364432, 45.1515366014625], [-122.023425046252, 45.1515065376391], [-122.023324332533, 45.1514829680465], [-122.023224865674, 45.1514719605797], [-122.023146670922, 45.1514677292772], [-122.023056785495, 45.1514362051453], [-122.022936843336, 45.1513867820373], [-122.022835436117, 45.1513520528594], [-122.022724859794, 45.1513004820279], [-122.022631686533, 45.1512277222416], [-122.022538513272, 45.1511796515321], [-122.022429825207, 45.1511203971268], [-122.02233127463, 45.1510727856344], [-122.022255669721, 45.1510458435927], [-122.022185774504, 45.1510203193747], [-122.022087245487, 45.1509762644297], [-122.022020391965, 45.1509364832393], [-122.021945201179, 45.15090851925], [-122.021850823277, 45.1508568922665], [-122.021816711551, 45.1508463642612], [-122.021752605976, 45.1508265772064], [-122.021671104525, 45.15080994196], [-122.021561192056, 45.150803343104], [-122.021460905935, 45.1507801007562], [-122.021368973247, 45.1507451222307], [-122.021289475039, 45.1507080523953], [-122.021206562335, 45.1506746494202], [-122.021095945588, 45.1506315197993], [-122.020993877208, 45.1506057065047], [-122.020911352577, 45.1506022296757], [-122.020835124237, 45.1505699182166], [-122.020758015547, 45.1505094410903], [-122.020692000154, 45.1504474706585], [-122.02062515831, 45.1503740946202], [-122.020549160837, 45.1503131288297], [-122.020484167726, 45.1502468425309], [-122.020482009973, 45.1502446403564], [-122.02039903259, 45.1501664510702], [-122.020344388072, 45.1500890364947], [-122.02025289466, 45.1499892160493], [-122.020175558697, 45.14989935976], [-122.020112037925, 45.1498216172805], [-122.020063137234, 45.1497482955548], [-122.020031665657, 45.1496515579693], [-122.019951153251, 45.149526701601], [-122.019885261825, 45.1494168992853], [-122.019847950299, 45.1493209891836], [-122.019762208801, 45.1492374464157], [-122.019751398474, 45.1491444788482], [-122.019751728156, 45.1490377618202], [-122.019742175471, 45.1489709697315], [-122.019703549711, 45.1489168948498], [-122.019643092194, 45.1488305518203], [-122.019616622436, 45.1487030561678], [-122.019656949605, 45.1485729271733], [-122.019676916459, 45.1484500381707], [-122.019654540324, 45.148332705209], [-122.019604270601, 45.1482293806388], [-122.019582122637, 45.1481428731093], [-122.019514093221, 45.1480340292407], [-122.019458686931, 45.1479003349269], [-122.019397950936, 45.1478086741218], [-122.019288565779, 45.1477214360869], [-122.019230521137, 45.1476341161885], [-122.019184900195, 45.147570912244], [-122.019137002922, 45.1475133419104], [-122.019061484251, 45.1474679987456], [-122.018976908766, 45.147431583789], [-122.018898387925, 45.1474070406173], [-122.018843274486, 45.147369524479], [-122.018788442219, 45.1473280161954], [-122.01872487743, 45.1472864033426], [-122.01864953393, 45.1472091312102], [-122.0185655154, 45.1471531393709], [-122.018443584371, 45.1470871674504], [-122.018301446639, 45.1470089966414], [-122.018189505775, 45.1469197869678], [-122.018103077963, 45.1468544363139], [-122.018036140898, 45.1467904617107], [-122.018016690575, 45.1467521443269], [-122.017978672076, 45.1466772461154], [-122.017958405185, 45.1465690704071], [-122.017907621625, 45.1464928103945], [-122.017856922507, 45.1464412674789], [-122.017793486177, 45.1463822495414], [-122.017714111936, 45.1463339821368], [-122.017627702091, 45.1463272604815], [-122.017544275551, 45.1462994431223], [-122.017472897215, 45.1462697269067], [-122.017417521467, 45.1462171124027], [-122.017331615577, 45.1461563734234], [-122.017215036711, 45.1461095256868], [-122.017078796418, 45.1460586001686], [-122.016970197287, 45.1460070042729], [-122.016856417571, 45.1459514205485], [-122.016733050137, 45.1458744393229], [-122.016598632526, 45.1458126653322], [-122.016475033326, 45.1457634926833], [-122.01640182063, 45.1457370271238], [-122.016322794038, 45.1457142388929], [-122.016216113708, 45.1456860708605], [-122.016115193376, 45.1456256348042], [-122.016040274779, 45.145568099254], [-122.015939774859, 45.1455247706235], [-122.015855256865, 45.1454674953771], [-122.015773225408, 45.1454016330176], [-122.015706979148, 45.1453550349294], [-122.015638323606, 45.1452937900587], [-122.015540522224, 45.1452415681149], [-122.015439150039, 45.1451971659295], [-122.015329639118, 45.145147706999], [-122.015225969941, 45.1450497058209], [-122.015108288842, 45.1449887641143], [-122.014901076252, 45.1448869376409], [-122.014876231546, 45.144796715959], [-122.014784940255, 45.1447721387057], [-122.014695981889, 45.1447438979776], [-122.014611392929, 45.1447374270397], [-122.014517169537, 45.1447452095256], [-122.01441605966, 45.1447382057318], [-122.014340227477, 45.144742263928], [-122.014235042842, 45.1447264398125], [-122.014159080404, 45.1446919264351], [-122.014038505831, 45.1446607001487], [-122.013952583771, 45.1445736511776], [-122.01386567536, 45.1444762255896], [-122.01373006838, 45.1443684885924], [-122.013628733026, 45.1443564564838], [-122.013564419042, 45.1442952650301], [-122.013503113515, 45.144260771667], [-122.013427976628, 45.1442521001691], [-122.013347901702, 45.1442237483027], [-122.013252989302, 45.1441971933237], [-122.013143825131, 45.1441512493982], [-122.013030804492, 45.1441065029496], [-122.012921843339, 45.1440902408362], [-122.012812830084, 45.1440678226064], [-122.012730050331, 45.1440329622477], [-122.012645679661, 45.1439970209352], [-122.012542202724, 45.1439831753662], [-122.012448173368, 45.1439788668414], [-122.012376297365, 45.1439985669349], [-122.012297483674, 45.1440331941475], [-122.012192538889, 45.1440603378226], [-122.012098011867, 45.1440468052702], [-122.011998949251, 45.1440102132528], [-122.011908613767, 45.1439735451792], [-122.01182484946, 45.1439622004505], [-122.011719522892, 45.1439657999706], [-122.011606803188, 45.1439729084044], [-122.011542591611, 45.1439657834969], [-122.011479006161, 45.1439527711133], [-122.011391034145, 45.1439524219959], [-122.011326486599, 45.1439583227768], [-122.011316145193, 45.1439592681182], [-122.011240160296, 45.1439642165873], [-122.011151712173, 45.1439586934368], [-122.011082219401, 45.1440050994164], [-122.011071223124, 45.1440075951917], [-122.010951930448, 45.1440346596782], [-122.010837171568, 45.1440481136663], [-122.010735891012, 45.1440500265223], [-122.010602966401, 45.1440508350034], [-122.010436549901, 45.1440443557499], [-122.010327314763, 45.1440319643182], [-122.010229931098, 45.1440435491696], [-122.010130903516, 45.1440428591728], [-122.010042225424, 45.1440314916481], [-122.009962524197, 45.1440121850355], [-122.009817710383, 45.1439428082775], [-122.009776673544, 45.1439185810408], [-122.009709284627, 45.1438787993599], [-122.00965601453, 45.1437810183971], [-122.009591625986, 45.1437314410202], [-122.009530138101, 45.1436618656006], [-122.009480791846, 45.1435898950467], [-122.009427311544, 45.1435240292507], [-122.009347332738, 45.1434383021608], [-122.009259024752, 45.1433960059681], [-122.009184735875, 45.1433311119117], [-122.009155059131, 45.1432278980287], [-122.009114912522, 45.1431639250581], [-122.008861451068, 45.1429982203793], [-122.008776496494, 45.1429382598551], [-122.008620286652, 45.1428702377347], [-122.008537766512, 45.1428457445558], [-122.008471704406, 45.1428149645936], [-122.008380414014, 45.1427679880207], [-122.008271887646, 45.1427066592671], [-122.008174970206, 45.1426522008045], [-122.008068210825, 45.1425795921857], [-122.008061439324, 45.1425747886958], [-122.007996999576, 45.1425290696662], [-122.00795313484, 45.1424623941411], [-122.007847576506, 45.1424001444029], [-122.007737606546, 45.1423563070984], [-122.007676142017, 45.1423186209927], [-122.007634723395, 45.1422932265616], [-122.007537854464, 45.142220523709], [-122.007448896098, 45.1421492590968], [-122.007340429918, 45.1421108720624], [-122.007231021404, 45.1421080340453], [-122.007135613134, 45.1420791710423], [-122.007036430144, 45.1420076642074], [-122.006946311155, 45.1419238281221], [-122.006882035798, 45.1418926066558], [-122.006791399379, 45.1418328743431], [-122.006651500248, 45.1417519330626], [-122.006571326507, 45.1417073602467], [-122.006519279916, 45.1416714909694], [-122.00640370357, 45.1416325884699], [-122.006280372967, 45.1416045261383], [-122.006197029969, 45.1415702725615], [-122.006103998642, 45.1415273052318], [-122.006000007868, 45.1414844557258], [-122.00591107735, 45.1414676612452], [-122.005846623228, 45.141412772628], [-122.005769029449, 45.1413522857859], [-122.005700434992, 45.1413082354076], [-122.005603298364, 45.141239213364], [-122.005502555898, 45.1411601094244], [-122.005392832974, 45.1411352885535], [-122.005285300143, 45.1410976320553], [-122.005189377139, 45.1410524421971], [-122.005110339767, 45.1410312634385], [-122.005029267711, 45.1410028218945], [-122.004956456562, 45.1409602774088], [-122.004889682092, 45.140907967221], [-122.00480801086, 45.1408803880009], [-122.004706338637, 45.1408536464414], [-122.004595091273, 45.1408145982798], [-122.004506507504, 45.1407945283065], [-122.004407952436, 45.1407669667735], [-122.004291940407, 45.1407468834769], [-122.004163363642, 45.1407281143482], [-122.004064248924, 45.1407286548455], [-122.003969287117, 45.1407447265576], [-122.003876386943, 45.1407722690921], [-122.003789960928, 45.1407887856087], [-122.003683541109, 45.1408336157675], [-122.003599111151, 45.1408986026437], [-122.003531139227, 45.140954039221], [-122.003510405212, 45.1409708148437], [-122.003448066622, 45.1410212557374], [-122.003304320906, 45.141017189039], [-122.003188981715, 45.1409994959196], [-122.003078524867, 45.1409811045235], [-122.002948864734, 45.1409771506102], [-122.002861590709, 45.1409661087989], [-122.002758465013, 45.1409506467111], [-122.002661195434, 45.1409266513827], [-122.002554208779, 45.1409120516691], [-122.002522424587, 45.1409030431986], [-122.002451313051, 45.1408828889821], [-122.002362433737, 45.1408772863279], [-122.002264799442, 45.1408739875923], [-122.002167370861, 45.1408888401383], [-122.002117524244, 45.1408891880072], [-122.002038151801, 45.140887139446], [-122.001951330527, 45.1408695502034], [-122.001882487237, 45.1408463424571], [-122.001788297981, 45.1408515459202], [-122.00168592148, 45.1408463152105], [-122.001559362331, 45.1408198321607], [-122.001412666547, 45.1408500936142], [-122.001312499901, 45.1408555207524], [-122.001228545151, 45.1408489650989], [-122.001129713402, 45.1408234065336], [-122.001034319505, 45.1408254398897], [-122.000987940385, 45.1408418081188], [-122.000950284805, 45.1408550993809], [-122.000858245218, 45.1408792449125], [-122.000760474379, 45.1408745179499], [-122.000666813332, 45.1408894617401], [-122.000569936317, 45.1408883097808], [-122.000488230949, 45.1408895282724], [-122.000396364736, 45.1408980291987], [-122.000314865981, 45.1408914627782], [-122.000250447792, 45.1409360672803], [-122.000150846186, 45.1408955706722], [-122.000060349006, 45.1408999098448], [-121.99998680034, 45.1408397582886], [-121.999914132922, 45.1407855939535], [-121.999835853728, 45.1407316633811], [-121.999701897851, 45.1406959309905], [-121.999599144956, 45.1406391761833], [-121.999489494796, 45.1406079622508], [-121.99939288997, 45.1405468542167], [-121.999306129782, 45.1405380433856], [-121.999195537289, 45.1405310264021], [-121.999081230262, 45.1405125683221], [-121.998969155549, 45.1405028773525], [-121.998874638408, 45.1404414460463], [-121.998777802715, 45.1403681927279], [-121.998650711764, 45.1403059964641], [-121.99853012731, 45.1402780114183], [-121.998430684706, 45.1402512898529], [-121.99842370839, 45.140249415522], [-121.998349816568, 45.1401940695049], [-121.998324369093, 45.1400954781207], [-121.998295583478, 45.1400263988477], [-121.998237104051, 45.1399889437518], [-121.998129980852, 45.1399933438239], [-121.997984316333, 45.1399191312146], [-121.997858577346, 45.1399049215727], [-121.997764234479, 45.139866763043], [-121.997707288476, 45.1398616621416], [-121.997651744744, 45.1398566867029], [-121.997570302582, 45.1398384907369], [-121.997507204018, 45.1397890924237], [-121.997497116836, 45.1397629649961], [-121.99746422592, 45.139677787332], [-121.997406270211, 45.1396155915825], [-121.997355383345, 45.1395637313239], [-121.99730959352, 45.1394738307191], [-121.997206296246, 45.139393505173], [-121.997124756167, 45.1392966606687], [-121.997223261828, 45.1392123371148], [-121.997231178681, 45.1391268842532], [-121.997113627837, 45.1390997490014], [-121.996999723256, 45.1390696279254], [-121.996886814008, 45.1390171791321], [-121.996788487112, 45.1390218276746], [-121.996694241262, 45.1390418387078], [-121.996615974645, 45.1390437301873], [-121.996535533206, 45.1389706791123], [-121.996466662966, 45.1389189139502], [-121.996353581242, 45.1388738351572], [-121.996274012966, 45.1388182901017], [-121.996185962796, 45.1387801219734], [-121.996094896084, 45.1387355442996], [-121.996048251063, 45.1386548045634], [-121.995982007498, 45.1385772362144], [-121.995887304405, 45.1385122017019], [-121.995799295559, 45.1384746904823], [-121.995743173311, 45.138412587837], [-121.995654685663, 45.138403652477], [-121.995573129415, 45.1383739087], [-121.99549531465, 45.138315971055], [-121.995418250876, 45.1382104713138], [-121.995371823248, 45.1381371403558], [-121.995268455905, 45.1380960815937], [-121.995182553607, 45.1380180872902], [-121.995116099836, 45.1379470163987], [-121.99507599994, 45.1379320287476], [-121.995030443677, 45.1379150000285], [-121.994922391619, 45.137870988817], [-121.994839239065, 45.1378252001132], [-121.994744451531, 45.1377709448334], [-121.994613790675, 45.1377129001182], [-121.994525303924, 45.1376728428934], [-121.994431270975, 45.1376270210793], [-121.99433222902, 45.1375684179473], [-121.994236300626, 45.137500450887], [-121.994147231767, 45.1374385829093], [-121.994051296187, 45.1373962157292], [-121.993994757121, 45.137337154209], [-121.994011092086, 45.1372480022735], [-121.994010491113, 45.1371538143242], [-121.994000282658, 45.1370456059699], [-121.994053289548, 45.13695272878], [-121.994077542264, 45.1368721867639], [-121.994103857512, 45.1367734052329], [-121.994115884157, 45.1366606107909], [-121.994114721737, 45.1365561599109], [-121.994154777616, 45.1364920926387], [-121.994243311079, 45.136423123698], [-121.994324331931, 45.1363586088903], [-121.99437379856, 45.1362925408304], [-121.994456610653, 45.1361907241725], [-121.994527261353, 45.1361005989914], [-121.994590623124, 45.1360726847563], [-121.994678663411, 45.1360304179525], [-121.9947661701, 45.1359727193644], [-121.994778076371, 45.1359677004951], [-121.994883013969, 45.1359234564815], [-121.994944297038, 45.1358315901119], [-121.994906256979, 45.135728686472], [-121.994959967249, 45.1356697505983], [-121.99503394531, 45.1356376740154], [-121.995111716057, 45.1355895071438], [-121.995163955786, 45.1355436709815], [-121.995223593141, 45.1354655331388], [-121.995250680042, 45.1353761368366], [-121.995191702948, 45.135273120843], [-121.995145283404, 45.1351863686873], [-121.995039693629, 45.1351646408628], [-121.994937742031, 45.1351490555305], [-121.994868730756, 45.1351168075543], [-121.994782944341, 45.1350653506767], [-121.994691257792, 45.1350051036127], [-121.994660922583, 45.1349021465174], [-121.994565627501, 45.1348478377598], [-121.994483628383, 45.1348122873584], [-121.994413702623, 45.1347613004182], [-121.994349950086, 45.1346699974458], [-121.994286977286, 45.1345553503072], [-121.994251263864, 45.1344482701001], [-121.994255436538, 45.1343629697946], [-121.994280624401, 45.1342883430126], [-121.994296379952, 45.134177413116], [-121.994377248091, 45.1340658701996], [-121.994437108228, 45.133957830258], [-121.994461475929, 45.1338782897237], [-121.994516867846, 45.1337648121084], [-121.994514073187, 45.1336471079791], [-121.99446770844, 45.1335567677484], [-121.994426900672, 45.1334841906399], [-121.994411420903, 45.1334392051439], [-121.994398494146, 45.1334016386216], [-121.99438834498, 45.1333275828353], [-121.994324605917, 45.1332548254571], [-121.994265868674, 45.1331791186223], [-121.994260990822, 45.1331728307862], [-121.994231361689, 45.1330898898422], [-121.994170348115, 45.1330632954561], [-121.994127116692, 45.1329885072738], [-121.994139627529, 45.1329085686728], [-121.994095551689, 45.1328061046374], [-121.994042692123, 45.1326935938649], [-121.993958033992, 45.1325376093845], [-121.994045620631, 45.1324580554622], [-121.994167813967, 45.1324075581956], [-121.994264353216, 45.1323648596362], [-121.994325608437, 45.1323262264621], [-121.994338532499, 45.1323180747139], [-121.994435559533, 45.1322669765409], [-121.994541737704, 45.1322233424801], [-121.99460198232, 45.1321716123856], [-121.994666796667, 45.1321429845394], [-121.99472798631, 45.132071963362], [-121.994810431891, 45.1320509213242], [-121.994877793859, 45.1319986226088], [-121.994902429257, 45.131947157214], [-121.994632622058, 45.131774661709], [-121.994592579654, 45.1317612751701], [-121.99451143753, 45.1317174683443], [-121.994438637161, 45.1316711651696], [-121.994378314391, 45.1316120749052], [-121.994315191573, 45.1314993152502], [-121.994282886359, 45.1314170981455], [-121.994274678452, 45.1313365502122], [-121.99426738503, 45.1312045031452], [-121.994216374197, 45.1310702059599], [-121.994170702949, 45.1309855223115], [-121.994137977323, 45.1309005235626], [-121.994065388059, 45.1308261451172], [-121.994009563154, 45.1307288798261], [-121.993966303883, 45.1306868226368], [-121.993944596992, 45.1306657198813], [-121.993866668141, 45.1306271178777], [-121.993655760781, 45.1305726136548], [-121.993534997562, 45.130516044602], [-121.993415949227, 45.130477143364], [-121.993342154423, 45.1304145484519], [-121.993249592915, 45.1303714554705], [-121.9931528758, 45.130363729962], [-121.993062036362, 45.1303581915513], [-121.992976957819, 45.1303486699706], [-121.992898120772, 45.1303387301079], [-121.99280488373, 45.13034306438], [-121.992722974444, 45.1303447641193], [-121.992617124158, 45.1303424451983], [-121.992548202714, 45.130343761514], [-121.992484638823, 45.1303357140525], [-121.992395786458, 45.1303326859556], [-121.992323054361, 45.1303395273757], [-121.992191907516, 45.1303704376554], [-121.992078638044, 45.1303703077351], [-121.991989901562, 45.1303479348112], [-121.991884930726, 45.1303776878447], [-121.991780722559, 45.130380658901], [-121.991697868246, 45.1303651470447], [-121.99162259212, 45.1303598653061], [-121.99151243531, 45.1303862556153], [-121.991392616221, 45.1304080321584], [-121.991304584916, 45.1304318880505], [-121.991215915808, 45.1304895193627], [-121.991118383921, 45.1305283591179], [-121.99100370589, 45.1305377374398], [-121.990936065444, 45.1305540991157], [-121.990858283917, 45.1305935884262], [-121.990774175555, 45.1305820629499], [-121.990655081406, 45.1305701793995], [-121.990560692724, 45.1305847899998], [-121.990477818648, 45.1306093657638], [-121.990357794743, 45.1306438521758], [-121.990277637172, 45.130674913758], [-121.990212609925, 45.1306778271272], [-121.990136883743, 45.130694418182], [-121.990049796568, 45.1307111683042], [-121.989980234625, 45.1307195636436], [-121.989922142373, 45.1307411226819], [-121.989809586162, 45.1308048003195], [-121.989688997217, 45.1308559067738], [-121.989594836707, 45.130867298473], [-121.989488496839, 45.1308988910176], [-121.98938738247, 45.1309219057158], [-121.989299811103, 45.1309393161403], [-121.989201330595, 45.1310004496808], [-121.989200210396, 45.1311234789659], [-121.989192413918, 45.1312300920058], [-121.989139141127, 45.1313620141654], [-121.989053229846, 45.1314699550903], [-121.988945110415, 45.1315408863918], [-121.988876583332, 45.1316020300611], [-121.988804171933, 45.1316389925435], [-121.988726482933, 45.1316662264072], [-121.988646243615, 45.1317154790253], [-121.988569049586, 45.1317480381912], [-121.988478766205, 45.1317971544842], [-121.988392391394, 45.1318501682447], [-121.988313078239, 45.1319041851676], [-121.988313735806, 45.1319924030865], [-121.988240344345, 45.1320734292002], [-121.988137447719, 45.13209683254], [-121.988044047184, 45.1320500416942], [-121.987957829578, 45.1320569114265], [-121.987866582305, 45.1321100726066], [-121.987778755816, 45.1321670444031], [-121.98770631118, 45.1322136317233], [-121.987591937678, 45.132254183929], [-121.987436145554, 45.1323114471003], [-121.987377619415, 45.1323494028208], [-121.987299295305, 45.1323985857718], [-121.987191647489, 45.1324538195796], [-121.987060630002, 45.1325184002771], [-121.98696450847, 45.132562465051], [-121.986894467725, 45.1326040024636], [-121.98681196645, 45.1326442406942], [-121.986732349664, 45.1326696546324], [-121.986635443903, 45.1326952212887], [-121.986542905751, 45.132755947359], [-121.986445169048, 45.1328284018168], [-121.986351399305, 45.1328666151214], [-121.986218438762, 45.1329265837025], [-121.986087865042, 45.1329889477153], [-121.985975117491, 45.1330259333805], [-121.985852432776, 45.1330545392368], [-121.985741779197, 45.1331178974278], [-121.985628319282, 45.1331658420477], [-121.985525347198, 45.1332110736452], [-121.985435817503, 45.1332424494247], [-121.985342473562, 45.1332707750656], [-121.985247472229, 45.133304051988], [-121.985171562791, 45.133335108319], [-121.985106237303, 45.1333723396449], [-121.985039620039, 45.1334145146277], [-121.984972075712, 45.133461084452], [-121.98489934092, 45.1335141264507], [-121.984819493268, 45.1335615624922], [-121.9847356014, 45.1336117944749], [-121.984626257566, 45.1336757033842], [-121.984540076791, 45.1337345544992], [-121.984457346445, 45.1337831760472], [-121.984440663831, 45.1337968967156], [-121.984365140669, 45.1338590119926], [-121.984277241417, 45.13393748157], [-121.984168646777, 45.1340300639227], [-121.984083929357, 45.1341329047213], [-121.984010178571, 45.1342206420054], [-121.983934199962, 45.1342898474504], [-121.983885596614, 45.1343248107246], [-121.983833239206, 45.1343627080709], [-121.983747119516, 45.1344321256373], [-121.983662558404, 45.1345034854463], [-121.983609774296, 45.1345797678337], [-121.983556150263, 45.1346553409974], [-121.983482129982, 45.1347145675249], [-121.983426057142, 45.1347375800497], [-121.983382700853, 45.1348028539731], [-121.983296728487, 45.1349153155912], [-121.983277901596, 45.134929871847], [-121.983219022419, 45.1349753979863], [-121.983167106083, 45.1350334613308], [-121.983094869856, 45.1351310171221], [-121.983024479667, 45.1352329351636], [-121.982988482377, 45.1353202607495], [-121.982934888887, 45.1354139099124], [-121.982879360427, 45.1355135664043], [-121.982836288005, 45.1356120903009], [-121.98280236762, 45.1356781204935], [-121.982752094304, 45.1356137284143], [-121.982697021288, 45.1357250794612], [-121.982674147486, 45.135824570648], [-121.982637762124, 45.1359181156902], [-121.98258560504, 45.1360320839365], [-121.982537143626, 45.1361237319924], [-121.982474267844, 45.1362108958899], [-121.982432240164, 45.1363282835849], [-121.982405459588, 45.1363942071219], [-121.982405207162, 45.1364805341352], [-121.982421169326, 45.1365826595158], [-121.982409435532, 45.1367071633895], [-121.982358017761, 45.1368055743288], [-121.982366947914, 45.1368942567616], [-121.982352119423, 45.1369885737775], [-121.982304938108, 45.1370861813545], [-121.982273610261, 45.1371584268987], [-121.982253945241, 45.1372328192646], [-121.98224609666, 45.1373069815074], [-121.982226490929, 45.1373812545478], [-121.982161882297, 45.1374805235922], [-121.982079102544, 45.1375945273702], [-121.9820322563, 45.1376877469674], [-121.982004788514, 45.1377832565155], [-121.981959893411, 45.1378520666597], [-121.981913374154, 45.1379296201533], [-121.981843042355, 45.1380285428914], [-121.981783764326, 45.1381155454593], [-121.98180256876, 45.1382206182822], [-121.981782212936, 45.1383274157596], [-121.981750051452, 45.1384157048521], [-121.981724053309, 45.138484411579], [-121.981687471216, 45.138547130704], [-121.981650330371, 45.1386168302275], [-121.981614924172, 45.1387030784698], [-121.981604665411, 45.1388034021648], [-121.981578287281, 45.1388943081827], [-121.981521892844, 45.1389938812855], [-121.981449366462, 45.1390616241505], [-121.981428840856, 45.1390807943015], [-121.981342661877, 45.1391520513432], [-121.981255185732, 45.1392225409343], [-121.981184471251, 45.1392688702944], [-121.981112721012, 45.1393134481849], [-121.981000259125, 45.1393837145289], [-121.980885198412, 45.1394363296369], [-121.980819838789, 45.1394714057149], [-121.980762130117, 45.1395055490292], [-121.980696768696, 45.1395391099933], [-121.98060038845, 45.1395734623734], [-121.980517647324, 45.1396266938525], [-121.980433317976, 45.1396628045714], [-121.980357170485, 45.1396944150552], [-121.980285417551, 45.1397214986979], [-121.980198903501, 45.139738355791], [-121.980080862178, 45.139766775788], [-121.979959192559, 45.1398140330074], [-121.979853070083, 45.1398636448398], [-121.97976590206, 45.1398870975758], [-121.979658760894, 45.1399168247223], [-121.979577212731, 45.1399466367625], [-121.979511771361, 45.1399753855206], [-121.979428758045, 45.139991891496], [-121.979327913172, 45.140013663104], [-121.979259198341, 45.1400190580057], [-121.979172671714, 45.14002585074], [-121.979050977841, 45.1400669708438], [-121.978965323478, 45.1401266264342], [-121.978946902625, 45.1401394578337], [-121.978845723578, 45.1402053338764], [-121.978781180523, 45.140240226357], [-121.978719837268, 45.1402595652957], [-121.978647016237, 45.1402842313042], [-121.97856441435, 45.1403206558957], [-121.978520502903, 45.1403224795325], [-121.978434775777, 45.1403443600016], [-121.978371714942, 45.1403832367669], [-121.978292681163, 45.1404322588133], [-121.978219806234, 45.1404726131802], [-121.978149511267, 45.1405085966342], [-121.9780550076, 45.1405390888996], [-121.977969434985, 45.1405840200042], [-121.97788537603, 45.1406410283239], [-121.977810777234, 45.1407083757397], [-121.977735481346, 45.1407512499074], [-121.977670003144, 45.1408004991148], [-121.977583834946, 45.1408394478042], [-121.977505949214, 45.1408770550489], [-121.977478918009, 45.1408901067866], [-121.977381558598, 45.1409407961386], [-121.977304590046, 45.1409880409795], [-121.977241635213, 45.1410302819311], [-121.977166705837, 45.1410777693815], [-121.977087722364, 45.141122459279], [-121.977010474436, 45.1411559153747], [-121.976929761706, 45.1411774920115], [-121.976865092887, 45.141201964997], [-121.976764325268, 45.141223835624], [-121.976654835906, 45.1412539599975], [-121.976600345898, 45.1412720028054], [-121.976541474806, 45.1412914947342], [-121.976522289486, 45.1412948542747], [-121.97639243891, 45.141317578374], [-121.9762748171, 45.1413373357807], [-121.97620704011, 45.1413494737102], [-121.976146119961, 45.1413762099681], [-121.976048002373, 45.1414125540239], [-121.976025194147, 45.1414217106845], [-121.975919283674, 45.1414642275796], [-121.975829418009, 45.1414954701905], [-121.975736239358, 45.1415289393736], [-121.975635687335, 45.1415684495982], [-121.975543340524, 45.1416169199986], [-121.975459988544, 45.1416811950467], [-121.975375972708, 45.141779893307], [-121.975328973751, 45.141853343138], [-121.9752855438, 45.1419187856987], [-121.975268272791, 45.141951517089], [-121.975242762433, 45.141999865507], [-121.97518712348, 45.142103485234], [-121.975143020691, 45.1422023373681], [-121.975086166316, 45.1422921075792], [-121.975009172612, 45.1423768156238], [-121.974936937283, 45.142435630513], [-121.974861600072, 45.1424834393071], [-121.974787699267, 45.1425351613148], [-121.974720725371, 45.1425979140013], [-121.974634763784, 45.1426711239033], [-121.974561602293, 45.1427361226246], [-121.974501398101, 45.1428191293747], [-121.974425798581, 45.1428959284423], [-121.974363058445, 45.1429638605583], [-121.974331022726, 45.1430513827648], [-121.974310625579, 45.1431441644827], [-121.974281088074, 45.1432417551862], [-121.974260180684, 45.1433485806419], [-121.974208919221, 45.1434690596101], [-121.974153226368, 45.1435911825441], [-121.974097585617, 45.14369399216], [-121.974034748463, 45.1437909958342], [-121.974002079431, 45.1438687674479], [-121.973959505575, 45.143960293294], [-121.973951468348, 45.1439695800685], [-121.973884065956, 45.1440474781597], [-121.973831975348, 45.1440890978121], [-121.973784838948, 45.1441267593041], [-121.973678876372, 45.1441889621711], [-121.973567381971, 45.1442298055556], [-121.973555570921, 45.1442341641161], [-121.973469930932, 45.1442657790351], [-121.97337447056, 45.1443219016982], [-121.973311681016, 45.1443621741117], [-121.973305901256, 45.144365881319], [-121.973236572876, 45.1444080126893], [-121.973157703489, 45.1444679526596], [-121.973084205129, 45.1445654352858], [-121.973018127751, 45.1446529334911], [-121.973016561089, 45.144655007261], [-121.972959540527, 45.1447355376499], [-121.972951603013, 45.1447467485354], [-121.972887126433, 45.1448321714319], [-121.972827145922, 45.1448909818873], [-121.972773706044, 45.1449492188779], [-121.97270623538, 45.1450277606301], [-121.972635159776, 45.1451246365833], [-121.972583167084, 45.145227072782], [-121.972550472001, 45.1452951402433], [-121.972549156867, 45.1452974794648], [-121.972513373376, 45.1453611281768], [-121.972468112659, 45.1454665684348], [-121.972408535491, 45.1455851174508], [-121.972330492554, 45.1456832431588], [-121.97227903975, 45.1457642726287], [-121.972206560978, 45.1458600018072], [-121.972181128774, 45.1459026395751], [-121.972149385006, 45.1459558518397], [-121.972070965675, 45.1460489684314], [-121.972041499137, 45.1460857086658], [-121.972037351616, 45.1460908799716], [-121.972003205753, 45.1461334548421], [-121.9719126412, 45.1462173772398], [-121.971832941769, 45.146306645035], [-121.971782325296, 45.1463584801528], [-121.971729643597, 45.1464094503874], [-121.971660011586, 45.1464793753571], [-121.971567499484, 45.1465698984933], [-121.971476414806, 45.146639011654], [-121.971411562731, 45.1467095376061], [-121.971333989613, 45.1467843730511], [-121.971324844763, 45.1467931943212], [-121.971256155085, 45.1468800251213], [-121.97119893869, 45.1470374751042], [-121.971182209364, 45.1470698151759], [-121.971160480016, 45.1471118165663], [-121.971114590478, 45.1471778004963], [-121.971113626585, 45.1471791861161], [-121.971089161867, 45.1471249549431], [-121.971028003664, 45.146989378052], [-121.971016905877, 45.1468992610695], [-121.971007430447, 45.1467191419879], [-121.971035622276, 45.146566367564], [-121.971180383987, 45.1462976253788], [-121.971182976525, 45.1461536217749], [-121.971187354016, 45.145910615779], [-121.971229072676, 45.1457129565121], [-121.971181604798, 45.1455234926736], [-121.971259532751, 45.1454341799343], [-121.971416035443, 45.1452195533028], [-121.971458726978, 45.1449678909439], [-121.971526852514, 45.1447164600047], [-121.971455568502, 45.1444367642666], [-121.971382178838, 45.1442740710025], [-121.971298179172, 45.1439942615792], [-121.971302553968, 45.1437512558825], [-121.971219528974, 45.1434174436294], [-121.971089806857, 45.1433291515105], [-121.97101848242, 45.1432806039977], [-121.970948661763, 45.1429199071015], [-121.971054290166, 45.1427048192324], [-121.971066985158, 45.1426372384677], [-121.971096493018, 45.1424801596731], [-121.971060773307, 45.1423448112453], [-121.971057214182, 45.1423409949231], [-121.970823686344, 45.1420906238624], [-121.970775736071, 45.1419281596129], [-121.970704946132, 45.1416214637797], [-121.970782706998, 45.141541152031], [-121.971028861555, 45.1414814282209], [-121.971140404466, 45.1414543650568], [-121.971294465537, 45.1413747405673], [-121.971478011112, 45.1410703418663], [-121.971442938189, 45.1408989923328], [-121.971092701229, 45.1405717703904], [-121.97101131117, 45.1404222643135], [-121.970992805875, 45.1403882717224], [-121.970969585323, 45.1403456165236], [-121.970990604104, 45.1403215239924], [-121.971086466023, 45.1402116469166], [-121.971126075439, 45.1401309891103], [-121.970980842112, 45.1400255453204], [-121.9707745476, 45.139875766608], [-121.970663989243, 45.139658728905], [-121.970732110288, 45.1394072967285], [-121.970736487778, 45.1391642911235], [-121.970575227608, 45.1389377920307], [-121.970350224782, 45.1387197185168], [-121.97007435665, 45.13850118476], [-121.96998939938, 45.1382753743671], [-121.969752658269, 45.1380031845699], [-121.969794376031, 45.1378055245009], [-121.969913849268, 45.1375275526812], [-121.970032350529, 45.1373035811764], [-121.970178066251, 45.1369808371253], [-121.970220269103, 45.1367561778238], [-121.970224810087, 45.1365041713991], [-121.970179296943, 45.1362067046446], [-121.970106572033, 45.1360080104946], [-121.969945645138, 45.1357635094506], [-121.969784398443, 45.1355370088892], [-121.969674337752, 45.1352929690627], [-121.969515039503, 45.1349584653415], [-121.969470182129, 45.1346249976761], [-121.969589001394, 45.134383026189], [-121.969783789385, 45.1341597463914], [-121.970015260979, 45.1340178122672], [-121.97024608399, 45.1339118780812], [-121.970411543784, 45.1339043710514], [-121.970679539081, 45.1338527831674], [-121.970776017244, 45.1338149076624], [-121.971038157322, 45.1337119965811], [-121.971460352031, 45.1335717812647], [-121.971780177425, 45.1334666472766], [-121.972162280322, 45.1334340878244], [-121.972365722683, 45.1334359237222], [-121.972595082338, 45.1334109873197], [-121.972749769535, 45.1332953604456], [-121.972904776532, 45.1331617323294], [-121.973175836881, 45.1329391334452], [-121.973305574269, 45.1327962754721], [-121.973448349805, 45.1326355319404], [-121.973565855733, 45.1324655582461], [-121.973645053903, 45.1323042408846], [-121.973649095424, 45.1320792355159], [-121.973652650956, 45.1318812298036], [-121.973645407839, 45.1318523210642], [-121.973605184874, 45.1316917668961], [-121.97364736976, 45.1314671051361], [-121.973640473394, 45.1311429819689], [-121.973606853944, 45.1308906319613], [-121.973561491717, 45.1305841657506], [-121.973488111935, 45.1304214754194], [-121.973365493695, 45.1301683217804], [-121.97329357098, 45.1299246278296], [-121.973209098801, 45.1296718199227], [-121.973085834673, 45.1294546679628], [-121.972975448792, 45.1292286303477], [-121.972814529982, 45.1289841338278], [-121.97274115559, 45.1288214421014], [-121.972693856595, 45.128622978266], [-121.972623557136, 45.1282892821536], [-121.972499329115, 45.1281261302203], [-121.972312016005, 45.1279354056487], [-121.972227063227, 45.1277095965143], [-121.972027524046, 45.1274917563937], [-121.971876901726, 45.1273823755722], [-121.971678012027, 45.1271285340878], [-121.971527388809, 45.1270191538374], [-121.971285179652, 45.1270529737667], [-121.971016732502, 45.1271315642562], [-121.970864653115, 45.1271031861302], [-121.970549563639, 45.1269473105844], [-121.96978883073, 45.1268684213228], [-121.967814770317, 45.1266885216325], [-121.966191670007, 45.1263947526175], [-121.965427302515, 45.1261222633657], [-121.964854436977, 45.125851510714], [-121.964471808565, 45.1257400129933], [-121.963644196083, 45.1254939429759], [-121.962530329149, 45.1248626867877], [-121.962373137449, 45.1247603337941], [-121.961871357395, 45.1244336029927], [-121.961552834559, 45.124075132036], [-121.961298169362, 45.1233076666327], [-121.96126657202, 45.1229473098984], [-121.961520886874, 45.1222024868793], [-121.961456713027, 45.1218418334934], [-121.961361460165, 45.1216609310394], [-121.96091539722, 45.1213688082508], [-121.960820510871, 45.1212554211088], [-121.960692625809, 45.1210337119706], [-121.960533255694, 45.1204021395696], [-121.960342422985, 45.1199278073863], [-121.960056076005, 45.1196371393462], [-121.959864671968, 45.1195003656192], [-121.959705795927, 45.1194539067347], [-121.959292571794, 45.1194546331602], [-121.958624413869, 45.1198401026288], [-121.958317450553, 45.1203821315037], [-121.958051317464, 45.1208520564597], [-121.958030564584, 45.1209705330501], [-121.957988345562, 45.1212115498007], [-121.957733400092, 45.1215962911431], [-121.957288196833, 45.1219117778178], [-121.956966682607, 45.1219336349262], [-121.956938107197, 45.1219355776812], [-121.955983401968, 45.1217783049469], [-121.955283362833, 45.1217313807671], [-121.955029002166, 45.1217785565867], [-121.954806066363, 45.1218890333081], [-121.954488483164, 45.1226557660571], [-121.954233461337, 45.1237381317756], [-121.954552320143, 45.1241191291752], [-121.955092923586, 45.1244121442498], [-121.955208652646, 45.1248632914511], [-121.955400334263, 45.1258552368714], [-121.955304733754, 45.1262594369934], [-121.955018288858, 45.1267564046078], [-121.954413370532, 45.1269803991563], [-121.953470149365, 45.1271604538394], [-121.953108616989, 45.1272294656718], [-121.952630855192, 45.1274096095669], [-121.952625760846, 45.1274123234588], [-121.951866794923, 45.1278166614873], [-121.951516667558, 45.1278404455779], [-121.951103415578, 45.1277961337817], [-121.950625976276, 45.1276117028944], [-121.950084362228, 45.1275031950314], [-121.949670369138, 45.1274993783497], [-121.949193323298, 45.1277695324907], [-121.949001956091, 45.1280198149608], [-121.948747449897, 45.1287646076611], [-121.948366126737, 45.1290581464535], [-121.947887987647, 45.1291707531258], [-121.947283363968, 45.1294622256459], [-121.947156052031, 45.1296860904211], [-121.947220280676, 45.1298667183583], [-121.947379142344, 45.1299582033053], [-121.947665677072, 45.1299788538164], [-121.948143408326, 45.1298887473375], [-121.948907310491, 45.1296662529253], [-121.949766578705, 45.1295301496841], [-121.951453540248, 45.129415872474], [-121.954445654187, 45.1292131181781], [-121.955751518047, 45.1291665822775], [-121.956355879417, 45.1292351309317], [-121.95673812874, 45.1293241483597], [-121.957088486973, 45.1294623828204], [-121.957438438268, 45.1297536396378], [-121.957438308012, 45.1299786807994], [-121.95734317822, 45.1302703653026], [-121.956356694189, 45.1310624843485], [-121.954701281479, 45.1321410161487], [-121.954096576952, 45.132437022439], [-121.952919252127, 45.1327952792472], [-121.952632579059, 45.1329546750205], [-121.950372108783, 45.1345991872725], [-121.94865339988, 45.1354340020581], [-121.947825793686, 45.135615397579], [-121.947284883918, 45.1356374059605], [-121.94636128016, 45.1361104599055], [-121.946042937885, 45.1361750282242], [-121.944801209244, 45.1363120642451], [-121.942859307619, 45.1363570753573], [-121.94215924423, 45.1365171094399], [-121.939230024938, 45.13665190772], [-121.938402326219, 45.1365361790561], [-121.936364209638, 45.1365396757537], [-121.93569626102, 45.1364254182916], [-121.93470888047, 45.1361776466451], [-121.933817491197, 45.1361107976645], [-121.933307701765, 45.1359980050803], [-121.931270391871, 45.1353217898745], [-121.930379210108, 45.1350748828767], [-121.929933471454, 45.1349806799312], [-121.928533085063, 45.1348459981051], [-121.927672917636, 45.1345993596418], [-121.926845239577, 45.1344430400703], [-121.92636811199, 45.134285516013], [-121.926081749739, 45.1341702952226], [-121.925572302565, 45.1337874219706], [-121.924139740317, 45.1333373206526], [-121.923439587994, 45.1329526356802], [-121.923089050099, 45.1326162601265], [-121.922548222077, 45.1319180152914], [-121.922356869244, 45.1317811803813], [-121.922007292546, 45.1316473478205], [-121.920797128009, 45.131419851139], [-121.920510706469, 45.1313091178282], [-121.919906053146, 45.131172862605], [-121.919046347453, 45.1309486684108], [-121.918155346252, 45.1304046098682], [-121.917455472407, 45.1297993473633], [-121.917296464314, 45.1295502895341], [-121.917105109684, 45.1291208892555], [-121.916977810323, 45.1286245842576], [-121.916660380736, 45.1279284346482], [-121.915737737277, 45.1264163696989], [-121.915546742872, 45.1254243617814], [-121.915102124417, 45.1248575211623], [-121.914487119807, 45.1241405278148], [-121.9138192718, 45.1226083684835], [-121.913406319858, 45.1215062189615], [-121.913271659701, 45.120871450781], [-121.912961437298, 45.1194090699104], [-121.912961984372, 45.1190039978359], [-121.912866766545, 45.1186205156638], [-121.912739345912, 45.1188443431178], [-121.912674968147, 45.1196808907945], [-121.912674541447, 45.120873617326], [-121.912610980251, 45.1214581231904], [-121.912419473806, 45.1222934580252], [-121.912291484539, 45.1235074698719], [-121.912296381255, 45.1242197833975], [-121.912300765932, 45.1248578184234], [-121.912395842724, 45.1252908090282], [-121.912681606697, 45.1258516425461], [-121.912967780302, 45.126642025503], [-121.913922512481, 45.128469479108], [-121.914336009701, 45.1295041170574], [-121.914526619628, 45.1301810628918], [-121.914462876972, 45.1306080374129], [-121.914048739253, 45.1315312674118], [-121.913634583568, 45.1321619409118], [-121.913443052868, 45.1329972755442], [-121.913315907119, 45.1332886176076], [-121.912646549045, 45.1339213547067], [-121.911458180332, 45.134775602596], [-121.910768055903, 45.1352716747319], [-121.909335074142, 45.1360141117117], [-121.907264941604, 45.1367369200761], [-121.906914480065, 45.1369405981524], [-121.906214100469, 45.1375684977907], [-121.905513159426, 45.1379758472752], [-121.904844352917, 45.138198964486], [-121.904590108132, 45.1383585523656], [-121.904207702502, 45.1386519308889], [-121.903028635844, 45.1398648215322], [-121.902551253136, 45.1400942684833], [-121.90137323571, 45.1403394657118], [-121.897838899564, 45.1406744067639], [-121.897148508336, 45.1406577476444], [-121.895785101093, 45.1406248368238], [-121.895036491848, 45.1406067595943], [-121.894686627689, 45.1406528768264], [-121.892998782203, 45.1409920607906], [-121.890642299092, 45.1416217691907], [-121.888285441384, 45.1424314593676], [-121.887457502814, 45.1428599617019], [-121.886437946407, 45.1435341340888], [-121.884876880158, 45.1447025956024], [-121.88379924677, 45.1454170159666], [-121.882869765335, 45.1460331953653], [-121.882232327098, 45.1465535452139], [-121.881881978747, 45.1466626295008], [-121.881404018422, 45.1469549952937], [-121.881180840973, 45.1470248188562], [-121.880130043856, 45.1475410978548], [-121.879142110842, 45.1478104385977], [-121.878569181524, 45.1478768157953], [-121.878441295563, 45.1479925790952], [-121.878377704723, 45.1481944911471], [-121.878219372162, 45.1484053533836], [-121.877549067264, 45.1492980458993], [-121.876974603623, 45.1499270062071], [-121.876974861439, 45.1501970610764], [-121.876204326114, 45.150324490667], [-121.87603174268, 45.1502867819532], [-121.875906151915, 45.1502045279489], [-121.875595626779, 45.1498233930978], [-121.875351393718, 45.1486597615979], [-121.875264845532, 45.148532883914], [-121.875057833267, 45.1483868129564], [-121.874118135292, 45.1479814581802], [-121.873565993888, 45.147597929422], [-121.873199223435, 45.1474097681296], [-121.872123080352, 45.1472325904281], [-121.870944065797, 45.1469508637605], [-121.870819444314, 45.1468844664774], [-121.87027314106, 45.1469002785896], [-121.870212105028, 45.1468622204115], [-121.870160481544, 45.1468433455884], [-121.870109797697, 45.1468218781702], [-121.870048555053, 45.1468423945927], [-121.870036098115, 45.1468450473703], [-121.869971179564, 45.1468588707027], [-121.869901578994, 45.1468901705468], [-121.869839190998, 45.1469034040108], [-121.869779856375, 45.1469206194839], [-121.869722855575, 45.1469169441215], [-121.869660129812, 45.1469054783324], [-121.869606750121, 45.1469039444495], [-121.869538264361, 45.1468768445778], [-121.869472451986, 45.1468720439844], [-121.869387529751, 45.1468769111032], [-121.869329730349, 45.1468957193899], [-121.869266555428, 45.1469094204302], [-121.86918718029, 45.1469118280115], [-121.869108380971, 45.1469311197035], [-121.869033254864, 45.1469615192], [-121.868980310856, 45.1469601855279], [-121.868927064116, 45.1469633445251], [-121.86885526447, 45.1469806442454], [-121.868764981089, 45.1469896447863], [-121.868666446682, 45.1470006284094], [-121.868589850931, 45.1469916842583], [-121.868500730869, 45.1469951619411], [-121.868422730153, 45.1469907947216], [-121.868362730777, 45.1470028110685], [-121.868306330051, 45.1470025779136], [-121.868241606435, 45.1470167699472], [-121.868166854925, 45.1470221192026], [-121.868072247953, 45.1470378102642], [-121.867978064087, 45.1470044773655], [-121.867896690197, 45.1469930648141], [-121.867821930602, 45.1470025937529], [-121.867752305778, 45.1470099444665], [-121.867687854351, 45.1470261689997], [-121.867613949055, 45.1470179046762], [-121.867539105018, 45.1469953944624], [-121.867456489657, 45.1469706242835], [-121.867364580325, 45.1469832197206], [-121.867289729102, 45.1469698120425], [-121.867237195624, 45.1469591116208], [-121.86717106345, 45.146947678786], [-121.867114730997, 45.1469386446591], [-121.867056431233, 45.1469454777512], [-121.866981478501, 45.1469614944906], [-121.866918880298, 45.1469434946657], [-121.866865229316, 45.1469356700304], [-121.866786191046, 45.1468997248458], [-121.866713130166, 45.1468871192531], [-121.866638080415, 45.1468564612184], [-121.866553156383, 45.1468429952216], [-121.866483630374, 45.1468340953959], [-121.866408890542, 45.1468329448239], [-121.86633630487, 45.1468566196121], [-121.866283230607, 45.1468639450015], [-121.866228405527, 45.1468702940517], [-121.866154529874, 45.1468772285239], [-121.866097363785, 45.1468892442612], [-121.866039331719, 45.1469163434934], [-121.865976596973, 45.14694231115], [-121.865920930171, 45.1469663444953], [-121.865862830732, 45.1469792446821], [-121.865799030584, 45.1469850101985], [-121.86573743041, 45.1469981935882], [-121.865676230884, 45.1470140443168], [-121.865613529376, 45.1470257945582], [-121.865534479428, 45.1470470699272], [-121.865448110006, 45.1470830447968], [-121.865372629963, 45.1471102453083], [-121.865305963291, 45.1471378779026], [-121.865229681052, 45.1471763445499], [-121.86513990432, 45.1472149435876], [-121.865065550764, 45.1472680843009], [-121.864993950545, 45.1473159048817], [-121.8649224168, 45.1473163306404], [-121.864855728569, 45.1473191696653], [-121.864788278565, 45.1473435449791], [-121.864721063921, 45.1473731111126], [-121.864670730417, 45.1474089444906], [-121.864623080181, 45.1474430944556], [-121.864570529636, 45.1474655949891], [-121.864512329585, 45.1474966448745], [-121.864459311017, 45.1475271847213], [-121.864376769317, 45.1475718847689], [-121.864320679409, 45.1475968441228], [-121.864276174175, 45.1476211870059], [-121.864220104928, 45.1476651697835], [-121.864157488759, 45.1476989033426], [-121.864093797308, 45.1477110608253], [-121.864014273049, 45.1477328016087], [-121.863926205811, 45.1477241686528], [-121.86387277851, 45.14772444362], [-121.863819990809, 45.1477237447978], [-121.863747005387, 45.1477319450289], [-121.863680629769, 45.1477234185119], [-121.863619029595, 45.1477031450619], [-121.863554405692, 45.1476897939404], [-121.86346939093, 45.1476742633504], [-121.863389144426, 45.1476776307512], [-121.863322981708, 45.147657319271], [-121.86326133033, 45.1476337854671], [-121.863202887735, 45.1476377161104], [-121.863139973325, 45.1476413876249], [-121.863058154769, 45.1476285946607], [-121.862993329643, 45.1476197253688], [-121.862928370669, 45.1476178848592], [-121.862855089701, 45.1476247850279], [-121.862797696337, 45.1476333109262], [-121.862745329946, 45.1475995957016], [-121.862698230378, 45.1475628190625], [-121.862660555035, 45.1475293451853], [-121.862614329527, 45.1475052449193], [-121.862539596882, 45.1475182438206], [-121.862455449892, 45.1475273443802], [-121.862378130099, 45.1475001580062], [-121.86229496407, 45.1474838113294], [-121.862224929614, 45.1474642119105], [-121.862173329486, 45.1474526435934], [-121.862122763318, 45.1474474768461], [-121.862051515238, 45.1474221024395], [-121.861980405499, 45.1474054193154], [-121.861928809862, 45.1473824245745], [-121.861873154739, 45.1473814951291], [-121.861805911348, 45.1473857248342], [-121.861734179974, 45.1473607318087], [-121.861698929184, 45.1473119938568], [-121.861662171919, 45.1472792161257], [-121.861644872164, 45.1472215726369], [-121.861642868921, 45.1471539566779], [-121.86164192569, 45.1470820665614], [-121.861606083808, 45.1470052230809], [-121.861562104088, 45.1468873061575], [-121.861482161215, 45.1468002213048], [-121.861395665131, 45.1467385490559], [-121.861329126019, 45.1466880390922], [-121.861279909122, 45.1466132542068], [-121.861208227155, 45.146534726677], [-121.861133519663, 45.146479458356], [-121.861056259159, 45.14642771395], [-121.860983180312, 45.1463944700293], [-121.860937354554, 45.1463629190153], [-121.860896932163, 45.1463346435948], [-121.860845562902, 45.1463225447416], [-121.860763229611, 45.1463234773722], [-121.860674030497, 45.1463327162431], [-121.860585555424, 45.1463553192213], [-121.860512747869, 45.1463538600861], [-121.860454297188, 45.1463687783639], [-121.860397855141, 45.1463875690781], [-121.860346054688, 45.146392644686], [-121.860287305767, 45.1464048189203], [-121.860224829736, 45.1464202237739], [-121.860184006696, 45.1464247449969], [-121.860145779787, 45.1463978508108], [-121.860119604676, 45.1463522945093], [-121.860085896294, 45.1463148784162], [-121.860035372347, 45.1462728593319], [-121.859973481119, 45.1462226454717], [-121.859934105265, 45.1461874442965], [-121.859901630269, 45.1461493628335], [-121.859848298189, 45.1461194450604], [-121.859803929499, 45.1460816638705], [-121.859772163274, 45.1460351100555], [-121.859734480745, 45.1459954958506], [-121.859682515002, 45.145943415839], [-121.85962630472, 45.1458989191624], [-121.8595869639, 45.1458553443185], [-121.859536730109, 45.1458394945349], [-121.859482004742, 45.145813170934], [-121.85944105504, 45.145776844256], [-121.859399805301, 45.1457296699102], [-121.859359389198, 45.1456795645487], [-121.859325314302, 45.1456161271772], [-121.859310951139, 45.1455616847991], [-121.859293297447, 45.1455163432498], [-121.859275505415, 45.1454631445139], [-121.859255714631, 45.1454020594242], [-121.859238163347, 45.1453415286616], [-121.859231610137, 45.1452851643366], [-121.859207195724, 45.1452243008136], [-121.859192248656, 45.1451709041241], [-121.859186096993, 45.1451054285479], [-121.859158129743, 45.1450584190147], [-121.859144814914, 45.1450129725219], [-121.859115173204, 45.1449784441117], [-121.859060454126, 45.1450173994508], [-121.859069563941, 45.1448467783783], [-121.859114555164, 45.1447638328715], [-121.859131830665, 45.1446963198082], [-121.859130304427, 45.1446480446401], [-121.859127212426, 45.1445905112713], [-121.859137612222, 45.1445018781911], [-121.859130529904, 45.1444328448074], [-121.859124211155, 45.144375804164], [-121.859124407886, 45.1443019672833], [-121.859124430343, 45.1442281695905], [-121.859119416846, 45.1441447859963], [-121.859113779019, 45.1440844192697], [-121.859109470699, 45.1440262637645], [-121.859100381545, 45.1439535282736], [-121.859117146803, 45.1438640122209], [-121.859113690984, 45.1437979040695], [-121.859130330478, 45.1437323039962], [-121.859119343184, 45.1436638722438], [-121.859113930834, 45.1435886436651], [-121.859116629374, 45.1435224959105], [-121.859116850359, 45.1434533244805], [-121.859122330981, 45.1433925838236], [-121.859108490637, 45.1433313450816], [-121.859101680509, 45.1432629952178], [-121.859111065209, 45.1432109779722], [-121.859098670254, 45.1431561645328], [-121.859092629084, 45.1430968441274], [-121.8590909142, 45.1430408279731], [-121.859078270413, 45.1429439041256], [-121.859049639308, 45.142867413695], [-121.859072256192, 45.1428062193758], [-121.859092858155, 45.1427581453656], [-121.859093929845, 45.1427019609691], [-121.859087397296, 45.1426445111751], [-121.859094051117, 45.1425962444075], [-121.859098904715, 45.14254509525], [-121.859094416732, 45.142483469721], [-121.859104096079, 45.14241067777], [-121.859115664583, 45.1423561436233], [-121.859111246668, 45.1422989450301], [-121.85910065104, 45.1422409644852], [-121.859089463421, 45.1421837771817], [-121.859095929494, 45.142126545467], [-121.859102128768, 45.1420702438605], [-121.859091256458, 45.1420092191318], [-121.859090246752, 45.1419435276585], [-121.859079456189, 45.1418788442148], [-121.859079590038, 45.1418325043029], [-121.85910014439, 45.1417622726583], [-121.859111866506, 45.1417017570399], [-121.859133145798, 45.1416367767819], [-121.859086522337, 45.1416183957295], [-121.859055384932, 45.1414461556854], [-121.85902529676, 45.1414071782632], [-121.858983449641, 45.1413522636087], [-121.858997667277, 45.141293044609], [-121.858988818872, 45.1412426235986], [-121.85895985, 45.1412067052388], [-121.858933904858, 45.1411644954661], [-121.858922355219, 45.1411161691507], [-121.858907745019, 45.1410742615567], [-121.85887509575, 45.1410198782051], [-121.858861886922, 45.1409468784523], [-121.85885743038, 45.1408764784355], [-121.858845109986, 45.1408162039281], [-121.858820155685, 45.1407472433858], [-121.858786055637, 45.1406807197522], [-121.858729169822, 45.1406377245054], [-121.858672204056, 45.1405580190362], [-121.858623205449, 45.1405204705101], [-121.858576773329, 45.1404692434529], [-121.858510650137, 45.1404165633989], [-121.858465658016, 45.1403757591032], [-121.858418756077, 45.1403571444622], [-121.85838046449, 45.1403238108254], [-121.858349028845, 45.1402761453256], [-121.858313404356, 45.1402377449907], [-121.858247145518, 45.1402208113739], [-121.858194396445, 45.1401436278795], [-121.858153250012, 45.140089904537], [-121.858119830887, 45.140055244514], [-121.858080996717, 45.1399892605773], [-121.858019130641, 45.1399582439882], [-121.857966515417, 45.1399133301327], [-121.857919863209, 45.1398335938691], [-121.857872605537, 45.1397793189562], [-121.8578039473, 45.1397368603681], [-121.857791397835, 45.1396569115835], [-121.857744554287, 45.1396184189515], [-121.857710251219, 45.1395599243204], [-121.857677564221, 45.1394963445366], [-121.85761978009, 45.1395048697496], [-121.857553929987, 45.1394672235805], [-121.857498795886, 45.1394061105218], [-121.857444755035, 45.1393307945828], [-121.857399730575, 45.1392811943262], [-121.857360971864, 45.1392368641713], [-121.857312880555, 45.1391819442582], [-121.857267263207, 45.1391498778885], [-121.857225381951, 45.1391068441014], [-121.857161113781, 45.1390510280659], [-121.857107680191, 45.1389904943619], [-121.857060897728, 45.1389639781333], [-121.857014180842, 45.1389356439143], [-121.856938869681, 45.1389102448081], [-121.856876479888, 45.1388645190378], [-121.856828954518, 45.1388134438395], [-121.85678405672, 45.1387732194668], [-121.856718930659, 45.1387530606954], [-121.856656255201, 45.1387140941054], [-121.856608230368, 45.1386794446521], [-121.856561563787, 45.1386504778932], [-121.856522196917, 45.1386114453318], [-121.856457758965, 45.1385644595924], [-121.856379728604, 45.138539994346], [-121.856302631593, 45.1385177957172], [-121.856238163997, 45.1385003438832], [-121.856178815899, 45.1384692732561], [-121.856102497728, 45.1384804771362], [-121.856059306729, 45.1384870336958], [-121.856066278554, 45.1384109884577], [-121.856011849631, 45.1383926748016], [-121.855963429539, 45.1383888113234], [-121.855889730854, 45.1383689945974], [-121.85582813068, 45.1383587437337], [-121.855776554807, 45.13834204465], [-121.855692458123, 45.1383203440084], [-121.855591180261, 45.1382911609856], [-121.855508596341, 45.1382891788664], [-121.855444630902, 45.138282344103], [-121.855385996067, 45.1382769781858], [-121.855321430554, 45.1382597943206], [-121.855259364155, 45.1382389110825], [-121.855206980696, 45.1382223196877], [-121.855142254385, 45.1382216942549], [-121.855082997017, 45.1382118451119], [-121.855004980131, 45.1381961940769], [-121.854943629689, 45.1381654946154], [-121.854872051029, 45.1381757442465], [-121.854803786253, 45.1381445023513], [-121.854733880256, 45.1381441449606], [-121.854682897271, 45.1381369458186], [-121.854618771034, 45.1381423839875], [-121.854528364584, 45.1381237610134], [-121.854452429993, 45.1381130057028], [-121.854385579166, 45.1381083703933], [-121.854316054953, 45.138129219461], [-121.854232730821, 45.1381372195647], [-121.854177956046, 45.1381065942111], [-121.854130630102, 45.1380723442358], [-121.854082031245, 45.1380498197172], [-121.854033780036, 45.1380712441807], [-121.85398115493, 45.1380554701747], [-121.853929080492, 45.1380485941946], [-121.85384894987, 45.1380482843287], [-121.85375379762, 45.1380408279036], [-121.853673629269, 45.1380395928757], [-121.853623479022, 45.1380227188049], [-121.853581330069, 45.137998867989], [-121.853520162883, 45.1380001435729], [-121.853461429233, 45.1380036934093], [-121.853404555994, 45.1380208697476], [-121.853314846636, 45.1380139931297], [-121.853243555437, 45.1379761685476], [-121.85317753106, 45.1379489434003], [-121.853115831173, 45.137930123924], [-121.853045950329, 45.1379017638443], [-121.852969054541, 45.1378751938808], [-121.85289219738, 45.1378425444291], [-121.852825130958, 45.1378371195388], [-121.852758095976, 45.1378408436459], [-121.852680659402, 45.1378309152278], [-121.852602405361, 45.1377969198244], [-121.852521169811, 45.1377795647221], [-121.852434163485, 45.1377683619716], [-121.852364854867, 45.1377654698759], [-121.852306429339, 45.1377823110717], [-121.852249530049, 45.137770394803], [-121.852196855536, 45.1377422196772], [-121.852123897064, 45.1377034773515], [-121.852108971555, 45.1377021193831], [-121.85179650516, 45.1374081187688], [-121.851479783445, 45.1371690366424], [-121.851445616922, 45.1371736726619], [-121.850246554664, 45.1369950487633], [-121.849592310744, 45.1368399169495], [-121.848036400824, 45.1362255842567], [-121.84754032148, 45.1362295695505], [-121.847218991408, 45.1363973527634], [-121.847011189523, 45.1366112933714], [-121.846532845617, 45.1372725808694], [-121.846054649035, 45.1378078450195], [-121.845864437062, 45.1379769517678], [-121.845284959923, 45.1383311525081], [-121.845002485581, 45.138463314877], [-121.84387821885, 45.1387129668152], [-121.843521081931, 45.1387633533101], [-121.842887360922, 45.1386939080656], [-121.84273525189, 45.1386293514704], [-121.842521451954, 45.138510157491], [-121.842312016932, 45.1383324958871], [-121.842275484246, 45.1382916172279], [-121.842184506467, 45.1381916734687], [-121.842097709448, 45.1380422631721], [-121.842058546495, 45.1379743518062], [-121.841993273109, 45.1378611662278], [-121.841967163576, 45.1378158920603], [-121.841927998826, 45.1377479810584], [-121.841901891987, 45.1377027080684], [-121.841865021535, 45.1376393201189], [-121.841828149285, 45.1375759333662], [-121.841771256284, 45.1374808366295], [-121.841675901014, 45.1373223374913], [-121.84164899737, 45.1372770540245], [-121.841609041204, 45.1372091354104], [-121.841582138458, 45.1371638537546], [-121.841515275953, 45.1370506532601], [-121.841473821398, 45.1369782168403], [-121.841417814135, 45.1368786281776], [-121.841387118702, 45.1368243054602], [-121.841337287356, 45.1367337807901], [-121.84132423214, 45.1367111429465], [-121.841268225776, 45.1366115557184], [-121.841236033749, 45.1365527164442], [-121.841206134223, 45.1364984016542], [-121.841092714732, 45.13629020821], [-121.841065903614, 45.1362404272408], [-121.84100619619, 45.1361272965205], [-121.840982472582, 45.1360820463241], [-121.840947284674, 45.1360141757149], [-121.840922064472, 45.1359644090798], [-121.840893755863, 45.1359101108392], [-121.840782018916, 45.1356974337305], [-121.840740043338, 45.1356114908211], [-121.840620295216, 45.1353627232601], [-121.840492354458, 45.1350868681489], [-121.840405318487, 45.1349104474512], [-121.84034200792, 45.1347792787412], [-121.840283984838, 45.1346616654252], [-121.840248095346, 45.1345892855395], [-121.840192731276, 45.1344581965723], [-121.840138957225, 45.134327124414], [-121.840015278075, 45.1341548319257], [-121.839900953082, 45.1339916372012], [-121.83978882986, 45.1338374655398], [-121.839728490022, 45.1337558354621], [-121.839470442669, 45.1334291447785], [-121.839387540745, 45.1332842727859], [-121.839064698808, 45.133023291367], [-121.838853362052, 45.1326217019905], [-121.838261445942, 45.1322195913891], [-121.838144470021, 45.132069870756], [-121.838040817013, 45.1318122641588], [-121.837891994917, 45.1310005859373], [-121.837450389411, 45.1302039276787], [-121.837289736503, 45.1297792057], [-121.837271855537, 45.1289778670775], [-121.837873690845, 45.1268955953523], [-121.837851555458, 45.1267333381587], [-121.83771482199, 45.1265789123703], [-121.837532620294, 45.1265500491122], [-121.837258063702, 45.1265292458814], [-121.836950753637, 45.1266341308987], [-121.836685581745, 45.1270658727551], [-121.835714491245, 45.1286469027189], [-121.835518107845, 45.1289239519558], [-121.833982982246, 45.1299974674091], [-121.833322034199, 45.1303327696117], [-121.832571381287, 45.1306626493403], [-121.83163538527, 45.1309996239035], [-121.831367285768, 45.1310508867195], [-121.8306230612, 45.1309487336872], [-121.830253418833, 45.1307964100627], [-121.829476738134, 45.1302247454134], [-121.829397606439, 45.1301665003539], [-121.828503470117, 45.1293842702351], [-121.827377738234, 45.1283993900827], [-121.826919893883, 45.1277825587082], [-121.826470371525, 45.1267607296452], [-121.825782146135, 45.1258309575827], [-121.825167111881, 45.1252079973288], [-121.824681520367, 45.1248609222355], [-121.824422559427, 45.124700719806], [-121.824045452959, 45.1245663039941], [-121.822737138494, 45.1243020349623], [-121.82261299222, 45.1242769582937], [-121.822099701155, 45.1242616571091], [-121.82076405994, 45.1242218319237], [-121.818441301381, 45.1244453211261], [-121.817872371362, 45.1244799285223], [-121.817585587801, 45.1244364450586], [-121.817490440042, 45.1244074647266], [-121.817050151467, 45.1242733575306], [-121.816185767348, 45.12371566688], [-121.816185145714, 45.1237152650307], [-121.816185102595, 45.1237152010137], [-121.816182985266, 45.1237137184811], [-121.816172586368, 45.1236963825447], [-121.815675712015, 45.1229493217075], [-121.815613382409, 45.1227641094681], [-121.815548955236, 45.1226566978071], [-121.815343177256, 45.1219611871802], [-121.815327945422, 45.1219097082915], [-121.81514728254, 45.1210800459657], [-121.815119858771, 45.1208956358334], [-121.815277414289, 45.1195425045863], [-121.81529967544, 45.1189703322397], [-121.815305485743, 45.1188210110406], [-121.815102854561, 45.1185324894165], [-121.814726519746, 45.1176734056482], [-121.814255137784, 45.1169968121667], [-121.814244904176, 45.1169766976782], [-121.814235811429, 45.1169690711467], [-121.813914747258, 45.1165082266938], [-121.813239755848, 45.1161337059016], [-121.813221873984, 45.1161187087145], [-121.813149453603, 45.1160967929599], [-121.812680158427, 45.1159237563336], [-121.811818047046, 45.1156840497484], [-121.810869811483, 45.1152618498183], [-121.810753548824, 45.1151939804243], [-121.810680352298, 45.1151512505954], [-121.810075359412, 45.1146318319584], [-121.809821353579, 45.1141610849046], [-121.808294559854, 45.1145637126792], [-121.807689226506, 45.1146338954093], [-121.807371936158, 45.114608070254], [-121.807370798891, 45.114607635376], [-121.807084235417, 45.1144970380547], [-121.806830654487, 45.1142738382616], [-121.806552065358, 45.1135127212018], [-121.806546761704, 45.1135056279892], [-121.806529123284, 45.1134682727553], [-121.806201341511, 45.112774098705], [-121.806205136893, 45.1127718196427], [-121.806255041901, 45.1127418532933], [-121.806540007272, 45.1126075925195], [-121.806552532482, 45.1125999647702], [-121.806616646142, 45.1125609181837], [-121.806710111356, 45.1124986053753], [-121.806809827945, 45.1124321590985], [-121.806816522191, 45.112423520164], [-121.807148712895, 45.1122427602857], [-121.807339284194, 45.1120197088984], [-121.807466540436, 45.1117464865927], [-121.807561345037, 45.1111623611587], [-121.807467018339, 45.1103512107453], [-121.807205343589, 45.1097157688012], [-121.806353886226, 45.1076480134336], [-121.806195459343, 45.1070162275714], [-121.80574966679, 45.1061833877889], [-121.805558106445, 45.1057312889321], [-121.805431434109, 45.1044922110522], [-121.805240290583, 45.1032974663024], [-121.805177346529, 45.102126569984], [-121.805176697945, 45.1020815534187], [-121.804763980463, 45.0976888334623], [-121.804741586361, 45.0971288309513], [-121.804733189808, 45.0969188552272], [-121.804542053469, 45.0959536532372], [-121.80460536673, 45.0954322107225], [-121.804859599837, 45.0944401739907], [-121.804924648643, 45.0942158107188], [-121.804384047895, 45.0930218966724], [-121.804049630267, 45.0925641984396], [-121.80390683407, 45.092368756558], [-121.803429274394, 45.0915805814771], [-121.803047988963, 45.0905188591533], [-121.802825437639, 45.0900709304576], [-121.8027617929, 45.089620169036], [-121.802857582055, 45.0893691245082], [-121.803336138862, 45.0888816401032], [-121.803430494306, 45.0887855229119], [-121.804893551663, 45.0869149911365], [-121.804988548504, 45.0865109036538], [-121.804576275688, 45.0848412368763], [-121.804194302147, 45.0838515266345], [-121.803239535832, 45.0824552157039], [-121.803112764681, 45.0822513418358], [-121.802319159722, 45.0790743478647], [-121.801905836775, 45.0777647324996], [-121.801810103315, 45.0771786037253], [-121.801777742405, 45.0767781805405], [-121.801746392998, 45.0763902710565], [-121.80174765064, 45.073482680344], [-121.801683706761, 45.0730094097509], [-121.801493720265, 45.0723367721046], [-121.800794024287, 45.0719288258191], [-121.800412557396, 45.0717942819151], [-121.799961367765, 45.071457222916], [-121.799776998434, 45.0713194899732], [-121.799553949444, 45.071051585973], [-121.799458941823, 45.0707355187323], [-121.79958658973, 45.0696071272951], [-121.799588326174, 45.0695305372633], [-121.799617719948, 45.0682346699099], [-121.799777679357, 45.0675342097576], [-121.799236449789, 45.067713044768], [-121.798663733371, 45.068083640022], [-121.797456933025, 45.068864517131], [-121.796152288178, 45.0695168772737], [-121.795793174067, 45.0696147163781], [-121.795579752322, 45.0696728614603], [-121.794880741758, 45.0697644892194], [-121.794053428416, 45.0696522132348], [-121.793927093846, 45.0699209320571], [-121.793641125955, 45.0703049850109], [-121.793512644411, 45.0707132093437], [-121.793471065888, 45.0708970513884], [-121.793385700784, 45.0712744827472], [-121.793416557015, 45.0717699130148], [-121.793098633355, 45.071861064144], [-121.792654034663, 45.0720859015786], [-121.792508911829, 45.0721910979097], [-121.791191388734, 45.0731461166134], [-121.790427505434, 45.0735250886418], [-121.789982462974, 45.0736193835368], [-121.789282852336, 45.0736614618516], [-121.788583936095, 45.073595520388], [-121.787248283202, 45.073302250762], [-121.786644889317, 45.072850234139], [-121.786262499857, 45.0724230723311], [-121.78615351984, 45.072241376941], [-121.785882120826, 45.0717888869059], [-121.785628026958, 45.0711155389404], [-121.78560045856, 45.0709398041906], [-121.78556437593, 45.0707097758604], [-121.785565181719, 45.0702596908601], [-121.785501048296, 45.0701014744569], [-121.785373573764, 45.0698975730042], [-121.784738007616, 45.069355182108], [-121.784483765526, 45.0689518859219], [-121.784197567666, 45.0682961954619], [-121.783848242496, 45.0679593975296], [-121.783276834026, 45.067575217151], [-121.781941844987, 45.0670343396132], [-121.781242597268, 45.0664282368616], [-121.781083235238, 45.0662689985079], [-121.780861355855, 45.0658390338932], [-121.780129440002, 45.0651650593921], [-121.779749669131, 45.064395831116], [-121.779240705251, 45.0645119040574], [-121.777713723778, 45.0651616712583], [-121.77676065977, 45.0652549641478], [-121.776505798741, 45.0657023216077], [-121.775964545816, 45.0660655858852], [-121.775452419866, 45.0662777288105], [-121.775202007294, 45.0663814587894], [-121.774597698026, 45.066536994082], [-121.773994543093, 45.0664899959386], [-121.774502622133, 45.0657483052379], [-121.774853772679, 45.064622343779], [-121.774758719244, 45.0637211334034], [-121.774728552919, 45.0635756828009], [-121.774599669828, 45.0629542612904], [-121.774473549057, 45.0611300189944], [-121.774666896151, 45.0574323146894], [-121.774794897096, 45.0560113893351], [-121.774922633936, 45.0553826290646], [-121.774891676194, 45.0546396386561], [-121.774954310329, 45.0538256406197], [-121.774891879214, 45.0533298631725], [-121.775019607969, 45.0527011032455], [-121.77521084492, 45.0524060947986], [-121.775559893408, 45.0521172851338], [-121.775988651209, 45.051454841372], [-121.776260008001, 45.0510355757827], [-121.776578141868, 45.0501117970058], [-121.776801528624, 45.0491644923508], [-121.777533303441, 45.0481956395515], [-121.777724677834, 45.0478556196464], [-121.778265565145, 45.0469792346808], [-121.778583627146, 45.0461679710375], [-121.778679148604, 45.0445891572934], [-121.778838034526, 45.0437986912376], [-121.779156603177, 45.0430369420346], [-121.779157399983, 45.0425148394491], [-121.779061468894, 45.0419511903134], [-121.778173953156, 45.0397677067309], [-121.777665025208, 45.0385514857393], [-121.777602551872, 45.0382807576639], [-121.777285969396, 45.037534699333], [-121.776872866536, 45.0365895630817], [-121.77674634332, 45.0360480877197], [-121.776363994284, 45.0353733354783], [-121.776269169919, 45.035057249378], [-121.775926092532, 45.0346374255739], [-121.775697718329, 45.0343579596757], [-121.774935320842, 45.0336836185561], [-121.773252335242, 45.0323512210418], [-121.773094048496, 45.0321469716516], [-121.772331396786, 45.0314501051848], [-121.772173598723, 45.0312233563694], [-121.771029237578, 45.0300497631777], [-121.770554016216, 45.0294189976284], [-121.769568952422, 45.0284046431106], [-121.769029856352, 45.0276831643459], [-121.768998645285, 45.0275477969808], [-121.768648925755, 45.0269858949658], [-121.768332383704, 45.025654684382], [-121.768173928973, 45.0245727349658], [-121.767984173344, 45.0238775318889], [-121.767794872262, 45.0220525847559], [-121.767683155977, 45.0201837384712], [-121.767638448622, 45.0194358218218], [-121.767352830175, 45.0178123762246], [-121.76729019604, 45.0167764705183], [-121.767139272785, 45.015642586849], [-121.767068214249, 45.0151087026792], [-121.766370649075, 45.0139804023671], [-121.766211856577, 45.0138031438124], [-121.765938135418, 45.0135693756935], [-121.762753015746, 45.0108489807301], [-121.761736021335, 45.0099017214404], [-121.76145109549, 45.0095430434047], [-121.761260626598, 45.0091808929199], [-121.761166297205, 45.0083696884835], [-121.761262566061, 45.0067008660262], [-121.761233579223, 45.0042205005581], [-121.761393203561, 45.0028494320126], [-121.761678610903, 45.0019703391546], [-121.761997917071, 45.0015417148028], [-121.762697248333, 45.0010677078046], [-121.763300274807, 45.0004621217688], [-121.763903656116, 44.9999870660082], [-121.764031126156, 44.999848917653], [-121.763936805746, 44.9995148202901], [-121.763874168018, 44.9981863465874], [-121.763937671722, 44.9977774444851], [-121.763874876789, 44.9968990684877], [-121.763526881126, 44.9952344222023], [-121.763623592851, 44.9937231363713], [-121.763814410289, 44.9932931117902], [-121.76391048421, 44.9928440540486], [-121.764419011509, 44.9919448702446], [-121.76457806901, 44.9916270253594], [-121.765404121118, 44.9905242358678], [-121.765849495056, 44.9901644809937], [-121.766357372873, 44.9899584369028], [-121.766833582382, 44.9898240642042], [-121.767500715329, 44.9895117132505], [-121.768643965258, 44.9891054868669], [-121.769786832506, 44.9889017890468], [-121.770613303228, 44.9888116912267], [-121.773343260021, 44.9889491527189], [-121.775185600464, 44.98899598776], [-121.776995595268, 44.9891099608296], [-121.777598669353, 44.9891974533501], [-121.778582992037, 44.9895140823628], [-121.780391383349, 44.9903031368054], [-121.780899890886, 44.9904391093641], [-121.781947514255, 44.9905763477717], [-121.782805063991, 44.990554009022], [-121.783567175814, 44.9903956153339], [-121.78547258877, 44.9896732859779], [-121.786743341079, 44.9893807619872], [-121.787441608736, 44.9893161826845], [-121.789538193964, 44.9893384876093], [-121.789839394587, 44.9893054609681], [-121.789949834366, 44.9892933504326], [-121.790363365723, 44.9891582125141], [-121.791125439816, 44.9889997666838], [-121.791887524689, 44.9889538420698], [-121.792681195225, 44.9891783084761], [-121.793443867597, 44.9894069404468], [-121.793982422881, 44.9893586330633], [-121.795602622531, 44.9887321346569], [-121.795634573809, 44.9886829626555], [-121.797189714771, 44.9879432288575], [-121.799636251294, 44.9868842991588], [-121.80030229728, 44.9864997305471], [-121.801001804612, 44.9861830251594], [-121.801350906999, 44.9859796536946], [-121.801668029363, 44.9857129301138], [-121.802017023054, 44.9851719799669], [-121.802207305994, 44.9850569551535], [-121.802810679218, 44.9849012637615], [-121.80274726804, 44.9844054864101], [-121.802779616373, 44.983955724286], [-121.802843043721, 44.9837268399271], [-121.804303906494, 44.9816762226447], [-121.805256374918, 44.9806644886], [-121.805891728166, 44.9803020691503], [-121.806368015827, 44.979582398965], [-121.806685640349, 44.979288661269], [-121.807256914971, 44.979110103924], [-121.807859699798, 44.9790173936811], [-121.809383815645, 44.9789523204055], [-121.810177213992, 44.9787265602315], [-121.810780640216, 44.9785258165593], [-121.811701142091, 44.9780943257251], [-121.812113127447, 44.9775690870843], [-121.81217739382, 44.9774871554695], [-121.812272493968, 44.9774881474138], [-121.812018666001, 44.9757301023099], [-121.81192340236, 44.9753915322879], [-121.811796523411, 44.9742424482905], [-121.811638015679, 44.9714006500823], [-121.811447962708, 44.9705479742942], [-121.810590961842, 44.9681804894974], [-121.810495635319, 44.9679994532014], [-121.810209992618, 44.9677084043449], [-121.810082783089, 44.9674595187125], [-121.809924001371, 44.9667827048493], [-121.809797416171, 44.9658136620532], [-121.809956271551, 44.9650681511914], [-121.810336939839, 44.9645950202907], [-121.811352835611, 44.9638314506559], [-121.814240654246, 44.9619846279421], [-121.814811765375, 44.9616890031818], [-121.81890605198, 44.9595035296851], [-121.819318971583, 44.9593457742214], [-121.81992156956, 44.9592124885755], [-121.820810131836, 44.9591226695559], [-121.824746044557, 44.9592803836797], [-121.827157980671, 44.95936826434], [-121.828681560224, 44.959302927219], [-121.829697390419, 44.9593448773117], [-121.830871674446, 44.9595054735139], [-121.831474405374, 44.9596376886767], [-121.832807318406, 44.9600654536425], [-121.833188253494, 44.9601548770855], [-121.834394493291, 44.9602257433536], [-121.834743740307, 44.9603148372828], [-121.835264808986, 44.9603592917094], [-121.835283251399, 44.9603608649286], [-121.835569033339, 44.9601792452213], [-121.835599909333, 44.9592793551881], [-121.835695221483, 44.9589157453897], [-121.835917466481, 44.9578782789053], [-121.836011816536, 44.9570915612098], [-121.83585268178, 44.9559871818361], [-121.835789145736, 44.9552888718244], [-121.835947604061, 44.9548583911157], [-121.836518937073, 44.9540720484095], [-121.837280446126, 44.9535982146288], [-121.838073273145, 44.9534172626373], [-121.837565193206, 44.9530339914909], [-121.837025792607, 44.9523578288068], [-121.836930639459, 44.9520867942992], [-121.836835384802, 44.9519777966583], [-121.836834952712, 44.9514106605073], [-121.8370251036, 44.9509399943031], [-121.837247124019, 44.9507352129898], [-121.837437353958, 44.9506921453097], [-121.838358120836, 44.9506475282702], [-121.838897082159, 44.9504414763126], [-121.839055516229, 44.9502855567923], [-121.839119231037, 44.9501511744001], [-121.838896786613, 44.9493162143657], [-121.838832875074, 44.9487529320352], [-121.839054694271, 44.9473778745886], [-121.839022350429, 44.9468599237821], [-121.838990471914, 44.9460044010488], [-121.83886342498, 44.9453504540593], [-121.83892680292, 44.9450360277848], [-121.838926469645, 44.9448559815399], [-121.839275202825, 44.9441798801948], [-121.839338226829, 44.9434108422239], [-121.839623936005, 44.9431887031142], [-121.839941181437, 44.9432099387059], [-121.840829580219, 44.9433900244483], [-121.841623163619, 44.9433215821663], [-121.842098363421, 44.9432093874378], [-121.842701400675, 44.9431615059293], [-121.843558459931, 44.9432062197121], [-121.845335287139, 44.9435663302513], [-121.846096768344, 44.9436370624989], [-121.846382897033, 44.9435904504636], [-121.84673181347, 44.9434544507376], [-121.847461110733, 44.9432727908738], [-121.848095500987, 44.9431621830932], [-121.848793812661, 44.9431827472536], [-121.849459882003, 44.9430724521306], [-121.850062544659, 44.9428444848909], [-121.850348446075, 44.9426898342172], [-121.85101395936, 44.9421699284871], [-121.851362620674, 44.9419663971183], [-121.851997437628, 44.9418332663124], [-121.852599943079, 44.9414927584315], [-121.853265838148, 44.9407928013128], [-121.853520037119, 44.9406378240018], [-121.853709968817, 44.9405677188354], [-121.855582150396, 44.9404335127181], [-121.856755728348, 44.9404543035878], [-121.857263740014, 44.9405224180029], [-121.857581225297, 44.9406111228532], [-121.858659920493, 44.9410630415531], [-121.859898316384, 44.9416920916842], [-121.86043738281, 44.9418730272309], [-121.86132627297, 44.9420304543063], [-121.861674856131, 44.9420294382225], [-121.861828073684, 44.9420293479322], [-121.863801115408, 44.9420281697073], [-121.864181447726, 44.9421444889335], [-121.864365560139, 44.942230434254], [-121.864467176665, 44.9422778689045], [-121.865959321472, 44.9433819932522], [-121.866436107698, 44.9436297962402], [-121.866689723663, 44.9437853561589], [-121.868498734812, 44.9443704793791], [-121.869355730288, 44.9446625571207], [-121.869927058809, 44.9449788000555], [-121.870212895546, 44.9452291940778], [-121.870467661354, 44.9456098100759], [-121.870563043572, 44.946038355471], [-121.870278520172, 44.9474578623793], [-121.870342898835, 44.9483362056631], [-121.870407049326, 44.9485393889322], [-121.870565894825, 44.9489235534711], [-121.870542410168, 44.9492762933029], [-121.870534451095, 44.9493958510557], [-121.870629839602, 44.949824396795], [-121.870788871051, 44.9501185416078], [-121.871138629209, 44.9505451073028], [-121.871615138755, 44.9509729292445], [-121.873075867679, 44.9521216561322], [-121.873362106861, 44.9528401559766], [-121.873584711185, 44.9536525450602], [-121.873838830206, 44.9539476263695], [-121.874188634177, 44.9541716367044], [-121.874760078581, 44.9542853096508], [-121.876217118124, 44.9543312060912], [-121.876788470899, 44.9543278419088], [-121.877200774258, 44.9543949220909], [-121.878850028119, 44.9550278158078], [-121.879167458605, 44.9552064811893], [-121.879440020038, 44.9555737468667], [-121.880295200019, 44.9572745523138], [-121.880814985904, 44.9578467921735], [-121.881259827141, 44.9581167251974], [-121.881512918489, 44.9581822264002], [-121.881671724462, 44.9582062915245], [-121.882242838285, 44.9580948728002], [-121.883100087984, 44.9577341986627], [-121.883703605836, 44.9572179972568], [-121.884307513558, 44.9569673561271], [-121.886084496174, 44.9569037357932], [-121.886623908451, 44.9568324929117], [-121.886909270877, 44.956745261851], [-121.887259199715, 44.9564741190196], [-121.886434338773, 44.9562274998295], [-121.886117746416, 44.9559736663745], [-121.885672790194, 44.9556169100524], [-121.885482691409, 44.9553674913721], [-121.885356160108, 44.9547406088271], [-121.885547871369, 44.9538827871988], [-121.885960721803, 44.9531846645465], [-121.886227452272, 44.9529047096125], [-121.886564051009, 44.9525514180152], [-121.886850089866, 44.9520590990984], [-121.886945780207, 44.9517404602878], [-121.887010142701, 44.9507058495618], [-121.886978390849, 44.9500528868834], [-121.887329691413, 44.9476167542482], [-121.887394167993, 44.9467396798106], [-121.887712377318, 44.9455230038433], [-121.887649730606, 44.9441720780057], [-121.88819062151, 44.9424579588423], [-121.88831813467, 44.941761540552], [-121.888287349405, 44.9408115185108], [-121.888128929708, 44.9400717992147], [-121.888066034164, 44.9391439674709], [-121.887873859372, 44.9381722481623], [-121.887636966445, 44.9372832029645], [-121.887574108629, 44.9367274442398], [-121.887624508608, 44.9360122141548], [-121.887912314452, 44.9335175558709], [-121.888143885759, 44.9315712126252], [-121.889205364744, 44.9229644963949], [-121.889669568268, 44.916928867669], [-121.88963464716, 44.9159902936452], [-121.889445088262, 44.9152518615256], [-121.8889734395, 44.9143034607924], [-121.88876753845, 44.913767376249], [-121.88868535967, 44.9133922110445], [-121.888651637813, 44.9131148529309], [-121.888600537148, 44.912182476601], [-121.888628211547, 44.9104821743968], [-121.88876673356, 44.909794844599], [-121.889500701165, 44.9075235651076], [-121.889798422613, 44.9066867769683], [-121.890058940333, 44.9059545413262], [-121.890090318486, 44.9058873307411], [-121.891074893597, 44.9039254502115], [-121.891138010127, 44.9035659780667], [-121.891107149404, 44.9033181167348], [-121.890980159064, 44.9030468163737], [-121.890813575478, 44.902713342333], [-121.889679080529, 44.9010166891718], [-121.888916652499, 44.8998878682184], [-121.888165946586, 44.8986074309943], [-121.888094363434, 44.8984499943443], [-121.888015147298, 44.8982812553801], [-121.887827933003, 44.8977558874927], [-121.887648767612, 44.8971476705032], [-121.887478923142, 44.8965710864333], [-121.887317629734, 44.8959876226551], [-121.887054354186, 44.8952486459042], [-121.886742983735, 44.8945908786462], [-121.886200269251, 44.893444362223], [-121.885598583064, 44.8923852206497], [-121.885336589411, 44.8920290938238], [-121.885177995441, 44.8918754219388], [-121.885008083597, 44.8917514302506], [-121.884806451341, 44.8916392868849], [-121.884423384551, 44.8914803476925], [-121.884132966406, 44.8913959040873], [-121.883717534215, 44.8913463444514], [-121.883065495659, 44.8913609487464], [-121.882431843821, 44.8913509469558], [-121.882074740139, 44.8912958804358], [-121.881699901019, 44.8911452104494], [-121.881034589855, 44.8907605843002], [-121.88059137906, 44.8903106188577], [-121.880464901658, 44.8900168053943], [-121.880401455446, 44.8896560943573], [-121.880433405826, 44.8892738162275], [-121.880910366326, 44.8879416802952], [-121.881291763148, 44.8873332793117], [-121.881704238085, 44.8870402563924], [-121.882926458911, 44.8864645142198], [-121.883216595883, 44.886248740372], [-121.883521690703, 44.8859858397652], [-121.883640451577, 44.8858315101726], [-121.883797731312, 44.8855832070563], [-121.883832136787, 44.8854442720448], [-121.883847361435, 44.8853148806411], [-121.883827806009, 44.885130046094], [-121.883552190304, 44.8840514613413], [-121.883482195373, 44.8835929761335], [-121.883441425334, 44.8832554111581], [-121.883244789509, 44.8808224162947], [-121.883168362641, 44.8804019609098], [-121.883031621088, 44.8800490985052], [-121.882819894464, 44.8796514051527], [-121.882428574851, 44.8791490818106], [-121.881417514711, 44.8782040511664], [-121.880790567898, 44.8775263855029], [-121.880349939759, 44.8767644492022], [-121.880033385131, 44.8760592161576], [-121.879686029967, 44.8750520018477], [-121.879488007143, 44.8746921104823], [-121.879171274648, 44.8742534437241], [-121.878815312725, 44.8738894145484], [-121.878354446442, 44.8735049276606], [-121.877874941913, 44.8731873363176], [-121.877089196313, 44.8727490419673], [-121.876156888779, 44.8722909740767], [-121.874864814956, 44.8716686825593], [-121.873953132741, 44.8712028563598], [-121.873030808184, 44.8707298012043], [-121.872204192833, 44.8703143435528], [-121.871902412796, 44.8701299274734], [-121.871507223241, 44.8698802170886], [-121.870649046481, 44.8692598470254], [-121.869729974724, 44.8685170488049], [-121.868619943595, 44.8677093312793], [-121.868486267993, 44.8676269830798], [-121.867352623749, 44.8668955374178], [-121.867067092439, 44.8666496375466], [-121.865608158349, 44.8647581524792], [-121.864498210764, 44.8636308158997], [-121.864180650921, 44.8632045458111], [-121.863894999237, 44.8621214303954], [-121.863954454234, 44.8611092736355], [-121.864305024468, 44.8602980678304], [-121.86458954158, 44.8598687981391], [-121.864906297431, 44.8595298707697], [-121.86550813723, 44.8590542477567], [-121.866204177963, 44.8584940397678], [-121.867755300761, 44.8570060990725], [-121.868388814259, 44.8564857637607], [-121.86936959309, 44.8559238630029], [-121.869623283614, 44.8558543632341], [-121.8700027266, 44.8555835604778], [-121.872789741684, 44.8542293352746], [-121.873105891172, 44.8539578956965], [-121.873674991871, 44.8531263175352], [-121.87620004654, 44.8495728709178], [-121.876817002291, 44.8485985325828], [-121.876891161811, 44.8484814151228], [-121.877304107465, 44.8475807608298], [-121.877431291842, 44.8472219237279], [-121.877622523403, 44.8460490156061], [-121.877499367072, 44.8421273213847], [-121.877409275931, 44.836788093512], [-121.877536891498, 44.8357946015245], [-121.877791141673, 44.8353244870708], [-121.87823510346, 44.834694201885], [-121.878329950282, 44.8345330936397], [-121.878742060504, 44.8342400777123], [-121.882607291084, 44.8320590050111], [-121.884490516551, 44.8310493447109], [-121.886218456542, 44.8301228790506], [-121.886228886881, 44.8301172752475], [-121.88685199699, 44.8297824852474], [-121.887327418676, 44.8294000330057], [-121.887581128065, 44.8289523980103], [-121.887676031481, 44.8284987096056], [-121.887613500653, 44.8275978709708], [-121.887014372867, 44.8249183396309], [-121.887172546426, 44.8249153845621], [-121.887267680709, 44.8249838315112], [-121.887776344553, 44.8254899138597], [-121.888469328319, 44.8261793641402], [-121.890873919807, 44.8285929122619], [-121.891949735005, 44.8294721041462], [-121.892519634306, 44.8298107312239], [-121.893152576475, 44.8300779504991], [-121.893849249622, 44.8302377568945], [-121.894134279672, 44.8302585302918], [-121.894799253968, 44.8302154729628], [-121.895875586595, 44.8300368648174], [-121.896287165014, 44.8300138468843], [-121.896698745229, 44.8299908276678], [-121.897268719989, 44.8300368590836], [-121.898059921955, 44.8302155602434], [-121.899073133561, 44.8304864249325], [-121.899991687888, 44.8306213318459], [-121.900751163155, 44.8305566465438], [-121.901480020244, 44.8303971372759], [-121.902398421858, 44.8300819099876], [-121.902778441563, 44.8300135544616], [-121.904393159693, 44.8301281241741], [-121.905374844923, 44.829768469922], [-121.905691559451, 44.8294519325182], [-121.905628685466, 44.82918125983], [-121.904253001847, 44.8270987752973], [-121.904141443665, 44.8269298933355], [-121.903983419227, 44.8265907855063], [-121.903856841213, 44.8260944417969], [-121.903730398846, 44.8252155029453], [-121.903921619627, 44.8241775791695], [-121.904111883702, 44.8237743063658], [-121.90442839072, 44.8233002307539], [-121.90490376749, 44.8228276804419], [-121.905315232721, 44.8225570664884], [-121.905853951499, 44.8222876733605], [-121.90753211584, 44.8215430904229], [-121.908354883707, 44.8210918618578], [-121.909527083644, 44.8202613767503], [-121.909970377083, 44.8201035798121], [-121.910350325821, 44.8200351977975], [-121.91133135079, 44.8200355782041], [-121.914497389347, 44.8203718757038], [-121.915004109236, 44.8203722038583], [-121.916048899319, 44.8202606204005], [-121.916396907558, 44.8201243976421], [-121.916650354639, 44.8200142792581], [-121.917219977259, 44.8196100922588], [-121.918265023362, 44.8189763593323], [-121.919119876356, 44.8187054035979], [-121.921873877455, 44.8183714158416], [-121.923393747864, 44.8179176747464], [-121.923678739286, 44.8178528515675], [-121.925040108251, 44.8177171711318], [-121.926623081716, 44.8172684825625], [-121.927192338721, 44.8172198340509], [-121.927699030763, 44.8172201042355], [-121.927984300662, 44.8172678013664], [-121.932225804973, 44.8179648162818], [-121.932700849366, 44.8180097804006], [-121.934632360178, 44.8176047573311], [-121.935518205947, 44.8174915104582], [-121.936182934105, 44.8175382311367], [-121.936499873212, 44.8176267141445], [-121.936848307253, 44.8177650016681], [-121.937132771364, 44.8179432017843], [-121.937481416509, 44.8184145750512], [-121.937829037574, 44.8195881170846], [-121.938146082682, 44.8200591933518], [-121.93862109294, 44.8205812538023], [-121.939032787241, 44.8213232781299], [-121.939190522422, 44.8217748629776], [-121.939349317615, 44.8229016292427], [-121.939349313123, 44.8234192618207], [-121.939222149408, 44.8243183059187], [-121.938319264394, 44.8257286624554], [-121.937893021877, 44.8263944495529], [-121.937512863832, 44.8272056104624], [-121.9374499081, 44.8278351843452], [-121.937607536381, 44.8284218029018], [-121.937892511634, 44.8289195868014], [-121.939191400974, 44.8306511306112], [-121.940552676515, 44.8329953935124], [-121.941059384726, 44.8336932821542], [-121.942197730752, 44.8345252230518], [-121.942294560157, 44.8345959875931], [-121.942438778387, 44.8348030079685], [-121.944131484657, 44.8372326960129], [-121.944480004038, 44.8380236262179], [-121.9448283734, 44.8379998483507], [-121.945017766109, 44.8380646195743], [-121.945377187444, 44.838527594557], [-121.946506626675, 44.8399823847849], [-121.947203520808, 44.8408395434982], [-121.948058269597, 44.8404108319715], [-121.948343242155, 44.8400038617132], [-121.948406635366, 44.8397793896125], [-121.948406335329, 44.839621848661], [-121.948184992239, 44.8389221265858], [-121.948121641249, 44.8384489227503], [-121.948121356483, 44.8376387156903], [-121.947931267579, 44.8369167767357], [-121.94802583772, 44.8354997917762], [-121.94821597154, 44.8350019226499], [-121.948849348494, 44.8337834597525], [-121.948721826351, 44.8328820532819], [-121.948848426823, 44.8320505116738], [-121.949038541778, 44.8315526395047], [-121.949640157897, 44.8303383810538], [-121.949798070045, 44.8301327844529], [-121.950051727332, 44.8290953595061], [-121.950241475775, 44.8290520974371], [-121.950463174597, 44.8291216569414], [-121.950621279884, 44.8292536478802], [-121.951159668081, 44.8305639398417], [-121.951508016782, 44.831192806205], [-121.951951367714, 44.8315974891841], [-121.952426825333, 44.831844926277], [-121.953408681243, 44.8321600324368], [-121.955688693469, 44.8327030972853], [-121.956226654069, 44.8329060798011], [-121.958000374902, 44.8334219509274], [-121.9589182519, 44.8337364241602], [-121.9592351946, 44.8339193667511], [-121.959424913398, 44.8339661117025], [-121.959837291318, 44.8339428730106], [-121.960311644907, 44.8341227488671], [-121.960502200935, 44.8342550226653], [-121.960660629615, 44.8344590196119], [-121.960882567389, 44.8350011817823], [-121.961484323645, 44.8359249037267], [-121.961928165057, 44.8363520586382], [-121.963258036394, 44.8368457965495], [-121.963606634826, 44.8370290146495], [-121.9637335542, 44.8371832094838], [-121.963796534186, 44.8377284195557], [-121.964842041124, 44.8385166249089], [-121.965507073811, 44.8386937130318], [-121.966045583281, 44.838694102233], [-121.966520466876, 44.838626395187], [-121.966773914855, 44.838471155724], [-121.96690015061, 44.8383102599657], [-121.966963576161, 44.8377256874571], [-121.967058503832, 44.8375465038033], [-121.967279612461, 44.8373864666939], [-121.96750180356, 44.8372984605543], [-121.967944647842, 44.8372529617427], [-121.96927537168, 44.8377916482689], [-121.969877436058, 44.8381301812382], [-121.970352570283, 44.8386251020945], [-121.970542651103, 44.8389193951808], [-121.971018001822, 44.8402470268392], [-121.971303733456, 44.8406772160782], [-121.972475487828, 44.8415790203736], [-121.972824623453, 44.8417352100834], [-121.973172597556, 44.8417788594557], [-121.973299515133, 44.8417124860013], [-121.97336243044, 44.8414204792193], [-121.973203353176, 44.84013622138], [-121.973171489933, 44.8393032231986], [-121.973233855472, 44.8381514938748], [-121.97329674922, 44.837949508902], [-121.973550249301, 44.8378347655488], [-121.973771633713, 44.837791750189], [-121.973930153123, 44.8378156835702], [-121.974152048677, 44.8375656189952], [-121.974152079219, 44.8373855736128], [-121.973993602928, 44.8371365830774], [-121.973739771368, 44.8369137401077], [-121.972094493451, 44.8355306505778], [-121.971236144214, 44.834926928713], [-121.970215338251, 44.8344687987726], [-121.96977406063, 44.8340913745819], [-121.968472495208, 44.8325003268324], [-121.968226929946, 44.8319801816703], [-121.968227381798, 44.8317776341957], [-121.968321634835, 44.8314138957809], [-121.968470512627, 44.8311019804706], [-121.968828621523, 44.8307838271154], [-121.969242207677, 44.8305357260883], [-121.969686169463, 44.8304206475203], [-121.969999088609, 44.8305114768768], [-121.970587865107, 44.8307026639509], [-121.971459097084, 44.8307112849026], [-121.972001304918, 44.8308922016359], [-121.973737214763, 44.8314869537733], [-121.974227092139, 44.8315438027121], [-121.974602723573, 44.8314914731497], [-121.97509850288, 44.8313378899641], [-121.975718947687, 44.8308749489549], [-121.976760589175, 44.8300001278605], [-121.977218605104, 44.8295631649875], [-121.978009697476, 44.8286430318018], [-121.978294374488, 44.8285060509466], [-121.979054211776, 44.8285038631341], [-121.979561005327, 44.8285489165105], [-121.979908823123, 44.8286420570362], [-121.980511244132, 44.8290930646837], [-121.980955161901, 44.8297452034168], [-121.981145353213, 44.8299449567613], [-121.981290684457, 44.8300703538868], [-121.9814685419, 44.8302279668224], [-121.981714190706, 44.8304762373638], [-121.981809359125, 44.8307347969302], [-121.981825633005, 44.8309243236793], [-121.981781700896, 44.8311715712659], [-121.981775693862, 44.8313170666272], [-121.981824606231, 44.8314845902425], [-121.981928646412, 44.8316572723511], [-121.982127598993, 44.8319072377008], [-121.9824235292, 44.8321323176481], [-121.982844035975, 44.8323270082777], [-121.983211158567, 44.8324736493401], [-121.98338493676, 44.8325134649004], [-121.983642523278, 44.8324844570514], [-121.983889581541, 44.8324005288924], [-121.984399648552, 44.8321956525206], [-121.984842710227, 44.832047054327], [-121.98508433997, 44.832055060948], [-121.985267582813, 44.8321192005163], [-121.985427750632, 44.8322633416404], [-121.985590683465, 44.8324870320449], [-121.98588241315, 44.8326962157969], [-121.986127664002, 44.8328082491546], [-121.98642332741, 44.8328826584841], [-121.986968175393, 44.8329343229727], [-121.987527911155, 44.8329183704942], [-121.98781974235, 44.8328826310907], [-121.988057327878, 44.8327743679754], [-121.988571949348, 44.8324530544808], [-121.988708716951, 44.8324200369461], [-121.988881432438, 44.8324292488326], [-121.990236511399, 44.8327151491254], [-121.990480470474, 44.832826225589], [-121.99067289949, 44.8329783351254], [-121.990948637366, 44.8332919953545], [-121.991234946617, 44.8334870439098], [-121.991769622976, 44.8335299287029], [-121.994399660159, 44.8334792942182], [-121.994639442966, 44.8334707514004], [-121.99484157738, 44.8334283322459], [-121.995148954819, 44.8333538350711], [-121.995362632584, 44.8332939421802], [-121.995539589017, 44.8332136470291], [-121.995907102376, 44.8330468839845], [-121.996159354698, 44.8329604039693], [-121.996316982979, 44.8329489892346], [-121.996439374843, 44.8329727341481], [-121.996588023565, 44.8330521428572], [-121.996867099581, 44.8332112803838], [-121.997045365757, 44.8332685773795], [-121.997234576109, 44.8332911442552], [-121.997448836881, 44.8333348541737], [-121.99756605894, 44.833384593731], [-121.997576915979, 44.8333933244912], [-121.997697392635, 44.8334902106761], [-121.997721414484, 44.8335147797066], [-121.997914722052, 44.8337124986405], [-121.99805555543, 44.8338249625757], [-121.998148333433, 44.8338708157422], [-121.998271330762, 44.8339118184234], [-121.998468784054, 44.8339276419442], [-121.999928328999, 44.8338172498782], [-122.000081636383, 44.8338217926425], [-122.000239104764, 44.8338480191205], [-122.000472586788, 44.8339067450089], [-122.00120227931, 44.8341781924427], [-122.001607283858, 44.8343024814653], [-122.002192855167, 44.8344828906735], [-122.00242268554, 44.8345515186467], [-122.002616441367, 44.8345642447217], [-122.002886324024, 44.8345119223611], [-122.003068853605, 44.834474954464], [-122.003699465545, 44.8343189177104], [-122.003967359332, 44.8342817006071], [-122.00425983911, 44.8343024247688], [-122.004607291293, 44.8343308112269], [-122.004930902187, 44.8343725697454], [-122.005273642706, 44.8344398944709], [-122.005500939829, 44.8344566268992], [-122.005748203806, 44.834453071593], [-122.005946993792, 44.8344020569707], [-122.006085037003, 44.8343521188984], [-122.006174182218, 44.8342944120897], [-122.006256191217, 44.8342066101769], [-122.006294922979, 44.8340979883464], [-122.006241475915, 44.8339607783792], [-122.0058553297, 44.8335229288223], [-122.005788977438, 44.8333643610415], [-122.005781690305, 44.8332277602596], [-122.005828665906, 44.83317112512], [-122.005907299036, 44.8330763228351], [-122.006067828875, 44.8329446852968], [-122.006284317469, 44.8328103055703], [-122.006360335603, 44.8327461056137], [-122.006437906026, 44.8326318500783], [-122.006473604177, 44.8324369336852], [-122.006516739481, 44.832280741067], [-122.006524489247, 44.8321553990785], [-122.006568990888, 44.8320380398694], [-122.006654491638, 44.8318767802217], [-122.006715790876, 44.8318117058067], [-122.00672480547, 44.8318021364271], [-122.006866792286, 44.8316916823164]]]}, "properties": {"zone_name": "81", "level": 3, "fire_name": "Austin", "county": "Clackamas", "addresses": 13, "unmatched_addresses": 12, "unmatched_fraction_pct": 90.3, "geometry_source": "cached", "geometry_cache_age_days": 0, "overlapping_zips": [{"zip": "97023", "fraction_pct": 9.6}, {"zip": "97358", "fraction_pct": 0.0}]}}, {"type": "Feature", "geometry": {"type": "Polygon", "coordinates": [[[-121.579267653886, 45.4624953569377], [-121.581504749198, 45.4598502243048], [-121.581788634604, 45.4592528618888], [-121.581873800226, 45.4570027399744], [-121.582498348121, 45.4548321833126], [-121.582044124558, 45.4523487773195], [-121.582725449534, 45.4502377876656], [-121.582469952668, 45.4486246196728], [-121.581649466156, 45.4465402015887], [-121.576170477811, 45.4415608130894], [-121.576138657241, 45.4372860526701], [-121.573962049635, 45.4284897645563], [-121.574381837044, 45.4252764269452], [-121.573189518337, 45.4240012649418], [-121.569555785134, 45.4217298112756], [-121.570180333029, 45.4185217254243], [-121.576911459088, 45.4134286526258], [-121.585013742717, 45.4123554932002], [-121.597472914714, 45.407901663666], [-121.606186691448, 45.4070967172432], [-121.616658510856, 45.4035548167112], [-121.620945867756, 45.4038161119679], [-121.624826216684, 45.4020171528086], [-121.647231016379, 45.3956832868451], [-121.659046450658, 45.38625594899], [-121.695671530513, 45.3731909422353], [-121.696952287014, 45.3732856488601], [-121.696851174659, 45.3736881502458], [-121.698131931161, 45.3738065324616], [-121.698233043516, 45.3742800588445], [-121.698637492938, 45.3746352010299], [-121.69880601353, 45.3752507755345], [-121.69924416707, 45.3757716410354], [-121.699648616492, 45.3760320719867], [-121.699951953558, 45.3762925017387], [-121.699951953558, 45.37667130651], [-121.700322698861, 45.377641982153], [-121.700390107098, 45.3785889667228], [-121.700794556519, 45.3788730590006], [-121.701165301823, 45.379275520618], [-121.701805680073, 45.3799620661776], [-121.702347081325, 45.3802079264437], [-121.702800593791, 45.3807870992765], [-121.703790075536, 45.3815979312757], [-121.704284816408, 45.3819743850371], [-121.70457341525, 45.3826114549224], [-121.705274298153, 45.38313268858], [-121.705645353807, 45.3836249603998], [-121.705892724243, 45.3834801750153], [-121.707129576424, 45.3834222607576], [-121.707706774108, 45.3835380892136], [-121.708119058168, 45.3835380892136], [-121.708574029166, 45.3836451724226], [-121.709316140475, 45.3842822234811], [-121.710181937002, 45.3846586593684], [-121.71071790628, 45.3849482237298], [-121.711295103964, 45.385237786608], [-121.711789844837, 45.3855273480035], [-121.712325814115, 45.3855273480035], [-121.712820554987, 45.3859037755996], [-121.713480209484, 45.3861933335833], [-121.713974950356, 45.3865697567447], [-121.714799518476, 45.3868593113174], [-121.715747771815, 45.3870040880471], [-121.716778481966, 45.3871199091643], [-121.717520593274, 45.3874094609184], [-121.718345161395, 45.3878148308827], [-121.719087272703, 45.3885966076045], [-121.719994297635, 45.3888571974421], [-121.720653952132, 45.389175694501], [-121.720860094162, 45.3895231437912], [-121.721560977064, 45.3901311749101], [-121.722138174749, 45.3907391994877], [-121.722715372433, 45.3911734987529], [-121.723292570117, 45.3918973234458], [-121.723333798524, 45.3924474240122], [-121.723579265896, 45.3930646058544], [-121.692114151175, 45.4515970714218], [-121.689488556812, 45.4521446561373], [-121.687430658527, 45.4530904717585], [-121.682037545781, 45.455728715711], [-121.675438078868, 45.4581179622171], [-121.673947876662, 45.4586157091643], [-121.672315750436, 45.4587650323917], [-121.669193422004, 45.4586654836174], [-121.666567827641, 45.4580681872814], [-121.663516461219, 45.4573713335585], [-121.65919404244, 45.4569429212554], [-121.658148505533, 45.4571482691583], [-121.657279591868, 45.4578470880651], [-121.656108590533, 45.4583751155527], [-121.655481268389, 45.4595191581458], [-121.654059338196, 45.4604578424241], [-121.653473837528, 45.4605751768602], [-121.652344657669, 45.4599005005185], [-121.651633692573, 45.4594898240102], [-121.648957118092, 45.4588151346817], [-121.647326080518, 45.4589618069614], [-121.646280543612, 45.4604578424241], [-121.643896719465, 45.4612498451281], [-121.640613249549, 45.4616719819587], [-121.639107676403, 45.4619066455332], [-121.637936675068, 45.4625519653262], [-121.637142067019, 45.4624639676074], [-121.636640209304, 45.4615546498056], [-121.630366987865, 45.4593546267174], [-121.628777771768, 45.4598533061412], [-121.629028700625, 45.4607919848561], [-121.627899520766, 45.4621706408867], [-121.626686697955, 45.4626692954042], [-121.626226661716, 45.4636959231702], [-121.624888374476, 45.4648398578014], [-121.622128157043, 45.4653384887098], [-121.620622583897, 45.4657784534956], [-121.618681050719, 45.466356064175], [-121.579267653886, 45.4624953569377]]]}, "properties": {"zone_name": "Cooper Spur South", "level": 1, "fire_name": "Grasshopper", "county": "Hood River", "addresses": 63, "unmatched_addresses": 0, "unmatched_fraction_pct": 0, "geometry_source": "cached", "geometry_cache_age_days": 0, "overlapping_zips": [{"zip": "97041", "fraction_pct": 100.0}]}}, {"type": "Feature", "geometry": {"type": "Polygon", "coordinates": [[[-121.579242123474, 45.462486142055], [-121.618618527551, 45.4664184331299], [-121.622006874687, 45.4654108559806], [-121.624957143103, 45.464879656403], [-121.626231161626, 45.4637199589176], [-121.626691976837, 45.4627693694163], [-121.627938888583, 45.4621419715656], [-121.628996052889, 45.46086814233], [-121.62880630545, 45.4598604659793], [-121.630351391744, 45.4594421799408], [-121.636558843697, 45.4615716038243], [-121.637128671446, 45.4624881123468], [-121.637912813239, 45.4625626856262], [-121.639069090119, 45.4619474531215], [-121.643949624282, 45.4612757585387], [-121.646275468582, 45.4604833943152], [-121.647336449517, 45.4590180169544], [-121.648957895258, 45.4588408941195], [-121.651589421951, 45.4595214156579], [-121.653478547341, 45.4605815362655], [-121.654023459434, 45.4605069603661], [-121.655472128169, 45.459556108996], [-121.656136655112, 45.4584001504402], [-121.657294835425, 45.457867878539], [-121.658118848834, 45.457178014501], [-121.659182091942, 45.4569822407368], [-121.663463078491, 45.4573728946584], [-121.669150042808, 45.4586785760801], [-121.672273319439, 45.4588090880721], [-121.673934636796, 45.4586319645809], [-121.682018408606, 45.4557794424365], [-121.689503052742, 45.4522076532639], [-121.692068161587, 45.4515923071554], [-121.689193944842, 45.4573235267616], [-121.690428910739, 45.4635959681882], [-121.690314715199, 45.4795975315237], [-121.690308893958, 45.4840398283973], [-121.689946889407, 45.4848737504996], [-121.687878291971, 45.4852725784454], [-121.687619717292, 45.4866140699049], [-121.681569069792, 45.4908921265631], [-121.680483056139, 45.4913271649707], [-121.679138467806, 45.4914721770266], [-121.677638734665, 45.4925597555442], [-121.67794902428, 45.4948073512616], [-121.676448868714, 45.4961856096958], [-121.676759158329, 45.4975993393441], [-121.675673144676, 45.4986505512023], [-121.673397687496, 45.4985780544628], [-121.673242542688, 45.4994480091758], [-121.672156529035, 45.5007529160438], [-121.671380804996, 45.5019128078708], [-121.670294791343, 45.5020215465046], [-121.668588198458, 45.5015503442415], [-121.667398754933, 45.5014053581368], [-121.665175012689, 45.5020215465046], [-121.663054700317, 45.5028189567342], [-121.660675813266, 45.5036888459217], [-121.6579866366, 45.5039063161187], [-121.656700047798, 45.504196298834], [-121.654476305555, 45.5047037234124], [-121.628567122672, 45.5046312344669], [-121.563776490238, 45.5044103545765], [-121.563259340879, 45.4940071823391], [-121.561386285324, 45.4847723577825], [-121.562679153379, 45.4782456746311], [-121.563351447545, 45.4682728852552], [-121.564954610558, 45.4669309570816], [-121.567798932032, 45.4651537597922], [-121.576643378077, 45.4638247922832], [-121.579242123474, 45.462486142055]]]}, "properties": {"zone_name": "Cooper Spur North", "level": 1, "fire_name": "Grasshopper", "county": "Hood River", "addresses": 291, "unmatched_addresses": 133, "unmatched_fraction_pct": 45.8, "geometry_source": "cached", "geometry_cache_age_days": 0, "overlapping_zips": [{"zip": "97041", "fraction_pct": 54.2}]}}, {"type": "Feature", "geometry": {"type": "Polygon", "coordinates": [[[-121.482103841454, 45.504320409974], [-121.481622098401, 45.4688661256841], [-121.490312594241, 45.4706436940868], [-121.497916778101, 45.4700088546641], [-121.508236741911, 45.4703897591758], [-121.521272485671, 45.4700088546641], [-121.538221417167, 45.4701189017076], [-121.548563598079, 45.469783246951], [-121.555614102602, 45.4690528172258], [-121.563394236658, 45.4682118159248], [-121.562857651038, 45.4787475142072], [-121.561426756051, 45.4852686261038], [-121.563156278871, 45.4927616565486], [-121.563753534537, 45.5051112396184], [-121.531203100727, 45.5042740653415], [-121.482103841454, 45.504320409974]]]}, "properties": {"zone_name": "Gibson Prairie", "level": 1, "fire_name": "Grasshopper", "county": "Hood River", "addresses": 7, "unmatched_addresses": 3, "unmatched_fraction_pct": 44.6, "geometry_source": "cached", "geometry_cache_age_days": 0, "overlapping_zips": [{"zip": "97041", "fraction_pct": 55.4}]}}, {"type": "Feature", "geometry": {"type": "Polygon", "coordinates": [[[-121.695631424191, 45.3731882833905], [-121.665440759653, 45.332977760854], [-121.662271237927, 45.319109981336], [-121.657651242425, 45.3065654457352], [-121.652902913714, 45.3043089396815], [-121.648539584629, 45.298441603577], [-121.64366292271, 45.2944695237395], [-121.643534589501, 45.2904068815706], [-121.640069715125, 45.2858021720227], [-121.628776392786, 45.2864342090032], [-121.622873065199, 45.2855312968751], [-121.617611403656, 45.2839060188289], [-121.610938076819, 45.2683732358445], [-121.610553077194, 45.2581662444594], [-121.696407839644, 45.2578952177535], [-121.69589450681, 45.2635860947872], [-121.692429510183, 45.2684635353871], [-121.691787844141, 45.2730696222637], [-121.690889511683, 45.2753273714568], [-121.689092846765, 45.2760498322282], [-121.688966873242, 45.276763187815], [-121.688118645227, 45.277925528111], [-121.687493635112, 45.278176841801], [-121.687225773634, 45.2789307761933], [-121.687538278691, 45.2793391531396], [-121.686823981416, 45.2801873112518], [-121.685484674026, 45.2811296942844], [-121.68490430749, 45.2823861806458], [-121.684993594649, 45.2832342932089], [-121.685082881809, 45.2838311055607], [-121.684770376751, 45.2841452148028], [-121.684952617319, 45.2853857129418], [-121.684149032884, 45.2866421050445], [-121.684015102146, 45.2870818357065], [-121.682809725494, 45.2875215629596], [-121.682006141059, 45.2880241042178], [-121.681202556625, 45.2891233976975], [-121.680532902929, 45.2898771866279], [-121.679907892814, 45.2900656322949], [-121.680265041451, 45.2915731750935], [-121.679863249234, 45.2921070868924], [-121.680086467133, 45.2931748954115], [-121.680309685031, 45.2937401976643], [-121.680800764408, 45.2939914413016], [-121.680845407987, 45.2944311149882], [-121.680890051567, 45.2948079754349], [-121.680041823553, 45.2954988797494], [-121.679952536394, 45.2958443287505], [-121.679327526278, 45.2959385417487], [-121.679327552724, 45.2965938660534], [-121.679193621985, 45.2972533450394], [-121.679372196304, 45.2976929934358], [-121.680041849999, 45.2980698322054], [-121.68133651381, 45.2994515529342], [-121.682274028984, 45.2999853905619], [-121.682899039099, 45.3005192231633], [-121.683657979954, 45.3008960431498], [-121.685052310684, 45.3026359252881], [-121.685364815741, 45.3030441315867], [-121.686168400176, 45.3038919352769], [-121.687909499784, 45.3047711257123], [-121.687418420407, 45.3060584871069], [-121.687596994726, 45.3066864576656], [-121.687552351146, 45.3077539916505], [-121.687954143363, 45.3081307635509], [-121.687954143363, 45.3085703276027], [-121.688757727798, 45.3094494454802], [-121.688757727798, 45.3107367006288], [-121.689021390495, 45.3112112534191], [-121.689289251973, 45.3132205520497], [-121.690048192828, 45.3145077215496], [-121.689914262089, 45.3163599385493], [-121.691769547532, 45.3194779675227], [-121.693644577879, 45.3203255254193], [-121.693689221459, 45.3213928025136], [-121.695296390328, 45.3221775522564], [-121.697037489935, 45.322554228272], [-121.698064292268, 45.3233389619282], [-121.698912520283, 45.3242492393513], [-121.699582173978, 45.3255989341256], [-121.700207184094, 45.3266661118791], [-121.700966124948, 45.3272310801978], [-121.700966124948, 45.3278588161655], [-121.70139502607, 45.3283582763594], [-121.702287897664, 45.3287662974099], [-121.703314699997, 45.3312771314867], [-121.703314699997, 45.3317792849454], [-121.702377184824, 45.332438354603], [-121.702153966925, 45.3336623207628], [-121.702689689881, 45.3342586023857], [-121.70295755136, 45.3347921122006], [-121.702645046302, 45.3353256169893], [-121.702778977041, 45.335827734552], [-121.703314699997, 45.3363612295841], [-121.703225412838, 45.3373968232397], [-121.703627205055, 45.3388717269619], [-121.70438614591, 45.3389344879703], [-121.704564720229, 45.3396876146446], [-121.704832581707, 45.3401269339117], [-121.704564720229, 45.3409741828721], [-121.704409926049, 45.3419120168562], [-121.704365282469, 45.3433240468927], [-121.704320638889, 45.3444850229847], [-121.703695628774, 45.3452066988253], [-121.703249192977, 45.3459597420676], [-121.703293836556, 45.3467755276096], [-121.703338480136, 45.3475913013946], [-121.703517054455, 45.3485639393885], [-121.703606341614, 45.3490659395559], [-121.702624182861, 45.349818931459], [-121.702222390644, 45.3513562588238], [-121.701909885586, 45.3526425618785], [-121.701954529166, 45.3532700161743], [-121.701552736949, 45.3541798125472], [-121.701379021905, 45.3549826450058], [-121.701602239804, 45.3555473308353], [-121.701379021905, 45.3560492690643], [-121.701289734746, 45.357617797334], [-121.701468309065, 45.3591862821259], [-121.701512952644, 45.3601900895753], [-121.701914744862, 45.3614134558259], [-121.701870101282, 45.36213491583], [-121.70218260634, 45.3624485912235], [-121.70213796276, 45.3632641391066], [-121.700932586108, 45.3644560725571], [-121.700977229688, 45.3654284207198], [-121.70075401179, 45.3659302712969], [-121.70075401179, 45.3665575782575], [-121.700530797041, 45.3672649703273], [-121.699682569027, 45.3678922624863], [-121.699146846071, 45.3685195476893], [-121.699459351129, 45.3689272793407], [-121.699727212607, 45.3693977352864], [-121.700218291983, 45.3698054606073], [-121.700129004824, 45.3701504566601], [-121.700039717665, 45.3704954506091], [-121.699548638288, 45.3704327245931], [-121.697450390043, 45.3720322162693], [-121.697450390043, 45.3725026463891], [-121.697361102883, 45.372784902583], [-121.697271815724, 45.3731926034867], [-121.695631424191, 45.3731882833905]]]}, "properties": {"zone_name": "White River", "level": 1, "fire_name": "Grasshopper", "county": "Hood River", "addresses": 1, "unmatched_addresses": 1, "unmatched_fraction_pct": 58.0, "geometry_source": "cached", "geometry_cache_age_days": 0, "overlapping_zips": [{"zip": "97041", "fraction_pct": 41.7}, {"zip": "97028", "fraction_pct": 0.3}]}}, {"type": "Feature", "geometry": {"type": "Polygon", "coordinates": [[[-121.570790155831, 45.2582394252857], [-121.610754498938, 45.2571624790621], [-121.611173076046, 45.2629935171116], [-121.611173076046, 45.2684554965836], [-121.613801625754, 45.2769117182612], [-121.617181189663, 45.2839576071739], [-121.622938965213, 45.2857189426863], [-121.628321233662, 45.2864234615792], [-121.633766872969, 45.2860202839519], [-121.640291852485, 45.2857959514005], [-121.643421078328, 45.2901109864281], [-121.643671416395, 45.2944256932016], [-121.649324431663, 45.299350592184], [-121.653390375997, 45.3044745209717], [-121.657286905984, 45.30709588686], [-121.662174498887, 45.3197815366045], [-121.665070286782, 45.3324496291922], [-121.677615349685, 45.3470868328109], [-121.695423275897, 45.3732294455049], [-121.67697935232, 45.379707370367], [-121.658853427425, 45.3861845531407], [-121.647120050036, 45.395712477569], [-121.624789660746, 45.401970719515], [-121.620868627455, 45.4038060693467], [-121.616424789726, 45.4035766538786], [-121.611318331202, 45.4053725641374], [-121.606220987923, 45.4069784017996], [-121.596756642693, 45.4079198835945], [-121.590010972812, 45.4099301796361], [-121.584997067394, 45.4122557867138], [-121.576757456112, 45.4134099261343], [-121.570150080197, 45.4185132233692], [-121.570078697722, 45.4148053318414], [-121.570863904944, 45.4126005241594], [-121.570007315247, 45.4092430380397], [-121.56915072555, 45.4062862805212], [-121.569530788064, 45.4019321867418], [-121.57081567261, 45.3984738210098], [-121.571172584984, 45.3969199935769], [-121.569245258165, 45.3930603018537], [-121.569011518471, 45.3900300009074], [-121.568083546299, 45.3837633702882], [-121.567512486501, 45.3802036147284], [-121.566727279278, 45.3760419261833], [-121.566192953, 45.3757225186955], [-121.566574205374, 45.3745051759613], [-121.566331590227, 45.3736286729665], [-121.566470227454, 45.3715590981023], [-121.567386589708, 45.3678718922413], [-121.570790155831, 45.2582394252857]]]}, "properties": {"zone_name": "Elk Mountain", "level": 2, "fire_name": "Grasshopper", "county": "Hood River", "addresses": 5, "unmatched_addresses": 1, "unmatched_fraction_pct": 23.9, "geometry_source": "cached", "geometry_cache_age_days": 0, "overlapping_zips": [{"zip": "97041", "fraction_pct": 76.1}]}}, {"type": "Feature", "geometry": {"type": "Polygon", "coordinates": [[[-121.563426027757, 45.467853803291], [-121.549256379365, 45.4697371657695], [-121.530774271944, 45.4697371657695], [-121.515460525796, 45.4693668433743], [-121.499090659224, 45.4697371657695], [-121.489585575407, 45.4701074857316], [-121.481768805539, 45.4689364348817], [-121.482200993275, 45.4540260260142], [-121.482417325299, 45.4367738083957], [-121.482215504741, 45.4236019220097], [-121.482215504741, 45.4115604124366], [-121.481811863626, 45.4050427599266], [-121.481847296106, 45.400002938882], [-121.492699530721, 45.3983921991669], [-121.499669665149, 45.3948608014207], [-121.508404390571, 45.3954184052105], [-121.515727443198, 45.4050826633638], [-121.516256820496, 45.4094186521676], [-121.518639018339, 45.4111529544958], [-121.519256625186, 45.4153646098708], [-121.526844366462, 45.4169748656865], [-121.526314989164, 45.4139401145277], [-121.531897971073, 45.410499643507], [-121.533397873418, 45.4081459073589], [-121.540795515106, 45.4071548298634], [-121.548471485931, 45.4091989053551], [-121.553235881616, 45.4073406579647], [-121.55430084568, 45.404541636702], [-121.557022841777, 45.4034971863611], [-121.558732002116, 45.4022971557481], [-121.557909073064, 45.4013860043696], [-121.553473545179, 45.4004457204128], [-121.552616449492, 45.3998439096019], [-121.552538531702, 45.3989502999059], [-121.5536934919, 45.3984430299054], [-121.555251847694, 45.3972028839413], [-121.556108943381, 45.3964368978371], [-121.554265253461, 45.3935021322889], [-121.554524979427, 45.392590183173], [-121.555511938097, 45.392590183173], [-121.560005197304, 45.3956907501273], [-121.56125695961, 45.3955420904812], [-121.561854329331, 45.3944477892785], [-121.561568630769, 45.3929704490416], [-121.561075151434, 45.3924779937138], [-121.561685780728, 45.3883950266604], [-121.5609385177, 45.3869205671593], [-121.562361875849, 45.3855210445986], [-121.562077202648, 45.383535617889], [-121.561436691481, 45.3827858330747], [-121.562112786602, 45.3811112777523], [-121.563014959637, 45.3803569740336], [-121.564260398017, 45.3770826565047], [-121.565826091981, 45.3760828271051], [-121.56604740128, 45.3757555965957], [-121.566773058905, 45.3760468765907], [-121.56705363353, 45.3778840639637], [-121.567502924971, 45.380777524303], [-121.568047227115, 45.3838404040887], [-121.568611857736, 45.3869052725305], [-121.569007662621, 45.3907134652813], [-121.569229357146, 45.3930032102116], [-121.569973396064, 45.3945352477979], [-121.571158466049, 45.3968712698819], [-121.570658158448, 45.3988568389224], [-121.569912238853, 45.400842187996], [-121.569472367104, 45.4021171343466], [-121.569175033766, 45.4064005466785], [-121.569752078663, 45.408354413082], [-121.57019165127, 45.4099413725184], [-121.570858024959, 45.4126199403679], [-121.570100238017, 45.4147074523733], [-121.570099464162, 45.4163189049144], [-121.570132124841, 45.4176501125545], [-121.570141953066, 45.4184848016516], [-121.569465258424, 45.4216696777039], [-121.573069948514, 45.4239272363913], [-121.57451182455, 45.4256398069006], [-121.574068170385, 45.4285977608654], [-121.576166934976, 45.4372917544759], [-121.576187170642, 45.4416565759942], [-121.581677390933, 45.4461700043931], [-121.582877218987, 45.4497067879588], [-121.582378108052, 45.4523911600808], [-121.582599935134, 45.4549976020543], [-121.581718616222, 45.459338946434], [-121.579112148003, 45.4625674066894], [-121.575452001142, 45.4640454352333], [-121.568228962204, 45.465118020642], [-121.565208730066, 45.4662991447765], [-121.563426027757, 45.467853803291]]]}, "properties": {"zone_name": "Mill Creek Buttes", "level": 2, "fire_name": "Grasshopper", "county": "Hood River", "addresses": 6, "unmatched_addresses": 4, "unmatched_fraction_pct": 62.9, "geometry_source": "cached", "geometry_cache_age_days": 0, "overlapping_zips": [{"zip": "97041", "fraction_pct": 37.1}]}}, {"type": "Feature", "geometry": {"type": "Polygon", "coordinates": [[[-121.255925620985, 45.2855837062149], [-121.274911762028, 45.2919690714837], [-121.300681274979, 45.2979396917481], [-121.310429363627, 45.299539657332], [-121.332135637274, 45.300591050706], [-121.340846506664, 45.3015497687707], [-121.344349737932, 45.3026722861629], [-121.355754701947, 45.3022616116466], [-121.36521342637, 45.301987826983], [-121.369456228683, 45.3003724705546], [-121.37359221884, 45.3064970232305], [-121.372366723434, 45.3112815750389], [-121.361793866248, 45.3219114846968], [-121.360818887007, 45.3257152160272], [-121.363148146182, 45.3275113146842], [-121.366040935804, 45.330020474805], [-121.36213379138, 45.3319220800086], [-121.361143368048, 45.3398586270202], [-121.342678727349, 45.3461196100321], [-121.276642039704, 45.3457061921477], [-121.26706830868, 45.3455770962064], [-121.256136805757, 45.3453751213015], [-121.25638848182, 45.344575441244], [-121.25678068547, 45.3387001965859], [-121.257006309181, 45.3332656356896], [-121.256403655379, 45.3276988844317], [-121.255234324355, 45.3232493095554], [-121.256007439013, 45.3192423435567], [-121.253577960931, 45.3147834026554], [-121.252363197936, 45.3113396630202], [-121.250465324037, 45.3083040636283], [-121.246934744301, 45.304901109924], [-121.25056006275, 45.303752969457], [-121.257146872364, 45.3035032337352], [-121.259780787224, 45.3011652735346], [-121.25877525333, 45.2999800028604], [-121.254694858973, 45.2978854201827], [-121.256202469442, 45.2970054366344], [-121.257661964683, 45.2935417789883], [-121.253679224911, 45.2907300677686], [-121.254731906401, 45.2882838844734], [-121.255925620985, 45.2855837062149]]]}, "properties": {"zone_name": "NF 27", "level": 3, "fire_name": "Grasshopper", "county": "Wasco", "addresses": 5, "unmatched_addresses": 1, "unmatched_fraction_pct": 29.5, "geometry_source": "cached", "geometry_cache_age_days": 0, "overlapping_zips": [{"zip": "97021", "fraction_pct": 69.0}, {"zip": "97063", "fraction_pct": 1.4}]}}]}