{"type": "FeatureCollection", "properties": {"description": "Areas within Oregon's state boundary not covered by any Census ZCTA (ZIP Code Tabulation Area) polygon. Typically uninhabited public land (national forest, wilderness, high desert, rangeland) with no assigned ZIP code, even though wildfire evacuation zones can still fall here.", "source_oregon_boundary": "OR_POLY (hand-digitized, shared with generate_wildfire_report.py's PDF map)", "source_zcta": "U.S. Census Bureau TIGERweb ZCTA"}, "features": [{"type": "Feature", "properties": {"name": "No ZIP code assigned"}, "geometry": {"type": "Polygon", "coordinates": [[[-124.05, 45.73], [-124.08, 45.86], [-124.1, 46.08], [-124.07, 46.25], [-123.94673363768156, 46.25], [-123.9304769999326, 46.23880500004802], [-123.87186900008004, 46.23494899973365], [-123.81513599982111, 46.24982699976452], [-123.54551878166902, 46.25], [-123.55446100038289, 46.24472400017117], [-123.56173899989784, 46.2436710000607], [-123.56543200008201, 46.23992100007439], [-123.56441000025798, 46.23844100018109], [-123.56813299968104, 46.23887199980818], [-123.57461799970086, 46.23436699990618], [-123.55729099985336, 46.228584000101755], [-123.56701100029794, 46.22933599983385], [-123.56802599955093, 46.22698200016673], [-123.56352099960505, 46.223486000239745], [-123.5649819998202, 46.22262400017289], [-123.5724150000442, 46.226015000221444], [-123.58469299997267, 46.224653000039275], [-123.59312499955614, 46.226639999913225], [-123.6018230001767, 46.224325999793294], [-123.59997899964692, 46.22318199974951], [-123.60860799977218, 46.22818999998666], [-123.61854900014967, 46.22247999998302], [-123.61635900001349, 46.21928300029939], [-123.6110339999099, 46.2176700001381], [-123.62037199986477, 46.220167999881525], [-123.62652899982152, 46.21198900015859], [-123.58622799980768, 46.20594300001701], [-123.58320099979538, 46.19932199991541], [-123.58721299982177, 46.18802199982041], [-123.59727499967481, 46.185939000229986], [-123.59553700034851, 46.1845700000133], [-123.60597499994518, 46.187862000074524], [-123.62552200006613, 46.18435600027417], [-123.62890999975343, 46.18797199979434], [-123.6550180000622, 46.18434399994445], [-123.65952700020603, 46.18566800020817], [-123.64566400021383, 46.1897340001626], [-123.66100799961437, 46.18807099978932], [-123.67594699985725, 46.190922000001436], [-123.66999599976484, 46.186336000147044], [-123.67025400040599, 46.18106299971977], [-123.69317199959751, 46.1877649997375], [-123.69333200032939, 46.17979400012684], [-123.69138099966948, 46.178152999966564], [-123.69340199975129, 46.176536999914774], [-123.68600299986251, 46.177332999973906], [-123.69190700009925, 46.173467999812644], [-123.70520600002686, 46.17906800012104], [-123.70701399967334, 46.178652999786294], [-123.70464100013734, 46.17705399999727], [-123.71632900006193, 46.17671499985296], [-123.71481099994537, 46.17512800016975], [-123.7312299997717, 46.17890399972459], [-123.73419800023277, 46.18276399978665], [-123.74163700030454, 46.18103400003211], [-123.74911499983604, 46.190820000281754], [-123.75476800000263, 46.19045799993147], [-123.75963600017167, 46.193135999980605], [-123.7637279996657, 46.20146599984939], [-123.75431799974083, 46.20191700025844], [-123.75124800007085, 46.20791200007474], [-123.75541599973283, 46.211628999800965], [-123.75000000029102, 46.20877599973933], [-123.7483790002423, 46.21128000002661], [-123.75358899981981, 46.21653599992254], [-123.76930100036466, 46.21464299970159], [-123.787840000007, 46.200666999808405], [-123.80827699970746, 46.19774400029631], [-123.82351600042435, 46.192783999841645], [-123.83708999981322, 46.1952859999245], [-123.87413600020912, 46.19260599969042], [-123.8741970003085, 46.18572899981783], [-123.88337899972943, 46.17752899975524], [-123.89846399956218, 46.181808000029214], [-123.94552400013053, 46.20815699971382], [-123.95042699956137, 46.205657000053115], [-123.97389199999739, 46.211930000254746], [-123.97915699982646, 46.20671100001253], [-123.988212999749, 46.20705500002576], [-124.00322899998477, 46.22323200005617], [-123.9981399998828, 46.22348400026246], [-123.99675900003356, 46.227024000105466], [-123.98803100017412, 46.224399000283135], [-124.00130699963718, 46.237129000219646], [-124.01135500014482, 46.236221000053064], [-124.0243019997199, 46.229255000005764], [-124.0101800001599, 46.22442200025562], [-123.98091000011965, 46.18033700029831], [-123.96395800019089, 46.15000000012929], [-123.96219099965397, 46.15003399978428], [-123.9615579999924, 46.145629999947374], [-123.96674400017876, 46.14558900017404], [-123.94834699992832, 46.10676699969904], [-123.93801999976144, 46.072996000177575], [-123.93205299977551, 46.01647299978699], [-123.94108799978162, 45.98018900012472], [-123.93659100023164, 45.978967000231485], [-123.93747599978832, 45.977304000020204], [-123.95744200020893, 45.97446600001761], [-123.9699929999489, 45.969133000229405], [-123.97506699998227, 45.96168300027782], [-123.9749980003853, 45.95612900014364], [-123.99370600008203, 45.946427000141654], [-123.99127200044667, 45.94249400003931], [-123.9925150002036, 45.93723700004824], [-123.97878100008283, 45.92926500028371], [-123.97844600034708, 45.918179000147134], [-123.97041999974617, 45.9134030002224], [-123.96539199974355, 45.89655700020791], [-123.96578599992883, 45.88837300002339], [-123.97033100005768, 45.888309000077484], [-123.97172399960247, 45.8853739999071], [-123.96824600040178, 45.878903000103904], [-123.96703999955645, 45.86926399992728], [-123.96912599993557, 45.85803999973222], [-123.96579299960155, 45.84382499974629], [-123.96793900025511, 45.81655599979149], [-123.97077499957341, 45.806760999878094], [-123.98302200043807, 45.80945699973491], [-123.98882299984436, 45.80694000018699], [-123.98373100026764, 45.801953000179246], [-123.97264400021757, 45.79777400024619], [-123.97334600037443, 45.783098000075974], [-123.98628299990378, 45.771504999798815], [-123.98674900005909, 45.763177999899405], [-123.9837649997045, 45.75907999977541], [-123.97386699988303, 45.758495000196135], [-123.97340099972767, 45.74795599974899], [-123.96706300002097, 45.74040999990341], [-123.95047299959214, 45.72902600023676], [-123.94582399970619, 45.68270999981601], [-123.94656799969586, 45.648948000233396], [-123.95466899974154, 45.60198099977269], [-123.96247600005933, 45.575048999803265], [-123.97084099969565, 45.575048999803265], [-123.97325799961256, 45.57264199987045], [-123.97270000029404, 45.565291999939774], [-123.9549480002991, 45.56308000007592], [-123.95597900034396, 45.54597100019423], [-123.9655080000945, 45.5066680001994], [-123.97190900044872, 45.498003999853445], [-123.98184200043029, 45.49359400018004], [-123.9852629997296, 45.486709000224614], [-123.97797599999377, 45.478586999705435], [-123.98073299966934, 45.468451999923886], [-124.05, 45.73]]]}}, {"type": "Feature", "properties": {"name": "No ZIP code assigned"}, "geometry": {"type": "Polygon", "coordinates": [[[-123.97990789642382, 45.45705268556234], [-123.97455700034433, 45.45220700026251], [-123.96463199986036, 45.43588399982423], [-123.96783299994993, 45.431086999789116], [-123.97714538073986, 45.368652183675096], [-123.97990789642382, 45.45705268556234]]]}}, {"type": "Feature", "properties": {"name": "No ZIP code assigned"}, "geometry": {"type": "Polygon", "coordinates": [[[-124.07195726847172, 44.67259824139583], [-124.06389200025436, 44.673087000066026], [-124.06130000043524, 44.660084999998766], [-124.06873799978379, 44.625345999991026], [-124.06570599974862, 44.61953399972045], [-124.07613365469686, 44.61412883424395], [-124.07195726847172, 44.67259824139583]]]}}, {"type": "Feature", "properties": {"name": "No ZIP code assigned"}, "geometry": {"type": "Polygon", "coordinates": [[[-124.08, 44.56], [-124.07615735531195, 44.61379702563264], [-124.07262400031178, 44.615226999724065], [-124.07144099993099, 44.61406099969717], [-124.07568700030909, 44.6125530001523], [-124.06980900001157, 44.612987000189904], [-124.07196599963753, 44.60971899973549], [-124.06808199965764, 44.602056000050524], [-124.069789999745, 44.588334000043716], [-124.06786800029572, 44.59013199989632], [-124.0702540002505, 44.56417200009328], [-124.07545999963004, 44.5409770002043], [-124.07578900041632, 44.52269500005496], [-124.08075499959635, 44.51311200001951], [-124.08232299994164, 44.50067100012857], [-124.08598000014078, 44.49564899987871], [-124.08395499986102, 44.490833000102825], [-124.08620400044677, 44.4849559997926], [-124.0842500003121, 44.484790000312245], [-124.0829759996947, 44.4800889998244], [-124.0819899998557, 44.46545099997357], [-124.085024000439, 44.414892000235646], [-124.0977249999668, 44.3454730000695], [-124.10085699956107, 44.33166400020775], [-124.10511495518084, 44.32559375164548], [-124.08, 44.56]]]}}, {"type": "Feature", "properties": {"name": "No ZIP code assigned"}, "geometry": {"type": "Polygon", "coordinates": [[[-124.32, 43.46], [-124.24, 43.67], [-124.22, 43.94], [-124.18, 44.05], [-124.1235086958796, 44.23561428496704], [-124.13323900000243, 44.094836000269375], [-124.14251300038319, 44.017061000121764], [-124.17002000008449, 43.83154600014308], [-124.21512099959699, 43.66729800004424], [-124.22490100031601, 43.61037700015795], [-124.23877099998093, 43.56149800011043], [-124.24138700008947, 43.561494000017646], [-124.24469699995899, 43.556199000266766], [-124.25572200008482, 43.52443699973345], [-124.2869179997723, 43.45604599983986], [-124.2996819999476, 43.433520000099364], [-124.30511400018126, 43.41798200031447], [-124.32771292967055, 43.382870703294365], [-124.32, 43.46]]]}}, {"type": "Feature", "properties": {"name": "No ZIP code assigned"}, "geometry": {"type": "Polygon", "coordinates": [[[-124.43, 42.56], [-124.43, 42.667059384187766], [-124.41536799984061, 42.66062500029553], [-124.41074599971886, 42.651902000326785], [-124.41002099999578, 42.64851099967795], [-124.41385899994488, 42.64570800016223], [-124.4120449995523, 42.64094899979137], [-124.40630900044334, 42.63727299993973], [-124.40599800009872, 42.62950499999375], [-124.4019480004375, 42.627654000210555], [-124.4022809996251, 42.62064899978763], [-124.39999799960249, 42.619189999844906], [-124.40090700034693, 42.60236599976911], [-124.40315400038455, 42.59987600029424], [-124.40108300007402, 42.59745999977504], [-124.40336899957137, 42.59432499971384], [-124.40793399979171, 42.595318999762824], [-124.40822900024281, 42.593771000130964], [-124.39927899972717, 42.59138100020923], [-124.39365400004797, 42.5824440002156], [-124.3950640002095, 42.577262000063726], [-124.3908749997328, 42.57461100003805], [-124.39502999987434, 42.55330699979576], [-124.41512860184203, 42.50795010644706], [-124.43, 42.56]]]}}, {"type": "Feature", "properties": {"name": "No ZIP code assigned"}, "geometry": {"type": "Polygon", "coordinates": [[[-124.28, 42.0], [-124.29132243900474, 42.04403170724064], [-124.29053700033661, 42.04250599983347], [-124.28048999965391, 42.04407300009202], [-124.2772939995872, 42.03986900019372], [-124.274125000183, 42.04217800008504], [-124.2663179998652, 42.042052000044784], [-124.2559199995532, 42.032808999897426], [-124.25425500002187, 42.02849799999437], [-124.23971599981205, 42.023813999859065], [-124.23187800043041, 42.01375500010023], [-124.2208599999773, 42.00882599968499], [-124.21301638416327, 42.0], [-124.28, 42.0]]]}}, {"type": "Feature", "properties": {"name": "No ZIP code assigned"}, "geometry": {"type": "Polygon", "coordinates": [[[-124.07965358751633, 42.0], [-124.07852000015261, 42.002351000307776], [-124.09507200004832, 42.01685200014604], [-124.09957799981915, 42.01680000020183], [-124.10768999973544, 42.02132000033111], [-124.10596800030268, 42.02501599987979], [-124.11060700014289, 42.0289530001059], [-124.10689499969214, 42.02474299971276], [-124.10873400019908, 42.02280600023095], [-124.1078420000714, 42.02013600007024], [-124.11126400009391, 42.01921000016684], [-124.11216899974208, 42.01626799976747], [-124.1133329998563, 42.01511700012531], [-124.1116420003857, 42.02096700011203], [-124.10973299955856, 42.02117200025284], [-124.11279899992893, 42.02171100021081], [-124.11288500014264, 42.02076299968367], [-124.11529700003668, 42.01802399982843], [-124.11592499967541, 42.01799100009188], [-124.11438700036567, 42.02273799968064], [-124.11127300031472, 42.024478000226], [-124.1152319997394, 42.0271659998018], [-124.11739299956328, 42.023807000250414], [-124.11815099979663, 42.02638000019612], [-124.12422699956252, 42.029154999797896], [-124.12657499988248, 42.036982000175946], [-124.13936400017215, 42.04739399980665], [-124.14028100041416, 42.05214300013724], [-124.14399899981439, 42.05259400023844], [-124.14102899970348, 42.056427999771444], [-124.14246499980428, 42.05789199992384], [-124.15136799956595, 42.05580399991247], [-124.15872499962195, 42.06204999971782], [-124.1627900002501, 42.06015399999854], [-124.16223799988106, 42.06447700004555], [-124.1675579999617, 42.064606999689495], [-124.16103500030707, 42.068083000125476], [-124.15890500044532, 42.0762970001345], [-124.16002099998066, 42.08868099982686], [-124.16260299975403, 42.09226300010498], [-124.16123500032361, 42.09348199995856], [-124.15753100026879, 42.094000000176344], [-124.15886199988928, 42.092114000028104], [-124.1548630002817, 42.08627299976184], [-124.14260899974433, 42.096386000197356], [-124.1402420000561, 42.093749999948265], [-124.13618999984676, 42.0972210002106], [-124.13059299975666, 42.09663199998495], [-124.12691299999129, 42.099511000296886], [-124.13014099984503, 42.10463099967884], [-124.12497399992526, 42.111012999982755], [-124.1183819997753, 42.10746900006139], [-124.11451299986405, 42.108292999808945], [-124.10522699978776, 42.09982899990824], [-124.10071000014631, 42.09974699999754], [-124.091824999928, 42.10447599967086], [-124.09016500041953, 42.1128090001138], [-124.09356200032768, 42.11625599977646], [-124.08801299991813, 42.12119499983278], [-124.08964200036282, 42.13032100019351], [-124.07598400041, 42.14216199970596], [-124.0748729999992, 42.13765200018332], [-124.07085299957689, 42.13634999986718], [-124.07412700035974, 42.133955999696425], [-124.07207000029292, 42.12883699996992], [-124.07620100014496, 42.123864999909294], [-124.07281799958221, 42.113945999974824], [-124.07009000021897, 42.1128969999908], [-124.07198900010205, 42.10955699997615], [-124.07050699997049, 42.10622399977203], [-124.0643340001202, 42.10507900032323], [-124.05895799996304, 42.11125299998068], [-124.04713199994616, 42.11136599968167], [-124.03592199987244, 42.1170099999441], [-124.02837700039379, 42.11352300016384], [-124.02416500035085, 42.10650699991069], [-124.01849999959039, 42.103204000233156], [-124.01543699959308, 42.09542899984815], [-124.01629600010878, 42.089337999909205], [-124.01342999975496, 42.08756099997274], [-124.01577700025, 42.08472099984637], [-124.02482099957867, 42.08300999992884], [-124.0287599998101, 42.070623999767946], [-124.02306599963563, 42.06919800031821], [-124.02553399960618, 42.06426699975056], [-124.02136299957115, 42.06401899978431], [-124.02197699986448, 42.0583380003102], [-124.0165589998745, 42.05445300003879], [-124.01508400031398, 42.05869099974718], [-124.01205599957846, 42.05999399989986], [-124.01252799958155, 42.06239399973099], [-124.00802000016094, 42.062452000030405], [-124.0097419995937, 42.06660899967216], [-124.0054619997787, 42.067182999932534], [-124.00418200021181, 42.064489000270086], [-123.99689100027807, 42.064570000059085], [-123.99879099998606, 42.06065999993298], [-123.9860100000923, 42.06402000014376], [-123.98329000022666, 42.062625999943805], [-123.98174100014796, 42.060074000333096], [-123.98428500028649, 42.05269499994795], [-123.98152799971264, 42.05045000008422], [-123.98330399957206, 42.04115499998688], [-123.98039299991072, 42.037955999721085], [-123.96981700022181, 42.03721800027019], [-123.96564700001166, 42.034573000115785], [-123.96795799962338, 42.03142099980884], [-123.96829999993015, 42.02229099992537], [-123.95797199993834, 42.02849100023416], [-123.95422400040091, 42.027887999692105], [-123.9461479995713, 42.03916000004604], [-123.93102000008082, 42.04029699985921], [-123.92989299977653, 42.04396399994998], [-123.92338900038843, 42.04428199978625], [-123.92373499999485, 42.04680200009187], [-123.91960999999057, 42.04751500016463], [-123.91834200011924, 42.05054000024912], [-123.91298699987848, 42.049868999901605], [-123.91267700025709, 42.05220800027834], [-123.90593799979405, 42.05078399989157], [-123.89914200032791, 42.04546799994009], [-123.88032900015092, 42.046887000277415], [-123.87396299995677, 42.044655999910646], [-123.86984100032555, 42.04790900019634], [-123.85883399974308, 42.04874000007295], [-123.85527799982627, 42.05268300016257], [-123.84240099967307, 42.031794000032704], [-123.83609700030154, 42.029190999801166], [-123.83754099989993, 42.020306000258074], [-123.84010299958183, 42.01873600004483], [-123.83859200003627, 42.01530400018262], [-123.82698299975436, 42.009578000042175], [-123.825899999831, 42.00666200009805], [-123.82915600017213, 42.00419599983467], [-123.82190703414544, 42.0], [-124.07965358751633, 42.0]]]}}, {"type": "Feature", "properties": {"name": "No ZIP code assigned"}, "geometry": {"type": "Polygon", "coordinates": [[[-123.60931539836301, 42.0], [-123.49849600040305, 42.000720000212716], [-123.4929450003437, 42.00638199970842], [-123.46445699992793, 42.011405000218296], [-123.46839799980924, 42.02383599967276], [-123.48096699999087, 42.028589000143775], [-123.48317700021856, 42.03185399998238], [-123.49889100041327, 42.0326079999938], [-123.50001100014657, 42.036164999795425], [-123.50400200025655, 42.03806099975744], [-123.49844600017434, 42.03938499984225], [-123.49690200011851, 42.045546000025894], [-123.5008019999919, 42.04106399981495], [-123.50362999981256, 42.04542899986125], [-123.522315999768, 42.05825999992432], [-123.52191499991, 42.06707499974549], [-123.51613299987194, 42.08198499995423], [-123.51789600021091, 42.09014600013684], [-123.52614399967135, 42.09669200001601], [-123.52443300010923, 42.10966899972864], [-123.52873700021367, 42.111270999710634], [-123.53122299972759, 42.115528000201735], [-123.48895599988353, 42.09965700026614], [-123.48515499974434, 42.1021450001839], [-123.48498800023806, 42.10553300003167], [-123.48226499999939, 42.10466500012436], [-123.48427500021056, 42.1074380001449], [-123.48195700002782, 42.112061999826736], [-123.4844550001356, 42.11895100007563], [-123.48114100006812, 42.12142600016635], [-123.48148900022268, 42.125937999951695], [-123.47458900010115, 42.121816000090426], [-123.47009400020103, 42.12331099988211], [-123.46794099987474, 42.128039999935496], [-123.46806399989838, 42.1229549997952], [-123.47325000008473, 42.121443999672366], [-123.47797299959052, 42.110046999764805], [-123.46814000006636, 42.09946999981594], [-123.46897600011755, 42.095728999793934], [-123.46312899978219, 42.089087999971625], [-123.46107000006556, 42.07922200019655], [-123.44617699985339, 42.069323000252275], [-123.43588099964865, 42.069706999673286], [-123.4289989999688, 42.06645200013071], [-123.42975600037727, 42.06361299992671], [-123.42711299960618, 42.06229800003889], [-123.4288519996557, 42.05870700017017], [-123.42335800039606, 42.04789700017388], [-123.42552900026573, 42.03731600006877], [-123.41718899984546, 42.03244200009544], [-123.4114059999825, 42.03403899993119], [-123.41001300043773, 42.03181100009092], [-123.40766500011776, 42.014761000109715], [-123.41423100032843, 42.01231600005359], [-123.41710900037782, 42.01951599969518], [-123.42337500011452, 42.01396899978131], [-123.43001199957197, 42.01221100020666], [-123.42212099958861, 42.00800299977935], [-123.421704999662, 42.004243000242155], [-123.41068499955907, 42.00507299972942], [-123.40838200034327, 42.00415199996145], [-123.40800599970129, 42.00010699970401], [-123.40021023755773, 42.0], [-123.60931539836301, 42.0]]]}}, {"type": "Feature", "properties": {"name": "No ZIP code assigned"}, "geometry": {"type": "Polygon", "coordinates": [[[-120.77992681570811, 42.0], [-121.11015574415501, 42.0], [-121.12186399989098, 42.01413499986143], [-121.14593900042237, 42.0238400003054], [-121.07489499955925, 42.0450810000481], [-121.0914299997365, 42.04941899971907], [-121.09770399986914, 42.05581899990723], [-121.09653300008222, 42.067652999668915], [-121.09384099980565, 42.07028599989942], [-121.09728999959235, 42.07335800031245], [-121.09087499989275, 42.07806400013981], [-121.09307199970165, 42.081011000119595], [-121.08829599959408, 42.090278999709284], [-121.07692499986189, 42.099158999710085], [-121.10279499962095, 42.112098999756505], [-121.10835599972603, 42.10969799994171], [-121.11265800018063, 42.10321400031673], [-121.12052700042273, 42.101471999822174], [-121.13713100019696, 42.114626000127906], [-121.14508999995242, 42.11806299984826], [-121.1621470003615, 42.12044399989478], [-121.16546300007879, 42.12635099974689], [-121.16943499992219, 42.1274170000013], [-121.18978999960692, 42.12577899986935], [-121.19444600006388, 42.122214999922114], [-121.19656500005497, 42.12579500003399], [-121.19403199978709, 42.12860299998485], [-121.20824399975875, 42.1294749998371], [-121.21224800028752, 42.12641699988728], [-121.21067499991938, 42.12887900011491], [-121.20299499982319, 42.13302400001296], [-121.19467200001968, 42.13511399983427], [-121.18956799984907, 42.13996400001689], [-121.17178700044012, 42.14589999966714], [-121.167096999648, 42.15660699991515], [-121.15835600026804, 42.15585500004446], [-121.15522799997342, 42.16208800029296], [-121.14377699987524, 42.16185500013626], [-121.13911200009579, 42.165859999724965], [-121.13954599956574, 42.18156999982313], [-121.13183799988047, 42.190580999818124], [-121.13239299972427, 42.199454000294566], [-121.12920199968042, 42.20253699996941], [-121.12350400020631, 42.202277999888494], [-121.1336620003188, 42.207860000045244], [-121.13611199984769, 42.22169599969128], [-121.148102999721, 42.22239400017234], [-121.1395129999538, 42.22613199990499], [-121.13880300029929, 42.229262000108086], [-121.12917499991626, 42.22432999973945], [-121.12977900016382, 42.22232400023395], [-121.13382999964999, 42.2220899999716], [-121.13091800016369, 42.21702400020474], [-121.11697499980555, 42.21254400029565], [-121.10597700034225, 42.218898000304236], [-121.09966999969936, 42.23058800024236], [-121.10144200025913, 42.2396309997005], [-121.0984760003462, 42.23886199977983], [-121.1006449996677, 42.24251699985336], [-121.09675400001512, 42.24283100008663], [-121.08632899993894, 42.24053900027142], [-121.07958799982612, 42.233823999881004], [-121.0730109997448, 42.2170370001023], [-121.06276599959368, 42.21609400028082], [-121.05655099991061, 42.225873000112266], [-121.06190399960322, 42.22454099978916], [-121.06832599987384, 42.23595599992103], [-121.06901399978702, 42.24064899994252], [-121.06522199986867, 42.24742300030425], [-121.070476999652, 42.255452999792176], [-121.0690389999014, 42.25996200026859], [-121.08365699975391, 42.26510799974782], [-121.08271500029583, 42.26871799975771], [-121.07955400038924, 42.27292899990495], [-121.07541000011838, 42.27344300016013], [-121.07355899991587, 42.27935999993041], [-121.0651549999215, 42.28111400013591], [-121.05759700002406, 42.28653399983045], [-121.05654199968974, 42.29304300003006], [-121.05257200039448, 42.296666000078574], [-121.02082500016284, 42.30956099976759], [-121.02063199981902, 42.305124999950095], [-121.00441999968191, 42.30239099984052], [-120.98161799994304, 42.28990099972906], [-120.97800900032279, 42.28345500028825], [-120.98650500037867, 42.27925100026045], [-120.98751200013406, 42.267524000304455], [-120.98363400000198, 42.265779999772015], [-120.9678870001953, 42.24332700025325], [-120.95621799963895, 42.23986500011885], [-120.94095700007908, 42.24484699994791], [-120.93841600031364, 42.23413800014048], [-120.9263140001122, 42.22953499969348], [-120.92318400016774, 42.23004500022186], [-120.92740700008133, 42.23341600013748], [-120.92723200017916, 42.23609699972301], [-120.9203150003392, 42.2404399996719], [-120.91230200015707, 42.236160000226064], [-120.9074749999959, 42.228926000327895], [-120.89782999989441, 42.223761000091365], [-120.88466300021132, 42.22913399973756], [-120.88382799998504, 42.233823999881004], [-120.8806710002764, 42.23554699968022], [-120.88067899977402, 42.19081699972578], [-120.87763500004328, 42.18889999987449], [-120.87302700016524, 42.18749099971118], [-120.86139399959389, 42.190966999688534], [-120.85228900016585, 42.20721300021945], [-120.85168499991828, 42.19891800031256], [-120.84599599976666, 42.19409400020251], [-120.83412700009208, 42.19597200021922], [-120.82916100001374, 42.19423599995754], [-120.8286930002086, 42.19627500008816], [-120.8269969998168, 42.197191000084686], [-120.82357399996938, 42.18371200023174], [-120.81928800030663, 42.1815890000435], [-120.82208599999004, 42.17339200008543], [-120.8216390001013, 42.164096999834456], [-120.81782799991636, 42.16224500015754], [-120.81908800029007, 42.15732900024527], [-120.81605100023202, 42.15276899970406], [-120.80562600015584, 42.152338000306564], [-120.8015189996949, 42.15553800010313], [-120.80042300025107, 42.15817200012391], [-120.80294700029809, 42.16040100024641], [-120.80100800023206, 42.160610999901486], [-120.79866099973702, 42.157564999736415], [-120.79973600016281, 42.150228000227095], [-120.79308999958619, 42.14653800015722], [-120.78577000023841, 42.14709400028102], [-120.78428499973381, 42.14291599996963], [-120.78640999957271, 42.140811999783], [-120.77513699974978, 42.13329800033252], [-120.78226600020017, 42.12611899999975], [-120.78014200018619, 42.111576999669296], [-120.77579500042404, 42.109891000033635], [-120.77442500044549, 42.10509800018537], [-120.78424999957373, 42.09975000005303], [-120.8065800002078, 42.10360799995497], [-120.81195800001478, 42.108663999797564], [-120.81197499973322, 42.11612799973223], [-120.82207000009652, 42.12108500004424], [-120.81826800013242, 42.12585399973163], [-120.83412999956681, 42.12508800010538], [-120.83614700034899, 42.12382499993729], [-120.83318700028383, 42.12098000003765], [-120.8362419998852, 42.107842000211186], [-120.83225099977523, 42.103488000260185], [-120.83413499958971, 42.098882000292626], [-120.84524500010431, 42.08981899972683], [-120.85431000024768, 42.086417000193514], [-120.87300000040105, 42.084524000328614], [-120.88033300016758, 42.08710900024544], [-120.88022900041052, 42.06581099977958], [-120.87371500007839, 42.06253900004673], [-120.85744000019213, 42.062982999722244], [-120.8525450002589, 42.06044500027425], [-120.84594300006323, 42.05209300013733], [-120.8577260004224, 42.04358200030803], [-120.84891399999903, 42.03516800012208], [-120.838415000303, 42.03031899980666], [-120.83264199958747, 42.02186600019229], [-120.81796400035883, 42.023030999865014], [-120.80172999958211, 42.01641500013926], [-120.79358199968078, 42.0176590002729], [-120.79008799968824, 42.0219909998591], [-120.7681339996961, 42.02039599974167], [-120.7645409999694, 42.01145000026738], [-120.77876600035985, 42.00318299974222], [-120.77992681570811, 42.0]]]}}, {"type": "Feature", "properties": {"name": "No ZIP code assigned"}, "geometry": {"type": "Polygon", "coordinates": [[[-118.83199200008661, 42.00046999979699], [-119.77848938898599, 42.0], [-119.79452200032694, 42.038886999908605], [-119.80201099972908, 42.04404499990201], [-119.82404799956187, 42.04463799995512], [-119.83494899983911, 42.0508649998199], [-119.84078199993078, 42.06828199992161], [-119.83700099988306, 42.08316599979353], [-119.8400220000476, 42.09366700028396], [-119.8397979997416, 42.1064189998263], [-119.84741400026368, 42.11362700028768], [-119.86382600041732, 42.137552000320206], [-119.85194599997378, 42.140662999904194], [-119.83736199955811, 42.152030000133465], [-119.83682699980581, 42.21107100006783], [-119.84605500015577, 42.216664999723854], [-119.84630200002799, 42.22116899969221], [-119.82863000039897, 42.22142999989817], [-119.82856699975147, 42.224573000072425], [-119.8228380003152, 42.227646000080405], [-119.81613800021024, 42.23697899971286], [-119.81676500002405, 42.24014800013616], [-119.80634699962056, 42.25142900028425], [-119.80009000010467, 42.26223200022385], [-119.79744499968383, 42.27888500011098], [-119.79322799961803, 42.28767200022624], [-119.78996499960418, 42.2891180002374], [-119.77887599990426, 42.28323900008381], [-119.77731799960473, 42.30243899982524], [-119.77410599964452, 42.299441000142345], [-119.7709239998215, 42.30122799990495], [-119.76055700036999, 42.29538700020488], [-119.74306300011789, 42.27977399995895], [-119.73771799992286, 42.278259999720866], [-119.73864799968536, 42.28124000021937], [-119.7363119999593, 42.28167499971036], [-119.74291300033006, 42.289192999808215], [-119.74015499993128, 42.29012700014012], [-119.72588900043127, 42.28435000001615], [-119.7228599998708, 42.28075000003017], [-119.71933499991613, 42.28156999971856], [-119.71270599995631, 42.27339200020832], [-119.70911900007737, 42.28262599979373], [-119.69453300001184, 42.28874999998625], [-119.68538699967763, 42.28839299978285], [-119.68470399978735, 42.29214499996666], [-119.67890400020595, 42.29557499991749], [-119.6817360002246, 42.30208499990793], [-119.67908499995593, 42.30251599997353], [-119.67896500030533, 42.308637999988214], [-119.68530800003491, 42.31406099999203], [-119.68643799981398, 42.33026600017441], [-119.69403699971932, 42.34389399994294], [-119.69154000033477, 42.347766999898205], [-119.68139800011579, 42.35074200028005], [-119.67809599974389, 42.348905000227674], [-119.67672199956736, 42.351360000306514], [-119.68433399989148, 42.35756500018103], [-119.69580099988318, 42.358918999870355], [-119.70289699982325, 42.37113199970836], [-119.72269400018946, 42.38287800032059], [-119.72764600002411, 42.396224999754494], [-119.72465800036986, 42.39760399990977], [-119.72771200014633, 42.40234099973113], [-119.7269770003775, 42.40616500009802], [-119.71814200038791, 42.41433600019753], [-119.70836099984396, 42.417195000104435], [-119.70602099991993, 42.42070100019588], [-119.7155649997391, 42.42251600014898], [-119.7181209995732, 42.43117599998312], [-119.71710499959697, 42.43531399984286], [-119.7277310004129, 42.44761000010399], [-119.73002600013109, 42.45402799980224], [-119.72816900008083, 42.46379099977572], [-119.72301800005457, 42.46379199977628], [-119.72300200016106, 42.467119000039965], [-119.71693600044088, 42.46891299993596], [-119.71508900043635, 42.47623599970051], [-119.71668700002054, 42.481044000171416], [-119.705539999696, 42.49027300012219], [-119.70642799962572, 42.4939539998092], [-119.6970910003941, 42.494719999981704], [-119.69395300005372, 42.49850300008937], [-119.68853699971359, 42.4994179997353], [-119.68605100019968, 42.505442000046195], [-119.67871000003723, 42.510335999789845], [-119.67551899999339, 42.515942999966384], [-119.66072000039088, 42.52204499985145], [-119.6651779995828, 42.54057999969514], [-119.65525499964696, 42.54824999974317], [-119.65695500023672, 42.550850999799806], [-119.69699900033258, 42.56501399972781], [-119.70326199969625, 42.57612799998723], [-119.71841900039736, 42.57440900031331], [-119.71012400018293, 42.58207900027412], [-119.71726799980358, 42.58067600032315], [-119.72602099977743, 42.57528000013332], [-119.73966899968445, 42.56077599987586], [-119.75218099996468, 42.55991300026742], [-119.76673400041823, 42.56516399969252], [-119.78796799981183, 42.56881700017288], [-119.79672099978565, 42.55393600014507], [-119.82294100024737, 42.574223000138794], [-119.8312010003017, 42.58574499998998], [-119.83183399996331, 42.5905500000759], [-119.82909900002903, 42.5968800000712], [-119.82059299992741, 42.603934000270705], [-119.82001100031947, 42.61726399977436], [-119.84671200010682, 42.597179999771114], [-119.85751899977441, 42.604040999761004], [-119.87414400036337, 42.6014620000364], [-119.87876800013494, 42.59802999967418], [-119.88329200034741, 42.575434000026014], [-119.88919200038623, 42.56058300031194], [-119.8980709998584, 42.55683700011547], [-119.89432499997082, 42.55076400032868], [-119.89359299967671, 42.53103000008224], [-119.89561399975854, 42.523154000279895], [-119.8936060000955, 42.51097299990398], [-119.89861499983155, 42.49809699985228], [-119.90293599965442, 42.47588400024397], [-119.90806499993937, 42.464648999690425], [-119.91868599983414, 42.47891800025036], [-119.93597199967377, 42.490079999894775], [-119.94685500040767, 42.493746999750314], [-119.96437399987576, 42.491540999986725], [-119.97632499956613, 42.49595600030926], [-119.97148599970942, 42.506216999756596], [-119.96090400017269, 42.51191899983979], [-119.96846899974285, 42.514062000100935], [-119.972386000233, 42.519235000167775], [-119.98393500024045, 42.52554199972789], [-119.98813300003965, 42.53142800028279], [-119.99775999969948, 42.529527999959065], [-120.01067000036298, 42.53311100012773], [-120.01609500002564, 42.52570599995218], [-120.02763300016242, 42.51874799979629], [-120.02888799961494, 42.50895499972569], [-120.01446899995405, 42.4989499998628], [-120.01210399991564, 42.49343100031667], [-120.05438699965322, 42.489667000194444], [-120.07666299986063, 42.49325499985603], [-120.07606399963593, 42.48955100028208], [-120.08167199959668, 42.48818599988741], [-120.07866899987384, 42.4786300001155], [-120.09459399995573, 42.47105099978193], [-120.09336500044249, 42.469134000145104], [-120.0970340003372, 42.46713799970065], [-120.08954599986163, 42.463652000204355], [-120.09383599972236, 42.461612999740936], [-120.09960400041501, 42.462525000165634], [-120.09257500042206, 42.44522699980844], [-120.0816869996653, 42.44563499968926], [-120.09094000012962, 42.43848699975988], [-120.05641600013095, 42.352983999704925], [-120.04705200023687, 42.35806599997534], [-120.04079999984555, 42.3587109998312], [-120.03313800019102, 42.366662999927094], [-120.01666499993803, 42.36542599982829], [-120.00334400026911, 42.35891499981226], [-119.99798599965531, 42.365386000059736], [-119.98954599967591, 42.361020000167045], [-119.98081799981647, 42.343038000151026], [-119.93956799977353, 42.310290000176906], [-119.92279499994488, 42.288198999708065], [-119.90845699957653, 42.278419000054996], [-119.90466399983328, 42.2707099997274], [-119.90608999988832, 42.266170000092174], [-119.92070100006816, 42.260766999826764], [-119.9201479998742, 42.25522000000893], [-119.9160849997942, 42.253012999927726], [-119.91419299958382, 42.24819100017423], [-119.94099999967638, 42.23823200027119], [-119.95550999957388, 42.22630000013725], [-119.95810700031417, 42.221522999833184], [-120.04596599994042, 42.22143800019842], [-120.04604899978109, 42.21557899966769], [-120.02167000037444, 42.203930999877315], [-120.0145219996575, 42.20470600029005], [-120.01128100028326, 42.19678299986612], [-120.0060880004242, 42.19536499983231], [-120.00688799959207, 42.191448000185396], [-120.00406499979427, 42.189460999749635], [-120.02110999960945, 42.18468499980057], [-120.03446899981151, 42.183794999776914], [-120.04632900016358, 42.1767560002243], [-120.04619899956894, 42.19204799989758], [-120.05690800022553, 42.19005300007141], [-120.0676129997859, 42.19301600000977], [-120.07769200025568, 42.20414100006951], [-120.0769270003496, 42.21320700010271], [-120.09412500032568, 42.22130599977171], [-120.09886100025025, 42.21835600010924], [-120.09258299991967, 42.231209000125716], [-120.09448699982559, 42.23612599988848], [-120.09156699994345, 42.24753500018879], [-120.08238499962421, 42.25844500029155], [-120.0770050001674, 42.27049099976533], [-120.07865800000317, 42.279113000072385], [-120.07715800032828, 42.28105400010254], [-120.09735499982925, 42.274573999863485], [-120.09937599991106, 42.270973999708254], [-120.11434299974304, 42.26989199984635], [-120.11833700022609, 42.26715799985513], [-120.12858999987482, 42.27273700018265], [-120.12964900040708, 42.27594999978953], [-120.14100900026861, 42.27984799974493], [-120.13855499964346, 42.283498000329736], [-120.14155200041684, 42.290201999838594], [-120.14526300014433, 42.29210800032873], [-120.15282600006466, 42.290490999897216], [-120.15437500014338, 42.28683500007947], [-120.16161099982554, 42.28269100014402], [-120.16061999996367, 42.27828600020846], [-120.16939899987676, 42.272307999853034], [-120.18400400020883, 42.26701500004309], [-120.190290000037, 42.26901800024755], [-120.19471600034016, 42.274909999835415], [-120.20857799960915, 42.283735000140275], [-120.21720599990951, 42.283034999838435], [-120.21999799974516, 42.279389000146246], [-120.22812800010315, 42.276483000259475], [-120.23188900005938, 42.27150899986904], [-120.23891399985436, 42.278341999688294], [-120.23575299994776, 42.28165699993306], [-120.23695999971969, 42.28421599985553], [-120.234312999649, 42.28976200015561], [-120.2363260002332, 42.29694699968644], [-120.2350380002704, 42.30344800025378], [-120.22639699955127, 42.30559499990648], [-120.22252900036325, 42.31260499986934], [-120.22075400032872, 42.31191600030638], [-120.22186900003915, 42.30912900028964], [-120.21435100032467, 42.31189599967424], [-120.21963600024525, 42.304771999733624], [-120.22245800021811, 42.295081000122856], [-120.21216799986115, 42.29142099988877], [-120.20880600011311, 42.29233300005393], [-120.20436999976421, 42.30022400019989], [-120.19302499997126, 42.29519899993107], [-120.19046800031225, 42.3002039998393], [-120.19417400001686, 42.306935000251855], [-120.18629300007923, 42.30867099994587], [-120.18347399958108, 42.30504000000737], [-120.18189400043855, 42.31397400002804], [-120.17539699982486, 42.31281400008732], [-120.16811699976175, 42.31564700014615], [-120.17918899974322, 42.317193999983886], [-120.19029400023497, 42.3241850001636], [-120.19631300009947, 42.329464999844], [-120.18481500014563, 42.330833999796674], [-120.19715800037147, 42.334620000070984], [-120.20183300019666, 42.33986700016964], [-120.23060399957131, 42.3573320003138], [-120.22592899974613, 42.36263000014617], [-120.21550299984503, 42.36360100014283], [-120.20499199955512, 42.379859999926644], [-120.20284599979983, 42.38779799971177], [-120.21140799997796, 42.386468999778785], [-120.2052350001277, 42.40272600032177], [-120.21083499969252, 42.414257000069405], [-120.21100000044727, 42.42147099978049], [-120.20924299995612, 42.424906999807924], [-120.2042290001972, 42.42635099991845], [-120.20752099962505, 42.43532600000142], [-120.19945300008965, 42.44760000016477], [-120.18142499991019, 42.449566000212094], [-120.16949799961098, 42.445744000106096], [-120.17286199990716, 42.43759000029939], [-120.16969000012989, 42.436079000052565], [-120.16771400025394, 42.429889000029924], [-120.16985800035941, 42.424434999798024], [-120.16332599958558, 42.422403999782155], [-120.16229000041619, 42.68916199987601], [-120.1249429997214, 42.689042999792946], [-120.10281300000217, 42.714215999887784], [-120.09428000013637, 42.717012999882975], [-120.08892499989561, 42.72193300003104], [-120.07881299981388, 42.72349099986539], [-120.06616599981444, 42.73459800020427], [-120.05390399977948, 42.754583000177135], [-120.05536599981953, 42.75883399982776], [-120.00775399978045, 42.771795999726066], [-119.99564699955617, 42.81138899988164], [-119.97156400042553, 42.829572000309604], [-119.96553899981495, 42.84316999983248], [-119.9548209998358, 42.853089999977975], [-119.96708700006873, 42.86566800028476], [-119.97176000024409, 42.87384699997794], [-119.96160700015452, 42.90562599993795], [-119.96275200000214, 42.91749900020247], [-119.9315949997744, 42.917005000111246], [-119.93261099975064, 43.17896300020466], [-119.92424399956617, 43.17898599968695], [-119.91861100038938, 43.18730800025461], [-119.9223079998732, 43.18700200010036], [-119.92578699979708, 43.20049399988752], [-119.91696699987612, 43.20552400016654], [-119.91854699991697, 43.2136260002177], [-119.91666999977521, 43.21442199968738], [-119.9137480002432, 43.207168999959265], [-119.90235400004646, 43.21105900012837], [-119.90087399956471, 43.216987000295795], [-119.89663599958253, 43.2110000002153], [-119.89652400032787, 43.222159000080495], [-119.89103299964462, 43.216328000253355], [-119.88863199962124, 43.20934399994687], [-119.89460100015533, 43.19461799971906], [-119.89214900007832, 43.1936130000262], [-119.89297099988576, 43.187611999886364], [-119.88872000038309, 43.18041300006538], [-119.84792100042691, 43.1938870002698], [-119.85876099970646, 43.21614200016957], [-119.86088499972043, 43.23357899976237], [-119.86364099957107, 43.23662800014972], [-119.86057799957378, 43.24333799996895], [-119.86747100002256, 43.247179999713886], [-119.878066999803, 43.24896100000155], [-119.8025260002882, 43.28289599981826], [-119.8072839999541, 43.28728599978292], [-119.81322400017585, 43.28505300029993], [-119.81876600001438, 43.2888989999223], [-119.80603699999917, 43.29914099993331], [-119.76713899957585, 43.298760000091235], [-119.7190200002719, 43.32028799991381], [-119.70944399976736, 43.327858999845716], [-119.70953099980599, 43.318806000246866], [-119.70424699971035, 43.313617000008094], [-119.69579500003539, 43.31359599975258], [-119.69265400022027, 43.31031600005796], [-119.67856799974697, 43.31133700010858], [-119.70568399963605, 43.2986790002804], [-119.69626100019072, 43.271781999762965], [-119.68584000031251, 43.26821700013851], [-119.65917999963469, 43.2656260000369], [-119.60772399979871, 43.297374999879345], [-119.61816399994352, 43.32330499968115], [-119.60000400041788, 43.326741999998006], [-119.59506900030168, 43.33085799976868], [-119.59681699967369, 43.3382580003256], [-119.5944309997189, 43.34464200012503], [-119.57418399998923, 43.352932000262], [-119.57666600020346, 43.36466799968431], [-119.5746679996879, 43.3719870002591], [-119.61259000031792, 43.398295000023445], [-119.60361499968796, 43.41335799973966], [-119.61363300005837, 43.424029000023076], [-119.53785499981879, 43.481122000098765], [-119.5350379998688, 43.47620200019122], [-119.5194230003066, 43.47691500017523], [-119.51638700007346, 43.46583599973783], [-119.51880499981533, 43.458506999739654], [-119.51526700034017, 43.45377399996484], [-119.45729100032429, 43.454039999762315], [-119.45736999996697, 43.48288200002205], [-119.4471750000446, 43.48277399999087], [-119.44759000014629, 43.49884899982993], [-119.44443599991237, 43.49870100009988], [-119.44434700022393, 43.50097999985475], [-119.43833800040517, 43.49756599980253], [-119.43677799955748, 43.49025300030575], [-119.42684600029915, 43.48996200007699], [-119.42678600002466, 43.482812999825256], [-119.41780500044523, 43.48253800007162], [-119.414693999869, 43.53825999994992], [-119.41495099978697, 43.612650000221656], [-119.45730800004272, 43.6129979997934], [-119.45764100012866, 43.617533999745454], [-119.46559700040936, 43.62488399983698], [-119.46770299998165, 43.633975999899846], [-119.47735399993094, 43.64213499985866], [-119.48926500033662, 43.64468600027501], [-119.49451199972405, 43.637840999860074], [-119.51178599986811, 43.63641900023342], [-119.5332799995527, 43.61529700012228], [-119.53427299996272, 43.616792999846226], [-119.53302900038086, 43.71418699967969], [-119.49763900019379, 43.71418499983953], [-119.50535299972684, 43.72421100002802], [-119.51686800029742, 43.72735699987644], [-119.51802400001571, 43.73038199968135], [-119.52437799961596, 43.73348900008735], [-119.54320099983873, 43.73489499987114], [-119.55983700029834, 43.73968100029863], [-119.56394700023401, 43.7429479999868], [-119.58630000043432, 43.74030300006909], [-119.59630899968558, 43.734387999922056], [-119.60326300023377, 43.724833000139434], [-119.60669000027913, 43.72377499975701], [-119.6072090001379, 43.72016500018701], [-119.6276120004015, 43.70834500013443], [-119.62828500024607, 43.70099700016317], [-119.63463100034872, 43.69984300010841], [-119.63692100004401, 43.70170400024207], [-119.64263299976186, 43.6975749997187], [-119.65458699982528, 43.696509000196514], [-119.66760399972057, 43.68173300004441], [-119.67125699972176, 43.67238599978628], [-119.67436099972693, 43.683062000223906], [-119.68393100038368, 43.685750000105585], [-119.69313799991893, 43.68184999999554], [-119.69548000039113, 43.67825100027069], [-119.7086010000435, 43.67967900004844], [-119.70845100025565, 43.67654799968709], [-119.70161399988334, 43.6741240000451], [-119.69835800044049, 43.66896299969486], [-119.70553300002331, 43.66737099991868], [-119.70243599969079, 43.66514799985777], [-119.71210000005887, 43.66289899999353], [-119.7204429999539, 43.656741000011024], [-119.74292699967543, 43.66282200002198], [-119.74322799997432, 43.640005999889205], [-119.75917499979754, 43.6367039998073], [-119.7592429995696, 43.634387999677216], [-119.76782800021228, 43.63602899968681], [-119.76556199990809, 43.65018600021691], [-119.7719499998435, 43.65419300021075], [-119.77079599977499, 43.655432999937005], [-119.7789210001101, 43.65488399993934], [-119.78171899979355, 43.64935399977747], [-119.79073000040854, 43.64275300003877], [-119.80006599981526, 43.64212600016566], [-119.81161999984558, 43.644964999693975], [-119.81017500042223, 43.633283000261066], [-119.79687499977142, 43.617813999947394], [-119.79988400024037, 43.61138700016676], [-119.80949500000668, 43.609696999813764], [-119.80891500004853, 43.6038130001987], [-119.81302599980914, 43.595303999837], [-119.82278200023873, 43.592485999865055], [-119.8300680001496, 43.59369899980776], [-119.83053500012981, 43.59007400001995], [-119.82067699959299, 43.58130400032163], [-119.81443900034373, 43.56615599985217], [-119.7779340004462, 43.554149000295176], [-119.75945500018001, 43.554985999916326], [-119.76058199958601, 43.55049999969465], [-119.75680399991134, 43.54626999977467], [-119.75771500030561, 43.53751700014204], [-119.77292200033709, 43.53627300002669], [-119.77022500003768, 43.529021000011866], [-119.77200400027016, 43.516353000272574], [-119.7754499996838, 43.514830000227015], [-119.77755299978138, 43.50884200024561], [-119.7808779997195, 43.50718600011893], [-119.79490800011628, 43.485653999709214], [-119.81404199978537, 43.4692530000825], [-119.82437399997514, 43.46410099985631], [-119.84551299983247, 43.436991999789164], [-119.85105899986895, 43.44953100009545], [-119.86616200014339, 43.453149000011585], [-119.87494600007935, 43.450381000311275], [-119.88536000028488, 43.45223000031981], [-119.89576000024671, 43.442323999709906], [-119.8960980003555, 43.31362100018046], [-119.89794100016208, 43.311670999978126], [-119.90659399967848, 43.31318600015731], [-119.9097350003919, 43.31800600004147], [-119.90621000043723, 43.32284100025228], [-119.91065500010866, 43.32488099982089], [-119.9173879998256, 43.32368900020171], [-119.9200190000028, 43.33480899996719], [-119.92592700043751, 43.334987000180924], [-119.93330399968669, 43.3296200001623], [-119.94209500019363, 43.329596999996305], [-119.94370500037171, 43.32447400015456], [-119.9511100001083, 43.328861999679766], [-119.96248599986336, 43.34190799980574], [-119.96492899971956, 43.33878099994204], [-119.96838400025237, 43.339093999941234], [-119.96718099978004, 43.33138299989198], [-119.97784500023083, 43.328245999739394], [-119.9770329995708, 43.3244050003197], [-119.97960400037182, 43.32195499989604], [-119.97793999976707, 43.31788900006644], [-119.98804500017611, 43.31055399990434], [-120.01504200023949, 43.314143000150615], [-120.03544399977987, 43.311468000072665], [-120.04082599978481, 43.307327000061775], [-120.04839399972799, 43.30553099978432], [-120.05130299973952, 43.31081899992481], [-120.06537300031928, 43.31674500013201], [-120.06602299969931, 43.325869000235734], [-120.07428600012668, 43.339946000098145], [-120.08531600027537, 43.33985000024562], [-120.08513399980215, 43.31412300011164], [-120.09969399992836, 43.310398000148716], [-120.09610399967637, 43.32556999984537], [-120.09795200040413, 43.339919999785536], [-120.1217459998298, 43.33734400001346], [-120.13050999967427, 43.33205900012269], [-120.13723900009158, 43.340428000207545], [-120.14673299968202, 43.34380200032028], [-120.15076099960193, 43.35111099974803], [-120.15977499969166, 43.35469599988757], [-120.16799600028624, 43.349439999975644], [-120.16500600008386, 43.33949300009527], [-120.16707999986912, 43.332999000286904], [-120.1948309999679, 43.3367310001505], [-120.2018559997629, 43.33469000028947], [-120.2426480000464, 43.33530400018726], [-120.25225499961475, 43.34324800025435], [-120.25354199975264, 43.35454599995897], [-120.27405600034432, 43.3542549998893], [-120.2720610002018, 43.35758800009292], [-120.27319099998084, 43.362422999931866], [-120.29076399987564, 43.36689300030565], [-120.29352399992423, 43.375667000272536], [-120.30304699982702, 43.37917299998104], [-120.30961700023565, 43.37983699967915], [-120.31769200034202, 43.37559599984124], [-120.32359400003064, 43.37536000020132], [-120.33300300013062, 43.3805410000386], [-120.33913499997301, 43.376726999787735], [-120.34691600035153, 43.375512000262816], [-120.36955099968581, 43.37671199970822], [-120.37681599968032, 43.37957100017559], [-120.43633699957697, 43.37752199999647], [-120.44693699955532, 43.384761000219726], [-120.4562019997152, 43.38478799977904], [-120.4561859998217, 43.3920729999988], [-120.46623699980404, 43.392060999970106], [-120.4665489999736, 43.3846980001131], [-120.4765189997651, 43.38468999999129], [-120.47619200042527, 43.39195499972204], [-120.5036370002023, 43.39424600002461], [-120.5337540001644, 43.47163800000339], [-120.51327999975565, 43.4903700002377], [-120.50927600012518, 43.52262700012358], [-120.52870600007029, 43.555607999893255], [-120.53330100042785, 43.55576600023804], [-120.53647200038019, 43.55903699976442], [-120.53332099962101, 43.562281000302285], [-120.53881099958099, 43.56850999983453], [-120.53990400044844, 43.5900719999465], [-120.55493499985454, 43.60458999981712], [-120.55828900010496, 43.6053200002514], [-120.55562299976769, 43.61573300022248], [-120.61744799960336, 43.61549599977109], [-120.57080800005788, 43.56754500022784], [-120.55261599984689, 43.51836799970123], [-120.56998899972515, 43.50176300030631], [-120.58231000020966, 43.50550700026543], [-120.58388600005254, 43.50786200018802], [-120.62906399955794, 43.51108099977622], [-120.63527099974343, 43.52601999985711], [-120.65383600022332, 43.54425399977942], [-120.66223600001976, 43.541569000319996], [-120.66385399969542, 43.538795000247205], [-120.66743499972658, 43.524883000322575], [-120.66199699964514, 43.51891099990912], [-120.66233300010413, 43.500456000202874], [-120.65368300006244, 43.49242700026459], [-120.64816999963794, 43.48176199978134], [-120.65295199959327, 43.476869000072675], [-120.65011799992482, 43.47350999968226], [-120.64898700032087, 43.46507599998499], [-120.64513799960277, 43.460749999743804], [-120.62921199969595, 43.45711999989764], [-120.62461800006162, 43.45162699989707], [-120.63543599959985, 43.4429330001309], [-120.65147000036002, 43.44921799998823], [-120.65685999986258, 43.4570089999067], [-120.65734199991142, 43.46266200019821], [-120.66382699993125, 43.45207400013806], [-120.6701599996151, 43.44693100024538], [-120.68498300040534, 43.43706999981039], [-120.69921200009546, 43.43410100000076], [-120.70253200001072, 43.42534300002752], [-120.73107499977972, 43.42138200020976], [-120.76219600002247, 43.421521000061595], [-120.77120300043951, 43.41852600031295], [-120.7767369998821, 43.42258799968902], [-120.77708000001378, 43.42698800005294], [-120.78304299980178, 43.433935999870556], [-120.79421699989048, 43.43650000009774], [-120.79334900005226, 43.428637000159554], [-120.80141400011293, 43.428492999797356], [-120.80049199984802, 43.434209000245616], [-120.79643200014104, 43.43878499968794], [-120.79957600032922, 43.44841699999263], [-120.8112120003753, 43.45746399978548], [-120.8191119996812, 43.44992300004959], [-120.8265020002475, 43.45056000026265], [-120.8377619996516, 43.44710799971922], [-120.83985800007648, 43.451001999928245], [-120.84092400028142, 43.46230399968479], [-120.84600900018545, 43.46616799989794], [-120.84964100027024, 43.47356399985306], [-120.84391299976058, 43.48470499994141], [-120.84380200033081, 43.48946699993391], [-120.85652100030026, 43.503632999977924], [-120.85631899973559, 43.51191499983476], [-120.86309099981058, 43.536349999966994], [-120.86065999964997, 43.539421999795124], [-120.86184600040382, 43.54729699975744], [-120.8793620003972, 43.549210000177155], [-120.88736800000831, 43.54430699971011], [-120.88986299974306, 43.54773100017302], [-120.89461000043657, 43.54795799973534], [-120.90137999996342, 43.553023999851824], [-120.90079099978449, 43.54958000005639], [-120.90436799961768, 43.546955999889676], [-120.90605599961356, 43.54076800015838], [-120.91431900004093, 43.54494100018252], [-120.93630599964503, 43.539120999826764], [-120.95335999968107, 43.53909899993454], [-120.95436499978663, 43.53600599984418], [-120.95908599964261, 43.53565500029346], [-120.96406900033769, 43.528802999856126], [-120.96078399968424, 43.523360999821904], [-120.95190799968675, 43.522660999706964], [-120.95416399994518, 43.516414000279205], [-120.97276700005993, 43.51423900013438], [-120.9747649996772, 43.515489999818776], [-120.97452799985074, 43.525876000159485], [-120.99356500033376, 43.51671299967617], [-120.99483900005285, 43.47789200013427], [-121.00071599962712, 43.48330699989342], [-121.00473900042246, 43.4939479999404], [-121.03174700035649, 43.49383099977133], [-121.03411800024266, 43.50033800003941], [-121.03721899987481, 43.49644999993008], [-121.0436310000997, 43.49541700022299], [-121.05588599956364, 43.49904999980258], [-121.05423199990297, 43.48610700010651], [-121.05652499997133, 43.482855999730425], [-121.05559699985865, 43.47601100018757], [-121.05848900015172, 43.460417999822084], [-121.05572999992803, 43.450122000281794], [-121.06099999978, 43.43259299997971], [-121.05374400000633, 43.41917700004382], [-121.05374300018141, 43.392517000043696], [-121.09358700026077, 43.39270000031525], [-121.093617000398, 43.39976500010061], [-121.14286999967896, 43.401422000072756], [-121.143350000078, 43.40726400000837], [-121.14751699991508, 43.39400399972155], [-121.15314599979223, 43.387945000093666], [-121.15325899977015, 43.367343000143634], [-121.17586300004064, 43.36151499976797], [-121.17406999956442, 43.36492000002688], [-121.18198300018744, 43.37201599975236], [-121.17791900028251, 43.37389500022837], [-121.17786099965788, 43.37825300032339], [-121.19305599999383, 43.37881499971664], [-121.19666799998714, 43.381682000132024], [-121.20044400001197, 43.3798099998736], [-121.21060399977426, 43.387796999720706], [-121.21167900020006, 43.39172500015972], [-121.20436999982464, 43.391126999693384], [-121.20075000033371, 43.39698599973445], [-121.20617400017144, 43.40019100000867], [-121.20933699972787, 43.41134500008673], [-121.21309400038444, 43.40686799983921], [-121.21843899968113, 43.405483000232145], [-121.21995099994993, 43.395518000121164], [-121.22835900014225, 43.39873299983894], [-121.23193699980038, 43.40493599970144], [-121.2400620001355, 43.406143000243645], [-121.21379900001605, 43.383189000067844], [-121.21213600013454, 43.37233800028678], [-121.23497300003349, 43.37409000023646], [-121.24266599965016, 43.37045599995887], [-121.25162500038662, 43.37118100012566], [-121.25862900026522, 43.36944500007692], [-121.2584379995712, 43.36619300016251], [-121.25121399958458, 43.36391599968523], [-121.25751700002954, 43.361351000317875], [-121.25018300043806, 43.35641100025957], [-121.23409799962427, 43.335019999788784], [-121.2246790003769, 43.33388399994121], [-121.19707300004308, 43.33694599977101], [-121.1942519998951, 43.33515899978169], [-121.18703899977913, 43.337867999959435], [-121.18509800006328, 43.34300999977029], [-121.18391499968246, 43.34126899989828], [-121.17227600016166, 43.341283000008225], [-121.1742710003042, 43.307643999955545], [-121.17711500001838, 43.30152200003837], [-121.15233400003049, 43.30110700012372], [-121.15208999963303, 43.288351000106466], [-121.16042599985535, 43.29360300022121], [-121.16486399985406, 43.293852000248684], [-121.17097599960499, 43.28893399996116], [-121.17140499995038, 43.28393800004403], [-121.17405000037127, 43.2834899996815], [-121.17292200024202, 43.28001499995929], [-121.18140400005421, 43.2796180001451], [-121.18111699999903, 43.28475499970488], [-121.18798299978536, 43.284389999857254], [-121.18740799985011, 43.286312000179834], [-121.19532200029802, 43.29224699992627], [-121.19909800032285, 43.289988999806305], [-121.20120700026818, 43.28141900029642], [-121.19586600027114, 43.264086000252746], [-121.20943600036037, 43.26207100005291], [-121.19833599989151, 43.2493309999671], [-121.21845100027502, 43.24584100000451], [-121.22047400000665, 43.2429120001446], [-121.21938699988533, 43.234682000056324], [-121.20129299958361, 43.231909000285086], [-121.19554999990365, 43.22686100003779], [-121.19489200012771, 43.221627999884696], [-121.19864200021327, 43.21708899971655], [-121.2062419999435, 43.21386199984124], [-121.21157500044298, 43.204153999745785], [-121.22070300033553, 43.199513000267146], [-121.22596300014173, 43.187380000183595], [-121.24320700014857, 43.172680000039584], [-121.24730799986342, 43.16556600028329], [-121.24365900006018, 43.149663000181924], [-121.22402700044874, 43.14161500003217], [-121.20396200029394, 43.139443000162416], [-121.19668399988065, 43.134925000174114], [-121.19225699975256, 43.12793600025941], [-121.23245200035952, 43.1116290000622], [-121.25118699982042, 43.11146899988169], [-121.2750959997721, 43.10740600014664], [-121.32789499982245, 43.1080009997534], [-121.34924700011514, 43.111682999864776], [-121.34932400010807, 43.09322899987295], [-121.3252000000712, 43.09177100026862], [-121.32069799960006, 43.08886100002683], [-121.3181819999489, 43.06970799968586], [-121.3091419999199, 43.072832000169115], [-121.2790090000643, 43.072759999793], [-121.26304499962433, 43.078295000015416], [-121.25984600008292, 43.07233600023697], [-121.26590799960509, 43.07264099969677], [-121.2630830001575, 43.061222999732905], [-121.2711730003325, 43.05459499995817], [-121.26431000002093, 43.05098199970826], [-121.26589000006175, 43.04248699978602], [-121.25338700000236, 43.03801900018814], [-121.24719999990839, 43.039887000281865], [-121.24574000041646, 43.03776999977289], [-121.23275600013312, 43.04376200003399], [-121.23196199991472, 43.03937699977649], [-121.23533899973141, 43.03308099970778], [-121.22523000002273, 43.0382520001257], [-121.21414399979756, 43.03535000017], [-121.21209699977648, 43.03286400005434], [-121.20181900001339, 43.030409000017535], [-121.20290000028695, 43.0242150002663], [-121.19796000014787, 43.0303690001588], [-121.19277899998438, 43.03128700000373], [-121.17230999959853, 43.01887000031], [-121.16703200024897, 43.023562999985586], [-121.1517139998894, 43.018508000041734], [-121.13231999992932, 43.01724799989462], [-121.1279870004109, 43.01406100016368], [-121.12858900011034, 43.01760399986076], [-121.12226300009917, 43.016787999841284], [-121.11370400029409, 43.012129000133854], [-121.10582800037933, 43.02374300005801], [-121.10773899995797, 43.02806200028226], [-121.08675099971337, 43.042004999874685], [-121.06379800036174, 43.044039000143215], [-121.05097999975976, 43.04157299971111], [-121.04138099968901, 43.04452400008111], [-121.0316000000434, 43.043269000243995], [-121.01820400003142, 43.03685699967316], [-121.00378000034766, 43.03782900022105], [-121.00331800039028, 43.034059999903825], [-120.99447400017985, 43.03680900015503], [-120.98768899968607, 43.03526200017688], [-120.98313199986166, 43.03101700004545], [-120.97902799977375, 43.03179700011333], [-120.96480099973346, 43.04758399990107], [-120.96625699992575, 43.06060400016068], [-120.97133500015708, 43.0649490000991], [-120.97003499960041, 43.06916599985171], [-120.97231599997323, 43.073714000208476], [-120.9664700003611, 43.07377000007402], [-120.9566079996263, 43.070989999711266], [-120.95756099985331, 43.02104499987587], [-120.95280900003526, 43.018664000194036], [-120.9335580001903, 43.01762400001161], [-120.92655400031171, 43.00344600004574], [-120.92749900014283, 43.00119400009037], [-120.92267600017964, 42.99684100003833], [-120.90216900015896, 42.999604999927556], [-120.88637700014644, 42.990489000045606], [-120.87442399990795, 42.99262800011372], [-120.85969599955226, 42.99183400023107], [-120.88868399956021, 42.965185999864914], [-120.8747240003819, 42.95380300017645], [-120.86993800022864, 42.95347899977029], [-120.86989700022076, 42.94976399976241], [-120.87721300026888, 42.95021200019256], [-120.88962799956641, 42.94237199996065], [-120.89439100015348, 42.94171200001616], [-120.91419400036747, 42.94553099983657], [-120.9168360004153, 42.94097900018796], [-120.92974799983028, 42.94083899995494], [-120.93729700040521, 42.93538499969811], [-120.91132999966347, 42.932238000064785], [-120.90018700043521, 42.90989500027659], [-120.87443899997658, 42.910564999782025], [-120.87177099998948, 42.913362999866415], [-120.8679919995916, 42.90920199989475], [-120.8688429997114, 42.87659899992688], [-120.89139699975316, 42.87462299983133], [-120.8963929999687, 42.867972000068505], [-120.90121699975684, 42.867935000165865], [-120.89744999995283, 42.85992599987175], [-120.9004540003989, 42.857480000206955], [-120.89932000042188, 42.84826699996721], [-120.89200799967341, 42.842972000184034], [-120.90035499976638, 42.83634099990702], [-120.9029759998978, 42.82538599988645], [-120.90701100038874, 42.82224499972763], [-120.87820599978059, 42.82573900030552], [-120.8781010001986, 42.83711099988551], [-120.87272800041447, 42.84000899973589], [-120.8617679996877, 42.84076800005516], [-120.85609199995487, 42.837795999899], [-120.86197299972712, 42.832604999875436], [-120.86411699983256, 42.82477699985071], [-120.8566490003468, 42.82169600020898], [-120.85348599989204, 42.81771099983128], [-120.84989300016531, 42.807084000309295], [-120.85202899987486, 42.79460799986092], [-120.85924299981572, 42.78579300028191], [-120.86800099981242, 42.781515000146186], [-120.86625099989226, 42.77809999996586], [-120.86902799965931, 42.77283100000325], [-120.86676800010122, 42.76749000027113], [-120.87089399993042, 42.76118200027719], [-120.87281299990498, 42.74900700027153], [-120.86844000020355, 42.74567099974091], [-120.86076500013026, 42.744561999836144], [-120.85902899955548, 42.7410910001251], [-120.85191500007204, 42.74685899975192], [-120.83276899980909, 42.75382300003715], [-120.82672599965514, 42.751789000234645], [-120.82729300009282, 42.744303000053016], [-120.82090699980719, 42.73681900021975], [-120.81964700033181, 42.73048600030174], [-120.82639500011736, 42.726832000073536], [-120.81931800044384, 42.71876399969522], [-120.80811900024077, 42.717690000007735], [-120.79745399996506, 42.700974999884004], [-120.79540699994399, 42.71295900023132], [-120.79289700014066, 42.70625399998154], [-120.78732799963964, 42.70120900032706], [-120.7816850004171, 42.69959599988574], [-120.76530699970037, 42.70499399984465], [-120.75764000002295, 42.70115000005305], [-120.75853600034857, 42.709363999816624], [-120.76773600021116, 42.71190700015314], [-120.77462600028693, 42.717204000153345], [-120.77364700012062, 42.720164999711045], [-120.76707500006219, 42.71648999987617], [-120.76175599980641, 42.72166799979524], [-120.752919000167, 42.71771799970954], [-120.74924000022655, 42.70970599970286], [-120.75137799958588, 42.70447999986647], [-120.73890999968661, 42.70639200024384], [-120.72612899979286, 42.69670799995296], [-120.71617200042016, 42.69920200029691], [-120.69798199985897, 42.688660999672585], [-120.68579799964182, 42.67739399967435], [-120.68026300037428, 42.682597999985404], [-120.6661960001676, 42.688684999794255], [-120.65919099956577, 42.685798999732846], [-120.64864800038714, 42.68601600028627], [-120.64377000017235, 42.67982399967901], [-120.63712799979369, 42.67771400001495], [-120.62723599981999, 42.68347599995554], [-120.61971399990755, 42.67576000009023], [-120.61512600012101, 42.67506499981527], [-120.61210099975852, 42.67771999994782], [-120.61095900028388, 42.67639300014165], [-120.61414000028199, 42.67329999986257], [-120.598103999872, 42.67620999967196], [-120.58668200008617, 42.67518700001451], [-120.59228900022202, 42.669130999933735], [-120.59789600035785, 42.66850600010908], [-120.60177100011687, 42.65773200024695], [-120.61083100023738, 42.64821799993365], [-120.6047629999691, 42.638387999860576], [-120.60618999984904, 42.634921999872745], [-120.6040240000023, 42.63201099998737], [-120.60739599979607, 42.61678200026587], [-120.60492100015284, 42.61145400000493], [-120.60087200031651, 42.61050799996295], [-120.59823199991851, 42.60248900019283], [-120.59966399982135, 42.59779799991752], [-120.60503800032872, 42.59487500011016], [-120.60346999998342, 42.57763899975191], [-120.61167899998415, 42.570327000153995], [-120.61924000025462, 42.5673299996782], [-120.62034699956915, 42.55917299985658], [-120.61856700041007, 42.55259900005021], [-120.61096900032965, 42.555234000146434], [-120.59876699967081, 42.55236299967378], [-120.59294299980002, 42.55324900001767], [-120.5968639995898, 42.547599999997054], [-120.5931889998473, 42.54488499971348], [-120.59003499961338, 42.523341000128376], [-120.58165499990847, 42.51810400024752], [-120.57747399982767, 42.509572999993246], [-120.58098700008678, 42.505441000048904], [-120.56553599965781, 42.50382600011255], [-120.56119100044381, 42.49910500011085], [-120.56286900039393, 42.49162600004874], [-120.57616099975053, 42.485831999944224], [-120.56005900011662, 42.48133199979552], [-120.54727999987269, 42.4819029998234], [-120.53822899997306, 42.475743999887165], [-120.53126600010233, 42.47460699995143], [-120.53137999990516, 42.48933900027475], [-120.4739760003498, 42.489598000158296], [-120.47450699990412, 42.48725000009782], [-120.46626699994128, 42.49614499970436], [-120.46312100010329, 42.49459300027681], [-120.46140600034325, 42.498081000000994], [-120.44879000030595, 42.500833999720484], [-120.43948499996307, 42.49490499979967], [-120.43379599981147, 42.48659699992228], [-120.42361199975973, 42.48056899982749], [-120.42091199998555, 42.47528500011285], [-120.40758399974565, 42.46776200003422], [-120.40764900004298, 42.46101000003447], [-120.41365799986174, 42.452882999701], [-120.41288799993278, 42.448038999706064], [-120.40493599985005, 42.44063300004086], [-120.39639899978629, 42.44070099999882], [-120.38401700010071, 42.43555300013747], [-120.38464599956433, 42.43104899994505], [-120.38974100041244, 42.42864800016971], [-120.38705400015874, 42.424323000206904], [-120.39483399981405, 42.41828599975671], [-120.39547999989443, 42.41306899969284], [-120.38253300031933, 42.39990099979386], [-120.37847199988914, 42.385603000097824], [-120.37158699983625, 42.37997800001673], [-120.37398600020981, 42.37418100005733], [-120.3836139996946, 42.379970999938855], [-120.39726400014975, 42.38386600031926], [-120.404278999899, 42.38328300005401], [-120.42373499978336, 42.391666000256436], [-120.40341000023588, 42.378561000192605], [-120.422427999554, 42.387696999812626], [-120.42897000037354, 42.38414600005419], [-120.43635099982065, 42.38465299982308], [-120.44759299968142, 42.38053299972687], [-120.45757599989176, 42.384723999927196], [-120.46056100007124, 42.38881099999291], [-120.4647270000834, 42.391667000081355], [-120.45804700006993, 42.384568999783156], [-120.4489969999952, 42.37926600004187], [-120.42949900027803, 42.37614900014569], [-120.42485899971463, 42.36638899992616], [-120.42554400015308, 42.36176899976557], [-120.4233580002148, 42.36332899995065], [-120.4199710003524, 42.36094600019798], [-120.42243900032295, 42.35998399997088], [-120.4213429999808, 42.357650000199605], [-120.4261440002027, 42.358244999765425], [-120.42672300033593, 42.35493100007901], [-120.43812300038044, 42.35195799972114], [-120.43404000020894, 42.33959800013862], [-120.44227900034684, 42.33770099995723], [-120.44447299978272, 42.33378399985378], [-120.44175499956691, 42.33306300008392], [-120.44534099962094, 42.323819000097885], [-120.44261400008264, 42.31498800015793], [-120.44384900034197, 42.30438500011655], [-120.43469100031218, 42.29546000023061], [-120.43599099997054, 42.29424400008141], [-120.44865499968842, 42.29605000015474], [-120.44900600021602, 42.288989999700476], [-120.46375200011508, 42.292818000183296], [-120.46484199971113, 42.28817800003753], [-120.47745100007576, 42.294012000188076], [-120.48090099968735, 42.293101999877585], [-120.47965899975532, 42.29012600002835], [-120.49354699986188, 42.29439699968374], [-120.50389800031822, 42.301623999687635], [-120.51573500020574, 42.3061049999889], [-120.50291599977885, 42.310704000209945], [-120.50557799991815, 42.3184539997085], [-120.50018400021764, 42.31592899976958], [-120.49595000043342, 42.31669200024779], [-120.50172700044858, 42.31746599988562], [-120.50917700039099, 42.32899299983282], [-120.5214910003045, 42.33875499967186], [-120.52225500038566, 42.33718900020839], [-120.5268919996777, 42.33837899995601], [-120.52933399970898, 42.33750100027135], [-120.52852600014522, 42.33328999972401], [-120.53423500038832, 42.335271999892235], [-120.53596100001903, 42.33492900007015], [-120.5339950001888, 42.33209700030576], [-120.53881499977896, 42.332983999926284], [-120.53976499963295, 42.32918299978482], [-120.53658700000791, 42.32043300019605], [-120.55247199990686, 42.32438899995117], [-120.55120200038571, 42.319021000054974], [-120.55290700010002, 42.31614599982317], [-120.5491179996564, 42.31400199985396], [-120.54971799970602, 42.31053199975667], [-120.55540699985762, 42.312049999993626], [-120.5600940002767, 42.31955200013262], [-120.5664310001585, 42.31858099981306], [-120.57556300024905, 42.323792999808965], [-120.58739400028877, 42.31630100006758], [-120.58827600037071, 42.3125900002243], [-120.59892599967945, 42.311828000267376], [-120.60770799996563, 42.319044000037366], [-120.61944199992098, 42.32534499971392], [-120.61428000002408, 42.32005800017502], [-120.60602599981753, 42.31699899993881], [-120.60360499970264, 42.311912999680565], [-120.5865099996587, 42.30871799997647], [-120.58577300024008, 42.30390699995639], [-120.5742939996545, 42.29062700020871], [-120.57429299982961, 42.28573799999093], [-120.56408000036383, 42.27998199989066], [-120.55153299992352, 42.27799500004494], [-120.5591290003541, 42.27791300029064], [-120.57259899998593, 42.27250899975282], [-120.5882129997232, 42.27674100003623], [-120.6037570000386, 42.268292000039075], [-120.61596600037012, 42.27564200031364], [-120.62198799970935, 42.27538499970678], [-120.63145100023598, 42.282194000270884], [-120.64248200020955, 42.28021100013978], [-120.64212400000926, 42.27740499982378], [-120.64711299965381, 42.28009899979978], [-120.64583200026203, 42.28301900023434], [-120.6506669999208, 42.28285700019242], [-120.64751299968692, 42.27991200002865], [-120.65469499984073, 42.27827300029831], [-120.66428300004083, 42.28050200003919], [-120.66617600007609, 42.28426099978755], [-120.69527200003908, 42.2744030001158], [-120.68630499980502, 42.280246999850746], [-120.69100999976743, 42.29098900020283], [-120.70075399960314, 42.29523999986897], [-120.71121499966432, 42.29269999990095], [-120.71827700016755, 42.28827800027308], [-120.72018000024859, 42.28119300028101], [-120.71820900039548, 42.271232999848706], [-120.72600900014227, 42.26835099980046], [-120.75698100042212, 42.29372599983658], [-120.7472860000919, 42.30365499985651], [-120.73668600011352, 42.30567899989943], [-120.73519499976113, 42.30886800017868], [-120.730375000171, 42.31035700012625], [-120.73097900041856, 42.314144000250295], [-120.72589000031658, 42.31596100018879], [-120.72915300033046, 42.32184499986896], [-120.72182100038879, 42.32668499999464], [-120.72212900036035, 42.331281000210566], [-120.7144080002563, 42.334018000098766], [-120.71437499974603, 42.33705200017691], [-120.72063899983291, 42.34194900019838], [-120.7295099998075, 42.34141699996621], [-120.73669699998419, 42.34387600002382], [-120.739443999614, 42.34188100007019], [-120.75230400004877, 42.346094000085024], [-120.76523499973034, 42.34095900023191], [-120.77794700002708, 42.34376499996622], [-120.78041400017274, 42.338123999724075], [-120.79631099976724, 42.33638799972639], [-120.80668800016284, 42.32666299968025], [-120.8144310000082, 42.32454600027485], [-120.81999999961091, 42.3263359999568], [-120.8140710001581, 42.32294300023315], [-120.82127300040341, 42.32609999994526], [-120.81869599975458, 42.31105999971678], [-120.8228350000026, 42.30845099990142], [-120.83687100024717, 42.307376999878926], [-120.84053500011899, 42.30350900011758], [-120.84782000020498, 42.302523999957636], [-120.85710299990824, 42.295573999892234], [-120.86038600001358, 42.28718500002884], [-120.8731329995721, 42.281958000222], [-120.8688589996049, 42.2755210000602], [-120.87107899987835, 42.271583000054385], [-120.86622199957995, 42.26503999967473], [-120.86725400034803, 42.260809000146], [-120.86424999990196, 42.259618000282344], [-120.86699200040721, 42.257714000188194], [-120.86853999976267, 42.25161099982462], [-120.87422800008937, 42.24772800031293], [-120.87480999969733, 42.241416000257125], [-120.88067600029926, 42.23905699968317], [-120.88106299991358, 42.34160600027594], [-120.88549000004167, 42.34199899979658], [-120.88102100008079, 42.34893699980733], [-120.88053300018414, 42.4121860001923], [-120.88762300027645, 42.40805600030665], [-120.89562700023775, 42.41301000026999], [-120.89383399976154, 42.41961499966999], [-120.90456099996153, 42.41989699981192], [-120.93369700010747, 42.42959900001207], [-120.94272799991566, 42.42571899983204], [-120.95314600031912, 42.41085800020812], [-120.96606600013004, 42.4047059998709], [-120.99101000032455, 42.399234999907826], [-120.99836499983242, 42.3939509997699], [-121.01741200036118, 42.397452999984246], [-121.01730299968291, 42.45407300020069], [-121.0112899996662, 42.45050200025384], [-121.00036699964765, 42.45586999984759], [-120.99378000041888, 42.46901600009753], [-120.9821920000534, 42.47429800005636], [-120.98519200030151, 42.47975599998581], [-120.98554600030383, 42.48790100018819], [-120.98226800022138, 42.49337199971314], [-120.97635800013683, 42.49452499988547], [-120.98495299992692, 42.4984500002896], [-120.98754800011908, 42.4970729997939], [-120.99001799973948, 42.501322000004656], [-120.96564199980752, 42.506741000234875], [-120.92327700005416, 42.54326300016237], [-120.90387100039854, 42.55085600012327], [-120.90561799994563, 42.554147000236284], [-120.91665800014005, 42.555448000057424], [-120.92769499996143, 42.55290900007483], [-120.93272200013914, 42.54660500025704], [-120.93560299966325, 42.536420000090615], [-120.95120499970496, 42.530695000216376], [-120.95877600002122, 42.53376699971292], [-120.96300800015564, 42.52755700029494], [-120.96610499958979, 42.52824100026617], [-120.96871999987344, 42.52327999985696], [-120.97537899997053, 42.51902600015786], [-120.98326599975596, 42.52216999994917], [-120.98753700024842, 42.52833899992347], [-120.99950200018247, 42.52823699974999], [-121.01409599974555, 42.54041299983616], [-121.01718399985722, 42.548819000247065], [-121.00938499993536, 42.55239300021974], [-121.00977699957252, 42.55645099984465], [-121.00256000015692, 42.55965499972224], [-121.01660800009707, 42.5566009998838], [-121.02785099978273, 42.54573399979572], [-121.03216199955986, 42.54509199986011], [-121.02956700026601, 42.54600999983556], [-121.03562600031348, 42.548229000284834], [-121.03218800039744, 42.54350200001814], [-121.03558699995543, 42.54126199984087], [-121.04790199969382, 42.54404000016435], [-121.04927099984748, 42.54693700016609], [-121.0546570000504, 42.5483030003302], [-121.05229799985977, 42.550451999699185], [-121.05413900001655, 42.552078999966795], [-121.04445899975494, 42.55161399978622], [-121.04857899973635, 42.55528700009692], [-121.04486399981087, 42.55754999987422], [-121.05028699982371, 42.5590220002433], [-121.05153299995372, 42.56325099989078], [-121.05649200035937, 42.5659820001844], [-121.0573330004334, 42.5705759997151], [-121.06573800025268, 42.57584399995684], [-121.06580699984966, 42.580609999916206], [-121.06998200008267, 42.580659999789944], [-121.06978299989105, 42.577483999845455], [-121.08205400014684, 42.574863999870786], [-121.08216499957662, 42.586386999696295], [-121.08864999959643, 42.58223899979571], [-121.0987299998911, 42.580276000312935], [-121.1024339999459, 42.57681400006405], [-121.10128999992317, 42.556432000184536], [-121.11425800031299, 42.54164200024815], [-121.11452799975139, 42.534201000240444], [-121.10986999964466, 42.51647900019023], [-121.09855900018688, 42.50830300030359], [-121.09532399976213, 42.50069699977981], [-121.09568600016038, 42.48474099968882], [-121.09937699979639, 42.485722000096], [-121.1095859999625, 42.48074700033002], [-121.14140099996622, 42.49073799998153], [-121.15880599963153, 42.49295199983704], [-121.16261599999153, 42.501268999945104], [-121.16978499972659, 42.50684199976656], [-121.19006099976859, 42.516012999895906], [-121.18315800017234, 42.51927199983695], [-121.18679699992983, 42.52462699979085], [-121.18732099981143, 42.53265299989671], [-121.19463000018689, 42.52841299971148], [-121.20007300029121, 42.5183970003264], [-121.20131000020035, 42.52984100017222], [-121.20527700002091, 42.533026999755855], [-121.20734999998125, 42.532984999858506], [-121.2046009998033, 42.53011499976712], [-121.20771200037947, 42.529420999687204], [-121.21929700037195, 42.53385099975146], [-121.2213929998985, 42.52922500030388], [-121.22792800014703, 42.53075799971378], [-121.23229599982558, 42.54051000015342], [-121.23907600029648, 42.543357999918314], [-121.23907100027361, 42.547957000043844], [-121.25771200002318, 42.5581689996716], [-121.26287700029316, 42.56519100026978], [-121.26642999983692, 42.5624560001073], [-121.27053099955177, 42.56403400016935], [-121.2904650001853, 42.57765300007016], [-121.29444799989939, 42.5867420000257], [-121.29910500018124, 42.587773000067635], [-121.30048500020555, 42.590878999769586], [-121.29648400004982, 42.59579500014266], [-121.29959100042805, 42.60179299986823], [-121.30207100009414, 42.60035099978856], [-121.31287500028704, 42.6053179997801], [-121.3136760001781, 42.611926000312394], [-121.3098800000618, 42.616527000256774], [-121.31547999962663, 42.61784999986256], [-121.31956199997322, 42.62287599993328], [-121.31586899978905, 42.63287299973795], [-121.3110910000317, 42.63412999973445], [-121.30469700024847, 42.62710999988207], [-121.30590700039346, 42.63461699997897], [-121.31527100028755, 42.6407029999475], [-121.31351799999435, 42.64386599975834], [-121.30346399963894, 42.64400399986628], [-121.30223799960042, 42.64746199982723], [-121.30100300023942, 42.64608700018583], [-121.3005730000691, 42.6485120000265], [-121.28841099959324, 42.65566100026191], [-121.2882609998054, 42.65994000022277], [-121.29233499975606, 42.66135999993679], [-121.28599600022443, 42.66271099992336], [-121.28509400005102, 42.66650199968513], [-121.28885599983217, 42.669818999816975], [-121.2884440001035, 42.674879000284854], [-121.28430700040367, 42.6732960000632], [-121.27923099982215, 42.67482199994452], [-121.27423700015473, 42.68325299971642], [-121.26974599955422, 42.68298199999779], [-121.26681300015157, 42.6859419999484], [-121.27330999986695, 42.69557300007167], [-121.26605200044347, 42.69492300016619], [-121.26432799956426, 42.69064699999911], [-121.26006899966566, 42.69104200004987], [-121.2584669998835, 42.685874999736015], [-121.2504319999601, 42.68430799997253], [-121.24858400013065, 42.6819289999593], [-121.24270099981027, 42.684130999674956], [-121.24408300038272, 42.68855500006981], [-121.23789000044094, 42.688221999910425], [-121.23828399972793, 42.692339000096766], [-121.23012499995596, 42.68807500015252], [-121.21962600025992, 42.69305000000665], [-121.21709899983982, 42.68740900016561], [-121.21432899974546, 42.69090299967659], [-121.20808200027535, 42.69006399976732], [-121.20580099990255, 42.69388800023705], [-121.20037000039213, 42.6919880001324], [-121.19929499996634, 42.696828999677585], [-121.19325900038339, 42.700055000087694], [-121.19624000036494, 42.70539900001356], [-121.19371999961756, 42.71007800023041], [-121.18966699958327, 42.71041900013058], [-121.18757199988161, 42.7132400001734], [-121.1942440003975, 42.72637099972539], [-121.20212699998497, 42.72633299977002], [-121.20977199992105, 42.72949500027516], [-121.2234199998281, 42.729143000159816], [-121.21376899987881, 42.71866200017719], [-121.21248699976383, 42.712858999698355], [-121.20758099995994, 42.709619000200014], [-121.21329299967775, 42.704861999727235], [-121.2218919996658, 42.705912000219215], [-121.22868100035754, 42.71201400014751], [-121.23937000002437, 42.712777999841606], [-121.24268400009184, 42.71732899979777], [-121.24175299960609, 42.71921399991529], [-121.2455620001412, 42.7215379998261], [-121.26106000042587, 42.722762999970016], [-121.28662300003823, 42.71554200030732], [-121.30459699979104, 42.716267000033284], [-121.32771900009536, 42.710773000226524], [-121.3559239997556, 42.711199000316725], [-121.3463129999893, 42.70405299975773], [-121.34000299987166, 42.70308199997958], [-121.33833900016523, 42.70485099992484], [-121.33669100035233, 42.69327199978196], [-121.3213910004344, 42.68226200017385], [-121.31419500003688, 42.680630999979726], [-121.31399099982238, 42.67666899967917], [-121.31899600025878, 42.674098000260365], [-121.3179559999931, 42.67071299990852], [-121.3233970004476, 42.66388699998144], [-121.3315939998544, 42.66676800032612], [-121.34402499994378, 42.66143600010507], [-121.3601540002402, 42.66733799994271], [-121.36023500043105, 42.65912300031223], [-121.36539800015287, 42.657237999774665], [-121.36494600024126, 42.64585800021927], [-121.36744099997597, 42.642677999672074], [-121.3631129995821, 42.63113000016123], [-121.36463900009458, 42.61591699983518], [-121.36169800029602, 42.61019000013399], [-121.37003000032034, 42.61037600010632], [-121.37571199990097, 42.60539400031304], [-121.3704699996381, 42.5998609998684], [-121.37113199961203, 42.597196000031964], [-121.36855200038676, 42.59716099995199], [-121.37374000022298, 42.5863889997448], [-121.36920000011696, 42.57904199990805], [-121.36915599973604, 42.57439399971163], [-121.3774810000877, 42.57682500003462], [-121.38096099983653, 42.574737000307906], [-121.38155099984041, 42.57782699998345], [-121.3838029999009, 42.57798500017604], [-121.38258100006034, 42.58005299976206], [-121.38755899983425, 42.57926500010593], [-121.38906400043031, 42.57725400002104], [-121.38686099987534, 42.574434999980525], [-121.39009399975197, 42.56957399969732], [-121.4003409995529, 42.56962399981965], [-121.40505700028429, 42.56674200006682], [-121.40772400044648, 42.55349599980526], [-121.41405399975729, 42.55497199997983], [-121.41130899977728, 42.551382999936976], [-121.41780700021587, 42.551347000020996], [-121.41944099978508, 42.54932199976947], [-121.42802899990247, 42.55172899976195], [-121.42855500033224, 42.54787599972847], [-121.42401900042422, 42.544898000075385], [-121.43096899987616, 42.545518000294564], [-121.4403379997931, 42.54253300021062], [-121.47162499971722, 42.564839999793314], [-121.48180999959389, 42.56431200010131], [-121.48757300026365, 42.5678109997193], [-121.49438200014855, 42.568462999977214], [-121.49894200034603, 42.574082000138276], [-121.50351800043703, 42.57507300022389], [-121.52115999992881, 42.55898600010189], [-121.52282199998541, 42.553842999712174], [-121.52774399968284, 42.55106999982575], [-121.53112200022272, 42.55191600008724], [-121.53602399982863, 42.554188999796054], [-121.53659799993902, 42.55721999983107], [-121.53500399965445, 42.556645000118074], [-121.54569400004449, 42.569508000109586], [-121.55222699974489, 42.56637599983244], [-121.55917000042243, 42.57995300032381], [-121.56279800030924, 42.58139799977203], [-121.5705810003376, 42.578274999981744], [-121.5777569997453, 42.582706000106576], [-121.57981600036027, 42.579120999838], [-121.59717699964467, 42.60207600028172], [-121.60582300038666, 42.60728900026521], [-121.61084899984114, 42.604754000131734], [-121.62406999995095, 42.60609799972867], [-121.63834800004486, 42.61253300002307], [-121.6467419999935, 42.62077500020642], [-121.64089600038136, 42.63034499987237], [-121.62453299973325, 42.639575999918875], [-121.62874999979903, 42.640798999792786], [-121.636507999713, 42.65087899967083], [-121.64790000025995, 42.67789500026634], [-121.65173300018617, 42.68097000016629], [-121.65521499958484, 42.689026000328425], [-121.69821899974585, 42.711527000070376], [-121.71146800034306, 42.72290000001182], [-121.71735800033612, 42.73370699998344], [-121.72122600042245, 42.73243600010916], [-121.72189800044211, 42.72351900024916], [-121.73395500043767, 42.72103399996979], [-121.74004799992201, 42.71264999968127], [-121.74386199958168, 42.72188700005638], [-121.7505380002955, 42.72723000011199], [-121.75641700041791, 42.75512699988643], [-121.75418999957348, 42.751894000041084], [-121.75141500035457, 42.751924000141585], [-121.74880300044398, 42.75511599976016], [-121.74952700034214, 42.76121000013217], [-121.7600700004191, 42.76531100000697], [-121.76027700010833, 42.78391999976436], [-121.76518700011019, 42.789828000195264], [-121.76037400019273, 42.815540999673104], [-121.75733799995959, 42.82134399996542], [-121.74141100022787, 42.83242899976966], [-121.73903899961846, 42.82854999984198], [-121.72983100025829, 42.82850099968389], [-121.72534200020593, 42.815084999693255], [-121.72333899966748, 42.81370799973133], [-121.71678400022576, 42.81618099998493], [-121.70906300012169, 42.8091830001975], [-121.69953699984589, 42.824657000177936], [-121.69982399990107, 42.84221700004279], [-121.69559000011682, 42.84580599983749], [-121.69649399994007, 42.85427700022601], [-121.69232100025519, 42.85635100012907], [-121.68726300011534, 42.853167999831875], [-121.68024699964289, 42.83727399992421], [-121.68508600039792, 42.83774300008628], [-121.68405899965273, 42.82864399971397], [-121.68093499955606, 42.825278999876446], [-121.6863159997361, 42.82172700029729], [-121.68173299997241, 42.82043700028062], [-121.6762499996851, 42.81422999972897], [-121.6715680001872, 42.80646899991949], [-121.67608200035394, 42.8013929998373], [-121.67060900011239, 42.798049000220104], [-121.66215099969135, 42.79920600031308], [-121.65680800004446, 42.810294000054874], [-121.64702599967562, 42.816352999763176], [-121.61907399973538, 42.82022300007573], [-121.61746000025768, 42.82588100001009], [-121.6257329998325, 42.82533099970122], [-121.62816900001599, 42.82937999967107], [-121.61989300006812, 42.83432200015722], [-121.615133999679, 42.831215000218585], [-121.59399300017185, 42.83438200019339], [-121.58828300010383, 42.83802300028526], [-121.58673499985004, 42.8420059997452], [-121.59611600036088, 42.8494989997626], [-121.58943999964706, 42.84687899981899], [-121.59045099960042, 42.85065400009802], [-121.60433000038445, 42.85707199974877], [-121.60050300030602, 42.86926899997229], [-121.6080429997618, 42.87482100005203], [-121.60858000006223, 42.8798130001432], [-121.56471200026093, 42.895552000023365], [-121.5634000000087, 42.89875799986029], [-121.57775199972247, 42.90407299967842], [-121.57525600016281, 42.90836099972527], [-121.5843530000932, 42.908568999951896], [-121.57925700031852, 42.91769499972726], [-121.57986499986575, 42.926494999861646], [-121.5822969998513, 42.928953999791354], [-121.57641500025419, 42.93841399994271], [-121.57698400034164, 42.94255600003509], [-121.57070600001106, 42.94604199998676], [-121.55360599994428, 42.94696500026766], [-121.53871000025738, 42.95169299967583], [-121.5380270003671, 42.95797900029201], [-121.5319030000223, 42.960707000023376], [-121.52194800029942, 42.95351799970249], [-121.52148200014409, 42.9483959998257], [-121.52839200031136, 42.94305800005025], [-121.52639100032101, 42.94057199970837], [-121.52288899993256, 42.9404079999164], [-121.51460299993896, 42.94717700025564], [-121.51012800013032, 42.94312299996902], [-121.51624800027713, 42.939390999821526], [-121.51610400033712, 42.93085799984994], [-121.51951100029098, 42.9303189997074], [-121.51985000022471, 42.91820400007897], [-121.50542800019075, 42.91663200014308], [-121.49476700011301, 42.92069999992183], [-121.4933000000501, 42.9186240002585], [-121.50578800004087, 42.911834999744535], [-121.50387099971613, 42.89067299979427], [-121.52767900028384, 42.89388000024621], [-121.52455600001205, 42.88876899993886], [-121.52980900014558, 42.876283999914556], [-121.52716000042504, 42.866381000029804], [-121.50718899998158, 42.855096000098435], [-121.50282100030303, 42.84671800032891], [-121.50580700030746, 42.83514199978185], [-121.51907400044797, 42.82927299998634], [-121.52168800000842, 42.81972699988738], [-121.52181100003207, 42.80120600000254], [-121.52367999977788, 42.799163000026745], [-121.52024100003695, 42.797810000311216], [-121.52173099966612, 42.78583700008444], [-121.51925400037304, 42.74861399975773], [-121.53861700037098, 42.750356999869105], [-121.54718500039687, 42.74796299978939], [-121.55028699985394, 42.74976700009997], [-121.54653500011855, 42.74009499968799], [-121.53796700009264, 42.734630000002205], [-121.53909900041982, 42.732507999831846], [-121.54178900014823, 42.735103000327], [-121.5531849999948, 42.73460799973053], [-121.54705700035035, 42.72943000027675], [-121.54637899958462, 42.72235800024995], [-121.53398400037857, 42.72017900032506], [-121.52373300037965, 42.70682200031844], [-121.518405999728, 42.71072199986173], [-121.51897200034075, 42.73603499971904], [-121.5143650002876, 42.73276500009416], [-121.50256400038508, 42.733458999735916], [-121.48598099962892, 42.73002900016058], [-121.4633370000738, 42.71703000026607], [-121.45186699970907, 42.7205919998584], [-121.42833400039933, 42.72112300031013], [-121.415858999929, 42.72622699980625], [-121.41818499960935, 42.72816700030999], [-121.4196180002354, 42.73670200026595], [-121.42766499985439, 42.74807199974181], [-121.42846800029363, 42.760319999680476], [-121.42651499998385, 42.76375899973252], [-121.4325570003129, 42.77123699998564], [-121.432436999764, 42.78088700021356], [-121.4358520001138, 42.78582000010452], [-121.43296900004154, 42.79100000021412], [-121.4363249999418, 42.7962970002888], [-121.43073000039985, 42.80373199991226], [-121.42543500043354, 42.80525700028889], [-121.42853600006569, 42.80721700011781], [-121.4284110003922, 42.809920000249605], [-121.43552499987564, 42.81225500010773], [-121.4354660003244, 42.81489199988267], [-121.43165400031457, 42.81720300001032], [-121.43803200020427, 42.82197099968432], [-121.44028400026475, 42.83397999995844], [-121.43301400024738, 42.84658700010282], [-121.43578799964138, 42.85464200014709], [-121.43426000037739, 42.85829500001889], [-121.43716900038892, 42.87368799971553], [-121.44136600036323, 42.87885400009818], [-121.44260499992221, 42.88634600003314], [-121.44886099961317, 42.89390900028817], [-121.44801000039169, 42.89950899995681], [-121.46435200022512, 42.91560300029992], [-121.46214299982235, 42.924946999714], [-121.46461699964065, 42.93015200031442], [-121.46425199976768, 42.943219000077654], [-121.46272899962825, 42.94680099975126], [-121.45735699966905, 42.94900699992096], [-121.45922499958998, 42.95223699972539], [-121.45963100036917, 42.97914600009947], [-121.47447000015464, 42.97896499983233], [-121.48464300033575, 42.98420799975057], [-121.48880699979976, 42.981591999784314], [-121.48921299968063, 42.98588899973979], [-121.49911399987518, 42.992798999735705], [-121.5243049999419, 42.99499999983326], [-121.53684300016137, 43.00279399996735], [-121.56853099994348, 42.99757000012334], [-121.5892370001558, 43.02470699994307], [-121.59086999990008, 43.0381599998249], [-121.59968899999615, 43.04813699999694], [-121.60173600001721, 43.0589839998515], [-121.6151179997855, 43.06321099992945], [-121.62232400022874, 43.07019400017627], [-121.62904799972483, 43.06873699973909], [-121.63228399997452, 43.06368500020847], [-121.6419480003426, 43.06228000019045], [-121.64295900029596, 43.04582999975696], [-121.65016099964295, 43.040011999900535], [-121.65327800006692, 43.029868000278206], [-121.66474699970841, 43.024498999984175], [-121.66854000035, 43.01714799977637], [-121.67778100022046, 43.008995999791985], [-121.68725499971944, 43.00926399982041], [-121.70603299973637, 43.003739000075456], [-121.70191199993002, 42.990367999818446], [-121.7073180002244, 42.985816000310344], [-121.71278200024513, 42.983910000245174], [-121.71772700040707, 42.98614399993807], [-121.83779299967416, 42.98674699988646], [-121.83646299987859, 43.00331299984693], [-121.87176600002704, 42.92297900027182], [-121.88329800031603, 42.92562000016116], [-121.89174800034115, 42.90887999986408], [-121.91896499961423, 42.90505299992962], [-121.92417799956478, 42.90651799969127], [-121.92484499956156, 42.901986999735165], [-121.9373929998268, 42.90510999985898], [-121.9519239996407, 42.90441799980802], [-121.95190100007449, 42.901677999695444], [-121.97662900035891, 42.910505000074124], [-121.97928499975214, 42.90932799970632], [-121.98180200012648, 42.9024549997786], [-121.99102700010341, 42.90009999990311], [-121.97586500027775, 42.89293000029496], [-121.9688069999725, 42.89375799985216], [-121.96419700044464, 42.887838000050756], [-121.95446299975636, 42.88155099973499], [-121.93888500000409, 42.880876000095576], [-121.93213100037075, 42.88308800012307], [-121.92911199985608, 42.87398299968693], [-121.88971800003853, 42.88459599993913], [-121.84667399969452, 42.86992500012181], [-121.83170699986253, 42.86772099983119], [-121.83891599978053, 42.74033800015736], [-121.85907100034703, 42.670062000094845], [-121.86228099975911, 42.66634199991852], [-121.86355299982839, 42.67354199979447], [-121.87008399987894, 42.66971399977808], [-121.8761429999264, 42.66954400025116], [-121.88470299955637, 42.677709999839244], [-121.88846500023583, 42.6765409997015], [-121.88973300010713, 42.680185999909746], [-121.90161500020052, 42.68059400024674], [-121.90960200044334, 42.678437999838344], [-121.91414199965102, 42.674485999691356], [-121.92140800036873, 42.657268000067695], [-121.91720999967121, 42.652779000278585], [-121.92879600038688, 42.6605390002281], [-121.93934799978635, 42.67933899973658], [-121.94135799999752, 42.69262899967504], [-121.94801799991951, 42.69772499981729], [-121.95527200004337, 42.69953100025312], [-121.9538049999804, 42.70457500016374], [-121.96019100026604, 42.715602999961526], [-121.95565500035799, 42.715924999998975], [-121.94921700019384, 42.72581700012127], [-121.94315700032148, 42.72590400001374], [-121.94189600012285, 42.72796600019724], [-121.93635299956111, 42.72579100030421], [-121.92714199982788, 42.72987899998239], [-121.92872199986874, 42.7253910000697], [-121.92704200026877, 42.72346799979992], [-121.92252700027713, 42.72471700016553], [-121.91487800014309, 42.72039200013206], [-121.90868699985114, 42.720066999944216], [-121.9044439998461, 42.72409100013811], [-121.90504100042097, 42.73520600013978], [-121.89536500035733, 42.74223999989462], [-121.89608800043062, 42.74553600006823], [-121.89983500014311, 42.75252799973526], [-121.90869199987401, 42.74880899991625], [-121.91183900043525, 42.75068499973795], [-121.9110970000954, 42.75523699972255], [-121.92013200010153, 42.75764300007374], [-121.9325770004346, 42.75443999976651], [-121.93909400024147, 42.74782999996907], [-121.945918000195, 42.74686699977034], [-121.94483199989857, 42.75038199991417], [-121.94823200017977, 42.75183199978737], [-121.9493059998823, 42.74627199995429], [-121.9622380002871, 42.74905800017068], [-121.96549600027808, 42.747251000099574], [-121.9753680001603, 42.761410999991874], [-121.97588700001907, 42.772797999816014], [-121.97968800015828, 42.773078999688785], [-121.97860699988469, 42.77699400024412], [-121.98330699982426, 42.78310500002004], [-121.96005300017376, 42.79843799994288], [-121.96868200029903, 42.80131400001132], [-121.97252699992086, 42.81353500017773], [-121.94989900025924, 42.82378900002338], [-121.94252499958648, 42.830320999813075], [-121.96673300018725, 42.84536999999317], [-122.01492500018448, 42.85251499983034], [-122.0310710001993, 42.86422299996088], [-122.03413500002154, 42.869878000002714], [-122.04980700038344, 42.87809100000569], [-122.05309700016147, 42.878457999887104], [-122.05527200022905, 42.87521099998524], [-122.06043699960071, 42.87730899994078], [-122.06253899987337, 42.874707000102276], [-122.08386799970152, 42.87388000025438], [-122.08950099977665, 42.87670699989948], [-122.0901319997884, 42.88414899991647], [-122.09736699964567, 42.88245699970777], [-122.09793300025842, 42.884634000218696], [-122.10527600007072, 42.875159000004885], [-122.09948499981185, 42.86611399974156], [-122.09963700014781, 42.85904600020483], [-122.09018500039016, 42.85808799972272], [-122.08785100031392, 42.85426900025409], [-122.08824799997393, 42.84761700016214], [-122.09925899985605, 42.83152300003096], [-122.09820000022209, 42.828770000032954], [-122.10042899981808, 42.82468099973581], [-122.09120999968893, 42.8248580003052], [-122.07857799975808, 42.819887000297854], [-122.07552800017957, 42.821244999844744], [-122.07546000040752, 42.81449200003389], [-122.05972000027356, 42.80495900015008], [-122.06312999970217, 42.79901199982686], [-122.05982999987837, 42.795279000067815], [-122.05586899990564, 42.77936499988567], [-122.05934899965445, 42.760644999997055], [-122.06290499957126, 42.77261400028805], [-122.06805800014567, 42.77798800001661], [-122.0727920004204, 42.79609700021528], [-122.07774199970692, 42.80341699991707], [-122.10115500026438, 42.81444299993552], [-122.11462099969825, 42.815280999796], [-122.12287400007988, 42.822198000215295], [-122.12565199967183, 42.829715999902966], [-122.14217500015354, 42.836001000267736], [-122.14511900032515, 42.83091699998304], [-122.15565999985397, 42.82658400008067], [-122.15944500009961, 42.82108100015451], [-122.18115100039465, 42.81595899988575], [-122.18045400026065, 42.80991699975396], [-122.18469800009062, 42.80608099972898], [-122.19399599986251, 42.80707199975256], [-122.20216899987818, 42.8031209998136], [-122.26189999983711, 42.80170599987498], [-122.2655529998383, 42.798687999703986], [-122.28290399997522, 42.80009000029797], [-122.28468900005551, 42.4744999997337], [-122.28781800017502, 42.4744999997337], [-122.2875829999984, 42.32692799981575], [-122.26494399956783, 42.328418999847536], [-122.25676899990232, 42.33421299985925], [-122.24238799987624, 42.33281699976247], [-122.23433700005928, 42.33979299986118], [-122.23011900016859, 42.33020599981663], [-122.22268699976952, 42.330215999880195], [-122.22064700031945, 42.323693000181436], [-122.23116699993187, 42.31615899988831], [-122.23310500017298, 42.310264000276554], [-122.24171300038188, 42.306902999893865], [-122.2458910000896, 42.308051999731184], [-122.24808100022581, 42.304871000319636], [-122.25610699992842, 42.308238999674636], [-122.26202200003583, 42.30153899966901], [-122.26583599969551, 42.30119899977598], [-122.26585300031226, 42.294468000106946], [-122.27506599969531, 42.29280000026713], [-122.27435100001794, 42.28385100017966], [-122.27686599984418, 42.27271899984637], [-122.28231200032155, 42.26667700022531], [-122.28118199964418, 42.256966000046795], [-122.26616499958348, 42.255691000011865], [-122.25549500018323, 42.25986500008556], [-122.24738400009181, 42.252260000307515], [-122.24044399978733, 42.250648000317206], [-122.2488400002841, 42.24365199981393], [-122.2412289997849, 42.240190999795054], [-122.23079399966295, 42.24217200026913], [-122.19177800013718, 42.24098199981535], [-122.18351100041019, 42.245880000066364], [-122.1782390000101, 42.24591899988045], [-122.19174600035015, 42.24923499978829], [-122.19661899964375, 42.24866699999608], [-122.19511300012105, 42.245699000101986], [-122.19865399996927, 42.244322000050076], [-122.22273799982312, 42.2451950000147], [-122.22727299990628, 42.250399000165196], [-122.22038299983048, 42.256758999929154], [-122.21272299982579, 42.25232400001288], [-122.22048699958756, 42.26046300029118], [-122.20866800014169, 42.269368000122384], [-122.21064200036783, 42.28462899967913], [-122.20913000009905, 42.28746600007137], [-122.19895000024526, 42.285867000004956], [-122.20134000039802, 42.28789699984827], [-122.2002900000866, 42.29385199994706], [-122.19441099996419, 42.29573599979072], [-122.19414700037355, 42.298204000137304], [-122.19136200021057, 42.29767100002829], [-122.19058600043385, 42.30045100006], [-122.18934899962638, 42.29853599976621], [-122.18703299999179, 42.28569800003076], [-122.19055200009868, 42.28371400031084], [-122.17227399967395, 42.278424000213676], [-122.16386899985467, 42.27268999988457], [-122.15906900035598, 42.265249000213174], [-122.15901999995219, 42.28042299969236], [-122.1472559998596, 42.2790569999484], [-122.13124600028719, 42.28340800000832], [-122.12787699996815, 42.28896800016344], [-122.1210179998545, 42.289689000170696], [-122.10684699989072, 42.27264699977917], [-122.10585799967868, 42.2523949999736], [-122.0980749996503, 42.23915700004788], [-122.0982710003672, 42.233474999939084], [-122.0794099996113, 42.22645700021946], [-122.0744669999975, 42.22136299983861], [-122.0776299995539, 42.20897200020965], [-122.08044300020427, 42.206300000111355], [-122.08034100009704, 42.19987500000762], [-122.08276899988464, 42.197679000200964], [-122.06723999963783, 42.1934579999629], [-122.07044800029844, 42.20107500010103], [-122.05867199961195, 42.21353599973436], [-122.07627800001703, 42.22607399968931], [-122.08938699997383, 42.231838999904745], [-122.09473999966644, 42.237207000265904], [-122.08713999993618, 42.2410029999162], [-122.09295700013435, 42.24130100015035], [-122.09460800032028, 42.243542000057985], [-122.09490200004817, 42.24818600027716], [-122.0917019997835, 42.25331700013841], [-122.08586899969185, 42.252599000324594], [-122.08165699964891, 42.24737099979153], [-122.0758960004256, 42.24548499982315], [-122.07598799958879, 42.23963000011752], [-122.0699749995721, 42.23561299967239], [-122.05948099989895, 42.2352539997986], [-122.05446999961475, 42.22446700027764], [-122.04861099958384, 42.22371300004083], [-122.04991299979034, 42.21992500006036], [-122.05404600019054, 42.217881999680266], [-122.05299099985625, 42.21513600012221], [-122.04902800023368, 42.21390599993401], [-122.04296599981315, 42.21854799975052], [-122.03719499964578, 42.21611400005843], [-122.03992899975513, 42.21353999971933], [-122.03449300022181, 42.20624000008674], [-122.02189300007804, 42.21089899974966], [-122.02403800000843, 42.21298700005815], [-122.02441200010222, 42.22464700012494], [-122.02702599966264, 42.229574000298015], [-122.01644499995088, 42.223522999815295], [-122.02944799960245, 42.23581600011256], [-122.03174800024183, 42.2473439997258], [-122.03663300012929, 42.2514830002319], [-122.03846900026319, 42.25844900009058], [-122.04297300038415, 42.259874000095145], [-122.04542999958575, 42.255337000007714], [-122.05100599975944, 42.258663000269145], [-122.04636000024658, 42.27306899977688], [-122.05035100035656, 42.29226099980401], [-122.04782200028663, 42.29794599987749], [-122.04345100023505, 42.29368100002082], [-122.04457799964104, 42.304920000283644], [-122.04086899956336, 42.30797899968778], [-122.03910600012273, 42.315495999783586], [-122.04106600010516, 42.32489899984689], [-122.03468700039058, 42.32242799977165], [-122.0322600004279, 42.3300110002507], [-122.02182299975784, 42.33127699972179], [-122.0239190001827, 42.34965700031577], [-122.0306490004249, 42.35037600006149], [-122.03239199977406, 42.36071599988122], [-122.02869299974213, 42.36910800003377], [-122.02941499999048, 42.37634700016336], [-122.02162899958907, 42.38251100019166], [-122.02073700035973, 42.38889200005748], [-121.99914099966956, 42.37642099990917], [-121.99655300004842, 42.365523000073885], [-121.98443099975552, 42.35395400029996], [-121.98676599965668, 42.3499770001813], [-121.98956599988826, 42.34969600030983], [-121.99005399978489, 42.34644399992033], [-121.98880900037813, 42.339116999831155], [-121.98556899993049, 42.337884000045456], [-121.97723500025633, 42.326534999751274], [-121.97981500037989, 42.32133200027944], [-121.96617900016837, 42.324009999974976], [-121.96344900025701, 42.32151799967782], [-121.96279499978073, 42.315495999783586], [-121.95152399960762, 42.31640399989881], [-121.94603199999781, 42.30623199976812], [-121.94837699994473, 42.2983659999147], [-121.95532200027208, 42.29527799969036], [-121.95441800044883, 42.28704100030412], [-121.95671999983973, 42.285647000028185], [-121.94486000038597, 42.26204599985126], [-121.94813599992028, 42.263181999995204], [-121.95222599976448, 42.25413699969033], [-121.95710700035231, 42.2549689999441], [-121.96047599977308, 42.250089000025646], [-121.94746100042592, 42.243009999909965], [-121.94801999956933, 42.235953000332216], [-121.95461599991724, 42.23393100026563], [-121.9675190000097, 42.23836800029841], [-121.96796699972336, 42.22019100020627], [-121.97174000027346, 42.21367499972911], [-121.96985999975865, 42.20434000000047], [-121.976805000086, 42.199858999932296], [-121.96902399970749, 42.19158799987342], [-121.96963899982572, 42.18826399995274], [-121.95539400024208, 42.16828099994013], [-121.96095399962395, 42.16628200021075], [-121.96270699991715, 42.16203399978718], [-121.97480099972263, 42.16996900029009], [-121.9841699996396, 42.17054199983179], [-121.9852740003777, 42.16656200020394], [-121.98907200014385, 42.16462600004327], [-121.98615800010946, 42.16304500024172], [-122.003304000207, 42.16432999972504], [-122.00509000011218, 42.16005200011519], [-122.0141669999511, 42.15240900016199], [-122.02121900040856, 42.154257000284964], [-122.03753299975457, 42.14952500000263], [-122.04365499955125, 42.15193099997361], [-122.05089199995665, 42.14882600004782], [-122.06204500012896, 42.134778000324864], [-122.05845400005204, 42.12709099994877], [-122.0564020000081, 42.127286999793185], [-122.05723700023437, 42.12534100020608], [-122.0688210004019, 42.12618200024489], [-122.06748499986023, 42.12735499967909], [-122.07459099984604, 42.13444699994148], [-122.08286000012122, 42.133166000331386], [-122.08183999994704, 42.13025200017897], [-122.08569799998763, 42.129983999921144], [-122.08284099985464, 42.121521999693854], [-122.08422099987895, 42.11939599967374], [-122.09189699977716, 42.12105099974389], [-122.09620400025466, 42.11765999980459], [-122.10106900005067, 42.12536100004975], [-122.10790399987484, 42.12049000014955], [-122.11027200028627, 42.11673199969258], [-122.09216499956578, 42.11599799968294], [-122.08654699955927, 42.10999199988206], [-122.07861999959088, 42.1115369999372], [-122.0726790004425, 42.10370899981643], [-122.0738130004195, 42.10140400015385], [-122.07825800009095, 42.102373999795205], [-122.07697799962575, 42.09870200024631], [-122.07385600007721, 42.099136000177495], [-122.08788599957569, 42.07028299978402], [-122.08718299959389, 42.059898999671404], [-122.09215500041837, 42.05657400018094], [-122.09582000011511, 42.041002999832045], [-122.1024950001057, 42.03474299973283], [-122.10536700030731, 42.02662399986752], [-122.12410599996618, 42.021452999967735], [-122.14720499980596, 42.02882300021572], [-122.17205000026627, 42.03110200012239], [-122.2361959997594, 42.00764400025914], [-122.28974800002025, 42.00809800017984], [-122.28997200032624, 42.127155999954184], [-122.2874700000205, 42.12716800031689], [-122.28743400003547, 42.133601999995214], [-122.33151799974685, 42.12542100020935], [-122.33055399964914, 42.129469999868384], [-122.32703399971736, 42.13115700023946], [-122.33294999964968, 42.1334680001002], [-122.33458300029231, 42.15726599968489], [-122.32627399983414, 42.16255000014668], [-122.32580400037922, 42.16802900032462], [-122.32100300015732, 42.16924000015393], [-122.33177999968768, 42.17244100008559], [-122.33468000037668, 42.180421000093915], [-122.34092000017411, 42.180838000054266], [-122.33837100001271, 42.17847999995814], [-122.342199999741, 42.17693199992472], [-122.33817600001905, 42.17495400006818], [-122.34255899976618, 42.17275000009126], [-122.34784000038711, 42.16490399984133], [-122.34507899961528, 42.16035999987094], [-122.34799699984762, 42.157594000002575], [-122.3504160003127, 42.14772000026395], [-122.35478599964104, 42.14900400023716], [-122.35855800036624, 42.14591999967992], [-122.3688200002358, 42.14647000021902], [-122.37306200041596, 42.14848500023284], [-122.37535899978398, 42.15425999975806], [-122.38692299986005, 42.15356300003931], [-122.39088200018297, 42.15049600006562], [-122.39848100008831, 42.159613000235176], [-122.3977350004488, 42.14943899973859], [-122.40621600043609, 42.153494000041356], [-122.4075910004375, 42.14741999994663], [-122.41698200009579, 42.14671699984122], [-122.42265700000371, 42.14355600010039], [-122.41927099996619, 42.13747200031594], [-122.42058700041639, 42.13530499999395], [-122.43519900042115, 42.135798000227005], [-122.43688999989176, 42.13210999974562], [-122.44213100032971, 42.130584999787104], [-122.4442639996662, 42.18825699984054], [-122.44148400042442, 42.191352000182114], [-122.44243500010333, 42.20313399972949], [-122.38190099970518, 42.20308800029408], [-122.37736399997227, 42.21048700003829], [-122.37730500042103, 42.21767900010807], [-122.38520499972695, 42.22474700004012], [-122.3879630001257, 42.22401000026677], [-122.39345999975839, 42.227692000257235], [-122.38531699987993, 42.23188800013397], [-122.387363999901, 42.235546000032485], [-122.38608699980885, 42.243012000298954], [-122.36575999971322, 42.243404999688686], [-122.36506299957924, 42.24863700016924], [-122.36963700002042, 42.251983999795364], [-122.37323800014305, 42.25925500028543], [-122.36772499971853, 42.27935800002965], [-122.3717479996156, 42.28549200006655], [-122.35991599975092, 42.290609000330925], [-122.32787599961632, 42.289464000304015], [-122.29061400020865, 42.29575000010695], [-122.28716799989672, 42.294661000104036], [-122.28740399989826, 42.31183499996549], [-122.33942200014903, 42.30267099990012], [-122.35929700033303, 42.30825999996399], [-122.36524199967936, 42.307375000203244], [-122.36663500012246, 42.31015399981262], [-122.36985700012843, 42.30155399995423], [-122.37639300020186, 42.29755800016979], [-122.37204100041686, 42.28929700026143], [-122.44084800038979, 42.28953099982266], [-122.43959200021406, 42.28577200016966], [-122.44664600032135, 42.28576299987003], [-122.44892299959788, 42.280091999896555], [-122.45312600031826, 42.277525000135995], [-122.45421000006658, 42.27208999985883], [-122.45112899962763, 42.268784000280455], [-122.45263300039879, 42.26500200022764], [-122.45806700028228, 42.26233099986605], [-122.4575629995938, 42.26730800000199], [-122.46225300038591, 42.26983199976392], [-122.45838799977433, 42.2751519997974], [-122.46378099964991, 42.27763499977838], [-122.47604600005793, 42.27744400008327], [-122.48576300012947, 42.2724660001886], [-122.49343700037787, 42.272575000294395], [-122.49519399997071, 42.26977200028908], [-122.49375500039518, 42.266356000264466], [-122.4881030000535, 42.26949699974948], [-122.4863079999275, 42.267483000276265], [-122.48851700033029, 42.261868000088946], [-122.50308699960391, 42.25915599980269], [-122.50928499956855, 42.25202199977376], [-122.52390099977124, 42.266503000194675], [-122.53390800027103, 42.26884100001159], [-122.54252999982529, 42.27651900010623], [-122.55044300044828, 42.27664700005956], [-122.55523000042648, 42.27370699999376], [-122.56064099984542, 42.27806199979738], [-122.55369200021845, 42.284092999700285], [-122.55679100020075, 42.289843000322016], [-122.54715000029721, 42.29890499995558], [-122.54181099994997, 42.29906200007371], [-122.54281500023062, 42.293006000255204], [-122.54220299958713, 42.28961899979622], [-122.54028399961257, 42.2896519997546], [-122.539069000343, 42.29468499972492], [-122.53321699998479, 42.295643000269116], [-122.5306679998234, 42.30035800019286], [-122.52321100020828, 42.30043900002059], [-122.52662400000995, 42.29210099976623], [-122.52563300014808, 42.289558999888], [-122.52528599981845, 42.29250300024351], [-122.5208749995839, 42.294379000218896], [-122.52021500015813, 42.30557599978973], [-122.5122530000296, 42.304758000094544], [-122.5108789998531, 42.31135999989505], [-122.50770100022807, 42.3119379997987], [-122.50379399978367, 42.31881500015567], [-122.51063399963073, 42.31709100011712], [-122.51006600026648, 42.321989999982584], [-122.51257199987187, 42.323875000274924], [-122.51199699993658, 42.33400699989677], [-122.50974900007405, 42.33537100031387], [-122.50665000009175, 42.33359499993981], [-122.5056890003671, 42.33604600006107], [-122.5078090001831, 42.33942800029573], [-122.50567299957525, 42.34360300017636], [-122.50646299959568, 42.348952000081816], [-122.51065200007238, 42.348784999833335], [-122.50877599975551, 42.35208300031746], [-122.50304599959604, 42.34965100000816], [-122.50183600034934, 42.3399859996755], [-122.49838400018962, 42.33394500029173], [-122.48866600029321, 42.32546599989799], [-122.48861500023956, 42.31825399992898], [-122.49150800035757, 42.315397999675554], [-122.48757900017186, 42.311323000253715], [-122.4937489996491, 42.30751300026408], [-122.49231799957116, 42.297738000119104], [-122.48804199995413, 42.293969000013746], [-122.49063999962102, 42.299370999975324], [-122.48853599969853, 42.30131800001383], [-122.48085599960234, 42.30183999996895], [-122.47841500029429, 42.299782000184706], [-122.47244199956224, 42.30165300028523], [-122.47060499960347, 42.30096199989411], [-122.47011800043003, 42.2928209997258], [-122.46310199995757, 42.29291600022715], [-122.45980399978362, 42.29728099995882], [-122.45877899958657, 42.30541800010016], [-122.46696699967089, 42.31444900029912], [-122.46604500030429, 42.317467000227424], [-122.47061100034954, 42.322095999941304], [-122.46954900034257, 42.32684799972958], [-122.47234600020109, 42.32481899983712], [-122.47196600025948, 42.32958600007286], [-122.47929400000318, 42.33892600000681], [-122.47979299977045, 42.34333799991534], [-122.47636800027323, 42.33974499981192], [-122.46659799959993, 42.339127999803374], [-122.46325400029356, 42.334664999842964], [-122.45651599965544, 42.33600099994913], [-122.4508750000827, 42.33380200000572], [-122.46268900040401, 42.34811599985939], [-122.4718130000986, 42.35188800020801], [-122.45083499989973, 42.35942099982872], [-122.42859499967734, 42.36222699988959], [-122.43650599975221, 42.370391000219065], [-122.42717100017043, 42.375834999963715], [-122.41657200001697, 42.37839999987925], [-122.42115499978067, 42.38166300004359], [-122.41622999971021, 42.38629999989121], [-122.43022300029708, 42.39207200017187], [-122.44205400033682, 42.39196799972799], [-122.44205400033682, 42.40624000010834], [-122.46180399994905, 42.406243000213], [-122.46179399990329, 42.420709999760795], [-122.47919100007101, 42.4207129998365], [-122.483258000349, 42.41620299978791], [-122.4942850001246, 42.41291799984523], [-122.49408099991012, 42.41625999999367], [-122.51154900022293, 42.42227699987613], [-122.50313099998486, 42.426434999731406], [-122.52602200031048, 42.423644999914025], [-122.53305299995326, 42.430709999956235], [-122.5409759997237, 42.432812000133225], [-122.53793899966566, 42.43744300019429], [-122.54066100007944, 42.44561600013236], [-122.53390499989794, 42.445268000041686], [-122.51957199955248, 42.45630499993376], [-122.52046399968015, 42.46533300022602], [-122.53063500021142, 42.464679999938355], [-122.54510499992597, 42.459986999992736], [-122.56749400011127, 42.45831900006806], [-122.57811400018112, 42.462920999858454], [-122.57714099986259, 42.47350200026189], [-122.565933000337, 42.48014699996995], [-122.56492400003347, 42.48503799978261], [-122.5602319995915, 42.48746300018319], [-122.55833500025658, 42.492312999824875], [-122.55964199958761, 42.50556700024345], [-122.51206399988372, 42.507180000297424], [-122.50514700004379, 42.505919000240084], [-122.49787100017863, 42.50001800005195], [-122.49380300007576, 42.499522000114375], [-122.4889340000818, 42.484056999911694], [-122.48276899972912, 42.48031699980587], [-122.48390199988123, 42.47580399969984], [-122.4803590003832, 42.474707999704194], [-122.4775919997636, 42.46949600021714], [-122.47365699973011, 42.46903200009455], [-122.4734259997514, 42.463936999689295], [-122.47109400022332, 42.46591999991984], [-122.47309500021362, 42.46047400013285], [-122.46863499957527, 42.46032199976084], [-122.45681100010654, 42.46716600020144], [-122.456795000213, 42.47299600022186], [-122.45317800019683, 42.47817599982452], [-122.44353300009533, 42.47992600022151], [-122.43767800026235, 42.46381899978556], [-122.42940200031451, 42.45646099992328], [-122.42927300044308, 42.45059200011982], [-122.41717700008947, 42.44193500006336], [-122.41154099964129, 42.44209500010979], [-122.41017200038598, 42.439267999997064], [-122.40988799980553, 42.44150999986188], [-122.40644900006457, 42.44207699982668], [-122.40892299988292, 42.44335499978669], [-122.40467200038023, 42.44313200006733], [-122.40842900013851, 42.45276200030754], [-122.40406399993472, 42.46298900014281], [-122.40824900021344, 42.46888099987698], [-122.41926099992045, 42.472043000031476], [-122.4222619999935, 42.47709900024307], [-122.41972399970273, 42.48107899981002], [-122.42111399977277, 42.491294000234134], [-122.42358699976619, 42.493076000302096], [-122.41499100015122, 42.49252700009582], [-122.40551000008124, 42.49640600016934], [-122.40298100001132, 42.50088199979792], [-122.40632299966788, 42.49912199979851], [-122.41563600040666, 42.50149199991759], [-122.42065000016561, 42.49926200016699], [-122.4310839995643, 42.499381000233754], [-122.43622500044312, 42.50023199978749], [-122.43784499976863, 42.50492399997151], [-122.44769300025972, 42.50662600018257], [-122.45288299974573, 42.51262500024313], [-122.4551189999127, 42.522692000318706], [-122.46423699975949, 42.52723000017699], [-122.45049799961583, 42.53421299998033], [-122.45105199963471, 42.53598999977943], [-122.45942899986491, 42.53840100005392], [-122.49745000022915, 42.53896499969634], [-122.51107800004473, 42.544038000081336], [-122.52816700024087, 42.546040000126055], [-122.51353699979447, 42.55182200003623], [-122.51352000007601, 42.55506699978344], [-122.49868899978817, 42.576729000105395], [-122.49178100016903, 42.580339000048255], [-122.49034300041843, 42.58551500021322], [-122.48851399995725, 42.58559399987853], [-122.48913800029631, 42.588811000151196], [-122.48286199961554, 42.587418000318515], [-122.4737139996315, 42.59659799972411], [-122.45507100023212, 42.60647300018199], [-122.45225500010702, 42.61263999994906], [-122.43929900031108, 42.60857900013673], [-122.43676500021829, 42.605603999859355], [-122.42710300039838, 42.609817000197104], [-122.4241359997622, 42.61719600004782], [-122.42536900037175, 42.621408000167825], [-122.43454900014281, 42.618812000099965], [-122.43525600032257, 42.62524099981832], [-122.41737899975584, 42.63472999974338], [-122.40719800007713, 42.63318700031627], [-122.40733899964411, 42.636087999852485], [-122.38212900020915, 42.6460739997717], [-122.38486999999115, 42.650855000143224], [-122.38531400040516, 42.66910600016713], [-122.3911879996064, 42.66546200011608], [-122.39699800013183, 42.66655899972961], [-122.39865000014271, 42.67022400019264], [-122.3914479998974, 42.66998799990971], [-122.39266800008812, 42.677598999979075], [-122.40152599964395, 42.68488800013003], [-122.41033399986935, 42.6871040001108], [-122.41069100024473, 42.69089600002955], [-122.41884499999385, 42.68832500029712], [-122.42586099956802, 42.690404000319575], [-122.43123699972517, 42.681577999942796], [-122.42875799988397, 42.67290000015807], [-122.43418799956946, 42.66994399975784], [-122.43894699995857, 42.66199900012742], [-122.43853900042791, 42.65590499995719], [-122.45315399990737, 42.65370099980923], [-122.45968599978285, 42.638034000229595], [-122.46441199966166, 42.633564000094246], [-122.47548399964316, 42.63940800025968], [-122.47914300039042, 42.639192999868854], [-122.47799799964444, 42.63474199997536], [-122.5588430002447, 42.63493300016166], [-122.57383099999306, 42.63071599983922], [-122.5974179997295, 42.6326070001639], [-122.61429900041149, 42.63087700003463], [-122.6175930003875, 42.642721000176614], [-122.62057500019392, 42.64349699974749], [-122.62475999957437, 42.650811000324516], [-122.63502499981698, 42.65409300008474], [-122.64767500018945, 42.651183000153594], [-122.65058099982792, 42.6575810002141], [-122.65866900035313, 42.66381399981373], [-122.62432199990646, 42.66581400007872], [-122.61518399996817, 42.65689600029949], [-122.61688500038281, 42.66576000022511], [-122.60386900031244, 42.66649900016807], [-122.60619300034296, 42.66925499992228], [-122.59209400034919, 42.66953800018943], [-122.59590299998597, 42.675317999891426], [-122.58694800034579, 42.675814999751616], [-122.58801000035278, 42.67884400004486], [-122.5839149995874, 42.680464000099974], [-122.57565100023344, 42.68053500019859], [-122.58339400007881, 42.68531200003417], [-122.57688099957159, 42.68629499988401], [-122.57820500041771, 42.68844099999609], [-122.57373800010667, 42.692344999937816], [-122.57993000022351, 42.70092100021514], [-122.57367399963424, 42.70288800007675], [-122.5704049997726, 42.70991999983511], [-122.56714299958367, 42.711813999835485], [-122.55712900030953, 42.70924400012789], [-122.55207600019259, 42.71235399999086], [-122.54243799976378, 42.710241000300265], [-122.52152099966426, 42.7121410003147], [-122.51967399965973, 42.71376399980745], [-122.53613100001918, 42.71089300025953], [-122.5474030000172, 42.71193799978804], [-122.5290850003078, 42.71870299984832], [-122.50830499957735, 42.73490099997963], [-122.49394799984071, 42.738985000110894], [-122.48958600000995, 42.73476900012879], [-122.50589199985838, 42.72516799988003], [-122.51415000026287, 42.71690900031098], [-122.51275900036791, 42.71584400018374], [-122.49373600012859, 42.71805799998345], [-122.48392299979761, 42.71569200017174], [-122.47508399961008, 42.7220699999258], [-122.46889900006423, 42.72935299976413], [-122.46923700017302, 42.73314500010694], [-122.46573399995967, 42.73370800028044], [-122.46523600001731, 42.737411999895414], [-122.45707200022242, 42.74127199972926], [-122.45736599995031, 42.74386700029207], [-122.45485899962168, 42.743535000076065], [-122.45896000023485, 42.74679999999656], [-122.44681299982763, 42.7542189997421], [-122.44354599961578, 42.75310099987939], [-122.44623899971724, 42.75495000031597], [-122.439596000412, 42.75786600023386], [-122.44191000039676, 42.760991000222056], [-122.44411999972617, 42.758652000160396], [-122.44853400033375, 42.76021500029954], [-122.44505100021189, 42.761671000024315], [-122.44415800025929, 42.76852900022352], [-122.42387299999648, 42.784521999677786], [-122.43162699971252, 42.78542100028165], [-122.43106799967076, 42.79004799971732], [-122.42714600005608, 42.790361999832044], [-122.4273040002398, 42.79843899985428], [-122.42204199988545, 42.807742999903304], [-122.41466899993594, 42.81292200001995], [-122.41079199962876, 42.820691000276895], [-122.40291200041435, 42.81973599994618], [-122.40004400041072, 42.82301900009995], [-122.39437899965021, 42.823551000232534], [-122.39724900020201, 42.826497999986714], [-122.3919540002357, 42.82972399976074], [-122.39081500023583, 42.83379299983145], [-122.37856300024659, 42.83283999968066], [-122.39439299989395, 42.83713499987778], [-122.38880599984958, 42.83812399974214], [-122.37909100032618, 42.84699800003151], [-122.35957000014453, 42.85230300010303], [-122.36710700012554, 42.85329800024755], [-122.3803309997101, 42.85017600023527], [-122.40173599970623, 42.83986000025076], [-122.42624100040791, 42.84271099988752], [-122.42791599998498, 42.84098400004028], [-122.4170170002559, 42.84012700011211], [-122.43657799972222, 42.83807599985778], [-122.44485100019534, 42.84023599989655], [-122.44567200017791, 42.842018999974805], [-122.44245900039277, 42.84361999978712], [-122.45502400037643, 42.84255699973035], [-122.45801399968052, 42.84681500025196], [-122.48027200034458, 42.846274999782985], [-122.46591200023488, 42.86434799999473], [-122.46324800044577, 42.87132799987329], [-122.45692200043462, 42.8715110000945], [-122.44951199977685, 42.885624000223935], [-122.44337999993445, 42.88788699987555], [-122.43724100041935, 42.8948240000559], [-122.43257599974159, 42.894964999902534], [-122.42790299956619, 42.90013100013366], [-122.42488099957679, 42.895347000266305], [-122.4296190000495, 42.89241300021002], [-122.42546100043324, 42.89363900025489], [-122.42200400025062, 42.899665000055315], [-122.41242799974611, 42.89967199981851], [-122.41291300016799, 42.901794999803194], [-122.41553299957621, 42.899700000179294], [-122.42085000018216, 42.903314999892864], [-122.4143500000937, 42.91034299997889], [-122.40351499993871, 42.915435999827466], [-122.3796489996447, 42.91876999996983], [-122.35234000031012, 42.9151420000549], [-122.34556400003716, 42.91223899986288], [-122.33647899980231, 42.90406299988429], [-122.33151400044721, 42.90363499967342], [-122.33746100034168, 42.90628500021332], [-122.32742299987979, 42.90657799999033], [-122.32580799967886, 42.902866000240294], [-122.31781100028856, 42.900397999988044], [-122.32181300026919, 42.90469899988111], [-122.32270299984876, 42.91279999976028], [-122.35623599998554, 42.9207699999463], [-122.37401899994263, 42.9276580001784], [-122.37769799988311, 42.92532300014989], [-122.41317500010881, 42.92660299995001], [-122.42937999967491, 42.92111400013243], [-122.42374599977487, 42.92778800023111], [-122.42259599990433, 42.932705000238755], [-122.43064800044452, 42.91991999981364], [-122.43793199980726, 42.9173439998012], [-122.43880700021651, 42.911510000142385], [-122.44317099969709, 42.91059199973026], [-122.45080800013557, 42.91549999996353], [-122.45327699993102, 42.910619999737136], [-122.46207000008782, 42.91067100002245], [-122.46108400024882, 42.90574900003083], [-122.46523199981934, 42.902310999991734], [-122.46589999964104, 42.896581999949376], [-122.46842899971094, 42.89435600000436], [-122.46470999958751, 42.88958199982095], [-122.48210099990743, 42.88239599976262], [-122.4871130000165, 42.87518700030361], [-122.49526500011581, 42.87052699982676], [-122.49668399959987, 42.866763999760906], [-122.50979500010482, 42.859784000036306], [-122.5041419999382, 42.85849600005283], [-122.50555999959735, 42.856154000220876], [-122.49832700028823, 42.851493000115575], [-122.50008100040635, 42.84955100028478], [-122.49578800017257, 42.83839400029072], [-122.49934499991427, 42.82577400019802], [-122.49151699968009, 42.81759999999195], [-122.49303999981952, 42.81253400010837], [-122.48777699964026, 42.803824000300835], [-122.49024700015894, 42.802551999705074], [-122.4895049998191, 42.79776599979159], [-122.49348400023352, 42.79192800017657], [-122.49217100015638, 42.7898160002468], [-122.49471500029493, 42.78774500027726], [-122.49589500030268, 42.78025400013784], [-122.5072519997912, 42.78400900016739], [-122.51976200042158, 42.78415299971886], [-122.52002500018733, 42.79513300010176], [-122.5308290003802, 42.800649999781356], [-122.58678699978898, 42.815563999840194], [-122.59906899991543, 42.81279200031391], [-122.60480099972477, 42.8072929996917], [-122.6132990003288, 42.80631999998299], [-122.62731799995663, 42.79969700019159], [-122.63589500020333, 42.79994899991296], [-122.63897099972114, 42.797607000080035], [-122.64213500000076, 42.79895799981437], [-122.64736399984483, 42.8170699999295], [-122.6483749997982, 42.83255100020324], [-122.64565999995544, 42.84906900012486], [-122.63131300026457, 42.86712200010622], [-122.64138099996536, 42.88113599982664], [-122.67718100023126, 42.88108000000755], [-122.67719799994971, 42.866603000092965], [-122.69701700005723, 42.86657200012913], [-122.6970100003845, 42.85209899990209], [-122.71665700006456, 42.852109999920415], [-122.71669899989737, 42.83767100013119], [-122.736328999859, 42.837661000112476], [-122.73636700039216, 42.8234959997325], [-122.75603300033877, 42.823194999986725], [-122.75607900036954, 42.82858899979222], [-122.75265099960095, 42.82872699987452], [-122.756977000345, 42.830026000057686], [-122.75419800002983, 42.83371399988608], [-122.76263999965902, 42.83708499999311], [-122.76520200023923, 42.84495000009143], [-122.77035900011327, 42.84552800027714], [-122.76909299989178, 42.84679300030313], [-122.77325700025413, 42.85372200004603], [-122.777650000047, 42.85629799977097], [-122.77736200016693, 42.86040700001777], [-122.78399600014966, 42.8610189998929], [-122.78598100024647, 42.867208000284535], [-122.79233200037197, 42.86272399975515], [-122.80059200042632, 42.86330900013917], [-122.80470300018688, 42.86780500027867], [-122.82389200010756, 42.878109000237295], [-122.8313370000271, 42.890667999797984], [-122.83735199969362, 42.88815499986749], [-122.841728999593, 42.89204799984167], [-122.83959600025652, 42.886369000176266], [-122.84303300034762, 42.88574199967282], [-122.83989400018237, 42.88437499992777], [-122.84423400027178, 42.87522199983623], [-122.84857799966086, 42.87788700008556], [-122.847478999844, 42.88167100015576], [-122.85355499960988, 42.880266000071614], [-122.85915500007303, 42.88291900004272], [-122.8614539999892, 42.87959200011321], [-122.8700859995892, 42.87977199978938], [-122.87169300029252, 42.88498299982105], [-122.87337999956517, 42.883107000072], [-122.87928600035005, 42.88643799989593], [-122.87629000029992, 42.88996800026747], [-122.88115799957063, 42.894509000298015], [-122.87937000001567, 42.896418000173476], [-122.88063600023715, 42.90261700020605], [-122.8890949995848, 42.910006000098015], [-122.88793700021665, 42.91367599997382], [-122.87554700013514, 42.91112799990898], [-122.8775210003613, 42.91308699996621], [-122.87618599964453, 42.91569399994931], [-122.86992999995358, 42.91780899983538], [-122.87880099992817, 42.92064800013408], [-122.8719109998524, 42.92809899984599], [-122.87379399984196, 42.934644000106765], [-122.8716849998966, 42.934601000013835], [-122.87077600005051, 42.930968000319616], [-122.86195899960424, 42.931846000183434], [-122.86017799972196, 42.92530700020606], [-122.84852800033049, 42.926755999805856], [-122.84505799972908, 42.92945699996638], [-122.83867800018956, 42.92424900029053], [-122.82371399983232, 42.92437900030182], [-122.82289100019992, 42.930153999821435], [-122.82958600028203, 42.93742199989557], [-122.82146500014487, 42.94163400029053], [-122.81920899988644, 42.94993599967915], [-122.82336999987574, 42.95478199978574], [-122.83067800042625, 42.95386599987473], [-122.85082200022377, 42.96186399973962], [-122.85628500041959, 42.961059999846015], [-122.85907700025521, 42.963867000150806], [-122.87232199975615, 42.96372600017488], [-122.8783380001459, 42.9680579997923], [-122.86856199962483, 42.96537000010658], [-122.86900400038901, 42.968976000310406], [-122.86593600036886, 42.97315499973684], [-122.85261099960368, 42.97924699991891], [-122.84853699965299, 42.9847579999179], [-122.84543600002085, 42.9838960001447], [-122.8457840001754, 42.98106300001898], [-122.83988099976355, 42.98357400023908], [-122.83670599961326, 42.98754199990932], [-122.83960399975413, 42.992873000120106], [-122.83435900001653, 42.99471599969322], [-122.83209799973521, 42.99328599990991], [-122.82814199978532, 42.99525399967493], [-122.8274079998414, 42.9982859999535], [-122.8147700000628, 42.99147599990959], [-122.80998899993237, 42.99939499980403], [-122.81267199998807, 43.00459500030067], [-122.81018499975096, 43.00603499999805], [-122.80975499958065, 43.010102000139284], [-122.80096899999484, 43.013339999712166], [-122.79530099975962, 43.01286799997663], [-122.79436599997427, 43.02091900012282], [-122.79633099997959, 43.02647900001224], [-122.78622499974564, 43.0308299996749], [-122.78497600014089, 43.034729000073455], [-122.77684800033103, 43.033654000049175], [-122.7769999997687, 43.03072799982955], [-122.7741910002146, 43.033514999996015], [-122.77608699972463, 43.035116999718916], [-122.77585400009612, 43.03574899991364], [-122.77014800022607, 43.03363599995138], [-122.76789299979254, 43.04061800013539], [-122.75169700044731, 43.033440999976314], [-122.75569500022999, 43.04078399982279], [-122.75196000021303, 43.04363600029806], [-122.7399900002561, 43.043411000172874], [-122.73634599957745, 43.04705399995256], [-122.73004300003083, 43.04534200008643], [-122.71338400000501, 43.049919999914465], [-122.70096399978627, 43.04947700009703], [-122.69151000037881, 43.05540500009988], [-122.68422199991976, 43.05545599988204], [-122.67265100017104, 43.06077599980784], [-122.66630199969534, 43.07053199971981], [-122.67193800014351, 43.075410999802784], [-122.66455699979805, 43.07364499969437], [-122.64947299979019, 43.08317300021029], [-122.6549490004048, 43.08860699970835], [-122.65649199973738, 43.098364000032525], [-122.66329499977451, 43.10146400017137], [-122.66623499974817, 43.10548899978653], [-122.68815699995328, 43.111884000059156], [-122.68317800035446, 43.10571399968683], [-122.68820999965672, 43.10404100031477], [-122.68544600030847, 43.100492999710255], [-122.69242300042288, 43.101696000176666], [-122.69494599974672, 43.104689999905716], [-122.69888499997813, 43.09841100027053], [-122.70204900025779, 43.10219300009869], [-122.70907099967972, 43.09966699995188], [-122.7139899999024, 43.10298599974914], [-122.71269199989385, 43.104980000070746], [-122.70616099984329, 43.10533800030204], [-122.70778500026508, 43.109263000168276], [-122.70518000002714, 43.11241100000863], [-122.71870900010853, 43.10802099994832], [-122.73214100010551, 43.11277300031385], [-122.7350479995689, 43.107108999891835], [-122.74667000026959, 43.10258200014211], [-122.78122100003246, 43.07700499998242], [-122.78268399989743, 43.069749999710226], [-122.77775200015428, 43.06491400007395], [-122.77481600037859, 43.05732299973828], [-122.77611900041, 43.053349999885455], [-122.78412599984601, 43.05039999980662], [-122.78816999965943, 43.041113999979444], [-122.81458500011483, 43.03483900001563], [-122.81612699962255, 43.02639599992008], [-122.81776100009007, 43.02887499983295], [-122.82309600023935, 43.02556399970257], [-122.82447999956332, 43.02948500017255], [-122.82229399962506, 43.034871000069266], [-122.81745899996625, 43.03681500009686], [-122.81686200028969, 43.04064099979456], [-122.82268100013766, 43.04766700022398], [-122.83238999981324, 43.0468460002302], [-122.84203599973968, 43.05027699988862], [-122.84889099965534, 43.048470000047594], [-122.86041700009655, 43.049745000017715], [-122.86299300002213, 43.05742500000815], [-122.87033900020748, 43.05940499970127], [-122.86918699978882, 43.062913999943234], [-122.87956400018442, 43.06234999994682], [-122.88059299968113, 43.06450599990023], [-122.8860180002421, 43.06489300004925], [-122.88322399985829, 43.059863999746845], [-122.87561300025739, 43.05914900009653], [-122.87536100036235, 43.05691700022556], [-122.86980600010502, 43.054454999724534], [-122.87498300007056, 43.05129600014525], [-122.87449900037188, 43.04854500012303], [-122.86847799995927, 43.04533999972731], [-122.86898400029754, 43.0425160000985], [-122.87551699999794, 43.03747899988196], [-122.87168099969863, 43.03523099968664], [-122.8737839997962, 43.030055999740206], [-122.87312000017249, 43.01889399986409], [-122.87885399963163, 43.015742999714874], [-122.8794369999628, 43.009798999880125], [-122.88178500028279, 43.009635999794426], [-122.88423900000963, 43.011806999693725], [-122.88604199963324, 43.020664999991034], [-122.88952099955713, 43.02266000023881], [-122.89200199994649, 43.019833000258174], [-122.89787900041907, 43.021358999855394], [-122.8993179999946, 43.01853800015232], [-122.9017530003532, 43.02067100019759], [-122.90561399986852, 43.0192459996898], [-122.9063019997817, 43.02411800026509], [-122.90916599958739, 43.017939000050866], [-122.91495199982336, 43.01982500009237], [-122.90323600030966, 43.01507200013147], [-122.90370199956668, 43.01018900030818], [-122.90046700004022, 43.006336000114636], [-122.90816800005281, 43.00618599982843], [-122.91389300018942, 43.000408999848005], [-122.92217300033526, 42.99855400006007], [-122.92220299957415, 42.98978600002422], [-122.91728300042487, 42.989795999701386], [-122.91729099992249, 42.98252099980719], [-122.90744599980445, 42.98263200018264], [-122.90743900013176, 42.97534900026882], [-122.92228600031314, 42.97518600014687], [-122.92297099985326, 42.98185499991791], [-122.9346670001738, 42.989782000284315], [-122.94194200021404, 42.9897880002226], [-122.9433549998503, 43.00760499974287], [-122.95655800041673, 43.0050809997679], [-122.9586110002856, 43.006420000220054], [-122.95769499986848, 43.00846900029639], [-122.96564100010346, 43.01015800029236], [-122.96433700024716, 43.0123369999613], [-122.96646299991093, 43.01651799981853], [-122.96359900010525, 43.019882000183856], [-122.96571600044653, 43.02374100030821], [-122.95747300011062, 43.02574200013373], [-122.96228500020318, 43.02886100012643], [-122.96627299994013, 43.028162999830016], [-122.97386299962463, 43.034049000172814], [-122.96858500027507, 43.039285999799375], [-122.97313100022885, 43.04204200031264], [-122.9698409995525, 43.04548799986481], [-122.97361900012548, 43.05018199992188], [-122.9676010000859, 43.05767400007016], [-122.96151799974899, 43.05658600008227], [-122.9632710000422, 43.058722000033875], [-122.95969599985881, 43.05995300016445], [-122.96306199980482, 43.06129999980354], [-122.96342699967782, 43.066531000060436], [-122.95798899959634, 43.06882000030872], [-122.96084200042971, 43.072233999838005], [-122.95344199981767, 43.073772000162045], [-122.95288500032407, 43.07659000025114], [-122.96260800024336, 43.085025999684], [-122.9718380002432, 43.07985499989417], [-122.96690300012699, 43.070390999682516], [-122.9744509999787, 43.0628839998646], [-122.97628700011258, 43.05704999984142], [-122.98513399979772, 43.056532000264134], [-122.98461199956591, 43.05397299998268], [-122.98774400005851, 43.05162799970763], [-122.9882779999859, 43.04132699968118], [-123.02052099961178, 43.041204999871624], [-123.01229400006773, 43.04984599998531], [-123.00091900013756, 43.05394599991367], [-122.9877370003858, 43.064886000039415], [-122.98765899966969, 43.07088099971557], [-122.9906439998492, 43.0683019997622], [-122.99423900012407, 43.070344000254224], [-122.99130499999819, 43.07130199989768], [-122.99107400001952, 43.07195300012536], [-122.99035699979402, 43.072127000227745], [-122.99027599960317, 43.07226399993438], [-122.9972970000985, 43.06973799970623], [-123.00887399969503, 43.07237200002847], [-123.01175900031542, 43.07004800015036], [-123.0200860003169, 43.07129000019748], [-123.0350670003926, 43.06625399980647], [-123.02813799995877, 43.06697100025509], [-123.02579399983676, 43.06629399989677], [-123.03971100025565, 43.06259000028621], [-123.03520799995958, 43.07384400000543], [-123.03773799985443, 43.0759859997975], [-123.0371739997898, 43.08180500015104], [-123.03614699994291, 43.08423599996779], [-123.0313569995917, 43.0842409999897], [-123.03135599976677, 43.10689599981549], [-123.0372630003766, 43.103369000012435], [-123.04145899962766, 43.112284999708045], [-123.05105199985063, 43.108919999863204], [-123.04961900012289, 43.10696500026313], [-123.04489800026694, 43.10761700012123], [-123.04784400008838, 43.10264699994713], [-123.04515900038284, 43.10225200021873], [-123.04897600041556, 43.10083900012815], [-123.07457900021093, 43.09663099996691], [-123.0699889998762, 43.10068500019877], [-123.06867699962397, 43.110625000204436], [-123.09442199970955, 43.09313600031772], [-123.09949800029106, 43.085583999896706], [-123.10166099976479, 43.08803999986723], [-123.10810099957877, 43.08650500027221], [-123.10750100042746, 43.0896959999375], [-123.11202200026686, 43.0829519997223], [-123.11469899957648, 43.084684999785495], [-123.11092000007689, 43.08716400029806], [-123.11179700013595, 43.08994500012028], [-123.11445900027528, 43.087210000122724], [-123.12407800043748, 43.08727400002103], [-123.1132509997801, 43.09570099986933], [-123.12790700016579, 43.09279699976997], [-123.11593100036107, 43.09782700004154], [-123.11500599972314, 43.10112900017026], [-123.11106499984184, 43.10256599974559], [-123.11516100043215, 43.10663300002876], [-123.11212199982597, 43.10966799973826], [-123.12262300007013, 43.10412300008097], [-123.1308010001087, 43.10407999980138], [-123.12193900035493, 43.11785199986281], [-123.1005069996963, 43.129175000122075], [-123.09207599993775, 43.129732000119354], [-123.08292399975575, 43.12609400003192], [-123.07305600007147, 43.127165999960084], [-123.08729800018038, 43.12983500027407], [-123.08906300016916, 43.13162000017083], [-123.08526100020505, 43.134982000151126], [-123.08745999966378, 43.13650600005495], [-123.08283599989218, 43.13851199996636], [-123.08291100023527, 43.136449999863494], [-123.08040499973156, 43.13609400006925], [-123.07883899993442, 43.13903300022387], [-123.08074100019053, 43.13740600002955], [-123.08154799992941, 43.14086300029833], [-123.08855099998307, 43.140686000003804], [-123.06534099981519, 43.14414200010942], [-123.06835000028416, 43.145500999885016], [-123.06495400020088, 43.15022199990872], [-123.06786499986225, 43.1556820002932], [-123.06578699987902, 43.1706350001663], [-123.13647799966641, 43.170537999906884], [-123.13698400000472, 43.16831900024938], [-123.14207499975653, 43.16761299982402], [-123.14067999966359, 43.16451200030938], [-123.13631199998508, 43.1628619997642], [-123.14541200028853, 43.1573569998652], [-123.14557600032005, 43.14859899979912], [-123.155021000405, 43.148435000071224], [-123.1591039996782, 43.143003999799014], [-123.16470800033932, 43.14608699977598], [-123.16473099990553, 43.14197699993749], [-123.17297400024144, 43.1418389999222], [-123.17746199957055, 43.13842700014982], [-123.1812650002579, 43.14019900008938], [-123.1852300004286, 43.13851199996636], [-123.18510499985683, 43.134490000186524], [-123.19752500007554, 43.13266899975323], [-123.19869199966453, 43.13622900024625], [-123.20424699992182, 43.13912299998227], [-123.1967839995606, 43.14516900030609], [-123.20350299993217, 43.14714199987401], [-123.19673400023021, 43.15023100020955], [-123.19052200002189, 43.151611000069295], [-123.19143400024103, 43.149972999798976], [-123.19037100040913, 43.14832799989161], [-123.19106099997212, 43.14671800011951], [-123.19101800031441, 43.146169999740366], [-123.19077499974185, 43.14580600005507], [-123.18728800032032, 43.15400299984838], [-123.18084000011046, 43.15327299974102], [-123.14899199959648, 43.16227500026249], [-123.1556540000666, 43.16444399977113], [-123.15698999970999, 43.166394999771505], [-123.15477799983246, 43.1682400001275], [-123.16416199981806, 43.17740699992968], [-123.1591539999069, 43.1784630000615], [-123.1560349998331, 43.174436000204665], [-123.15076599980608, 43.17474300015883], [-123.14437799987064, 43.17074700010533], [-123.123541999962, 43.17612900006009], [-123.11909899994038, 43.174443000139696], [-123.12113099989284, 43.176662999709556], [-123.11947200020927, 43.17996400027341], [-123.1152140001356, 43.18067000007401], [-123.11243499982042, 43.185220000087], [-123.12066200026278, 43.18520300015581], [-123.12753100042215, 43.188481999760604], [-123.13093699965282, 43.19178999978844], [-123.128590999881, 43.19468600006037], [-123.12986200012536, 43.20002299968726], [-123.11850599956347, 43.209327000187784], [-123.11083700023623, 43.2072049996772], [-123.1072300002658, 43.20864199971403], [-123.10688899978396, 43.21326300020141], [-123.10338399992077, 43.208704999813115], [-123.09460900020565, 43.209109000315266], [-123.0956839997331, 43.206952000063495], [-123.0886799998545, 43.207410000121506], [-123.08780699999342, 43.21164399996205], [-123.0858920002168, 43.205858000175375], [-123.08262500000498, 43.20250500022503], [-123.08476800028554, 43.206241999740975], [-123.08333399983457, 43.2110209998802], [-123.0807949997189, 43.21199699967986], [-123.08122200041448, 43.20737600017533], [-123.07838899967263, 43.204695000199685], [-123.0671579996825, 43.205054000028866], [-123.06839600031489, 43.19062899971391], [-123.06524899975369, 43.18663399998508], [-123.05305600021399, 43.17859599974592], [-123.04753000026903, 43.177681999866635], [-123.03634699995945, 43.17714900027779], [-123.03085600017455, 43.182648999824394], [-123.02850600020477, 43.18210200028458], [-123.02840599974738, 43.17294899992875], [-123.02136500005886, 43.16294699967772], [-123.0011969999719, 43.16129600018585], [-122.9965639999795, 43.164782000003704], [-123.00017599997281, 43.16525099987084], [-122.99563199966886, 43.167130999996964], [-122.98533499963918, 43.16662200009333], [-122.98210099993766, 43.174997999737016], [-122.98301999982951, 43.184936000268316], [-122.97688899981202, 43.18802300024979], [-122.97327799964361, 43.195029000058554], [-122.96676199966167, 43.19493499999881], [-122.965552000415, 43.19167699972132], [-122.96046900016078, 43.1909420000322], [-122.95990699974598, 43.18890400026085], [-122.9576110002029, 43.190118000264604], [-122.95680399956574, 43.201432000166406], [-122.95046500003411, 43.20908499994529], [-122.94754000012905, 43.217708999726405], [-122.94934100010285, 43.23180399989408], [-122.94780399971968, 43.22857199993236], [-122.93259800041142, 43.21814100015423], [-122.93538500022422, 43.223653999898055], [-122.93269499959747, 43.22698599968001], [-122.93379400031269, 43.228826000310605], [-122.928654999982, 43.232370000309864], [-122.92787599983225, 43.239128999774735], [-122.92282500026342, 43.2404720001746], [-122.9139419996949, 43.23141200023946], [-122.90716399977214, 43.233141999794036], [-122.90789699989116, 43.236041999818866], [-122.89561300011488, 43.232992000157836], [-122.89499700017173, 43.235428999866], [-122.899302999926, 43.23931199988278], [-122.89794100034337, 43.24109700021703], [-122.8876230003973, 43.240340999761315], [-122.88357399966269, 43.236926000142134], [-122.88490900037947, 43.23409199982443], [-122.88201399971331, 43.23442200030314], [-122.88409500006956, 43.231385999966186], [-122.88234199977639, 43.2287550003269], [-122.88669100008664, 43.226834000280405], [-122.88706299963233, 43.223158999751234], [-122.88523599971927, 43.22627100002053], [-122.87372299969685, 43.2321899998619], [-122.8750519996675, 43.23592499986419], [-122.87891100043134, 43.24192199974828], [-122.88607900034147, 43.245630999939806], [-122.90101900040926, 43.248772999773344], [-122.90016200044171, 43.25226299989652], [-122.895319000387, 43.25578700002932], [-122.8849639997327, 43.254224000081074], [-122.8765489998677, 43.25788899997483], [-122.8642850001829, 43.25677900014289], [-122.85051199970405, 43.25874400000039], [-122.82387600021401, 43.24820500029222], [-122.83939600023996, 43.24937199992042], [-122.84492300000989, 43.25272899967552], [-122.85373000041038, 43.25068799994514], [-122.84555300019673, 43.24954500016975], [-122.84007499993233, 43.24522399973502], [-122.831518999602, 43.245510000003804], [-122.82866499984205, 43.241988999794806], [-122.82267899958953, 43.241628000304104], [-122.81892900040226, 43.23815700028726], [-122.80541000036663, 43.239639999677365], [-122.80138900011943, 43.24382400024144], [-122.80910900039859, 43.253551000191436], [-122.80722700023395, 43.26083099999358], [-122.81112799993224, 43.25881600000541], [-122.81498599997283, 43.26053599996421], [-122.81585999965885, 43.25831000020234], [-122.81707400000181, 43.258407999941745], [-122.81831799958368, 43.268706999943184], [-122.81318499999908, 43.27760100009474], [-122.7965090002548, 43.28126999978235], [-122.79263500032069, 43.27971399969682], [-122.79064000017814, 43.284352000207726], [-122.78205100023582, 43.282335000144435], [-122.78154400007264, 43.27667500029503], [-122.77944199979999, 43.27545799987004], [-122.7811039998566, 43.27343599967807], [-122.77778999978912, 43.27278300013525], [-122.77597700011975, 43.26931899981643], [-122.7738520002809, 43.26982099991316], [-122.77482300005127, 43.27172700007038], [-122.76778900003548, 43.27309499997761], [-122.76747600004103, 43.26541099990496], [-122.75730100021008, 43.261782999872445], [-122.75914900003956, 43.26710300024713], [-122.75453899961335, 43.26716899991518], [-122.75529199982385, 43.27394600016216], [-122.7485089998782, 43.27308700018611], [-122.74338799998917, 43.27943800000511], [-122.73936900029008, 43.27915000024314], [-122.73943700006214, 43.28301600012601], [-122.73032699971296, 43.28953699974746], [-122.73041100027686, 43.293680999795924], [-122.72670999969677, 43.29748800019299], [-122.73058899965376, 43.299910000220166], [-122.73069199958593, 43.302498999935146], [-122.71660199981298, 43.295929000073265], [-122.70728499977456, 43.29933199975193], [-122.69311100033603, 43.29775900015894], [-122.67717299983536, 43.30448500000852], [-122.6571899996963, 43.2987870000042], [-122.6382870000059, 43.29788099986275], [-122.61921899956077, 43.29313500001815], [-122.61383200043127, 43.29613699991462], [-122.60751399991771, 43.2959539999221], [-122.60266800038828, 43.289914999844314], [-122.59629499962315, 43.28949500024556], [-122.59361800031354, 43.286916000285586], [-122.57349999955697, 43.28780200011686], [-122.55449399993442, 43.29507100023581], [-122.54657000033906, 43.2916420000438], [-122.53953700014817, 43.2933930001145], [-122.51809100014417, 43.280599999786304], [-122.51326200033317, 43.266111000223376], [-122.48741500014032, 43.2615910003036], [-122.44927900014835, 43.272208999835975], [-122.44661899965884, 43.26345399974564], [-122.41810600002705, 43.26105400001183], [-122.4119409996744, 43.25583900002247], [-122.38345999982964, 43.24618999996901], [-122.37547500013493, 43.24114499996041], [-122.35351000027214, 43.24247800007136], [-122.35009099972436, 43.237215000071444], [-122.33589100034659, 43.233105999679395], [-122.33875400032734, 43.22651199997307], [-122.34928700035856, 43.22151800018059], [-122.34153699994218, 43.22024200010694], [-122.33438099972763, 43.22314799993507], [-122.33945099956303, 43.21841900011425], [-122.33477800028598, 43.216236999969986], [-122.33651099958936, 43.21185199980187], [-122.33015699998914, 43.21036099975295], [-122.32566799993677, 43.211985999814075], [-122.32827800019753, 43.20606600010374], [-122.33199300012299, 43.20623799971022], [-122.31586499965152, 43.2040140002691], [-122.308098000415, 43.20004699969361], [-122.29202299964696, 43.20306299978683], [-122.28546599965712, 43.19835099979921], [-122.28786599985561, 43.198242999968535], [-122.2864620004402, 43.194475999898515], [-122.27669599996487, 43.18363700021314], [-122.2787250004426, 43.17459299967838], [-122.2768380002551, 43.16987899995583], [-122.27742900008387, 43.156279000300195], [-122.27499100025054, 43.15362400017719], [-122.27550400026155, 43.14854200006348], [-122.27053300016033, 43.142779000016546], [-122.27405100044228, 43.141218999857394], [-122.27448499991226, 43.13726400022321], [-122.26141000029065, 43.13517699970531], [-122.25308999996186, 43.13857599998929], [-122.23570799986275, 43.12727299980676], [-122.22737599983844, 43.12771299973936], [-122.21333700011913, 43.12270699981022], [-122.21069300042146, 43.1176520002369], [-122.20195999964082, 43.116598000162355], [-122.191054000239, 43.108326000143876], [-122.18365600017512, 43.105985000223605], [-122.20681299974126, 43.0923560002664], [-122.2213040002705, 43.09107000013561], [-122.22765200002293, 43.084211999725596], [-122.22942100020967, 43.07449500013549], [-122.23332000025816, 43.07159500026923], [-122.23089199957228, 43.0677480002269], [-122.26668599999039, 43.06772599971788], [-122.26689000020487, 43.01171900010385], [-122.28270700033175, 43.010714999739015], [-122.28272300022529, 43.00173099995053], [-122.28075800021996, 43.00013800015629], [-122.28272800024813, 42.99511000000223], [-122.28377799966125, 42.90170200025869], [-122.26683900015126, 42.90028899979282], [-122.23153099997992, 42.883350000115314], [-122.21187599990397, 42.88280099980172], [-122.19929000000388, 42.88725299980745], [-122.18645300003367, 42.881832999892765], [-122.1860420001299, 42.88030000011075], [-122.19108699985098, 42.88019299974995], [-122.18426899974521, 42.871756999849865], [-122.17233800014637, 42.87140300024545], [-122.17102699971903, 42.87320899972407], [-122.14633000029505, 42.86712300022383], [-122.14258299968421, 42.87355700008169], [-122.14244999961483, 42.88039699994534], [-122.13846000022806, 42.87812200010878], [-122.13228499982966, 42.88818600017946], [-122.13450199973003, 42.894077999875684], [-122.13354400037844, 42.90202799980076], [-122.13603599974012, 42.90512999976395], [-122.1383930002809, 42.90213899997005], [-122.13969600031231, 42.90455900008911], [-122.14430900021323, 42.90067100007813], [-122.1481420001395, 42.9016699999443], [-122.14627199967042, 42.90730899973338], [-122.14916099959045, 42.91025700004772], [-122.14800700042028, 42.911806000238386], [-122.1604569998779, 42.915204999842274], [-122.17127500031448, 42.929534000225615], [-122.16959599964112, 42.933385999692995], [-122.17152100036176, 42.93721100015139], [-122.18062800033792, 42.941584999780034], [-122.16948799968608, 42.94553700014734], [-122.17362799975899, 42.9543789999011], [-122.1520930000665, 42.965316000228434], [-122.15241600010671, 42.98225600010764], [-122.14611100001193, 42.98604200011713], [-122.14211300022924, 42.99227700022904], [-122.13630100005398, 42.99444299981364], [-122.13300799990293, 43.00631099976394], [-122.11922500027666, 43.027535999710416], [-122.11738800031786, 43.04032300023135], [-122.12248699956729, 43.05466999976438], [-122.11629199997567, 43.0872859998715], [-122.12124399981033, 43.09141300008301], [-122.12222600034968, 43.09562700009713], [-122.13014300027234, 43.1010549997427], [-122.12933499981024, 43.10680800017722], [-122.13464700039329, 43.121806999894986], [-122.12622099975933, 43.13342399979509], [-122.1285420003151, 43.14919799977442], [-122.12443900005212, 43.15778799974321], [-122.12801900025838, 43.165748999720854], [-122.13063799984165, 43.19072899979131], [-122.13510199977965, 43.20090599987178], [-122.14160299969299, 43.20590899971977], [-122.15757700017869, 43.21003099995736], [-122.1609420002998, 43.2196929998148], [-122.16728900022734, 43.22639600021806], [-122.16665599966746, 43.233833000218056], [-122.16851699991567, 43.235929999922774], [-122.16531699965104, 43.23894900031233], [-122.17178699960223, 43.24530099996461], [-122.17095499974903, 43.25513699996698], [-122.1766489999235, 43.258199000327], [-122.16069999955215, 43.25364100000863], [-122.15602499972697, 43.27043999974597], [-122.1478629995819, 43.286279000271904], [-122.1501690000691, 43.299291000101576], [-122.15948399955938, 43.30787900004701], [-122.15537000032406, 43.31134299993845], [-122.18306100014838, 43.31419199985879], [-122.19046500006006, 43.32189800000463], [-122.21412700013956, 43.33847000021086], [-122.22019200003479, 43.35942499996605], [-122.23998600002794, 43.357153000088324], [-122.23801699982467, 43.36220900030731], [-122.24394399962765, 43.35755700028741], [-122.24476799998325, 43.361144000227696], [-122.2602889998341, 43.35602400023987], [-122.28206100025137, 43.35371000018441], [-122.28585900001752, 43.35211300022305], [-122.28470800032207, 43.34895399975379], [-122.29295999998048, 43.34596399999389], [-122.2944880001428, 43.34074400030629], [-122.30699600022506, 43.333165999724116], [-122.3151170003622, 43.33227699981054], [-122.31949300043665, 43.326738000035945], [-122.32649399994219, 43.33380700004131], [-122.32471700025785, 43.330468000230546], [-122.33317999980346, 43.32837299999115], [-122.33813800038419, 43.32290700023231], [-122.36102299996374, 43.31734899992693], [-122.3651300004247, 43.32032599998291], [-122.37174599996575, 43.332421000176296], [-122.38169999986374, 43.332517000012636], [-122.37986799992782, 43.3351649998729], [-122.38479399982317, 43.33558399987804], [-122.38572000028604, 43.33842200011677], [-122.39193999999202, 43.340747999999266], [-122.3868290001487, 43.343693000028765], [-122.38856800019822, 43.347076999794695], [-122.40083500025604, 43.348673000194204], [-122.40138199970389, 43.35087699972252], [-122.39674399968862, 43.349108999693385], [-122.38808500032445, 43.35118499968], [-122.39262799990517, 43.362171000319506], [-122.40512599994169, 43.371687999721516], [-122.4042320001642, 43.37543500027497], [-122.40922699965654, 43.37275300014322], [-122.40597700006148, 43.36982300014311], [-122.40847199979622, 43.3671920003191], [-122.40184200001144, 43.36443000024995], [-122.40314500004285, 43.360420000191205], [-122.41122599999703, 43.35447000015848], [-122.41409800019863, 43.3547889997224], [-122.41280299966483, 43.349870999999965], [-122.41643499974961, 43.347166000276296], [-122.41251999980763, 43.34491200002029], [-122.4139120004258, 43.34266499991545], [-122.40861800028442, 43.340076000187295], [-122.40354500007594, 43.34127699986816], [-122.3982199999724, 43.336417000063264], [-122.39914800008506, 43.33488399986391], [-122.39230599968988, 43.324286999729196], [-122.39663400008375, 43.32459099986581], [-122.40424999970755, 43.318051999992285], [-122.40778399988304, 43.32143799994412], [-122.41866400024388, 43.3240249998914], [-122.4225800000108, 43.33069200028145], [-122.43261799957438, 43.328092999726636], [-122.43798000038616, 43.32911200014989], [-122.44399199967962, 43.31840099967835], [-122.44336400004093, 43.31290599983255], [-122.45373899988836, 43.32187299971433], [-122.4652999995914, 43.30666600022012], [-122.47711300008781, 43.3019860001316], [-122.47912900014674, 43.295389000307274], [-122.5012399995994, 43.3056010003092], [-122.50262200017183, 43.30676100007295], [-122.49871100042778, 43.30572899969708], [-122.49753999974253, 43.31001899980765], [-122.50428599987826, 43.31291200016116], [-122.50701800033775, 43.31359999992628], [-122.51233800041842, 43.309929999786725], [-122.52138400029524, 43.31063500023549], [-122.51742900017024, 43.316381000122135], [-122.51079400036261, 43.31952299969251], [-122.51134199963538, 43.3221609997686], [-122.50815399996459, 43.32338400024353], [-122.50980400032563, 43.32552900024753], [-122.50569000019199, 43.326742999825136], [-122.50832999969168, 43.33069699974512], [-122.51194599988298, 43.331091000102234], [-122.51838800024508, 43.3454980002006], [-122.52944000013507, 43.35207699991747], [-122.54013499964967, 43.35181200022281], [-122.54098400011962, 43.35002899984849], [-122.5488819997757, 43.352362999687315], [-122.56147600007166, 43.346331999761624], [-122.56396599978353, 43.34013499987461], [-122.5780920004398, 43.34410099980363], [-122.57936899963363, 43.33924099999354], [-122.58576400014007, 43.338429000173655], [-122.59154899965283, 43.34171800008803], [-122.59866200020967, 43.337624999746275], [-122.60423400018541, 43.33915699972722], [-122.6113369997982, 43.334552999926935], [-122.61859799959475, 43.33672999983444], [-122.62744299963008, 43.33278899970499], [-122.63797700038451, 43.3330610001394], [-122.64026600025491, 43.32762399990432], [-122.65045699997937, 43.326688000161184], [-122.65142600009993, 43.32269100003102], [-122.65532400032352, 43.32057499971032], [-122.65758200023178, 43.32301099983748], [-122.66448400000313, 43.322925000214404], [-122.66717700010456, 43.329744000168496], [-122.65993899987424, 43.3327830000324], [-122.66703499981436, 43.33423199979875], [-122.67588599969746, 43.33172499992836], [-122.6865810001104, 43.32153200032202], [-122.69114999963035, 43.32698800009949], [-122.73251000017648, 43.34618099990494], [-122.73102700021998, 43.348924000225495], [-122.73990200039258, 43.351006999920656], [-122.74374199999149, 43.35444900030852], [-122.75149099968465, 43.35527000019639], [-122.7490920002094, 43.35779399993649], [-122.75364300018602, 43.35583000028357], [-122.75412299968674, 43.35162899998992], [-122.75740900016511, 43.353715999748765], [-122.7575749998465, 43.35191199971356], [-122.76315900041608, 43.35292900011451], [-122.76586000001515, 43.35570699999], [-122.76648299963101, 43.34780400004025], [-122.76423399994356, 43.34519400018219], [-122.77116800040025, 43.34162700029459], [-122.7904400001616, 43.347636000222444], [-122.80066000019835, 43.35385199994859], [-122.81079900004427, 43.37224700003932], [-122.81278699961581, 43.37011499975968], [-122.81064400023358, 43.367671999968906], [-122.81322600000695, 43.36601500001711], [-122.81828199959865, 43.3686969996816], [-122.82507700013818, 43.36698199980845], [-122.8301820001337, 43.369982000052765], [-122.83333100034473, 43.36465899967604], [-122.84668200015089, 43.364528999988146], [-122.88207700036081, 43.35788199975793], [-122.88946200000592, 43.36069300020118], [-122.8863069999471, 43.36146599969994], [-122.88233900030164, 43.36873500015283], [-122.87873300015612, 43.36566600030001], [-122.88003000033974, 43.37101299972266], [-122.88516799994721, 43.37327700001842], [-122.89218900044254, 43.370929000326164], [-122.8902439996304, 43.373970999857406], [-122.89270900012625, 43.37650499979946], [-122.89211999994725, 43.374247999709446], [-122.89787799969585, 43.366564000173476], [-122.91038599977811, 43.368397999903436], [-122.90734000039757, 43.3669349998745], [-122.91775500042799, 43.360081000256265], [-122.9188759999862, 43.36501600006861], [-122.92208000044883, 43.36667200005827], [-122.92782599960351, 43.36605300020941], [-122.95715599991823, 43.374598000018615], [-122.97855300041677, 43.366339000067924], [-122.99286999997041, 43.35797300000312], [-122.99601499998349, 43.362427000155726], [-123.00780400019042, 43.36590099995049], [-123.01520800010209, 43.37271100003203], [-123.02876399994766, 43.3770990003107], [-123.03227499965863, 43.37201599975236], [-123.03090499968006, 43.36976300015516], [-123.04402000038296, 43.36540099986608], [-123.04399699991843, 43.35781100006036], [-123.05501899967118, 43.35262299997124], [-123.05511900012861, 43.34708199986925], [-123.07190799985078, 43.36067700015314], [-123.08127000009505, 43.3633160000937], [-123.08311899974942, 43.3685700001852], [-123.08776199978755, 43.372475000265425], [-123.07384600009192, 43.37461500000459], [-123.07520299965168, 43.383225000193434], [-123.07180699956844, 43.37964500000245], [-123.07049600003941, 43.38422299969912], [-123.06511499985939, 43.382920999838866], [-123.06226600012232, 43.38538099993152], [-123.05966199970933, 43.38847700017925], [-123.06298800037067, 43.390588000104344], [-123.05991799980235, 43.39407700018448], [-123.06013600026058, 43.40013100004657], [-123.04917499970887, 43.41017199970482], [-123.0463679998046, 43.41738500023387], [-123.05903200042079, 43.42248199999987], [-123.06111999955144, 43.42637900029106], [-123.07430200020148, 43.42723599985232], [-123.09181900001978, 43.43766700015531], [-123.0807739998025, 43.43970500007669], [-123.07086199973732, 43.43633200005056], [-123.05270899988439, 43.445276999868234], [-123.03197900028096, 43.44047999972611], [-123.03653699993026, 43.446022000126675], [-123.0406510000639, 43.447182999693815], [-123.03763499992226, 43.45378699984732], [-123.04458400044759, 43.45321200001682], [-123.05148399967077, 43.46064199993005], [-123.04927099996834, 43.46598100003793], [-123.054991999907, 43.46714400006007], [-123.05245699998929, 43.471425000120526], [-123.06507100037679, 43.47323399993894], [-123.0655030001969, 43.48947900021052], [-123.07009400035652, 43.492191000258615], [-123.0744369999207, 43.48846200008022], [-123.08230600016277, 43.489501999702085], [-123.0886589999381, 43.49627300023618], [-123.08636400021992, 43.49280000027389], [-123.0872079997687, 43.486026999834415], [-123.09103599967207, 43.48654699970905], [-123.09136999958291, 43.483035999865365], [-123.0845759997666, 43.472170000318876], [-123.09790900002942, 43.470944000145394], [-123.1025629999382, 43.46477699977431], [-123.10850700035793, 43.467019999922044], [-123.10883399969777, 43.44515399971611], [-123.14902199973369, 43.445199999823465], [-123.16048000040287, 43.4326480002064], [-123.16340299975977, 43.42471399988504], [-123.17631000005021, 43.41261599975356], [-123.17544800005976, 43.41805100012792], [-123.1775639996778, 43.41915200001801], [-123.17553400027347, 43.42115399993546], [-123.18954100020575, 43.4186380000706], [-123.19584299992745, 43.41973199991596], [-123.19819999956991, 43.42048500017573], [-123.19377300034017, 43.42380699973819], [-123.20183500002776, 43.42680299999869], [-123.19170000037981, 43.434330999807216], [-123.18414099975912, 43.434172999750544], [-123.18399400034436, 43.43055100029646], [-123.17898100041033, 43.430589999904214], [-123.1785649995854, 43.43821699971804], [-123.16877999974184, 43.43816799967524], [-123.1689320000778, 43.441919000257776], [-123.16363600028657, 43.44183400010098], [-123.16566599969092, 43.448516000170905], [-123.17135700039064, 43.45115600014768], [-123.15911600027209, 43.46478599991128], [-123.14400499960175, 43.46336100022235], [-123.13442899999552, 43.46810200017601], [-123.13306599968966, 43.475809999804795], [-123.13019400038638, 43.478131999706896], [-123.12264499981143, 43.480867000307256], [-123.10831800021204, 43.48077899979963], [-123.10768200017742, 43.526339000260755], [-123.1021190004225, 43.52379899992029], [-123.08807300013217, 43.52763899970168], [-123.08638500013632, 43.531094000046686], [-123.08185900027404, 43.531369999820974], [-123.07558099994344, 43.53778400014615], [-123.07686899990622, 43.53999600021895], [-123.09806399984008, 43.54007899995621], [-123.09730200030708, 43.545773000109726], [-123.09212399961834, 43.551676000291536], [-123.09894900029506, 43.55094799968244], [-123.0876510003578, 43.562213000223565], [-123.07642000036766, 43.56889500029697], [-123.06787900010596, 43.556079999784096], [-123.06048299969187, 43.55391500005784], [-123.06000900003895, 43.558641999712755], [-123.05639100019789, 43.55575699998642], [-123.04537600011783, 43.56725200017171], [-123.02881300035148, 43.573893000204635], [-123.02705099983743, 43.578150000304746], [-123.0246489999891, 43.57845599979088], [-123.02507300031164, 43.57422699979212], [-123.0276969999178, 43.57242699981413], [-123.02256299960997, 43.57270600008306], [-123.0238539999458, 43.56925800030143], [-123.0208529998728, 43.572187000221184], [-123.01520999975193, 43.58129699969513], [-123.01530600001139, 43.585222999988275], [-123.02514100008372, 43.58666899996877], [-123.03434099994628, 43.59489100028705], [-123.03809900042776, 43.594183000133576], [-123.03767199973218, 43.59634199992772], [-123.03500299992017, 43.59676100013272], [-123.03474199980428, 43.6005780003239], [-123.03031200020146, 43.60363900011188], [-123.02906100004859, 43.609053999692605], [-123.01842599991012, 43.6114679997612], [-123.01754399982819, 43.615813999816794], [-123.00706699987347, 43.61822700017398], [-123.00415500038721, 43.62316500026007], [-122.99806500037761, 43.62228799987281], [-122.98935199968845, 43.62582400009304], [-122.9881669996578, 43.629516000284355], [-122.99044399983266, 43.634788999852134], [-122.99762900035952, 43.636183999898755], [-122.99359899989146, 43.637306000214885], [-122.99400999979521, 43.63940999972857], [-122.98995000008823, 43.64192800007796], [-122.98837300042045, 43.65323600009319], [-122.9838009996291, 43.65454599980515], [-122.98314500040128, 43.657525999810815], [-122.97618099980735, 43.661753999946704], [-122.98714400000887, 43.67504699991605], [-122.98327500009763, 43.684928000251425], [-122.9678339997144, 43.688341000152725], [-122.96112100008897, 43.687358999937324], [-122.9612730004249, 43.68996599997874], [-122.95518000004228, 43.68987100029116], [-122.95135100031399, 43.693051000111794], [-122.94787900006277, 43.69236500010171], [-122.94672900019224, 43.689187000307484], [-122.9492609997369, 43.68623400002217], [-122.9459600000882, 43.68622999977579], [-122.94578799966077, 43.6788950000212], [-122.94286199993083, 43.67967199982668], [-122.94335700039844, 43.67449999980766], [-122.93896299988232, 43.67836699999767], [-122.92607599968336, 43.678760999916236], [-122.92386999965365, 43.67665700018375], [-122.92569800028991, 43.675994000265554], [-122.92639299987577, 43.668491999926225], [-122.93426899979053, 43.66643500004301], [-122.93682499962465, 43.66323400018858], [-122.94409600036522, 43.662570000015485], [-122.9296109996838, 43.65745900031044], [-122.90700700031162, 43.6355079998568], [-122.9015130001537, 43.632718999689146], [-122.90282700005577, 43.6242099997297], [-122.88339399973762, 43.63253200025398], [-122.88609900043295, 43.62880799993936], [-122.87955199959052, 43.630052999756316], [-122.87736999985026, 43.625704999991264], [-122.8786960003462, 43.622715000005186], [-122.87247300026719, 43.62572100020442], [-122.86507000018044, 43.62218099981524], [-122.86523500003689, 43.624658999736475], [-122.85210199979065, 43.629071000299064], [-122.85196500042161, 43.63557599972026], [-122.85097100018668, 43.63278100024612], [-122.845571999565, 43.634106000036766], [-122.8272110001979, 43.62948299989153], [-122.82743700015372, 43.62582999999906], [-122.8317930001367, 43.62108600008839], [-122.82760399965997, 43.61868199996126], [-122.81990799967028, 43.62138899994006], [-122.81867800033208, 43.62643900002271], [-122.82170899964404, 43.6314329998679], [-122.81706899997894, 43.633849999968845], [-122.82273499966601, 43.63521299979693], [-122.82565899974614, 43.63310599969698], [-122.83054799983158, 43.63571700015773], [-122.81755199985271, 43.64153599987069], [-122.81301900031772, 43.64603200026409], [-122.79526399994971, 43.64808399987143], [-122.79594799966495, 43.64437499997787], [-122.7914539995897, 43.63901299997874], [-122.78632400037814, 43.638319999916725], [-122.78501499960062, 43.6352770002525], [-122.77892600031426, 43.6330400002348], [-122.78010999962166, 43.62969299971777], [-122.77479700011202, 43.6285639999784], [-122.77478000039356, 43.624558000030156], [-122.77063500029779, 43.620551999736136], [-122.7718450004428, 43.61574199996601], [-122.76956400006998, 43.608615000116224], [-122.76198100005816, 43.60638700029395], [-122.7616510003453, 43.60124500031089], [-122.74830200018894, 43.586592999989556], [-122.72266400023352, 43.580696000229025], [-122.7130669998126, 43.583256000011446], [-122.70088900034152, 43.58058800016547], [-122.69443100008588, 43.58533899981832], [-122.68903700038537, 43.5855320003023], [-122.69164900029598, 43.582527000140864], [-122.6873710001308, 43.57956899983816], [-122.67474099984979, 43.58178599976292], [-122.68040200041234, 43.58313899991996], [-122.67489900003355, 43.584785999849856], [-122.6628989999394, 43.58332600005755], [-122.66753500030485, 43.58516199995998], [-122.66802499985131, 43.586703999969735], [-122.65773600021755, 43.584624999752606], [-122.65577899970987, 43.58175299985538], [-122.64420999961094, 43.58155699973594], [-122.63544499994154, 43.57821999977997], [-122.6242199997992, 43.5807589999597], [-122.61162999970117, 43.589361000210786], [-122.6066679998208, 43.59805100025546], [-122.60925299996721, 43.60446199984044], [-122.6060069996718, 43.613761000235534], [-122.60776900018584, 43.61729699988891], [-122.61698300029211, 43.6223349998258], [-122.62264599960615, 43.619522000127596], [-122.62638599964598, 43.62901099989555], [-122.62237000031992, 43.632870000084445], [-122.6201919998793, 43.62837800001972], [-122.61063399981644, 43.63038999985761], [-122.60866799998621, 43.627690999923644], [-122.60565299966947, 43.6301390003206], [-122.59825100030595, 43.62661000023644], [-122.5943899998923, 43.626367999973596], [-122.61975800040933, 43.6390449998167], [-122.65529599983611, 43.63964200021024], [-122.6704610000348, 43.64645699992671], [-122.67175599967028, 43.637731999742776], [-122.6735009995676, 43.635957999913444], [-122.67233900000149, 43.64298100008405], [-122.67431499987745, 43.64500900014574], [-122.68845700042725, 43.64507200014556], [-122.69310399976503, 43.639863000046155], [-122.69334399996454, 43.62946900009377], [-122.69719100013448, 43.630771999856165], [-122.71068699970557, 43.64024100022862], [-122.71235499960999, 43.645229999740934], [-122.70747200027063, 43.64781999979136], [-122.70649499975414, 43.65100099987896], [-122.7028600001946, 43.64832700016052], [-122.6952550004415, 43.659191000144624], [-122.69098499977393, 43.66148100012605], [-122.70307899957942, 43.666051999927156], [-122.70844999971371, 43.670868999991434], [-122.71757400030663, 43.659963000091516], [-122.72486199986731, 43.659841000125546], [-122.72084200034334, 43.66134700012882], [-122.71609800002284, 43.66971199976887], [-122.71346699984568, 43.66889099983298], [-122.712546000304, 43.671076000093414], [-122.71580900031785, 43.672438000024265], [-122.71286000012334, 43.67230699970088], [-122.71691200033271, 43.67545899998983], [-122.72513999970165, 43.67381799987159], [-122.75374799976802, 43.67822200014145], [-122.75347499995654, 43.68349900024473], [-122.7576590004104, 43.69199900022669], [-122.7720720002235, 43.70332700016142], [-122.74960100002244, 43.70404799999072], [-122.74377999962633, 43.70696100014612], [-122.73073099994402, 43.70795699986674], [-122.71701000024201, 43.7169460000154], [-122.70569100038831, 43.711379999893126], [-122.69833599998215, 43.70265399967671], [-122.68421799972182, 43.6975329998646], [-122.672867999906, 43.68679899998678], [-122.65805900025774, 43.68168999967742], [-122.6610689996533, 43.684796000149845], [-122.65571500013577, 43.69221900001472], [-122.66848400033395, 43.69648599979387], [-122.65576000034162, 43.69710399980943], [-122.65225999960298, 43.70011799979164], [-122.6713890001475, 43.72084299982441], [-122.66977999979433, 43.72303800001677], [-122.66561799998013, 43.72193999969033], [-122.6679190004444, 43.724386999756604], [-122.67315300031134, 43.72624000031161], [-122.67536099999091, 43.72598900022418], [-122.67488800016288, 43.72345100001378], [-122.68162900027575, 43.72476899971216], [-122.67603999968325, 43.71836400003756], [-122.68358800043329, 43.7222339997568], [-122.69203400026042, 43.73121599975535], [-122.6953540001757, 43.732809999864116], [-122.69892199978808, 43.73072800019702], [-122.69683799995707, 43.7332849999747], [-122.6982270002022, 43.737150000017444], [-122.70308299977737, 43.7413180001188], [-122.72912900016183, 43.74718100003829], [-122.72048999999085, 43.74181199969785], [-122.71961999960446, 43.73690399986796], [-122.71685200005824, 43.7353090001179], [-122.720741000061, 43.73466900020002], [-122.72321400005441, 43.72982899994681], [-122.73390699991918, 43.72889799987065], [-122.73824899965848, 43.71501599975105], [-122.74144399990024, 43.71331300018831], [-122.74988100040491, 43.730985999974756], [-122.75171099979269, 43.724607999896996], [-122.75398899979244, 43.72411399990867], [-122.76552899957905, 43.728695000026164], [-122.75898199963497, 43.73333599974348], [-122.76485200043484, 43.7359980000216], [-122.7697909998507, 43.73509500010938], [-122.77904000011706, 43.73952400026284], [-122.78730900039224, 43.72971499976117], [-122.78526099964793, 43.72424799995855], [-122.7975920001782, 43.7265840000109], [-122.80548800018444, 43.72153800003353], [-122.81452700038854, 43.72354299979041], [-122.82244199976307, 43.72143899988338], [-122.81985699961662, 43.72550999980263], [-122.82310499956188, 43.728620000114226], [-122.82673099979885, 43.725120000180084], [-122.82796299968516, 43.72910000000504], [-122.83666899980331, 43.73412999987091], [-122.850515999902, 43.732983000173896], [-122.85408100003966, 43.73497099993651], [-122.85298100039785, 43.741443999707634], [-122.86171900030304, 43.740433999853295], [-122.86749399977006, 43.74349600018843], [-122.86084399989382, 43.750267999676964], [-122.85762299971276, 43.7471369998653], [-122.84834699968219, 43.74643099977546], [-122.83952599993631, 43.747549999817835], [-122.83725100030962, 43.749096999917256], [-122.83958500038587, 43.75148599998089], [-122.85227800041606, 43.75766999976615], [-122.87873599963083, 43.75862000014879], [-122.88315699991115, 43.76419099975168], [-122.89066200010517, 43.76705300001303], [-122.88177699988684, 43.77631399992448], [-122.87008999978714, 43.77901099997219], [-122.85570200008839, 43.792813999742734], [-122.86545299959678, 43.81801700012611], [-122.85598999996846, 43.815963999677436], [-122.85589799990696, 43.82059299998579], [-122.87051999995747, 43.82669699991178], [-122.8761830001698, 43.83362200027309], [-122.8892229996313, 43.83751799989915], [-122.89560999974182, 43.849426999916794], [-122.89635899975438, 43.85899699984018], [-122.8933269997192, 43.86582899989778], [-122.8950309996086, 43.86996599988094], [-122.89103200000102, 43.87963799985035], [-122.88510900039597, 43.88315800019551], [-122.87422599966207, 43.88438399974173], [-122.8492329999621, 43.8800859999424], [-122.86564000009282, 43.870098999738495], [-122.87125499972629, 43.86995199987864], [-122.87968600038316, 43.86025999972796], [-122.88324599959961, 43.86085699987393], [-122.88214599995779, 43.85426999967831], [-122.877564000019, 43.853534999802605], [-122.87422700038532, 43.84763500009291], [-122.87520400000349, 43.84470799987766], [-122.87273900040597, 43.844572000034816], [-122.86970099962473, 43.83958799971087], [-122.86603500010305, 43.840898000323726], [-122.86592799997293, 43.83363200025877], [-122.8462910003386, 43.83851500003853], [-122.86002999958394, 43.83084499993312], [-122.843960999562, 43.829557000159504], [-122.84427899957932, 43.82752999980797], [-122.84921100022078, 43.826268000239125], [-122.84103400000713, 43.821667999918255], [-122.83143199956335, 43.82466600022255], [-122.8288730002545, 43.82242500027531], [-122.83004099966838, 43.81894899972272], [-122.8274510003974, 43.818353999715555], [-122.83067099985522, 43.81382599980475], [-122.82940700018189, 43.80970900020335], [-122.82296399999487, 43.81085300013515], [-122.82062700044388, 43.813598000289694], [-122.81617400037653, 43.81291199997905], [-122.8072670004169, 43.82141999971308], [-122.79750599996446, 43.8231339999228], [-122.79583100038737, 43.827501999962145], [-122.7885320000577, 43.83006199998507], [-122.79140699973404, 43.83305800018308], [-122.78849900044575, 43.83397200007072], [-122.79371200039628, 43.836535000024966], [-122.79860700032951, 43.84513600014183], [-122.79564399989133, 43.850945999985925], [-122.79023199974914, 43.84835899974607], [-122.79190899987437, 43.840858000058105], [-122.78246399978939, 43.83548000020612], [-122.77997300025262, 43.827521000067264], [-122.78143100009473, 43.817001000227634], [-122.78440100020563, 43.816361999792264], [-122.78070800002146, 43.80949999988682], [-122.78433699973321, 43.80433100007272], [-122.77738399990825, 43.80190200024297], [-122.7711220003695, 43.79343499984411], [-122.76414000023223, 43.794778000186916], [-122.76215799961017, 43.79164200016961], [-122.75436299988625, 43.79077900014427], [-122.76860599982007, 43.80099400002923], [-122.76140500029798, 43.805604000279544], [-122.76348599975593, 43.816753000082485], [-122.74853700036563, 43.81156799990424], [-122.73568199995371, 43.81645100019279], [-122.7231689998486, 43.81387099974267], [-122.73513399978262, 43.820078000109305], [-122.74147300021258, 43.82676400016993], [-122.73646000027856, 43.82781499996805], [-122.73379099956826, 43.831451000131004], [-122.72805899975891, 43.83035700025454], [-122.71461900026434, 43.83981899970176], [-122.70461900033561, 43.842702000234475], [-122.70886800018845, 43.84437399976653], [-122.70583799980311, 43.847333999940744], [-122.69504399965598, 43.8493180002018], [-122.69680399962188, 43.85376300031281], [-122.70641000026363, 43.858247999770974], [-122.69891799959011, 43.862721000290854], [-122.68706099961109, 43.8646229999756], [-122.66512599988552, 43.85264600008226], [-122.64773999958848, 43.84873000027095], [-122.6402999996918, 43.83837799989537], [-122.64240699998733, 43.83764400031191], [-122.64374799965356, 43.82803799982195], [-122.63604099979321, 43.83163499994213], [-122.62962000024582, 43.83152500021479], [-122.62557100040952, 43.83591000024063], [-122.621700999775, 43.82570600000166], [-122.60900600009501, 43.82266499977411], [-122.61175500027296, 43.818489999684346], [-122.60635499982634, 43.80707199985591], [-122.59182200036264, 43.809800000035096], [-122.58339599972864, 43.803578000025695], [-122.58617599986873, 43.800534000312666], [-122.58507399967876, 43.79962000001839], [-122.57611700038876, 43.8108270001001], [-122.59437999984654, 43.81852000011236], [-122.59470200006183, 43.822392999750754], [-122.59842299983508, 43.82566499991908], [-122.6118420003116, 43.82764800017122], [-122.61305800030438, 43.831419999814685], [-122.61119100020835, 43.83269800006858], [-122.61378100037761, 43.838389000169116], [-122.6095419996722, 43.8374649999083], [-122.59680599998433, 43.84275200031277], [-122.59525500025579, 43.841541000136004], [-122.59868499977588, 43.83980199980304], [-122.59591200020684, 43.834414000170234], [-122.58955299968537, 43.835143999936406], [-122.58660100001619, 43.84138800010562], [-122.57253899983232, 43.84644000021709], [-122.56737399956236, 43.845038000055716], [-122.56740100022483, 43.85734000003298], [-122.58578300040665, 43.867092000126846], [-122.58782700005467, 43.871303999724844], [-122.59576800026677, 43.876015000036865], [-122.60515999974999, 43.891931000246124], [-122.61962100014199, 43.90039899974983], [-122.61457999972056, 43.90662699980546], [-122.61740000004365, 43.91437699968564], [-122.62156000020802, 43.91169100026298], [-122.62510400042927, 43.91333500031896], [-122.62678499985411, 43.92615800018144], [-122.62095099993756, 43.92842600002306], [-122.6212899998713, 43.93127500015366], [-122.61080399969573, 43.93319400028334], [-122.59572200023604, 43.93110899978735], [-122.58798699988823, 43.92505800022297], [-122.58527399969532, 43.91893399995539], [-122.58688600042152, 43.91674299972378], [-122.58470499960784, 43.91548400024077], [-122.57015399970246, 43.9162490002186], [-122.56910900031222, 43.91036099976273], [-122.5560899998688, 43.910721000257716], [-122.54552800042359, 43.918692999819264], [-122.54827500005337, 43.9209539997326], [-122.56515400018722, 43.92247599999124], [-122.56858299988242, 43.930185999877494], [-122.55855700001443, 43.935697999938796], [-122.54658899970732, 43.95052499982051], [-122.53682499978014, 43.93952799992643], [-122.51905299969371, 43.92868599977316], [-122.51515899966807, 43.93101900013552], [-122.51481200023676, 43.93447099976323], [-122.50428699970315, 43.9314610002086], [-122.51327599967854, 43.937925999729984], [-122.5159980000923, 43.9440069999652], [-122.51485300024466, 43.9529779999026], [-122.51848299978133, 43.95970200026164], [-122.51681300022709, 43.96271100010746], [-122.51227999979382, 43.96081899985269], [-122.52417000028308, 43.967045000004354], [-122.52532799965124, 43.97316799993345], [-122.51739599965998, 43.97868600021292], [-122.51099799967878, 43.978901999845306], [-122.50928600029178, 43.98335600025215], [-122.50063100022723, 43.98199499968804], [-122.48539499988341, 43.98666699969801], [-122.47741299966346, 43.984883999886804], [-122.47164999989201, 43.98681100000404], [-122.4734679995842, 43.9908170001265], [-122.46861500038209, 43.99233400001332], [-122.48511100020131, 43.993120999773964], [-122.48027200034458, 43.996069999919165], [-122.48044800007168, 43.998105999749185], [-122.48738199963006, 44.00212599991071], [-122.4825999996747, 44.00665100008758], [-122.48465099989374, 44.00912799985061], [-122.4796549996782, 44.01255299980574], [-122.47568600020783, 44.023771999680314], [-122.48455100033466, 44.02790899971934], [-122.48865600024746, 44.02698200031069], [-122.4902630000525, 44.03104099984179], [-122.49484400016637, 44.03223200016139], [-122.49797300028591, 44.036063000251566], [-122.50444099968892, 44.03455200029818], [-122.51875800014092, 44.03914200015156], [-122.52119900034728, 44.03658599991438], [-122.52592000020326, 44.03713700026801], [-122.52500700015919, 44.03457600016347], [-122.52922199967684, 44.029956999817884], [-122.53724800027774, 44.02491200000213], [-122.5529869996885, 44.020346999778056], [-122.56174999970808, 44.022348000193766], [-122.5696649999809, 44.02038399976745], [-122.57573099970105, 44.0151619998547], [-122.57764600037598, 44.01869500016791], [-122.58328600012378, 44.02108299989026], [-122.57778500029315, 44.02248099995866], [-122.58382900027198, 44.02594000008542], [-122.58761500034258, 44.02268400007852], [-122.5909670000449, 44.02465899999505], [-122.59568799990082, 44.02243400004183], [-122.60255799988511, 44.02329100031212], [-122.60830200028832, 44.01794000002248], [-122.62397299992699, 44.011023999797644], [-122.63927500039306, 44.01205999990315], [-122.65006199996915, 44.00827599987986], [-122.65175699963775, 44.01033799977427], [-122.65406300012489, 44.00714499991146], [-122.67319000012128, 44.00125899974463], [-122.68100699958649, 44.001721000005915], [-122.6773040002549, 44.0033840003138], [-122.67352700040519, 44.00176800018611], [-122.65413799956966, 44.01261999977628], [-122.65933399980175, 44.015502999998304], [-122.66231399995839, 44.012531000261774], [-122.66871600013754, 44.0127379999357], [-122.67647800024947, 44.01683400019551], [-122.68294400000273, 44.01640000031086], [-122.68820499963385, 44.02106500009301], [-122.68620799984147, 44.02678200026839], [-122.69429200016872, 44.03947399990736], [-122.68858600029867, 44.040984000011164], [-122.69308799987151, 44.04331599983605], [-122.69264400035578, 44.04709000000911], [-122.68535199969881, 44.04880499972613], [-122.68754000018521, 44.051503999738884], [-122.69315300016882, 44.05241800009737], [-122.69388299991479, 44.05571099980168], [-122.6805630000708, 44.06133700013848], [-122.67311099958026, 44.05744800004052], [-122.66118400017933, 44.06451299996887], [-122.65563499976982, 44.06233799972496], [-122.64649799965645, 44.065238999788995], [-122.63552500030748, 44.06516600013676], [-122.62668199992196, 44.05841499997038], [-122.61327000001647, 44.056156999874304], [-122.60819900035615, 44.058881000193786], [-122.59677300037235, 44.04466000002074], [-122.5957280000838, 44.047015999772], [-122.58656599985608, 44.05003700005303], [-122.5854229996582, 44.045645999834136], [-122.58754099982441, 44.04343400024595], [-122.57261599982522, 44.043738999822565], [-122.55457199975221, 44.05847699991519], [-122.54940200035769, 44.06012300011382], [-122.54978200029929, 44.064033999889126], [-122.54616600010803, 44.06732599990528], [-122.538300000239, 44.06963499975803], [-122.5393770003146, 44.07096100023026], [-122.53201699988554, 44.074869999689874], [-122.52773399969752, 44.07521199997078], [-122.52710000021101, 44.07331299971976], [-122.52157699974076, 44.078456999759595], [-122.51501499972804, 44.07298900024731], [-122.51542999982973, 44.069100999889024], [-122.50556799999325, 44.06614599971104], [-122.49114900033236, 44.0571850002454], [-122.47878199981709, 44.05883699997759], [-122.4755780002528, 44.055338999858336], [-122.46781000029304, 44.05883999986136], [-122.46552399989739, 44.053739999971114], [-122.46891400013284, 44.04863899975329], [-122.46756199969764, 44.04490999994037], [-122.45677500012154, 44.044912999883955], [-122.45242599981124, 44.04882499975367], [-122.44855799972488, 44.046059000138996], [-122.4471929997692, 44.04041000011115], [-122.4409479999489, 44.040432999914856], [-122.4297250003547, 44.04727100021693], [-122.42259099988146, 44.045715000223], [-122.41618799987742, 44.04054499992628], [-122.41225600021697, 44.04434099971997], [-122.40502800003239, 44.04374400025774], [-122.3888920000633, 44.05077599980887], [-122.38169200036614, 44.04494899984044], [-122.35505199977983, 44.045872000312315], [-122.34294999957842, 44.04863499986491], [-122.33680299966741, 44.05366799974648], [-122.338757999627, 44.05876600010273], [-122.33385400037126, 44.06704400024205], [-122.3339639999761, 44.07464200012552], [-122.33177800003784, 44.078163999713844], [-122.3343160003286, 44.08175400016177], [-122.3427239996226, 44.08200300007769], [-122.34082200026481, 44.08401599968665], [-122.35011500001383, 44.081133000003824], [-122.34809099955895, 44.08980099983881], [-122.3593800001737, 44.092314999943106], [-122.3577809998663, 44.09598000012111], [-122.34921600021346, 44.099765999740605], [-122.3493889995675, 44.10448400022034], [-122.3548939995961, 44.10688899979829], [-122.35423400017032, 44.10879100003613], [-122.34324199965648, 44.104406999966464], [-122.33831800030924, 44.09773800015155], [-122.3260239995889, 44.091383999705776], [-122.32693599980807, 44.08506800029435], [-122.30112499960023, 44.08310400032213], [-122.29007000023553, 44.06999000023328], [-122.27942400022641, 44.0726280000287], [-122.27467900008102, 44.077038000093104], [-122.2771210001123, 44.078067000209394], [-122.27531000009277, 44.08273200021233], [-122.27175699965072, 44.08199899986184], [-122.25612299982193, 44.09142800024586], [-122.24988100037471, 44.09090200012177], [-122.25472699990412, 44.08698700016246], [-122.25269199957863, 44.085875000205405], [-122.232183999733, 44.08784100003775], [-122.2315760001858, 44.078657999879155], [-122.22482699967702, 44.07029299970552], [-122.22567299977392, 44.064770000322234], [-122.21721000022833, 44.05390799993963], [-122.21704000034903, 44.04647399984153], [-122.21126300033384, 44.045024999820335], [-122.199797999992, 44.0339199999173], [-122.19058999973352, 44.03065000005397], [-122.18725999977251, 44.025989000192155], [-122.17972699998941, 44.02341400012043], [-122.17201599993109, 44.017113999894036], [-122.17352300017698, 44.01351500025236], [-122.17177699955649, 44.008600000018625], [-122.17386999960833, 44.0062869999653], [-122.17137599969851, 44.003118000109254], [-122.17656299970979, 43.99514699994965], [-122.17654599999133, 43.982704999916564], [-122.17144000017092, 43.9794619998534], [-122.17032399973725, 43.97513600030991], [-122.15331099970909, 43.96457099972842], [-122.14277600002806, 43.96201699970913], [-122.13384800015204, 43.963012000015276], [-122.12069599963924, 43.95747100000062], [-122.10903600020202, 43.95893400001907], [-122.1076260000405, 43.94777999981172], [-122.07285599999452, 43.91991300007282], [-122.0730590003841, 43.92797699973934], [-122.07239099966411, 43.9195510000894], [-122.06866499986798, 43.91675899991688], [-122.06066900030262, 43.917461999867356], [-122.0555209997511, 43.90648299993082], [-122.04951600013028, 43.90172100001376], [-122.03928400039796, 43.90322299972222], [-122.03183100008249, 43.91062200003127], [-122.0298739995748, 43.9077930000275], [-122.01820599974165, 43.90770300004892], [-122.00785099998566, 43.89530399978144], [-122.00243800001859, 43.880620999678605], [-121.99492000030412, 43.877878000039345], [-121.99050700041974, 43.87410400008763], [-121.98977699977546, 43.87038300001366], [-121.98217899969504, 43.86742799985317], [-121.97535800011455, 43.855444000156425], [-121.97439999986464, 43.84127999969551], [-121.97779900032093, 43.82852600031562], [-121.97357700023224, 43.82905699967726], [-121.9754600002218, 43.811767999944045], [-121.96907399993621, 43.81309100012448], [-121.96375399985553, 43.8097359996977], [-121.96453700020325, 43.80823500013815], [-121.95505399958516, 43.80910000015432], [-121.94644000042679, 43.80482299996174], [-121.93115499967918, 43.80422900025274], [-121.9195720002349, 43.796113999936495], [-121.9019449999134, 43.794103000308965], [-121.8838720004264, 43.79753799987192], [-121.8787899999971, 43.799895999827285], [-121.88435399957693, 43.804443999765276], [-121.88321700012519, 43.806270000194125], [-121.86090400010785, 43.801798999763776], [-121.85783000023989, 43.8048070001714], [-121.85290599999435, 43.80471399980604], [-121.81805899995545, 43.82027900025991], [-121.79270999970501, 43.826766000137795], [-121.78064900040981, 43.84022200026553], [-121.78046100008882, 43.84947099997711], [-121.78485499970664, 43.85980699982053], [-121.77666800034557, 43.873821999745125], [-121.75941000009503, 43.85398999977588], [-121.74727500028166, 43.84773000025392], [-121.73499399998012, 43.833100000249374], [-121.7253680001452, 43.83958900012789], [-121.69640100005367, 43.84023600012204], [-121.69526100022885, 43.84170700019947], [-121.70014799976614, 43.84875400011721], [-121.69902800003285, 43.851332000031], [-121.67785700038844, 43.856625999948754], [-121.68124199970272, 43.86440100019227], [-121.67220900024472, 43.86911200020045], [-121.67533800036426, 43.87476400031588], [-121.66789799956929, 43.87909699988424], [-121.6300019997768, 43.888130000001276], [-121.6181320002773, 43.88692799987847], [-121.58805299995005, 43.89137899970792], [-121.60058600014668, 43.90742000025803], [-121.59506799969931, 43.92754999994488], [-121.59779000011305, 43.93310799982424], [-121.6046209997393, 43.93706699983103], [-121.60270799961252, 43.947050999678744], [-121.61556700022238, 43.95607299981548], [-121.61729100020327, 43.96926800008322], [-121.6100420001023, 43.976496999725086], [-121.61353100007194, 43.98203600019167], [-121.6200329998102, 43.982459999845815], [-121.60223099958654, 43.983903999774604], [-121.58496700038654, 43.98030699995072], [-121.57714400017521, 43.98552499989213], [-121.56562299975687, 43.98845900024619], [-121.56734500008791, 43.99248700017962], [-121.5603739998213, 43.99717500016892], [-121.54069799982892, 44.00044200002913], [-121.53634699986884, 44.00519700020655], [-121.51710600006962, 44.003314999743736], [-121.5149720000099, 44.00990000023892], [-121.51712000031333, 44.011634999683096], [-121.5119709999369, 44.015498999810966], [-121.51287700030828, 44.01980000019114], [-121.50434000024453, 44.019165000169124], [-121.50141199996642, 44.016492999953655], [-121.48755999984486, 44.016296000155464], [-121.48580800027489, 44.01384000027286], [-121.4715479997243, 44.010886999677346], [-121.46770599957725, 44.0077740003053], [-121.43525399971402, 44.00743699974044], [-121.43825300013721, 44.013411000205615], [-121.42533699962593, 44.01687899998241], [-121.42318500002287, 44.01963600029767], [-121.43035600030603, 44.02666500014075], [-121.43100099966318, 44.031564999684996], [-121.42051299983781, 44.03581800026776], [-121.41952799982374, 44.03905200011512], [-121.41271899993882, 44.04304999987764], [-121.38354599998293, 44.05006200021204], [-121.38387700041906, 44.03707600026776], [-121.36856900010521, 44.036880000096], [-121.36874200035759, 44.02245800029265], [-121.36364999988254, 44.02214600015008], [-121.38190800021576, 44.01701999991196], [-121.39119799959172, 43.999223000190014], [-121.40530699963124, 43.99719799994792], [-121.4091050002957, 43.99274700022497], [-121.39865599993006, 43.98667199977731], [-121.3957159999564, 43.98758600022096], [-121.35590899968697, 43.96102800016822], [-121.34942799986513, 43.96578899981693], [-121.3461179999956, 43.97320699984112], [-121.35147800025925, 43.93766099994317], [-121.34355299994067, 43.93802499980872], [-121.33857900036473, 43.96296000004348], [-121.33411299987858, 43.96315299994591], [-121.33521800044159, 43.9569340000608], [-121.31942999972873, 43.95139699972276], [-121.31591599964472, 43.945572999829245], [-121.3014829997401, 43.953549000267074], [-121.28304600020505, 43.95703800016072], [-121.27543399988092, 43.96887600012259], [-121.26949700003219, 43.967599000025], [-121.26750500026269, 43.95849199983123], [-121.26115199958903, 43.9549689998905], [-121.26066600024055, 43.95929000005907], [-121.25653399966525, 43.96193100020583], [-121.25722599977638, 43.96939699984586], [-121.23675899993867, 43.9750960002946], [-121.23049700039994, 43.972646000195674], [-121.23351099999344, 43.96544599986566], [-121.22734999983872, 43.96501600006022], [-121.21601400026664, 43.957999999892564], [-121.21635999987303, 43.95310700011807], [-121.21914400021107, 43.95031699992384], [-121.21802299975455, 43.946949999936436], [-121.21534100042206, 43.94599900029967], [-121.21382599978024, 43.94883200000839], [-121.20363500005578, 43.94403300016507], [-121.19882499961304, 43.944971000317715], [-121.19496499992263, 43.94961199983413], [-121.19048699974091, 43.94824799977607], [-121.18967900017716, 43.97262099970669], [-121.19509399979405, 43.97935700021381], [-121.18947400013772, 43.98324600002149], [-121.18900999963225, 43.989547000198186], [-121.18417499997348, 43.98614800003246], [-121.18334700031822, 43.98157499983467], [-121.17185500021218, 43.977068999724516], [-121.16166399958941, 43.96895200000707], [-121.15919899999192, 43.9618180001053], [-121.1502779997886, 43.95287500026639], [-121.14708300044514, 43.95150200029126], [-121.13973600043487, 43.95764899982011], [-121.1332470002171, 43.957075000189676], [-121.13353500009717, 43.95355399990176], [-121.13094300027807, 43.95105999979252], [-121.13187200021567, 43.93917199987552], [-121.14153800023355, 43.919833999787066], [-121.10775300020168, 43.91848999984668], [-121.1077830003389, 43.916523000191305], [-121.10101499956356, 43.916685999890625], [-121.07571100041724, 43.90809399975095], [-121.07317899997427, 43.9021729997828], [-121.06148100000392, 43.892776999740256], [-121.06644399970921, 43.8879070001225], [-121.06473700034508, 43.88548399987302], [-121.05490599957244, 43.880316000042534], [-121.05529899993282, 43.87306400008235], [-121.04740299992655, 43.869626999826735], [-121.04768699960867, 43.84349800023568], [-121.03317500006136, 43.84331200001098], [-121.02534699982718, 43.833569999931754], [-121.01664599973189, 43.83181700003546], [-121.01493900036773, 43.82832100023301], [-121.00970499960249, 43.82649899994747], [-121.00295900036508, 43.81606600020069], [-120.99205200024007, 43.80748099972547], [-120.98093099985478, 43.7846539998506], [-120.97459700034604, 43.778030999752616], [-120.96601599990133, 43.77063599984651], [-120.9483979998007, 43.76229099991852], [-120.93922899990024, 43.75302099987804], [-120.93605899977283, 43.758365000202055], [-120.91525899984919, 43.75617500030345], [-120.90349099955861, 43.766746999872055], [-120.90635400043772, 43.7731759997759], [-120.91834699996085, 43.780822999827656], [-120.92326299981045, 43.79297700009528], [-120.92429899987818, 43.79084200010339], [-120.93851000002493, 43.7903670002257], [-120.94595300029465, 43.792831000054846], [-120.94769399999399, 43.79646700000677], [-120.94161300020524, 43.806427999820016], [-120.93918600024253, 43.80327299980525], [-120.93982999977479, 43.79986100018989], [-120.93003900008341, 43.796974999765375], [-120.91633500009986, 43.80588999976833], [-120.91604800004468, 43.78898699986934], [-120.87341999962729, 43.78893900008428], [-120.87343999971878, 43.78557200023004], [-120.86511799974018, 43.786269000134105], [-120.85141999960442, 43.77706900010882], [-120.85014099986243, 43.80483199988244], [-120.84212199983253, 43.80655399973918], [-120.81980399979233, 43.805644000186135], [-120.79841600041296, 43.797710000004066], [-120.78980300018121, 43.80712500025529], [-120.76712000026801, 43.814469999806064], [-120.76746300039969, 43.82578000007941], [-120.78298599990038, 43.82767699991721], [-120.78029399962384, 43.841712999896465], [-120.8061929996952, 43.847845000007695], [-120.80631700044208, 43.85758400014837], [-120.7956250004022, 43.86815100019698], [-120.78787900018379, 43.865872000185604], [-120.78669400015315, 43.875775000127746], [-120.78318599991692, 43.87652799999278], [-120.76352599981806, 43.878419999831614], [-120.75964000018838, 43.87484899979923], [-120.7478290002401, 43.877566999984936], [-120.74784799960837, 43.871330999853896], [-120.73281200017941, 43.87120300023684], [-120.73275899957764, 43.88035400027765], [-120.72147499988408, 43.87764200027362], [-120.71758800042944, 43.87399599999013], [-120.71808399982369, 43.87113899967764], [-120.70793300028224, 43.871141999988694], [-120.71735900010061, 43.866937000308624], [-120.70892699961882, 43.8626359997026], [-120.70712300017031, 43.856783999756864], [-120.69698299960119, 43.855870000181106], [-120.69683799983622, 43.84887399985129], [-120.69062800017603, 43.837680000288415], [-120.66746499986382, 43.83134499969348], [-120.66514099983331, 43.847294999743134], [-120.64735299985333, 43.83254400015559], [-120.64752100008282, 43.795625999728145], [-120.64986100000685, 43.78972900012747], [-120.64443700016912, 43.78467600009099], [-120.65009100016063, 43.77473400000066], [-120.63991100030684, 43.76201999983014], [-120.61934099963865, 43.762980000054355], [-120.60149800030543, 43.77834999984274], [-120.57360599974135, 43.768731999798185], [-120.55859000040385, 43.78226399969158], [-120.54483199999362, 43.79026499991115], [-120.54082199961707, 43.79616099994678], [-120.515909000283, 43.78974799993097], [-120.50464999980548, 43.80012399977901], [-120.57819000022826, 43.825221999823434], [-120.52652000013202, 43.851567000112155], [-120.51518799985956, 43.84445299975604], [-120.49364499977118, 43.838943999804876], [-120.4862559999281, 43.83928999974508], [-120.45798799962039, 43.82905800027083], [-120.43919899973281, 43.82857300009939], [-120.43684299991527, 43.80858400004986], [-120.43355200031232, 43.802659000274176], [-120.43691900008322, 43.786977999714985], [-120.43117899987799, 43.78318700013086], [-120.4370499996045, 43.775834999952664], [-120.37821199959815, 43.75180199972553], [-120.37814899984896, 43.736817999693365], [-120.31788099958959, 43.71195900000845], [-120.31778400040353, 43.69859900001702], [-120.33873300029009, 43.698048000203784], [-120.34311000018945, 43.69281200007109], [-120.3442590002351, 43.685985000092494], [-120.35317899971517, 43.692374999694245], [-120.37072700039394, 43.69245000015771], [-120.36814800009532, 43.686288999809896], [-120.3692899995699, 43.672371000271546], [-120.36679700038331, 43.66630499968212], [-120.33925899982155, 43.65270700021996], [-120.3303350001435, 43.643363000005344], [-120.31025800029315, 43.638667999790265], [-120.29338900020502, 43.64142299997286], [-120.28479199986681, 43.64821899993672], [-120.2734610003176, 43.647918000232266], [-120.26645300024103, 43.652855000203026], [-120.26255800039051, 43.65266599979562], [-120.25672199992582, 43.66021099996132], [-120.23745699983718, 43.667528999983794], [-120.23467900024521, 43.67233700005811], [-120.1954929999418, 43.64632499970646], [-120.19047900018288, 43.65009999974309], [-120.19566299982112, 43.6549559997029], [-120.19579800043867, 43.668754000046754], [-120.20401999995981, 43.67597199969973], [-120.17586299998018, 43.67518600012306], [-120.17111700000987, 43.680599000089224], [-120.1713730001029, 43.68939899994759], [-120.17741799990667, 43.69759700015629], [-120.2577770002601, 43.69876199992955], [-120.25838599963222, 43.7852969997925], [-120.37810700001614, 43.78542899969346], [-120.37873999967775, 43.87236200021243], [-120.42694000007089, 43.87246400019225], [-120.41180699965923, 43.8812529997249], [-120.40185100011142, 43.883697000190324], [-120.40104900039545, 43.88639700027551], [-120.38411800038303, 43.88809200019415], [-120.379462999751, 43.893346999959874], [-120.37893899986939, 43.901249000103455], [-120.36837200040128, 43.905804999858006], [-120.36840300036343, 43.9015630002273], [-120.35497899986406, 43.900282000299924], [-120.35030999988665, 43.89757599990852], [-120.3521519998683, 43.8945429998046], [-120.34758900019608, 43.89062500023347], [-120.34577800017655, 43.884882999778114], [-120.34626500024827, 43.882550999822634], [-120.35034800041977, 43.881281000243945], [-120.34905100023616, 43.86800300012564], [-120.33679699969879, 43.85942399982742], [-120.3366209999717, 43.85362900010153], [-120.3300809997003, 43.8452649996858], [-120.33993500003918, 43.84537699999275], [-120.33917299960783, 43.83447499976561], [-120.34332100007666, 43.82850599992759], [-120.33186599978056, 43.818780000165596], [-120.32916400035657, 43.810853999737304], [-120.32543199981436, 43.8127679998203], [-120.30685700018702, 43.80783000015302], [-120.30135200015842, 43.80411800023174], [-120.28686700037528, 43.805604000279544], [-120.28323199991746, 43.81430999967706], [-120.27704399999857, 43.812645000058026], [-120.27284000035158, 43.81433699968435], [-120.2711599998533, 43.80788499983195], [-120.25950999956349, 43.808724999714464], [-120.25919699956906, 43.80377600014935], [-120.26222299975643, 43.79963100030296], [-120.24960800044235, 43.78612299991989], [-120.24003000028802, 43.801554999707584], [-120.23905600014459, 43.8072009999998], [-120.22983799984033, 43.81429500002784], [-120.21680900024948, 43.83523999974366], [-120.20796800041211, 43.8411139997398], [-120.21346199967174, 43.84742700001], [-120.20759000012033, 43.85300699987695], [-120.20831700039157, 43.85957999983073], [-120.19725100025788, 43.85992599990936], [-120.17857699999804, 43.85638799996407], [-120.17515199960248, 43.85353000018223], [-120.171436999677, 43.85562200023278], [-120.14716899970011, 43.855679000228584], [-120.13974200022224, 43.8595380002686], [-120.10588600004522, 43.86395200004653], [-120.08451299983614, 43.87525100021563], [-120.06326600002376, 43.87982600022403], [-120.06401000001343, 43.872245000077726], [-120.0568420001033, 43.862966999809295], [-120.05659799970586, 43.85655400016791], [-120.05986499991765, 43.85475599974218], [-120.05498500005302, 43.849753000211344], [-120.05655400022322, 43.84766899995654], [-120.05366699995301, 43.84208500001792], [-120.04506899978989, 43.833554000066854], [-120.03953799982203, 43.83415099993662], [-120.03157200039388, 43.82460000022215], [-120.04179300025557, 43.82462500007377], [-120.04508200020868, 43.81812599998793], [-120.0573199999542, 43.8164960000972], [-120.05814900033268, 43.81060900010904], [-120.07799400037945, 43.810478999937835], [-120.07757699972963, 43.7639069999889], [-120.0609460001912, 43.754438999816266], [-120.05859600022143, 43.749570999983696], [-120.03489200030914, 43.75011200012017], [-120.0196069995615, 43.74132300005089], [-120.00107899978984, 43.741447000049995], [-119.99722300029737, 43.73914799991736], [-119.99775200020191, 43.741460000233914], [-119.98347999995576, 43.74149699989328], [-119.98151999997333, 43.73794000015904], [-119.97637700034298, 43.735961000209336], [-119.97607000019633, 43.74152800015152], [-119.97017099998243, 43.752223000056], [-119.95841000026289, 43.73548599990497], [-119.95714099966834, 43.71991200031682], [-119.9356019997779, 43.720005000157165], [-119.90536000014235, 43.73538100009439], [-119.89245000037721, 43.75004600016028], [-119.87229399998579, 43.76697099973444], [-119.87084899966415, 43.78765900024309], [-119.87721300020843, 43.78568399970847], [-119.88233200044768, 43.77411099976548], [-119.88653600009467, 43.77313999982466], [-119.89792000024568, 43.77634800020051], [-119.90400100003444, 43.7746290002773], [-119.91334099963909, 43.776847000138545], [-119.94364000007438, 43.793805000212586], [-119.97609299976254, 43.79134599997952], [-119.9747739998376, 43.79630400009571], [-119.96947999969622, 43.79927400028931], [-119.9664579997068, 43.81117500017938], [-119.94267500015178, 43.8263530001684], [-119.92781799992466, 43.84471900028013], [-119.92052299979294, 43.849769000267386], [-119.91716299969471, 43.857576999989064], [-119.91160999998552, 43.86207600007465], [-119.89400399958042, 43.861790999684224], [-119.89597600015678, 43.87385300004557], [-119.88896499970718, 43.875101000000484], [-119.88969000032859, 43.8789230002886], [-119.88434599995848, 43.88679699992736], [-119.87511099993579, 43.88440600015057], [-119.85665699978397, 43.88478999985728], [-119.85284800014718, 43.89017900019654], [-119.85346900011321, 43.894362000284815], [-119.85158299975059, 43.895073999935185], [-119.85246700038066, 43.89159999979868], [-119.84398100037053, 43.88131800014653], [-119.84307699964897, 43.87680399978154], [-119.80742299987126, 43.85982900023586], [-119.80296999980389, 43.8610860002965], [-119.79775600002846, 43.87025100004498], [-119.79153200012455, 43.8713240000135], [-119.77124600003678, 43.86341200017956], [-119.76799999974139, 43.85477800007786], [-119.75928600012563, 43.854480999719364], [-119.7530749997422, 43.851093000071074], [-119.75306300004662, 43.85742900022261], [-119.75102699989621, 43.85843899991525], [-119.73387300030106, 43.85249599998431], [-119.73072999993781, 43.84857399973942], [-119.73205600043374, 43.84512099981513], [-119.72856999993881, 43.84475400019258], [-119.73189599970186, 43.85287199971608], [-119.72930399988276, 43.85618899991447], [-119.73166999974606, 43.86566600019685], [-119.73601099966041, 43.87155400026037], [-119.74301500043731, 43.875788000247425], [-119.74299000032293, 43.88469099988647], [-119.75106999955392, 43.895317000171204], [-119.74202799987508, 43.90086699978124], [-119.73262200014818, 43.91673600004239], [-119.73507099985216, 43.92410699980151], [-119.73196000017428, 43.935052999921766], [-119.73421100040984, 43.935086999728256], [-119.73921199974998, 43.942303000283545], [-119.78999200026668, 43.944896000097586], [-119.80248899957996, 43.941562000261825], [-119.84045999971552, 43.944828000040445], [-119.8500129997555, 43.94279600014748], [-119.86248800022581, 43.93619700012361], [-119.88990399969052, 43.93647200016896], [-119.89641800002265, 43.93395499975413], [-119.90643300001999, 43.940524999728865], [-119.90837799993382, 43.9466319996781], [-119.92197700033539, 43.96087200007965], [-119.93371499959039, 43.9622210001383], [-119.93611999981175, 43.960004999920045], [-119.99500899987173, 43.957859000018665], [-119.99204899980657, 43.966254000162365], [-119.98957900018621, 43.96666899994125], [-119.98921199976508, 43.97657300020065], [-119.98508599993588, 43.98503899969576], [-119.98449699975691, 43.99870599983058], [-119.97714899992175, 44.00370699978952], [-119.97702500007318, 44.008826000292], [-119.98383099958505, 44.01522900010781], [-119.99726799960493, 44.01429599970217], [-120.0117900000963, 44.02811900011306], [-120.01354500003933, 44.0337529998272], [-120.00278100002943, 44.03458300017619], [-119.98580300016138, 44.04324200005006], [-119.96706299977927, 44.04577900026851], [-119.95322699955126, 44.051270000022456], [-119.94977500028983, 44.055201000118075], [-119.92930400025415, 44.04622199971696], [-119.92492300015684, 44.050507000114976], [-119.92343900037544, 44.05926300002135], [-119.91763800007085, 44.069645000127835], [-119.91193399985062, 44.06055400024956], [-119.89840499976927, 44.06147200002987], [-119.8893699997631, 44.05687700019812], [-119.87521399986795, 44.05503099989311], [-119.87160100004974, 44.06039200002588], [-119.86142799986862, 44.067684000110496], [-119.85322399989082, 44.06940000026304], [-119.8355589999345, 44.07922200012281], [-119.82803199999917, 44.07940500007985], [-119.81921299990313, 44.08310799981796], [-119.81143599972256, 44.07693900007713], [-119.80582399956383, 44.06856599992339], [-119.79460500016756, 44.07003199971596], [-119.78415599980197, 44.06709200010107], [-119.76305499957945, 44.07165099986887], [-119.75793000039076, 44.067623999751156], [-119.75971399974779, 44.059257000296576], [-119.74776800008031, 44.05495399981289], [-119.74527300034558, 44.05112100012407], [-119.74748799969784, 44.047143000052344], [-119.74731000032091, 44.029863999980364], [-119.75213400010902, 44.02282700026111], [-119.73890499960332, 44.01825899969187], [-119.72854999984733, 44.0188189998126], [-119.72531199994783, 44.015674000002754], [-119.71638499989673, 44.013608999976235], [-119.71508299969024, 44.009696000138966], [-119.70526500023472, 44.005265000306586], [-119.70320800016788, 43.9894249997861], [-119.70911999990226, 43.9832650002522], [-119.71259299997838, 43.974884000086874], [-119.71449900043247, 43.97404499969255], [-119.71847499957552, 43.97375800025862], [-119.71876199963071, 43.97338400024396], [-119.71206900009673, 43.97423199985232], [-119.70887499967986, 43.971427000276776], [-119.70081200016733, 43.970292000031584], [-119.69500500001496, 43.97184899977831], [-119.67405500030348, 43.964261999789144], [-119.66898399974485, 43.968025999927264], [-119.65719100023826, 43.96860999976118], [-119.65721399980447, 43.99588200030691], [-119.64564999972842, 43.98776799976049], [-119.63928199988446, 43.979640999722065], [-119.62744099979898, 43.981958000312744], [-119.6294269997207, 43.98693999979303], [-119.61685599988924, 43.99460400023249], [-119.6263369999592, 44.00454300030041], [-119.62870799984536, 44.01587700017259], [-119.63197500005718, 44.02117699989083], [-119.63663099961582, 44.02319400003652], [-119.63825099983964, 44.0290450000063], [-119.637474000238, 44.03459099991287], [-119.62981800043126, 44.04208699992689], [-119.63256500006106, 44.047741000274975], [-119.6296100000188, 44.05908099970785], [-119.63140099994682, 44.063743999717204], [-119.6288009997318, 44.061569000268655], [-119.62937599966708, 44.05594700006751], [-119.62366599959908, 44.05358899973109], [-119.61735899985449, 44.05384400028453], [-119.61805900036154, 44.05692899988251], [-119.61240399964679, 44.06557399999167], [-119.60526199967595, 44.05760400003476], [-119.60106399987671, 44.05658799982874], [-119.60389800044351, 44.065484000094564], [-119.5926490000117, 44.073077000263545], [-119.5877680003222, 44.07515800019373], [-119.58424699966714, 44.071341999813065], [-119.58117399962411, 44.07171699977194], [-119.57155799983494, 44.08208200025185], [-119.56199200027444, 44.08026300004279], [-119.54883399991385, 44.08242100016922], [-119.53765099960431, 44.089608000202546], [-119.5098130003652, 44.1009529996964], [-119.50370599973883, 44.09624099984921], [-119.49834499965031, 44.09679100004293], [-119.50185700008448, 44.09386899984802], [-119.50157300040236, 44.08980500017232], [-119.5058869996542, 44.08310199992885], [-119.50439700002507, 44.07930900028934], [-119.49444300012708, 44.073522000175295], [-119.49470300041807, 44.06011000025273], [-119.4871160002083, 44.05266600007013], [-119.4848060004215, 44.04022799997399], [-119.49074499992004, 44.0287220003006], [-119.48722499998823, 44.03151199991394], [-119.48802199968137, 44.02570899977483], [-119.50002900034653, 44.02379699994234], [-119.50357000019471, 44.025211000027646], [-119.51004099997084, 44.01704199972872], [-119.52509300019163, 44.00782899968468], [-119.52918100038603, 44.00685400012994], [-119.5326729998304, 44.009851999898494], [-119.5323210003762, 44.00076800025376], [-119.52507700029813, 43.994101000234096], [-119.52843599967314, 43.987616000226076], [-119.53194999975713, 43.98890099978418], [-119.53144699979188, 43.98071999981732], [-119.52863200039002, 43.97493599996394], [-119.51947099998716, 43.96901200008535], [-119.5360739999365, 43.96631999981631], [-119.53743600041744, 43.961702999822386], [-119.5394609997989, 43.962182999781795], [-119.53822499971464, 43.959355999690395], [-119.33239399979973, 43.9597979999173], [-119.32381699955297, 43.96557099984917], [-119.31027300030134, 43.98489600017838], [-119.30469299992966, 43.98769500029631], [-119.30115299990638, 43.98649000010899], [-119.29976500038448, 43.99361699999836], [-119.30174299991026, 43.99939799994235], [-119.30497400013705, 44.00140800031706], [-119.30091100005704, 44.00180500013684], [-119.30208699986684, 44.00351800021775], [-119.28644999966501, 44.013458000168576], [-119.26754100012687, 44.01587600013211], [-119.26503499962314, 44.020129999846695], [-119.27003400021177, 44.02523399991742], [-119.26512500003486, 44.02379199976156], [-119.26401399962405, 44.02580300019156], [-119.26925800043504, 44.03127899979758], [-119.26362799983467, 44.03449400004546], [-119.24675799992164, 44.057272999872396], [-119.22730500041034, 44.06489500025152], [-119.2263239996959, 44.067501999865634], [-119.22591699999015, 44.07470300016299], [-119.23093199957397, 44.080346999884924], [-119.23128399992646, 44.08505600026776], [-119.24628199972058, 44.08276300004194], [-119.24700899999182, 44.08020300017476], [-119.24383399984151, 44.07577000015998], [-119.24785300043891, 44.068498000137545], [-119.25875499964276, 44.062787999809686], [-119.26278000008794, 44.06425300018144], [-119.27020099971804, 44.060164000203365], [-119.27841100044198, 44.061698000153605], [-119.28902999978857, 44.05969000017467], [-119.2919940000517, 44.057817999689256], [-119.29022700041308, 44.052455000081096], [-119.29394700036143, 44.050682000263514], [-119.29179300021025, 44.04880699998745], [-119.29293600040806, 44.042794999988146], [-119.29791099980893, 44.0403040001986], [-119.29905300018186, 44.03625800019998], [-119.30752699959811, 44.03344400024092], [-119.31755300036444, 44.04161400009922], [-119.30787599957755, 44.050067000113465], [-119.30302900022322, 44.05818600030924], [-119.29661699999836, 44.05987800021521], [-119.29380199969818, 44.063372999776554], [-119.29599299965929, 44.07543900023965], [-119.29309899971636, 44.0826539998198], [-119.29427299987634, 44.085984999802825], [-119.28480600005008, 44.09973800018166], [-119.26571400021382, 44.1019869999484], [-119.26266299991207, 44.09894099968783], [-119.24218900040168, 44.098431000231464], [-119.23911700018354, 44.09970499973981], [-119.24305399986683, 44.101296000039476], [-119.24808699989235, 44.10918799977759], [-119.23868299981524, 44.115348999792424], [-119.23021000022392, 44.11043100017985], [-119.21688799983178, 44.10882900001951], [-119.20440599968879, 44.12420400025592], [-119.19275399974916, 44.124155000157664], [-119.1871170003744, 44.11987399974792], [-119.17987900014411, 44.11916599992237], [-119.17285799964878, 44.12267899984885], [-119.16893500020916, 44.128630999916446], [-119.15083900025762, 44.13349999983353], [-119.13120099990006, 44.148096000198244], [-119.12292999997511, 44.14493300000542], [-119.11937999990609, 44.1404279997909], [-119.11815200021775, 44.13033899980299], [-119.09572200002452, 44.14058900017835], [-119.08803500025566, 44.13965499983671], [-119.08800099992047, 44.12847600025281], [-119.07893099975425, 44.12881000017422], [-119.07908700028815, 44.1240770002333], [-119.0832220003382, 44.118403000114625], [-119.08890200026897, 44.117486999875794], [-119.0954590002588, 44.11987799998153], [-119.10213699972415, 44.11478099969805], [-119.09854499982234, 44.113859000072985], [-119.0991270003286, 44.10915099978118], [-119.09286900008951, 44.10625500030918], [-119.09753300004405, 44.10420899977458], [-119.10736599956822, 44.10606900013756], [-119.11510599993886, 44.10090400031439], [-119.11295099996276, 44.09002099971251], [-119.11436500032225, 44.08154100014061], [-119.11152699955753, 44.074148999694714], [-119.105371000324, 44.07146999995254], [-119.10840699965883, 44.06567699968454], [-119.10643300033097, 44.061671999829095], [-119.09540400000722, 44.06003400026263], [-119.08887299995666, 44.055455000167754], [-119.07474399982566, 44.05613099969883], [-119.06761299972548, 44.0521189998168], [-119.03445000038282, 44.064813000141754], [-119.02997499967586, 44.06218899991714], [-119.02071000041427, 44.061916000141046], [-119.01483399976661, 44.05770300011586], [-119.0090269996142, 44.062791000138745], [-118.99499600029084, 44.067160000211224], [-118.98388099975332, 44.06826900010389], [-118.97542499988045, 44.065531000079446], [-118.96482499990206, 44.07003800028501], [-118.96015000007688, 44.0636629998294], [-118.95488400042287, 44.063816999831964], [-118.94486199985452, 44.05668600031978], [-118.94852800027451, 44.05266900026649], [-118.94917400035487, 44.04914600004673], [-118.94606100012885, 44.044488000124595], [-118.94835800039517, 44.04304500002961], [-118.94905600035409, 44.03590100019385], [-118.94313100020092, 44.027521999960655], [-118.94570100027875, 44.02578800015571], [-118.94039299989365, 44.02119099985068], [-118.93702399957459, 44.021300000209365], [-118.9374040004145, 44.01824999968825], [-118.92826999977585, 44.018460000062234], [-118.92431499965087, 44.011019999954215], [-118.88915999964041, 44.01129899985254], [-118.8818229996759, 44.00492700012328], [-118.88191399991251, 43.99563199972112], [-118.85038099994111, 43.991560000198135], [-118.84892899994679, 44.00525200003692], [-118.84183700020465, 44.01225000014133], [-118.84200000041126, 44.01910899968827], [-118.83661500003326, 44.021008000160876], [-118.83842299967974, 44.02651700022254], [-118.8364130003669, 44.02798600007931], [-118.84244300010207, 44.0293660002635], [-118.84663800042655, 44.027616999928476], [-118.84855700040112, 44.02601400016509], [-118.84751299993748, 44.022956999834186], [-118.8512250003882, 44.019492000190525], [-118.86675399973667, 44.02108099998482], [-118.86740200036517, 44.023501000271885], [-118.87713899962988, 44.0272650000733], [-118.86770500031388, 44.029593000003594], [-118.86717200021141, 44.031012000264916], [-118.87878499979294, 44.028706999711616], [-118.89277500000678, 44.03389000007501], [-118.89748099979413, 44.0332649999066], [-118.88933299989277, 44.034925999785195], [-118.88460799983886, 44.042125999748244], [-118.87351900013896, 44.044520999730445], [-118.87235000000184, 44.047995000037126], [-118.87605300023175, 44.052371000032345], [-118.89249200014955, 44.05433399993682], [-118.90349499963573, 44.04830399993161], [-118.90974100017928, 44.05704099969331], [-118.90450200028943, 44.06385100016413], [-118.9081179995824, 44.06330200017706], [-118.91300800039107, 44.066418999990454], [-118.92504699994495, 44.06023000000444], [-118.94053199981082, 44.06157000018377], [-118.96320300002844, 44.13376400019559], [-118.96618300018505, 44.13392200011154], [-118.96615399987276, 44.139817000280026], [-118.94224599974596, 44.13547499979343], [-118.93165800036147, 44.14253499987546], [-118.91868199957575, 44.1383989997502], [-118.91788999990551, 44.13350599976697], [-118.91239999994554, 44.12954999970473], [-118.8917349997411, 44.13164700025877], [-118.88506599959827, 44.1352100000284], [-118.88779300003489, 44.13680900016305], [-118.88756999955385, 44.139670000039665], [-118.88118400016654, 44.14446799987274], [-118.88459600014329, 44.15162099987439], [-118.89685099960727, 44.153688000020445], [-118.88361600015209, 44.159568999845966], [-118.88008699999946, 44.157525000163666], [-118.85667299961707, 44.15883099991665], [-118.83339300002731, 44.16695899987358], [-118.8600610002027, 44.16181399993521], [-118.85721599976529, 44.168718999964305], [-118.86115699964655, 44.17509000019064], [-118.85959500004739, 44.18142900013132], [-118.86349999994364, 44.18644500003245], [-118.86937999989097, 44.188386000290706], [-118.87653699993044, 44.17651900022291], [-118.87381299986681, 44.173865999986155], [-118.87418899961045, 44.169270000244545], [-118.88995399985879, 44.17581699994826], [-118.90396800036207, 44.186573000263415], [-118.91247399956538, 44.183662999730984], [-118.92858899961807, 44.182821000274075], [-118.9416790002066, 44.185812999770015], [-118.95101499961329, 44.19161299976568], [-118.9703609998928, 44.18773099971518], [-118.98583499988798, 44.18838799969718], [-118.98819099970555, 44.1934630000084], [-118.98174599986872, 44.2007349997354], [-118.97886199997156, 44.21106999993746], [-118.96697700040346, 44.21441100014788], [-118.96189400014924, 44.219695000164315], [-118.95683900038246, 44.2183700000324], [-118.94272600014497, 44.225435999692024], [-118.93315600038655, 44.22207499990354], [-118.9323930001303, 44.21871499991564], [-118.92975500028045, 44.218212000248904], [-118.93067699964702, 44.21494199977804], [-118.9257189999646, 44.21121600005081], [-118.92486899966973, 44.21909999984325], [-118.91227600009697, 44.21808200016611], [-118.90081599977798, 44.22126199980669], [-118.89825900011897, 44.22011400006738], [-118.89640200006868, 44.212572000174134], [-118.89427499968168, 44.21268200020444], [-118.89269700018896, 44.21665300013887], [-118.8887079997288, 44.217209999689544], [-118.8879050001879, 44.21503399984939], [-118.86671799975164, 44.21264999970172], [-118.85586400022838, 44.21331200028313], [-118.85217900044016, 44.21714300014722], [-118.8464590003264, 44.212742000134405], [-118.83116199988321, 44.21773999998417], [-118.82709700015339, 44.22221300029964], [-118.83542199960671, 44.23900099974104], [-118.83258600028844, 44.2451659999795], [-118.80962399981769, 44.255487999864705], [-118.80408100015426, 44.260575999714995], [-118.80476999989234, 44.26857100010308], [-118.80180300015452, 44.272697000050535], [-118.78660600016875, 44.278001999697366], [-118.77749699964446, 44.278241000146274], [-118.77321699982946, 44.28630500025837], [-118.77575500012023, 44.289903000266484], [-118.77100499995196, 44.29341099991326], [-118.76093499970301, 44.29541199980038], [-118.76502700009533, 44.301714999807885], [-118.76982800031723, 44.30407999993742], [-118.76762399993731, 44.307104000056846], [-118.77284299973567, 44.309784999810894], [-118.76890600005233, 44.31978699977095], [-118.78583899971454, 44.31631399972536], [-118.7835900000271, 44.32184100026152], [-118.78963999985373, 44.32344299982673], [-118.79434999983906, 44.337886000274736], [-118.7996699999197, 44.34131599968236], [-118.80699600001356, 44.34161399995468], [-118.81511999962547, 44.34989000020365], [-118.80718699980928, 44.35165000013642], [-118.81196600028986, 44.3529990000096], [-118.80409600022287, 44.35487400018344], [-118.8019229998051, 44.35799600001181], [-118.8075809999946, 44.358752999991786], [-118.8119550004192, 44.362376000091324], [-118.81271299975428, 44.36518099984331], [-118.80622500025973, 44.36021999973761], [-118.79875500022582, 44.362346999993676], [-118.79776299964072, 44.359270000044646], [-118.79598500013147, 44.363295999945144], [-118.79438300034931, 44.35853900031707], [-118.79420900027205, 44.36201199981823], [-118.78599500024846, 44.37156300026246], [-118.76939599959881, 44.37969899974101], [-118.77422000028521, 44.360816999865115], [-118.77355300028846, 44.35472100018188], [-118.76722800010218, 44.3570609996879], [-118.75998900004697, 44.364145000094744], [-118.7487260002698, 44.363522000142034], [-118.74700700031178, 44.365398999932914], [-118.74994499973731, 44.36984599976055], [-118.74917399998344, 44.373007000288226], [-118.74660800010362, 44.376477000112466], [-118.74223399967899, 44.376791999720744], [-118.73809600015421, 44.370600000004345], [-118.74419700003448, 44.357740999884975], [-118.73106600033636, 44.34974399997406], [-118.72954999986962, 44.23916599997938], [-118.724417000285, 44.24164000007066], [-118.72546099985034, 44.235512999960285], [-118.72240600024897, 44.23216500013003], [-118.72317899965263, 44.22553599976926], [-118.71909300000638, 44.21369500028999], [-118.73312000003014, 44.20438900024669], [-118.7199399999282, 44.190242000020504], [-118.70544099990138, 44.19165299986296], [-118.6972129996341, 44.19616400021761], [-118.69112500017263, 44.20381300016383], [-118.69099999960083, 44.21300400027112], [-118.70123800007929, 44.221828000127076], [-118.69472299992226, 44.23646100011585], [-118.69647299984238, 44.242793999999556], [-118.68537400009674, 44.23326100013762], [-118.68620000010219, 44.22866500020424], [-118.68317999976257, 44.22365799977506], [-118.68219399992358, 44.22553299997542], [-118.67208400038997, 44.2221489999789], [-118.66448299993651, 44.214367999684484], [-118.65225699988653, 44.216570000130446], [-118.64072700014566, 44.20857099986578], [-118.63937399988556, 44.213139000255175], [-118.61494900044814, 44.210707000261294], [-118.61034400004482, 44.199782999981856], [-118.59984199997574, 44.197063000203414], [-118.59679300022215, 44.200218999797464], [-118.59221600030621, 44.19873499999518], [-118.58954400012117, 44.20643499992378], [-118.57821299967364, 44.21307900008584], [-118.57142100040545, 44.21003500021913], [-118.56329600007037, 44.21133099982796], [-118.55385600000825, 44.20807399991452], [-118.55026499993136, 44.20987400001625], [-118.54844600041423, 44.206430999759604], [-118.53626200019707, 44.21054000013605], [-118.53911500013207, 44.214724999929366], [-118.53922999975981, 44.23168200013431], [-118.5416719997911, 44.23298699979646], [-118.52681499956397, 44.24547200029522], [-118.51347800000151, 44.24864999970604], [-118.51229399979583, 44.25487600019542], [-118.50905900026936, 44.25284700005508], [-118.50485600044729, 44.25922000004341], [-118.50558299982018, 44.26209699988947], [-118.50027399961019, 44.26553500014202], [-118.49739700028402, 44.264466000099226], [-118.49749900039127, 44.25524799968117], [-118.40110500035108, 44.255586000006524], [-118.39691099985151, 44.265569999882786], [-118.39645800011496, 44.277562999894954], [-118.40635299956342, 44.291152999850915], [-118.40544200006748, 44.2984839997735], [-118.40787499987795, 44.30516100029272], [-118.41473499981647, 44.31197199987675], [-118.4183619998784, 44.321019999709755], [-118.42603000027901, 44.326826000049735], [-118.42569700019307, 44.33555900006028], [-118.43294899976878, 44.34251300023954], [-118.43419400007389, 44.351099000303854], [-118.44119100027977, 44.36447799978719], [-118.44022999965681, 44.36768799973539], [-118.44509500035112, 44.36546999972513], [-118.45042499957921, 44.36818900025164], [-118.45849100036308, 44.366043000225794], [-118.4718310002986, 44.373017999764464], [-118.4889410004111, 44.36884100012566], [-118.51654000017392, 44.373704000202856], [-118.5236849996195, 44.38554700006918], [-118.53146599999802, 44.39135799968078], [-118.55811999992972, 44.398226000083504], [-118.57736400010197, 44.39575199980624], [-118.58357100028745, 44.40285500025807], [-118.58306199957609, 44.406240000163216], [-118.57466400032783, 44.40925700022913], [-118.57611100029926, 44.411366999703404], [-118.56095699997124, 44.41098500006838], [-118.54757799967769, 44.41838299995414], [-118.52987699973635, 44.41452999985962], [-118.5146170000014, 44.42392899997612], [-118.5126179996609, 44.44254700012276], [-118.51565600044218, 44.453252000016434], [-118.50822599969293, 44.45806000000298], [-118.49686199963338, 44.45638199991055], [-118.47201299987344, 44.445161999826205], [-118.4585830004246, 44.44313200001656], [-118.46417899979147, 44.44596999972733], [-118.45744500024965, 44.44599399973765], [-118.43446500023552, 44.436164999846106], [-118.43022100040555, 44.43973099977329], [-118.43108199967277, 44.45363199984673], [-118.43995600002042, 44.45827400006625], [-118.45068099967226, 44.457655999794994], [-118.4578650003742, 44.461883999784085], [-118.45550399963545, 44.46462800020976], [-118.46016799959, 44.468209999887485], [-118.46058900043782, 44.47178100013572], [-118.4543370000465, 44.47335800020223], [-118.46077699986047, 44.47594500014273], [-118.48004899962179, 44.49690399969188], [-118.476564999675, 44.501072000082324], [-118.46282999972932, 44.5025390000283], [-118.47750500038158, 44.51892800024467], [-118.47715899987685, 44.52702100013835], [-118.47073599978133, 44.5289210000944], [-118.47527699971221, 44.53301199971101], [-118.47268900009107, 44.535344999684455], [-118.48158500018, 44.54627000019818], [-118.48097900028262, 44.548235999702015], [-118.49076599977602, 44.55316999983149], [-118.48715600033086, 44.55655499975082], [-118.48283999963255, 44.556716999732636], [-118.48274599992122, 44.55957499993007], [-118.47910100031594, 44.559874000237244], [-118.47983899955952, 44.5633480002967], [-118.47776099957628, 44.56529299968848], [-118.46957099984216, 44.559578999719534], [-118.46973300022388, 44.56264300025819], [-118.47254699980085, 44.563237000266284], [-118.4710150003389, 44.56762699977279], [-118.47837499986962, 44.573408999707944], [-118.46915999993844, 44.56771900004851], [-118.47210599975988, 44.57430200022904], [-118.46599700038203, 44.57311500018698], [-118.46385099972842, 44.56792600029679], [-118.45774200035056, 44.56945899989852], [-118.45147200041589, 44.56292100007526], [-118.44562099988259, 44.570077999841445], [-118.43675900012882, 44.56646000023696], [-118.43628200010284, 44.563254999783986], [-118.43370700000214, 44.562493000182705], [-118.42539099987133, 44.56718099972659], [-118.42668700023006, 44.56909499974686], [-118.41010600002204, 44.56214999969179], [-118.4036279996749, 44.567489999697735], [-118.40158200037708, 44.5658410001904], [-118.39765499984118, 44.56811600016075], [-118.39613500007478, 44.58070300019844], [-118.41276200031356, 44.58377400014347], [-118.42033699992943, 44.589653000128855], [-118.42614999992962, 44.59061100019427], [-118.4285569998008, 44.585575000237206], [-118.436821999878, 44.58684700028684], [-118.44455399985273, 44.5841640000353], [-118.45209500003175, 44.59390300023132], [-118.46029700035977, 44.59984400001078], [-118.46908499959537, 44.59890300015767], [-118.47325399998059, 44.60272000020775], [-118.48323399981784, 44.60395399981326], [-118.48213599982586, 44.609273999805], [-118.47606500008281, 44.61733399982047], [-118.48135500002623, 44.620845999957595], [-118.48888600015951, 44.62117500002716], [-118.4909039998683, 44.63433899969273], [-118.49878399998103, 44.63746800019494], [-118.50645400003145, 44.646323999728516], [-118.49838499977284, 44.63604400027626], [-118.49963599992572, 44.625837000007934], [-118.51006400037492, 44.61873599990833], [-118.51567800018347, 44.61056400002802], [-118.52831199976413, 44.60633999996501], [-118.53367799987555, 44.60191200004769], [-118.53861499964157, 44.603146999864435], [-118.54489999964485, 44.60889600027582], [-118.54078200021156, 44.6117549996848], [-118.5369069995542, 44.62489200012002], [-118.54030199981253, 44.62900900015652], [-118.53753799956598, 44.63650499997509], [-118.53990699980234, 44.64575400017773], [-118.53382400036371, 44.652627999963975], [-118.53334899998757, 44.65725299983759], [-118.53469100037707, 44.66542700007614], [-118.54243500004733, 44.6686449996915], [-118.54561699987033, 44.672744999766174], [-118.54116100032822, 44.670947000107205], [-118.54000800008467, 44.67500000007391], [-118.53539400035882, 44.67520399975266], [-118.53907699959893, 44.67872500024572], [-118.54523000025604, 44.67630400014819], [-118.55192699998798, 44.67820199993986], [-118.55538699964528, 44.68227199976108], [-118.55452100035522, 44.689587000103856], [-118.55602699987789, 44.69628500015807], [-118.55775699970657, 44.69633100030266], [-118.5538789995745, 44.700491999852886], [-118.54522600005807, 44.70177499983303], [-118.53720000035548, 44.6960650000998], [-118.52948900029716, 44.69506199989196], [-118.52259199965037, 44.70023799994421], [-118.52259500002341, 44.69107799999741], [-118.52608399999306, 44.68700500015825], [-118.5230720000494, 44.685041000092916], [-118.51349499971997, 44.68742500028232], [-118.51095700032752, 44.679133999771274], [-118.50443700014759, 44.669928999712205], [-118.50432699964443, 44.66527200003749], [-118.48871299990716, 44.664484000043174], [-118.4750230001673, 44.65950900030911], [-118.48354400033757, 44.66627800010538], [-118.49406499977489, 44.668296999730366], [-118.49479899971881, 44.67271599977121], [-118.49819399997715, 44.673725000184675], [-118.49967799975852, 44.67817500008663], [-118.49243000038078, 44.68386000026168], [-118.50211399994203, 44.68781000027541], [-118.49440100023386, 44.688956999938064], [-118.48909000037403, 44.68606400026692], [-118.4744080000491, 44.68442700021968], [-118.46904899961035, 44.681091999940634], [-118.45604400030894, 44.68409600007022], [-118.44479700042527, 44.67631599969126], [-118.44376999968009, 44.67054999975052], [-118.43996199986819, 44.66602500015841], [-118.4224380003772, 44.66616299974361], [-118.41497699966581, 44.67505099974152], [-118.41858600018439, 44.68477400021745], [-118.42219900000259, 44.68650400016959], [-118.42286599999939, 44.69167000001453], [-118.42039600037901, 44.693113999774475], [-118.42152399960989, 44.69555799992056], [-118.43140399988806, 44.69450300010938], [-118.43575999987101, 44.699422000233945], [-118.43825299995592, 44.70760000028215], [-118.43605699997195, 44.70606200007523], [-118.42575099972144, 44.70740600029153], [-118.42023800019524, 44.703432999681965], [-118.41588100038734, 44.704779999811436], [-118.39604899986107, 44.69959900003742], [-118.39005799958565, 44.70030900006606], [-118.38578799981642, 44.69383599988274], [-118.38412099973692, 44.68389599993737], [-118.39004699971501, 44.670847000111046], [-118.38008199994637, 44.669217999877574], [-118.39295300025178, 44.66178300021563], [-118.39267700006727, 44.653427999873344], [-118.38672900034788, 44.65198300007755], [-118.38222100002895, 44.65462700006351], [-118.38271999979622, 44.661563000100294], [-118.37117599981164, 44.66182100008132], [-118.37266899981388, 44.65627699968289], [-118.3546549998781, 44.652315999832744], [-118.34726799968487, 44.654725999856524], [-118.33877900020002, 44.65247599989671], [-118.33683799958582, 44.65462199971443], [-118.32812300014515, 44.648855000298], [-118.31600800042328, 44.64959200024189], [-118.30048800039732, 44.633385999850475], [-118.29289100014181, 44.631464999880656], [-118.28437900019239, 44.63354100010234], [-118.27925800030336, 44.637382999735976], [-118.28237099963108, 44.646225000292524], [-118.28046099987735, 44.64858600014658], [-118.27674500012697, 44.646873000273935], [-118.26597199989624, 44.66349599993226], [-118.27922200031836, 44.657583999966185], [-118.2915810004377, 44.66103099990271], [-118.29994500024911, 44.66972299973385], [-118.30953799957375, 44.67339099970296], [-118.28928099979832, 44.67531400022081], [-118.29149100002601, 44.67540700027952], [-118.29209100007566, 44.68704400024334], [-118.2950870001258, 44.693883000088064], [-118.30164499994055, 44.697527000174276], [-118.3178400003592, 44.71480099998049], [-118.31726500042392, 44.706657000209724], [-118.32199399977748, 44.72769599985463], [-118.32118899968845, 44.73856300012226], [-118.32782299967117, 44.739521999681784], [-118.33183300004775, 44.73570300018822], [-118.33744400038155, 44.734439999937145], [-118.33546299958438, 44.73890999984375], [-118.33727799980188, 44.74211999979704], [-118.33376000041821, 44.742439999986004], [-118.36762099971978, 44.74721299997556], [-118.38006699987777, 44.74422699968586], [-118.38332099967076, 44.7388679999239], [-118.39170399974874, 44.73432800014608], [-118.39229600030076, 44.73069399978161], [-118.3961719998847, 44.73165400031341], [-118.39686399999583, 44.73420299985541], [-118.39460500026267, 44.74255299984494], [-118.40244799966713, 44.74594699981303], [-118.40815699991026, 44.744273000011766], [-118.41047900029093, 44.74056300021802], [-118.41478099984724, 44.740391999818506], [-118.41587100034161, 44.737020999970966], [-118.43088800040233, 44.740222999926814], [-118.43107599982498, 44.73809600021648], [-118.44043800006925, 44.733499000059076], [-118.43394100035388, 44.742384999720684], [-118.42843499960206, 44.74255299984494], [-118.41940999964169, 44.74745899993144], [-118.41971799961325, 44.7578110001827], [-118.42530499965761, 44.765006000247354], [-118.4160470000687, 44.76663800020359], [-118.41509499966658, 44.76967900003332], [-118.40813099997096, 44.76828300024749], [-118.40030399956169, 44.76393700030623], [-118.39924699957758, 44.7604390001694], [-118.387602000209, 44.755954000266875], [-118.38620600029115, 44.75843300022524], [-118.37019099979757, 44.76155099997041], [-118.36508599980206, 44.75823800017147], [-118.35943900038157, 44.75835499989997], [-118.35694000044887, 44.763682000059774], [-118.33628199991712, 44.76805500009609], [-118.34214799962074, 44.77012200014944], [-118.34321600037384, 44.774282000031555], [-118.35233000002269, 44.78195899999198], [-118.37441200006135, 44.78731100005122], [-118.37083900042609, 44.79806000010326], [-118.38056900001808, 44.79527100028497], [-118.37308599956539, 44.79917799980852], [-118.36853200011403, 44.805123999801545], [-118.34477299995014, 44.81231199997586], [-118.34352199979726, 44.815330000306226], [-118.34843699982198, 44.81738599992591], [-118.34753200017384, 44.81872999995866], [-118.3413290001863, 44.81957399987704], [-118.34355600013244, 44.81692400020677], [-118.3425950004078, 44.81139399976273], [-118.32755599970749, 44.807948999708685], [-118.326261000072, 44.811153000147485], [-118.31647399968028, 44.812251999825115], [-118.31559499997141, 44.815705000283096], [-118.32417200021814, 44.81245199987245], [-118.3326959998631, 44.81327499990864], [-118.32813099964274, 44.81574299980991], [-118.32715700039762, 44.82041899994017], [-118.31955599994417, 44.823805000051145], [-118.30202300023234, 44.816157999837365], [-118.29562100005319, 44.815118999814764], [-118.3073089999778, 44.81913999999285], [-118.30733499991706, 44.82125500014842], [-118.31121899989692, 44.8228220001068], [-118.30626100021452, 44.8298060002022], [-118.29646200012722, 44.8247879998], [-118.2921930001829, 44.82558100010619], [-118.28450300004096, 44.8132460002216], [-118.28551900001719, 44.809021999850565], [-118.28356599970746, 44.80685200023571], [-118.27664999969241, 44.80418299970624], [-118.27323600006582, 44.806573000316995], [-118.26130200009392, 44.79855700011179], [-118.26106600009237, 44.806792000140895], [-118.256689000193, 44.80996900029193], [-118.25965699975575, 44.81441300019795], [-118.25801499979063, 44.81802799977028], [-118.25977099955857, 44.82246900010975], [-118.25696600020242, 44.817602999868065], [-118.25707300033255, 44.81561200007781], [-118.252662000098, 44.8150660002465], [-118.25229200020213, 44.81128999993066], [-118.24914299999108, 44.808889000236654], [-118.24663499983758, 44.810680999686504], [-118.23955700033915, 44.80952899983081], [-118.23494699991296, 44.80483400016967], [-118.22817200036324, 44.80905800005271], [-118.21557700024235, 44.80921599993068], [-118.20818099982829, 44.80647200006862], [-118.20747399964854, 44.80300499989166], [-118.21501200035283, 44.79980200017128], [-118.20619599973148, 44.798833000164734], [-118.20037500023372, 44.79455100029744], [-118.20153299960182, 44.793016000025155], [-118.19816800037906, 44.79030300004085], [-118.20018600008783, 44.78921899975805], [-118.1970789997096, 44.78791499996045], [-118.19889200027724, 44.78271999977178], [-118.20689700006345, 44.7844590001495], [-118.20023899979128, 44.78090600012924], [-118.19880900043657, 44.77717200026352], [-118.20399100042498, 44.76439100015017], [-118.21676599957262, 44.773974999764235], [-118.22535000039035, 44.776620000171135], [-118.22233199970057, 44.777250999917854], [-118.22489400028078, 44.78086400011971], [-118.2292949995713, 44.77777499990989], [-118.22605800039503, 44.77505000020747], [-118.23166299998273, 44.775638000014816], [-118.23396299972377, 44.77175600025127], [-118.23178799965619, 44.762308999804944], [-118.2289570003608, 44.761589000084484], [-118.2358449998884, 44.76162399976456], [-118.24626699959154, 44.76579299998933], [-118.23740499983778, 44.761861999833336], [-118.23093599971149, 44.76014499986721], [-118.23351400018521, 44.75675099986245], [-118.22913599956263, 44.75754000020524], [-118.22582700041633, 44.751963000169944], [-118.24019900022157, 44.748855999905096], [-118.24051300004093, 44.746247000120654], [-118.23614299981425, 44.746417000029226], [-118.2354209995659, 44.71825099973043], [-118.23199100004578, 44.71780599974878], [-118.2334999999415, 44.72197600019335], [-118.22934800017303, 44.72252499976864], [-118.22490199977837, 44.72674099987361], [-118.22949799996087, 44.72578200024637], [-118.2290639995926, 44.728937999903735], [-118.22331099986688, 44.73240699980386], [-118.21500999980468, 44.73295399995064], [-118.21639999987472, 44.72840699995989], [-118.21350099990896, 44.72819099974537], [-118.2217769998568, 44.72549600014826], [-118.21773700024133, 44.7221589997796], [-118.21955099973559, 44.71859300011167], [-118.20981500029579, 44.71368199984009], [-118.21518999972972, 44.710735000054676], [-118.20820599994262, 44.70927000031012], [-118.2135829999247, 44.70639100019945], [-118.20778699964299, 44.703823999682626], [-118.2089299998408, 44.694413000116434], [-118.20213199982655, 44.69409399988768], [-118.19494600037311, 44.68899300027807], [-118.19433100025485, 44.68024899982501], [-118.11546400007873, 44.676905999818736], [-118.09568599997911, 44.671495000319005], [-118.09815399994966, 44.666469000290924], [-118.09569299965179, 44.66086100017958], [-118.0993180000639, 44.64931699998452], [-118.09818599973671, 44.6477349999023], [-118.09227999985012, 44.650752999791145], [-118.09091400006952, 44.64318199972683], [-118.0874209999019, 44.63867399970493], [-118.09007700019343, 44.634395000149105], [-118.092136999735, 44.63582400031466], [-118.09529400034195, 44.633817999933875], [-118.09649899956574, 44.63039299978413], [-118.06921199997247, 44.63184199971327], [-118.06619099980796, 44.63544799990209], [-118.06742799971713, 44.64042400022979], [-118.06208400024533, 44.650092999841284], [-118.05312899970679, 44.6540019997408], [-118.04778900043299, 44.648289000131626], [-118.04718400036049, 44.63759999972833], [-118.04951000004081, 44.63522000019946], [-118.04468200005475, 44.62039700016402], [-118.05380499992442, 44.61532600025274], [-118.05798500018031, 44.617834999828474], [-118.06866299997645, 44.617766999870355], [-118.06770899992452, 44.61313599968625], [-118.07415200011154, 44.605513000127395], [-118.09305399997702, 44.61139299992849], [-118.1004310001245, 44.608139000001216], [-118.11119099993644, 44.62121899968328], [-118.12057499992203, 44.62516900031293], [-118.12344399975058, 44.630259000137904], [-118.12684099965873, 44.63001399977965], [-118.12697799992607, 44.62331000021551], [-118.13317400024088, 44.62100999990077], [-118.1285920003021, 44.613866999805595], [-118.13553099988336, 44.61332299974496], [-118.13047799976638, 44.60620200001937], [-118.14141699967844, 44.59205500015372], [-118.16454099963262, 44.58649699971218], [-118.17981899980921, 44.58783899983406], [-118.18282699955493, 44.5829739996911], [-118.19509500033601, 44.580788999889286], [-118.20330699981146, 44.572358000237216], [-118.21196699989888, 44.57038499993834], [-118.21557899989216, 44.5703739998399], [-118.21551399959485, 44.573875999968266], [-118.23554299976465, 44.58882600010337], [-118.24418100011073, 44.59109499980981], [-118.24972899979704, 44.59547700002225], [-118.26001800032908, 44.58401699981731], [-118.28397999998423, 44.58913799998054], [-118.28666800006282, 44.592290000197515], [-118.28713400021815, 44.58878300014071], [-118.28306799976508, 44.58769399984035], [-118.28369200010412, 44.583608999967595], [-118.29401500007307, 44.58175499989372], [-118.29428399968658, 44.5776020002446], [-118.30042300009998, 44.56867000001361], [-118.29931900026021, 44.55364399985845], [-118.29459400020629, 44.54814300000192], [-118.30389000032834, 44.54070499994204], [-118.31415700022077, 44.54205499982777], [-118.30886999975208, 44.536969999940176], [-118.30088199968431, 44.537831000173455], [-118.2955719996494, 44.54308599987726], [-118.29218099958901, 44.53768699986977], [-118.2830350001531, 44.54037399984381], [-118.26220300044243, 44.53033000022257], [-118.26663300004526, 44.52377200020228], [-118.27594199968777, 44.52309199991727], [-118.27498400033615, 44.51880000007905], [-118.28588499971511, 44.519101000086785], [-118.2863919998783, 44.5167850001344], [-118.30444599999704, 44.52272300030492], [-118.31007499987419, 44.52808499993622], [-118.31632899991533, 44.52831700007989], [-118.31880199990874, 44.53167100003628], [-118.31764899966515, 44.53530499984907], [-118.32497399993409, 44.53766200026103], [-118.32769499962465, 44.541560000068245], [-118.34626599995232, 44.547171999944496], [-118.3497959999299, 44.54439400016389], [-118.3478409999703, 44.544660000215984], [-118.34063500042537, 44.53449599989092], [-118.34738700040889, 44.530499999927585], [-118.34574999956831, 44.52950200030639], [-118.3491060003669, 44.528512999922846], [-118.35551400039381, 44.5321009998058], [-118.35651899960108, 44.52996900015642], [-118.36436699992674, 44.53395299988455], [-118.3664740002223, 44.529346000062496], [-118.36348400001992, 44.531884000111916], [-118.35846000021526, 44.52831599975553], [-118.34626099992948, 44.510077999917385], [-118.3495220002935, 44.51207899977224], [-118.34640599969441, 44.50871200028285], [-118.35182299985946, 44.50477300031998], [-118.34734600040099, 44.50615799995276], [-118.34154699974619, 44.50184700016566], [-118.33803799968507, 44.496324000145805], [-118.33995400018489, 44.49269599971444], [-118.33284099962806, 44.49086599999246], [-118.33007599955657, 44.494724999922255], [-118.33115099998236, 44.49001699986384], [-118.32190199971598, 44.4934379999347], [-118.32065999978393, 44.4898559998433], [-118.31519099974035, 44.48895500031845], [-118.31557599970482, 44.48720000026343], [-118.31013799962338, 44.48712299971092], [-118.30969699958243, 44.48470200015678], [-118.30651300010959, 44.48558899993896], [-118.30269299970384, 44.4831659998928], [-118.29865399991327, 44.48654300029786], [-118.29065699962466, 44.48006600023748], [-118.29285299960864, 44.475294000054], [-118.29144599982017, 44.472979999889404], [-118.29441900030412, 44.47283400020527], [-118.29381599988145, 44.46939399976038], [-118.29958399967576, 44.469442999803924], [-118.29866200030919, 44.46729399998955], [-118.3097040001534, 44.47385799989372], [-118.29781299983924, 44.4547589997832], [-118.29790200042598, 44.450341999741994], [-118.30368199991588, 44.45366100024856], [-118.30693700043214, 44.45042800029687], [-118.29559599993881, 44.441549999771354], [-118.28323400034475, 44.427284999784554], [-118.25794600019366, 44.42159800028165], [-118.2529299998866, 44.42520000021804], [-118.24249499976467, 44.42718599997218], [-118.24213999993742, 44.42200700015256], [-118.23502100043113, 44.422504999694745], [-118.23630600002086, 44.42084399987853], [-118.22934099960202, 44.419291999737375], [-118.23484599963062, 44.41123499991006], [-118.23483899995793, 44.39638099978454], [-118.23971600034781, 44.3832289997317], [-118.23779900002307, 44.385018000172586], [-118.23347800020021, 44.38018999984084], [-118.21757499985962, 44.3743949997214], [-118.21787799980831, 44.37670100010782], [-118.2132509996637, 44.37701700014625], [-118.21100799982402, 44.37491300017328], [-118.21180399969224, 44.37147699988906], [-118.20530799980176, 44.36870099998059], [-118.19193199988126, 44.37279800021538], [-118.19534200020821, 44.366461000314466], [-118.19010499996823, 44.364841000234684], [-118.19216399968488, 44.36326199994237], [-118.19001499955657, 44.36167700029617], [-118.18757199970035, 44.36214400019278], [-118.1874689997682, 44.353793999829435], [-118.19362900009799, 44.347153999786265], [-118.2088799996121, 44.33918299975309], [-118.21402700033873, 44.33321400016841], [-118.21448900029608, 44.33112399977375], [-118.2108079998075, 44.33558400018553], [-118.21305599967003, 44.33080199979273], [-118.20990300015936, 44.32955700001756], [-118.21549000020369, 44.325653999786596], [-118.21059799974519, 44.31419499991904], [-118.21746600007967, 44.31659399997093], [-118.21726900043616, 44.31126599995381], [-118.22022199993032, 44.31074799991688], [-118.21925100015993, 44.307638999861986], [-118.22189300020776, 44.30812900001322], [-118.22668900040676, 44.30427800000071], [-118.22349699963972, 44.30917400004625], [-118.2232830002778, 44.31132299971464], [-118.22383399992363, 44.31260200001017], [-118.22511799968846, 44.308279000042], [-118.23241600019321, 44.30370800027237], [-118.23000599994899, 44.30332000014941], [-118.22994499984964, 44.30038100020793], [-118.23409900016622, 44.29824299984899], [-118.22869100022199, 44.29753600025095], [-118.22805199981434, 44.29101600028864], [-118.2240520003818, 44.29318299976455], [-118.22213000003423, 44.290321999854164], [-118.20877500003012, 44.29918900002793], [-118.19773900003365, 44.29791800010245], [-118.17202800028325, 44.31113100013025], [-118.16192799989712, 44.318914000279605], [-118.143636000127, 44.325441000022295], [-118.13745700042891, 44.32535799991379], [-118.12358900041384, 44.334619999872025], [-118.11216099988191, 44.338593999949154], [-118.1070419996427, 44.336658000230436], [-118.10643999994326, 44.34120100023724], [-118.09887200000007, 44.346830000011096], [-118.09887799984784, 44.34955100004071], [-118.10850700005581, 44.354585000059274], [-118.11393699974133, 44.36367999996644], [-118.11502200021286, 44.37587199994427], [-118.11255900026518, 44.37864899992905], [-118.11262600021232, 44.38725500020685], [-118.114392000026, 44.389672999762205], [-118.11109399985205, 44.395566000190904], [-118.11216900027783, 44.39908899990214], [-118.1070290001222, 44.410104999696664], [-118.08754300010064, 44.411852999758324], [-118.08459399990616, 44.419286000041375], [-118.07159000042967, 44.42235399973675], [-118.0854349999802, 44.424656000051144], [-118.09884000021299, 44.419399000308246], [-118.10631400044488, 44.419722000088306], [-118.10839400007791, 44.41719700012255], [-118.1081980002593, 44.42071499975779], [-118.1119499999947, 44.424070999945855], [-118.10756100039978, 44.42804700019342], [-118.10928899968033, 44.434021999793934], [-118.1074369996529, 44.44557399973724], [-118.09574000040577, 44.44493100011623], [-118.0671590001036, 44.43769200022329], [-118.06610899979219, 44.439326999763445], [-118.06574100044445, 44.44419699999488], [-118.06930499985889, 44.44713100006875], [-118.06776500000102, 44.449884999992975], [-118.07119500041942, 44.45100199993701], [-118.07152000010944, 44.45817200008002], [-118.07747500039983, 44.46610200023319], [-118.0769740000844, 44.46976399984353], [-118.08086800011003, 44.47251299974263], [-118.07741400030048, 44.47890199996676], [-118.08692399978445, 44.484220999852404], [-118.08188999993405, 44.49086800000459], [-118.04155299993519, 44.49110699999912], [-118.0415460002625, 44.48910500018508], [-118.0344910003303, 44.48756699973554], [-118.03460099993512, 44.47967799973633], [-118.04431700018175, 44.47088199970743], [-118.03731699960282, 44.460550999932444], [-118.03132700005065, 44.45654899969067], [-118.03705300001218, 44.449624999895434], [-118.03787499981965, 44.44285299996909], [-118.04035700003391, 44.44284300001618], [-118.03272600034151, 44.43250999975182], [-118.01347799997131, 44.42445599997187], [-118.01148500037691, 44.41516900027908], [-118.03167100000722, 44.415191999767345], [-118.03180800027458, 44.38995300022747], [-118.05195600027005, 44.390032000169164], [-118.05190199984338, 44.37200399990169], [-118.07191599994458, 44.372009000158144], [-118.07187699958651, 44.35756199988616], [-118.08701599984595, 44.357646000057755], [-118.08703599993744, 44.343184000273226], [-118.09208700040458, 44.34320800007374], [-118.09212199966638, 44.32873399971165], [-118.11206799999549, 44.328754000084004], [-118.11209200028493, 44.31427100007998], [-118.13234700041055, 44.31431000025964], [-118.13214099964792, 44.29948299998303], [-118.15245600004796, 44.29950899979886], [-118.15294499976952, 44.2706839998669], [-118.193404999792, 44.27070799973933], [-118.19334500041586, 44.25619999968579], [-118.21859800040686, 44.256162999834274], [-118.21776300018058, 44.25267000014857], [-118.2239169997643, 44.24280299995914], [-118.23302200009061, 44.236189999765266], [-118.23363800003376, 44.22190300029126], [-118.21543900015007, 44.21996899993586], [-118.21075799957879, 44.22238699983418], [-118.19590999957249, 44.21818900003727], [-118.19177600024567, 44.21411999985825], [-118.18974699976793, 44.19855700007149], [-118.19034400034282, 44.19526099976289], [-118.19457499975402, 44.19337300026117], [-118.22413799969723, 44.196167999790845], [-118.2210039995548, 44.19103400011603], [-118.22290800035907, 44.18388299997159], [-118.22102899966917, 44.183139999918744], [-118.22854100043419, 44.18323899987956], [-118.22764500010854, 44.03986200004208], [-118.44485699980142, 44.040377999779835], [-118.44854499996273, 44.03671600031078], [-118.45705600008722, 44.03801600021245], [-118.44437899995056, 44.02492900003536], [-118.44462499999784, 44.0220079999484], [-118.4514010002708, 44.01747000000103], [-118.4508899999096, 44.012281000054394], [-118.45439800014587, 44.0062090002946], [-118.44982999955245, 44.00668100014713], [-118.45340100043619, 44.00152600016657], [-118.46078500025638, 44.00152199968269], [-118.46745400039921, 43.996357000069146], [-118.46731600030694, 44.038548999884036], [-118.46937099982561, 44.037389999969214], [-118.47169599968105, 44.04010199999855], [-118.55336999976146, 44.040299000118836], [-118.54940600031395, 44.037899999973384], [-118.55187099991144, 44.030235999746594], [-118.55469700008231, 44.028230000315844], [-118.55957199992403, 44.0295909997394], [-118.55914299957864, 44.02601300029557], [-118.57022299995603, 44.02386200031577], [-118.57719500004755, 44.01767099981601], [-118.58248199961794, 44.03301200003092], [-118.58117699993672, 44.03501999979274], [-118.57512000043741, 44.03469800008178], [-118.57432799986886, 44.04028000007022], [-118.5871249996561, 44.040266000098484], [-118.5871720004101, 44.04699500026374], [-118.62877499973212, 44.04712199994342], [-118.63124500025079, 44.03713399993065], [-118.63896200015694, 44.03107200026467], [-118.64327700013199, 44.03673199985303], [-118.65386399969157, 44.0402260000687], [-118.65063699966274, 44.044144000125534], [-118.65121099977308, 44.04719600004811], [-118.69353799989159, 44.04738399972379], [-118.69294000039011, 44.03840200024139], [-118.70118700002566, 44.03031100007294], [-118.71536600038537, 44.04748000028973], [-118.73672399962753, 44.047573000245656], [-118.73594000035321, 44.0461030001643], [-118.74406899998796, 44.043961999836085], [-118.74466900003759, 44.03679500022852], [-118.75008200000467, 44.0325529999498], [-118.75606200040939, 44.036053000021624], [-118.76186700001365, 44.03624300022672], [-118.76355099981157, 44.041884999994245], [-118.76137300026924, 44.043985000198], [-118.76922300024475, 44.04445799982127], [-118.77459799967869, 44.04769300022297], [-118.7889839997276, 44.04773899997767], [-118.7859540002406, 44.043625000247175], [-118.78781700013866, 44.04001700023279], [-118.79347699997794, 44.03658799994248], [-118.80058399978869, 44.03635499976317], [-118.79962999973672, 44.03171500010846], [-118.79227299968075, 44.03015199983682], [-118.78774599999355, 44.03427000018437], [-118.7823999999736, 44.031462999851875], [-118.77761499964522, 44.032461000071514], [-118.7754089996155, 44.030770999869155], [-118.77745700035979, 44.028523999970744], [-118.77676100005071, 44.024797999729216], [-118.78276999986947, 44.028131000057726], [-118.79146500011697, 44.022223000244715], [-118.78774699981847, 44.01648799980293], [-118.79159300016349, 44.01039500027247], [-118.79458400019075, 44.01004700015154], [-118.78913900043665, 44.00745799969931], [-118.78720600021835, 44.00353499992352], [-118.79747099956268, 43.996874000216565], [-118.7970780001006, 43.99109500022986], [-118.80018200010579, 43.98656500018554], [-118.81692599962211, 43.98701999999731], [-118.81693099964498, 43.96073299990851], [-118.93830099966671, 43.95984600001029], [-118.93755300037739, 43.95740399983597], [-118.94149300043375, 43.95438400003403], [-118.93834599987258, 43.942971999987705], [-118.94244599976248, 43.93253100014727], [-118.93222800027387, 43.93130100009892], [-118.93319700039444, 43.91339299995217], [-118.93542199979242, 43.91370300015712], [-118.94277499965045, 43.90672700014266], [-118.94720000012872, 43.90777999977295], [-118.94424799956117, 43.922501000227776], [-118.94828300005211, 43.923519000056416], [-118.95923299983484, 43.922555000004095], [-118.9660879997505, 43.91851999980971], [-118.97517999965802, 43.92001100001124], [-118.97953700036425, 43.91728900016124], [-118.98877599968657, 43.919828999904674], [-118.99833700012248, 43.912991000016234], [-119.0065899996058, 43.91173799987365], [-119.0053929998796, 43.907356999698365], [-119.0149600001633, 43.900706000200756], [-119.02406299994149, 43.89814099974253], [-119.02602999959663, 43.89067100008499], [-119.02798200008145, 43.89030600027139], [-119.02687900006659, 43.886562000157966], [-119.0172280001173, 43.877566999984936], [-119.01763800019613, 43.872080999917465], [-119.01296099982278, 43.86903900003165], [-119.01005500018434, 43.860875000309534], [-119.01810900037431, 43.85390800022648], [-119.00715000037076, 43.84687099995287], [-118.99566199956436, 43.84447000027316], [-118.991508999971, 43.830925000254034], [-118.9929119995615, 43.82037499999635], [-118.98974399998222, 43.817997000106104], [-118.98090099959671, 43.82031400024919], [-118.98089800012197, 43.818473000191325], [-118.97827399961749, 43.81876400022491], [-118.994614999626, 43.79673400027285], [-119.00502100033394, 43.80069299996967], [-119.00873600025939, 43.79563899981327], [-119.02411999984291, 43.78957400031028], [-119.02933299979345, 43.77399900001155], [-119.02913799979977, 43.77132699975057], [-119.01983900020299, 43.77276600031061], [-119.0222400002264, 43.76895400005386], [-119.02240400025795, 43.75409900011302], [-119.02782899992057, 43.74114200016683], [-119.02248200007574, 43.73039099977449], [-119.02686300017307, 43.72590200023037], [-119.029716999933, 43.72559699971664], [-119.03226799974422, 43.72715899981902], [-119.03365799981427, 43.72765099997382], [-119.03470099955469, 43.72770600007252], [-119.02981400001738, 43.72343499986887], [-119.02817200005227, 43.70943200024915], [-119.02471800024269, 43.70462399991121], [-119.02285600016955, 43.69514699977651], [-119.01866199966996, 43.69029000018819], [-119.025577999685, 43.69612500019663], [-119.03229399968347, 43.6955889999415], [-119.03375300024885, 43.69581400003346], [-119.03474699958542, 43.69641600026489], [-119.03272100037907, 43.695849999736005], [-119.03156999978532, 43.70341100016541], [-119.04542100008196, 43.7241210001367], [-119.05614800028194, 43.72318800009187], [-119.06201300016065, 43.71932200030525], [-119.05332899978377, 43.70326699990103], [-119.04857299976773, 43.70022699967841], [-119.04787800018185, 43.69448100014357], [-119.0638199999822, 43.70050200019815], [-119.06982299995316, 43.70756000005924], [-119.07728200011643, 43.711606999741434], [-119.0867640000113, 43.7131610001895], [-119.09349799955312, 43.711462999685686], [-119.09527500013581, 43.71520200020163], [-119.09155299963933, 43.71944099995549], [-119.08882199990302, 43.73308200007002], [-119.09586799961438, 43.742951000253825], [-119.10640300019375, 43.74177300001592], [-119.1086529997061, 43.739305000290045], [-119.10763699972988, 43.73392499975476], [-119.1132920004446, 43.72890300019065], [-119.11030999973983, 43.72344800006809], [-119.11600499973925, 43.70518000003716], [-119.123119000121, 43.71326300018851], [-119.13886099990478, 43.71177900029253], [-119.14359199980646, 43.71919899977454], [-119.14238199966148, 43.721716000062514], [-119.14524200016753, 43.72383199968684], [-119.14270200022695, 43.733758999969766], [-119.14422000034351, 43.73837899971874], [-119.16301599990378, 43.73932600018882], [-119.14866900021292, 43.749386999784875], [-119.15399299959323, 43.75022599976139], [-119.15863999982932, 43.75722999972349], [-119.16273999971925, 43.7554650002413], [-119.1639409996434, 43.75860900010223], [-119.17886499981769, 43.766045999976946], [-119.18113000029699, 43.77236700009408], [-119.18869200039238, 43.77764700006251], [-119.19674499985918, 43.77574000016853], [-119.19850200035033, 43.773315999740575], [-119.20158399971591, 43.77656400031956], [-119.20287500005173, 43.77478500013334], [-119.20588899964524, 43.77687499973616], [-119.19631999971173, 43.779823000290826], [-119.19086499991187, 43.78992500019936], [-119.18377800019258, 43.79273199977125], [-119.18064300022527, 43.80193699998141], [-119.1855959998848, 43.80445299974308], [-119.18310000032517, 43.805808999922874], [-119.18355499971152, 43.816848000152646], [-119.18137999964391, 43.81989300022074], [-119.18332000043318, 43.82179700029454], [-119.18154600022358, 43.82212099978437], [-119.17986400007548, 43.83036700013925], [-119.17414099958869, 43.83091000024253], [-119.17130600009533, 43.83391099996114], [-119.17718000019487, 43.83920099969933], [-119.1772930001728, 43.842388999906625], [-119.16694400026456, 43.85105499996479], [-119.1651790002758, 43.85554099983813], [-119.16711999999168, 43.86169499985276], [-119.1609680000578, 43.8630149996918], [-119.15152799999571, 43.87085899998481], [-119.14127399962375, 43.86947900018232], [-119.13483200015996, 43.87204400010716], [-119.13042400029843, 43.87698399977146], [-119.12660300006777, 43.87556500014283], [-119.11974599960396, 43.88779800018575], [-119.11321100025376, 43.89293400001461], [-119.11651699992531, 43.89924699993305], [-119.11781099973588, 43.91906699984877], [-119.11582200033943, 43.926716000024385], [-119.11145100028786, 43.92866499976587], [-119.10484099969625, 43.94134700002832], [-119.10887600018717, 43.94473899975307], [-119.11942299956378, 43.94457100020637], [-119.1380020002874, 43.95341299982517], [-119.15136999981195, 43.95128000029361], [-119.16555199964641, 43.960375999779004], [-119.16812400027233, 43.9588819997112], [-119.16267399959702, 43.94857699978541], [-119.15928099988685, 43.946475999954494], [-119.16065900026132, 43.93485799974286], [-119.1747520004073, 43.92784499993779], [-119.18357499980301, 43.928700000205254], [-119.18549999962534, 43.92561099998898], [-119.18229799971087, 43.922527999798554], [-119.18472499967355, 43.9206010001908], [-119.18401099982107, 43.91606800003354], [-119.1972610002432, 43.91999200025367], [-119.19654999986551, 43.91773699983122], [-119.19687700010364, 43.91630400026949], [-119.20043800004332, 43.92150700011995], [-119.19915299955525, 43.92591200017435], [-119.18830800025283, 43.94153000027632], [-119.18445799970984, 43.942256000237876], [-119.18947200036708, 43.95152399982636], [-119.22918699967668, 43.95614000018755], [-119.2326100004224, 43.954825999738844], [-119.2279270002013, 43.94924799976642], [-119.23789299979484, 43.94652000015019], [-119.23377299981341, 43.939059999876626], [-119.22964299978626, 43.93741100001364], [-119.24083699996645, 43.923494000247636], [-119.24066000041447, 43.92023400001563], [-119.28127699989747, 43.898577999680136], [-119.27926400021157, 43.89316600004172], [-119.28259599982239, 43.887418000200626], [-119.27171499963664, 43.88459199975109], [-119.24537899972226, 43.8879899997743], [-119.23486800033068, 43.88509400024357], [-119.22934200038569, 43.89181099977623], [-119.22309099981929, 43.891432999887805], [-119.21934499993168, 43.89489099981414], [-119.20938199981286, 43.884927999875615], [-119.21126700035056, 43.88045699990699], [-119.20818199971362, 43.87505200031463], [-119.21624400029955, 43.87246199981336], [-119.21443499992984, 43.87127300004126], [-119.21849200016206, 43.8686109996829], [-119.20976299957937, 43.8549310000975], [-119.2136020002517, 43.84865999990852], [-119.20927200020802, 43.84369600017198], [-119.21086200029458, 43.83995700018681], [-119.20803799977358, 43.83765299982213], [-119.21930700029685, 43.821367999758934], [-119.21897900023377, 43.816998999932665], [-119.21448299961042, 43.811308000212485], [-119.21653300000455, 43.80722000008288], [-119.21277200004833, 43.798442000201106], [-119.21441400001345, 43.79806500000422], [-119.21892999982998, 43.80685300010434], [-119.2259289996857, 43.80108299999113], [-119.22856099968777, 43.80235000027403], [-119.24084000033947, 43.79788799985317], [-119.24600100041151, 43.800873999965404], [-119.25552799961392, 43.80011600022767], [-119.26794899965756, 43.79392899974997], [-119.27838399977945, 43.79492700026434], [-119.28268700005897, 43.79259700006334], [-119.284406000017, 43.78769199991447], [-119.29138700032938, 43.79745500007214], [-119.29908499996891, 43.79793000002437], [-119.2973109997593, 43.796248000282205], [-119.30170000025257, 43.79463299988109], [-119.29994199993648, 43.7910929999914], [-119.30683299983716, 43.79830900004892], [-119.31430799989394, 43.786651000206795], [-119.31533300009102, 43.77137199991524], [-119.31818400037619, 43.79624699978715], [-119.32487199988729, 43.79485499994693], [-119.33636900001618, 43.79855899989032], [-119.36106499961527, 43.79432999979216], [-119.36207999976658, 43.7978769998961], [-119.37246899985776, 43.79970600006739], [-119.37999900016612, 43.80596500010357], [-119.38602999972618, 43.80702300001968], [-119.38689500008965, 43.80966100020777], [-119.39732600001362, 43.81144599985572], [-119.40099099971039, 43.81494300023686], [-119.40824700038235, 43.81506100020031], [-119.40529900001276, 43.817437000066164], [-119.40395999999635, 43.827590999958986], [-119.39329999974355, 43.83393099983398], [-119.39123699982895, 43.838755000287904], [-119.38913499955629, 43.837952999781336], [-119.39271099956456, 43.82396300015995], [-119.39094200027614, 43.82322600008076], [-119.38885400024719, 43.823120999987665], [-119.3862070001765, 43.82229800007727], [-119.38379699993227, 43.82212800021603], [-119.38298699982035, 43.821951000067266], [-119.3829059996295, 43.82197599973193], [-119.38336799958684, 43.826414000226045], [-119.3770340000781, 43.84057299998081], [-119.3870590001212, 43.84494300014251], [-119.40769699966312, 43.84139000023137], [-119.40658299977758, 43.84877100005644], [-119.41349999961754, 43.852355000040596], [-119.4136779998928, 43.7945029999562], [-119.41191799992687, 43.794450999907056], [-119.41372899994643, 43.790270000293], [-119.41012699999885, 43.788015000275536], [-119.41390499967352, 43.78291199974707], [-119.40645399990619, 43.782262000178946], [-119.38651500014808, 43.796590999856164], [-119.38315500004985, 43.79610800019463], [-119.38161299964382, 43.79284900026564], [-119.38876800003345, 43.788723999898515], [-119.39027699992918, 43.77861800011366], [-119.39522200009112, 43.774777999990526], [-119.3920639996593, 43.76966299998698], [-119.39961099968608, 43.752096999794425], [-119.41283299962078, 43.7429619999336], [-119.41317300027771, 43.740992000271405], [-119.4087009999438, 43.73964599980546], [-119.40648700041645, 43.731009000122356], [-119.42398599979309, 43.72763599999717], [-119.41864599962095, 43.72279300010353], [-119.41815299970146, 43.7169419998699], [-119.41007299957218, 43.71227799980383], [-119.39763900000807, 43.71041899997283], [-119.39565999975906, 43.704122000053594], [-119.38195199957755, 43.70043300031141], [-119.37767500013558, 43.694908999887126], [-119.37384200020936, 43.70961899984545], [-119.376125000232, 43.71546500011869], [-119.3719380003034, 43.71990500024617], [-119.36043600015165, 43.72531200013182], [-119.3555910004471, 43.73135299969601], [-119.35315299971548, 43.71965800019874], [-119.3465289997785, 43.72311200000557], [-119.33777300032995, 43.72402099995457], [-119.32959899959103, 43.73254299973721], [-119.32811300015982, 43.74653000015119], [-119.32075500027891, 43.752741999927856], [-119.31143599969234, 43.74966099991726], [-119.30758400039784, 43.746008000160266], [-119.31396399993736, 43.7369630000144], [-119.32273899965247, 43.73037799978377], [-119.3201159998712, 43.730403999762395], [-119.32742100004869, 43.71833999972847], [-119.34075400031148, 43.71335799982777], [-119.33959799969483, 43.71156300004972], [-119.34380700026304, 43.70607100023994], [-119.34184899993042, 43.69660699975184], [-119.34985000041698, 43.68883399978943], [-119.33897599990392, 43.663127999721816], [-119.32625500028463, 43.657129999768046], [-119.32329500021949, 43.65356600015311], [-119.30913500012637, 43.6519170002277], [-119.29805999977184, 43.65362200026691], [-119.29478400023751, 43.65776600025943], [-119.28426999957456, 43.66291100019959], [-119.27849699975735, 43.67055100013903], [-119.27204400042291, 43.65842799987163], [-119.26317799957287, 43.66771100007803], [-119.25399799980178, 43.661270000116374], [-119.25957899999837, 43.65558699988613], [-119.24354000011365, 43.651711000017315], [-119.22932099957097, 43.644803000293955], [-119.228526000426, 43.638124999952744], [-119.21109499992309, 43.626187000155824], [-119.21020199997054, 43.6224590001894], [-119.21577099957321, 43.61814100012603], [-119.20912099969695, 43.616364000078015], [-119.19338899995891, 43.60567099993774], [-119.17839100016477, 43.60127499973859], [-119.19406400035159, 43.58570000004116], [-119.19649499961393, 43.58590000011045], [-119.19476599961017, 43.57861500031355], [-119.19797799957036, 43.57727800009578], [-119.21306800032433, 43.58614699977022], [-119.23271400017948, 43.59029499991691], [-119.23660300018223, 43.593092999958074], [-119.24838300016835, 43.59382300001479], [-119.24849000029849, 43.58216199973948], [-119.24162600016196, 43.57835199988903], [-119.2298150002137, 43.577038000311816], [-119.23038199975304, 43.5726869997582], [-119.23716800007173, 43.56727400020322], [-119.23452500019899, 43.562317999853384], [-119.22705400034019, 43.5572300000538], [-119.20634800012789, 43.52925499984599], [-119.2322299995825, 43.536762000302886], [-119.22006200015717, 43.51989400004205], [-119.24902599987568, 43.52406399977268], [-119.26997800013528, 43.521057999827065], [-119.29388100023918, 43.528805000010514], [-119.29873900036249, 43.518984000211056], [-119.29460099993942, 43.51447899991428], [-119.29158899999572, 43.49658599979891], [-119.27840999971875, 43.49667499971978], [-119.26669099983197, 43.509434999911605], [-119.26107600019853, 43.51204899998968], [-119.23803500008506, 43.508953000163714], [-119.22966500042587, 43.50572999991784], [-119.22211199965298, 43.49937099991775], [-119.21489799971211, 43.485338000079516], [-119.22467800043114, 43.472046000061006], [-119.22511799974889, 43.465626000058016], [-119.2225700003107, 43.46229600003159], [-119.22507500009117, 43.457394999908], [-119.23485400008697, 43.45076399970703], [-119.23543800024306, 43.44727400025112], [-119.2202400004324, 43.43719100016281], [-119.3209720000139, 43.438153999748884], [-119.34077799970261, 43.39991299996695], [-119.34080500036511, 43.3943989997554], [-119.33746600018328, 43.38975100012969], [-119.35213599991432, 43.385461999703516], [-119.36191599973507, 43.392185999771876], [-119.36962799961829, 43.388842999760264], [-119.3714360001631, 43.39024899970101], [-119.37311199956507, 43.38292000028406], [-119.37920599977265, 43.38213799994469], [-119.38351400007504, 43.38495599988598], [-119.38798999970862, 43.384495000122214], [-119.38609199965046, 43.38794000012224], [-119.39545999974251, 43.3911800002383], [-119.40746200038478, 43.392081999855606], [-119.41987199965948, 43.3874100001606], [-119.42125000003395, 43.31843199987374], [-119.38610099987127, 43.29870899978709], [-119.38436799966958, 43.295261999762715], [-119.35968899978893, 43.29342499971053], [-119.34371500020153, 43.28532700031377], [-119.33767399969743, 43.280385000229714], [-119.33773099959883, 43.27292800026929], [-119.34056199979254, 43.271857999696394], [-119.33713499974716, 43.26569700023011], [-119.32446000015865, 43.26209900013406], [-119.31876099996128, 43.25488999986439], [-119.30084099973685, 43.248715999972354], [-119.27714799969523, 43.2326760000477], [-119.26650599988406, 43.218135000296535], [-119.27119400012803, 43.19618800023867], [-119.24331699963258, 43.17561399969428], [-119.10818599972586, 43.17401800010107], [-119.09607699985176, 43.17242700009528], [-119.08615499974083, 43.16721100007112], [-119.05279300020658, 43.165379000209406], [-119.05055500038979, 43.137769999910546], [-119.05463900038622, 43.13476799970959], [-119.04816600006195, 43.13111300031088], [-119.02210899980682, 43.124205999875855], [-118.98577399978862, 43.1261299997007], [-118.97017699976979, 43.12005500030182], [-118.96372699991007, 43.119985000240625], [-118.94597699956495, 43.12788499982411], [-118.94115899962462, 43.126541000100275], [-118.93527200000462, 43.12856399970436], [-118.94800600004268, 43.14240699989706], [-118.95043300000535, 43.16056600005027], [-118.9428409997727, 43.16022299971331], [-118.94379200034992, 43.14939699969262], [-118.92751200044079, 43.152107000194995], [-118.92504699994495, 43.14633899984058], [-118.93327600003715, 43.13156700001755], [-118.90829500003271, 43.11302099972174], [-118.90099099968018, 43.10435300010276], [-118.9007329999373, 43.095962000027455], [-118.87999599976285, 43.08426600009327], [-118.8729800001887, 43.07060500018415], [-118.87596799984293, 43.05928099984163], [-118.86645499998595, 43.045204999955935], [-118.94257999965679, 43.045077000190034], [-118.94262599968755, 43.02749800023362], [-118.93178800005784, 43.027171999677165], [-118.91846599966568, 43.01712800012725], [-118.91001200034091, 43.014258000022686], [-118.90696100003916, 43.00549299978153], [-118.90850300044517, 43.00121099993277], [-118.90401299966958, 42.99391200018451], [-118.90479500019242, 42.990373999699585], [-118.91331200016468, 42.983092999934726], [-118.9199300002539, 42.96869399979184], [-118.92816600001878, 42.9624609998567], [-118.9235639999885, 42.958245999987504], [-118.91411999972844, 42.934355000312294], [-118.91434599968424, 42.92849999989343], [-118.92324099994832, 42.92698699990002], [-118.92610200027926, 42.92419400000072], [-118.92469899979042, 42.919555999716984], [-118.93689999972602, 42.91595700022648], [-118.93881100020297, 42.91173100029517], [-118.94406099996341, 42.91072800002049], [-118.94400800025998, 42.90833599967288], [-119.0476279999366, 42.909223999974394], [-119.05514200035144, 42.89738800014084], [-119.05372200014415, 42.88032000016378], [-119.05965700034308, 42.872625999729415], [-119.05940000042514, 42.863739000055126], [-119.06316200020626, 42.86186099995916], [-119.07351199993936, 42.84806300026634], [-119.0653549998172, 42.84168700024649], [-119.0698740000068, 42.825955000116586], [-119.07921799980943, 42.82298600031247], [-119.07571299994622, 42.81638700007647], [-119.07833999992545, 42.81534799996776], [-119.07837599991045, 42.81089300000574], [-119.08408799962828, 42.810985999997136], [-119.08832800015863, 42.807410000153865], [-119.13158000001675, 42.80742299975223], [-119.1453040000918, 42.814408000217995], [-119.20145200036974, 42.82169600020898], [-119.20440800023692, 42.825807999942896], [-119.21076000018734, 42.825474999950714], [-119.21878500006503, 42.829554999827636], [-119.24970999959089, 42.830674999769215], [-119.25919800023185, 42.83513200001264], [-119.27554300043832, 42.83726599972626], [-119.29557300043302, 42.83693799993982], [-119.35552199995185, 42.86103000029784], [-119.36031899997577, 42.854476999845524], [-119.37624499988262, 42.845948000201], [-119.37406700034028, 42.84095199984618], [-119.39354599979082, 42.844215000308175], [-119.43631800014829, 42.8277439997541], [-119.44196799994182, 42.82980200013146], [-119.44675200044529, 42.82032499984704], [-119.46627000025391, 42.79745699996514], [-119.4881299996364, 42.78781999995424], [-119.49546999997393, 42.78231300009911], [-119.49822300034988, 42.77432700013492], [-119.5037300000283, 42.767832999959644], [-119.50613400042474, 42.75722800007357], [-119.50691299967619, 42.74902900005209], [-119.36533699993264, 42.748957999772756], [-119.36507699964164, 42.67991999989827], [-119.34795700038168, 42.686990000015406], [-119.33959000019726, 42.68738500021121], [-119.32276399976682, 42.6812379999495], [-119.30250000031872, 42.68438899999647], [-119.20701500012464, 42.67853599994892], [-119.16749800028344, 42.68404000022479], [-119.14628499990792, 42.69531199987782], [-119.06874500005266, 42.69843099975677], [-119.06974199976231, 42.58192199996825], [-119.06569600029904, 42.57464399978681], [-119.02068500029992, 42.574627000138946], [-119.03984900010622, 42.56018700024259], [-119.05567200008088, 42.56017999977766], [-119.05033600010667, 42.55200200002394], [-119.05041099955143, 42.54125900024475], [-119.02963599974215, 42.487531000303356], [-119.01059499995948, 42.489482999708116], [-118.99633100010928, 42.48723400012124], [-118.91250500042582, 42.48734999969329], [-118.91292300000225, 42.44629299980289], [-118.90364199994882, 42.42580600032385], [-118.91306500029248, 42.42582300003243], [-118.91247299974049, 42.4218879998894], [-118.92915299968267, 42.41730300017307], [-118.9706990000016, 42.39700400030413], [-118.99964600000165, 42.392664000028525], [-119.0101039996898, 42.38529700015542], [-118.9861939999132, 42.37875000029339], [-118.97012700043939, 42.37987200008089], [-118.96688399961872, 42.37516000007166], [-118.95733800014973, 42.37321300002629], [-118.87836800004142, 42.36147199993404], [-118.87823800034509, 42.375914000028416], [-118.79703399971967, 42.33852099978799], [-118.76648300028762, 42.328124999673264], [-118.75234699958563, 42.31963699974149], [-118.80180900000231, 42.3199199997216], [-118.79293800002769, 42.31489400012544], [-118.79528299997459, 42.31440499974085], [-118.79415400002046, 42.30471800025434], [-118.79934699987952, 42.290475000193105], [-118.79899299987719, 42.28467900030756], [-118.8031189997064, 42.279453999848066], [-118.8011830000134, 42.27151699980346], [-118.81380599972339, 42.26496400009283], [-118.8253380000124, 42.2525970002396], [-118.8205429996383, 42.24605600011056], [-118.82529899965434, 42.23020800002656], [-118.81238800006426, 42.22135100003887], [-118.80852400017588, 42.21027500021849], [-118.803209999943, 42.20445299995978], [-118.7950229996836, 42.17775999979499], [-118.79409299992109, 42.16553200030629], [-118.79633699958565, 42.163158000119985], [-118.85765599998135, 42.17922900024681], [-118.87020800044453, 42.1756589999433], [-118.88048299983457, 42.1826260001529], [-118.88677299986071, 42.17883199992426], [-118.89792600003305, 42.176539000157725], [-118.90823300010844, 42.16225500024599], [-118.92513200033378, 42.15411899972916], [-118.94280399996279, 42.13648799985815], [-118.95816900017802, 42.1299349999378], [-118.96476200015287, 42.12317299983128], [-118.96937599987871, 42.122147999958905], [-118.97290400020641, 42.11011700009182], [-118.97680200042998, 42.108376000323624], [-118.98177400035611, 42.10959200008668], [-118.98847799976073, 42.11398100032741], [-118.99762999994272, 42.11289000020197], [-119.00071999970423, 42.1088429999011], [-119.00327700026155, 42.112384999781405], [-119.01586700035958, 42.09987700005059], [-119.00555600008622, 42.09015500033225], [-118.98583900008596, 42.0871490000562], [-118.98502300012628, 42.084501000155505], [-118.97475399968567, 42.08016199992587], [-118.9668259998924, 42.073708000308244], [-118.96725900043575, 42.0698600000979], [-118.95456399985741, 42.065586999878725], [-118.94767100030691, 42.052062999718316], [-118.90251800001757, 42.02957700014872], [-118.87503100040774, 42.00445200007145], [-118.86627099986293, 42.000768999890646], [-118.85997499998896, 42.00329299970845], [-118.83199200008661, 42.00046999979699]], [[-122.56737399956236, 43.845038000055716], [-122.56741000044568, 43.80834399970356], [-122.55918700020126, 43.80681900032251], [-122.55851900037959, 43.79623700002319], [-122.54397099994894, 43.79280499995694], [-122.54204899960133, 43.787959999813324], [-122.52931399973835, 43.77782399984094], [-122.53449099970389, 43.767279999723165], [-122.55540299978051, 43.753472999981064], [-122.55400199983983, 43.74734900028329], [-122.54831000021349, 43.746651000315985], [-122.54960599967389, 43.696803999891124], [-122.50947200006462, 43.69641900026496], [-122.50947299988954, 43.691894999833394], [-122.50542300022829, 43.69177099987821], [-122.50641599974001, 43.69605200022806], [-122.50351000010151, 43.69732499990629], [-122.49900900035361, 43.69012499998748], [-122.4884760003224, 43.689678000127564], [-122.47634099961073, 43.68478699970419], [-122.46054699994839, 43.68970200022209], [-122.4446710002703, 43.6882540000637], [-122.44468600033889, 43.690677000165344], [-122.44089000022258, 43.68727799998832], [-122.4424889996317, 43.68384299974038], [-122.43330300001283, 43.68388800006479], [-122.43139200043419, 43.678679000189256], [-122.43384600016103, 43.67702099968643], [-122.43163500010844, 43.674650999790614], [-122.43910099994434, 43.659871000214736], [-122.43493300028236, 43.65962099987999], [-122.42938200022303, 43.6639760001646], [-122.43011399961883, 43.65767499982856], [-122.42786599975626, 43.656626999888786], [-122.42258800040672, 43.6621170000208], [-122.41667499994914, 43.660806999756986], [-122.4219880003571, 43.66478299972693], [-122.41320299969792, 43.678028000305595], [-122.4199460003589, 43.68261000006438], [-122.41330499980518, 43.689531999995054], [-122.41695600015652, 43.69032500029048], [-122.4191079997596, 43.69485100013114], [-122.41855899976359, 43.699170000130586], [-122.41537299974262, 43.700559000185834], [-122.41906400027696, 43.70413900024819], [-122.40577799986984, 43.704268999819746], [-122.39274500008102, 43.69808600024149], [-122.38154400022813, 43.69658500025001], [-122.38335799972239, 43.691881999933926], [-122.38910100030066, 43.68970800024425], [-122.39043299974607, 43.686202999729865], [-122.38637800006198, 43.684072000116316], [-122.37827299981836, 43.692048000137156], [-122.37312299961701, 43.687967999852305], [-122.37337799988514, 43.68432199995989], [-122.36334199997138, 43.67609100030145], [-122.34162499980572, 43.66935800029755], [-122.34046800026248, 43.66617899997339], [-122.32408600024613, 43.673847000180025], [-122.33545199995542, 43.67744899993255], [-122.32180599969819, 43.68539599974742], [-122.32065599982766, 43.69043999974052], [-122.31662200005997, 43.69411099982163], [-122.31204299959593, 43.69486299979412], [-122.30691400020929, 43.69191099995558], [-122.30609599970147, 43.69859700030623], [-122.3170749997965, 43.70247799975405], [-122.31921700025214, 43.706182999854654], [-122.32229299976991, 43.70483400002754], [-122.32416400006389, 43.70695599994276], [-122.32305600002617, 43.71019400014373], [-122.3257139999675, 43.70989400013993], [-122.3254670000953, 43.712122999913795], [-122.33273600028775, 43.71910599998158], [-122.32963300010749, 43.721038999722516], [-122.34029400018522, 43.72263999970249], [-122.33714900017215, 43.73096200017817], [-122.34483900031408, 43.73594200019162], [-122.34127599982624, 43.73666200013318], [-122.34358700033629, 43.73978699985021], [-122.34063599959367, 43.74113299974239], [-122.35027800022043, 43.74574499999563], [-122.3547260002649, 43.750128000276455], [-122.35324699960809, 43.75301900003651], [-122.35558999990518, 43.75061400014644], [-122.35405300042036, 43.74833900030893], [-122.35887499966034, 43.74756099995047], [-122.3599280003448, 43.744714000068164], [-122.36690200008617, 43.74449999992625], [-122.37405099972969, 43.755373000188804], [-122.38348400011908, 43.75780599967921], [-122.38242999960971, 43.76019499985442], [-122.37473699999305, 43.761535000239384], [-122.35910099961615, 43.77891600004508], [-122.34367100000186, 43.780440000019325], [-122.34055699995095, 43.78589599974482], [-122.34109900027426, 43.788731999677964], [-122.35213600009561, 43.78880099967691], [-122.35850999978734, 43.78523099973272], [-122.36050300028006, 43.79016999970959], [-122.35517300015366, 43.79758100011349], [-122.36300300003766, 43.79821900003151], [-122.36361099958489, 43.80082800019039], [-122.36911999981146, 43.80227100030702], [-122.3685249997847, 43.805493999912095], [-122.37250699967386, 43.80793699985899], [-122.38674799995785, 43.80513899996716], [-122.39398799983798, 43.80599699970791], [-122.3987499997018, 43.81086199979554], [-122.40930100017471, 43.81492800009846], [-122.40402799994969, 43.81899800014535], [-122.40596199999285, 43.82467100031779], [-122.40938599966519, 43.826049000237234], [-122.42282000021032, 43.82250899978836], [-122.42661999962628, 43.82622599990152], [-122.429562999973, 43.8230930000181], [-122.43770099982856, 43.82362100028904], [-122.43964900011544, 43.82570800000497], [-122.43299199966819, 43.82952700009317], [-122.44193399978789, 43.83237600009193], [-122.4518810000132, 43.83101899989467], [-122.45438900016673, 43.83752799987989], [-122.4844979997329, 43.83724600016823], [-122.4962559999777, 43.83359400004511], [-122.50554399970383, 43.837154000235934], [-122.51259399961316, 43.835319000164425], [-122.52140900040959, 43.83820499979958], [-122.52816100039308, 43.83569300029402], [-122.54267999961311, 43.83753900031038], [-122.55117400001916, 43.834973999723324], [-122.55491200040916, 43.83038899975015], [-122.56394999989003, 43.83374600010663], [-122.5623709996741, 43.83468400014794], [-122.5656880001146, 43.84042399972813], [-122.56246500028374, 43.84220800003372], [-122.56737399956236, 43.845038000055716]], [[-121.89526700044803, 43.06577600031717], [-121.89545200039598, 43.06345299994828], [-121.87146800010119, 43.05307799974953], [-121.84854099979053, 43.03278100005965], [-121.8324729995935, 43.02247100022992], [-121.82569499967073, 43.03675400000445], [-121.82528700014004, 43.06493299971504], [-121.80923400001163, 43.06709500031222], [-121.80502399961851, 43.07567099979538], [-121.80086199980431, 43.11753000017687], [-121.79236900012148, 43.11146500019973], [-121.78630800042417, 43.115572000130676], [-121.78989299975498, 43.12230800007835], [-121.78799700024497, 43.128582000125824], [-121.75849600022606, 43.115253999685066], [-121.74891399987374, 43.11365799992019], [-121.73342099961197, 43.11564900010764], [-121.74334600009595, 43.1459400002417], [-121.72472399971466, 43.14314799982821], [-121.72578200042199, 43.16033399980003], [-121.73285700044566, 43.16460799978412], [-121.74415500038293, 43.163340000292244], [-121.74070499987303, 43.170786000310805], [-121.7346619997191, 43.17227499967654], [-121.7378090002803, 43.179931999994416], [-121.7356400000605, 43.19247099993633], [-121.7419200000409, 43.20411599977932], [-121.74001799978477, 43.207180000039024], [-121.74402300013848, 43.218813999756755], [-121.74735899994725, 43.22536999974881], [-121.75312799956649, 43.22800500010371], [-121.75350599985825, 43.23846299976225], [-121.74902400037689, 43.23978199972312], [-121.7494810003114, 43.24583200005398], [-121.75155699974646, 43.244038000160664], [-121.75827199992004, 43.24540299977904], [-121.76655000041605, 43.24155399977096], [-121.77198799959918, 43.24367599983929], [-121.77370200043265, 43.27564000003896], [-121.78205000035052, 43.26186499999441], [-121.79012899975655, 43.23361699969692], [-121.78928199983473, 43.22926199968776], [-121.7929619996001, 43.22579699999029], [-121.80017300006624, 43.22656599976113], [-121.80524600027468, 43.2243969998831], [-121.8026910002655, 43.21467499974119], [-121.80482199995215, 43.20386100002922], [-121.81042099969208, 43.20306299978683], [-121.8121199995586, 43.20016900012565], [-121.80506299997658, 43.1981649998992], [-121.8093520000124, 43.19547200025815], [-121.80789499999521, 43.191748999736085], [-121.80986800039643, 43.183791000285254], [-121.80265100008252, 43.18324500006299], [-121.80811799957797, 43.1795790001231], [-121.8025930003562, 43.16820500016522], [-121.80781600035247, 43.16303900005991], [-121.80835100010478, 43.15346399972805], [-121.80593500001275, 43.14839999990446], [-121.81311600034168, 43.14856599999315], [-121.82361900023565, 43.15652600026912], [-121.82922399982338, 43.15381200023527], [-121.82499300041218, 43.1518290002081], [-121.82398499993353, 43.14794200006984], [-121.82955400043456, 43.0903910001039], [-121.85234000027991, 43.10091500001866], [-121.8688150001827, 43.09885700025913], [-121.88115500003548, 43.08827699991165], [-121.88393600000047, 43.08314699976973], [-121.88629400036618, 43.08323699973364], [-121.88916800021762, 43.06845199987666], [-121.89526700044803, 43.06577600031717]], [[-122.14630099998274, 43.45092299987095], [-122.1530160001563, 43.44757100004247], [-122.14730500026339, 43.44247899972497], [-122.13929100025635, 43.44473400009545], [-122.13224499964666, 43.44099400011079], [-122.13241899972395, 43.436265000157945], [-122.12058100001151, 43.435398999990504], [-122.11176500028849, 43.4290889998504], [-122.10190699975166, 43.42835599986412], [-122.10159799995519, 43.42508300028912], [-122.09665799981609, 43.425297999989596], [-122.09158100030798, 43.42882000027504], [-122.09038799988144, 43.425577999972], [-122.08467799981342, 43.42257899979648], [-122.08587000041507, 43.41951300030247], [-122.08124599974518, 43.41446500021154], [-122.06361299957592, 43.40632700030194], [-122.060654000234, 43.40089999981524], [-122.05709999996702, 43.399645999857704], [-122.06276900002715, 43.39437800002], [-122.05622100025813, 43.3814589997724], [-122.0299580001387, 43.364557999781894], [-122.03369399998056, 43.356649999788324], [-122.02198400031462, 43.36220500006912], [-122.01797200028825, 43.35274099972258], [-122.01040299962185, 43.34469699986233], [-122.00820800036107, 43.33737400003764], [-122.00923299965982, 43.33192899985847], [-122.01594100016071, 43.324151999819186], [-122.01268599964445, 43.318249000325544], [-122.00626400027215, 43.31587499986549], [-121.99929300000554, 43.30899299989886], [-122.00846699992884, 43.30117999994858], [-122.00953200030887, 43.29434099988792], [-122.00650299974843, 43.286243000173606], [-122.0013319996307, 43.281696000071676], [-121.98805100014475, 43.277926999756836], [-121.98055400034664, 43.2651799999697], [-121.97419900002319, 43.26169300031347], [-121.98517999976806, 43.2573499997687], [-121.99274299968837, 43.25115300023619], [-121.99668500029289, 43.240112000145736], [-122.0022470002229, 43.23452900017982], [-122.01158500017773, 43.23430399981757], [-122.01587599986335, 43.226903999723724], [-122.02322899972143, 43.22458200011613], [-122.02786300043705, 43.22000300013426], [-122.04074600043803, 43.21801900031325], [-122.0336189996375, 43.20696499984669], [-122.04092499963984, 43.1978999996995], [-122.03897300005333, 43.19130800019518], [-122.05388200015899, 43.17290299968338], [-122.05464399969203, 43.16875300017485], [-122.05222699977509, 43.16530900026224], [-122.05362000021819, 43.157811999973916], [-122.06628099956303, 43.15275599985581], [-122.06517500007342, 43.135700999911435], [-122.0756629998988, 43.12591700025932], [-122.07716000009896, 43.117941999972984], [-122.0834450001022, 43.108636000129216], [-122.08295899985544, 43.10338299976601], [-122.08867700031935, 43.09482899977931], [-122.08695699963812, 43.09148300002368], [-122.09049800038461, 43.08902999972232], [-121.95178700027165, 43.085933000116206], [-121.95036600023947, 43.08808899977724], [-121.95420500001349, 43.08970100016984], [-121.97868100040286, 43.094858000264736], [-121.98134799966674, 43.11185499976843], [-121.97865399974036, 43.11534699974509], [-121.97088099975775, 43.11536200005885], [-121.96068500001044, 43.11279699985622], [-121.95058299997444, 43.104445000131854], [-121.92056100044691, 43.097399000178164], [-121.9173839997485, 43.09485200009756], [-121.91995899984916, 43.094033000296825], [-121.92263900043014, 43.086205999977196], [-121.91548700041356, 43.08590700019097], [-121.91850600002994, 43.09059799994603], [-121.91733000022012, 43.094861999719896], [-121.90312699957097, 43.09945200031282], [-121.90447099961025, 43.10162300002383], [-121.9380420002802, 43.11078800025482], [-121.93787400005074, 43.11387100007317], [-121.94326899957615, 43.11432599991169], [-121.94370700014238, 43.110750999987786], [-121.9479950003533, 43.11046399992164], [-121.95994100002078, 43.119753999995105], [-121.9468489997824, 43.13101700000768], [-121.94831300037062, 43.13412000019561], [-121.93831799956644, 43.138528000142244], [-121.92538000021217, 43.138647999689255], [-121.91863699955118, 43.14295000011028], [-121.90481799993992, 43.14662200006355], [-121.90196199963184, 43.1499750000197], [-121.89674500038164, 43.150336000125776], [-121.88033400005294, 43.14403299986524], [-121.87889899977702, 43.141562000020066], [-121.87070599966988, 43.14686300008201], [-121.87111200044906, 43.151218000034156], [-121.88382600039564, 43.16471399976605], [-121.8848380001739, 43.16933299980795], [-121.88260500037998, 43.17465600021332], [-121.87688000024336, 43.17499400027851], [-121.8706739998828, 43.17880800010687], [-121.87361300003157, 43.1831540002062], [-121.87223399983218, 43.18905800014513], [-121.87420100038561, 43.19273800026619], [-121.88128899992978, 43.197253000253426], [-121.87252599991022, 43.20609600008523], [-121.88248200035635, 43.20612900024427], [-121.8814870002965, 43.217308000187785], [-121.88630100003891, 43.219148000310085], [-121.86863799973239, 43.22438699983682], [-121.88079199981232, 43.232879999892035], [-121.88120100006624, 43.23631199991419], [-121.88754499962073, 43.237963000221946], [-121.89670500019866, 43.245531000215415], [-121.9385679998117, 43.25479399975551], [-121.94498099986147, 43.259253999945976], [-121.94640100006873, 43.26342800006247], [-121.94433300013127, 43.267441999863145], [-121.92564600035094, 43.27103799991206], [-121.90592500015273, 43.26839999985558], [-121.87528799960863, 43.2781630002279], [-121.86495100029433, 43.2748470002738], [-121.8412990002606, 43.27882899974669], [-121.8305159999841, 43.27191700022479], [-121.82573200037896, 43.27161499972209], [-121.83062200028932, 43.27934799973545], [-121.83063200033509, 43.29158699999382], [-121.82305699982088, 43.304510999801096], [-121.82352100032635, 43.35928899984666], [-121.8277490002628, 43.367968999805086], [-121.80319000003277, 43.38249499996004], [-121.78480000035337, 43.36118300011885], [-121.78362199999542, 43.36360699981382], [-121.78601399979799, 43.366440000262074], [-121.78126799982769, 43.37456800010856], [-121.77998300023795, 43.38265299973101], [-121.77615399961135, 43.38665699996287], [-121.77143199993048, 43.384897000029724], [-121.7654559997237, 43.387445000257856], [-121.75995099969512, 43.3980129999331], [-121.74790600029343, 43.39694400009119], [-121.74944500032638, 43.390196999735224], [-121.74629699994026, 43.39256399973458], [-121.74714499968702, 43.39642699968896], [-121.74135599997629, 43.39826799995355], [-121.72901100010063, 43.396090999933655], [-121.72547899957497, 43.399010000130986], [-121.72196000036637, 43.409585999688474], [-121.71655999991977, 43.40668599975005], [-121.70488200004091, 43.40693900019184], [-121.6862320000705, 43.4198139996985], [-121.68558099996727, 43.42908299991411], [-121.7038390003005, 43.43051999995471], [-121.69544899965152, 43.43878600027802], [-121.68291100033034, 43.444204999848075], [-121.68947900019081, 43.457694999737775], [-121.68160800029894, 43.477682999917285], [-121.68171500042904, 43.482395999990814], [-121.68570800018885, 43.48299200022953], [-121.64249399996552, 43.52561200025531], [-121.60845299984062, 43.54446300009565], [-121.58321400009334, 43.54086799967709], [-121.58146699964792, 43.54303800008306], [-121.5738839996361, 43.54370000003688], [-121.57425899955481, 43.55829600001698], [-121.56117700026051, 43.559492999886736], [-121.56074299989224, 43.566490000039344], [-121.55194200023784, 43.55852900025825], [-121.54531599975273, 43.55864899971808], [-121.54340199980103, 43.549430000255924], [-121.53410499985407, 43.548949999818184], [-121.53998599962631, 43.543642000091495], [-121.5371190003459, 43.538839000245424], [-121.52731500023576, 43.539427000277314], [-121.52445499972971, 43.5432579998985], [-121.52243899967077, 43.53568400020763], [-121.52482399980066, 43.52891799983328], [-121.5174340001327, 43.52700099988471], [-121.51523599960056, 43.51975500021149], [-121.50818300021649, 43.518778999843875], [-121.50713700010303, 43.51634599991548], [-121.48718900012409, 43.5301370001792], [-121.48474700009281, 43.52258100031191], [-121.44397499990079, 43.523400000151504], [-121.44581600005752, 43.53216699970115], [-121.43339500001389, 43.5344229999974], [-121.43234999972536, 43.53202200000091], [-121.42926699963655, 43.53570099990378], [-121.42184900037951, 43.53599800018145], [-121.41182500016131, 43.531605000016], [-121.39540499961177, 43.530324000096854], [-121.3933280003518, 43.52777999979309], [-121.39401700008987, 43.523314000076006], [-121.38001099998255, 43.52548800027651], [-121.33300900003883, 43.49452599971086], [-121.33296899985585, 43.61664500012042], [-121.46443699971562, 43.61660699988595], [-121.43530899996557, 43.73098299975728], [-121.42934600017759, 43.7272619997109], [-121.40611699974313, 43.724062000322085], [-121.38535899965227, 43.71446199979184], [-121.37810399970355, 43.71445499973384], [-121.37994900005825, 43.70964199975548], [-121.37645500006573, 43.70486800000812], [-121.37734800001832, 43.699424000060176], [-121.3701240000317, 43.70334799968642], [-121.36353699990462, 43.70069100001767], [-121.35850399987916, 43.704518999901865], [-121.33839799971645, 43.70569200009592], [-121.33301999990945, 43.708538999975794], [-121.33006499986719, 43.705160999996465], [-121.31748900001288, 43.70696699974021], [-121.3171810000413, 43.703651000270355], [-121.31480400030735, 43.70292099989017], [-121.29029699995584, 43.7058499999109], [-121.2787830001085, 43.71238800025762], [-121.26326599955726, 43.70459400011287], [-121.24862000011565, 43.7050049998108], [-121.2334440000463, 43.7084799997524], [-121.21783000030901, 43.71792800006508], [-121.20347299967409, 43.71732999975592], [-121.19217499973679, 43.72328900013426], [-121.18553200043155, 43.71868300014903], [-121.18498799956011, 43.715821999914574], [-121.18674199967822, 43.70963099979961], [-121.1930409999252, 43.70295599976431], [-121.17633699969353, 43.69612800021126], [-121.1725680002397, 43.68943199990387], [-121.16358299956397, 43.69330199982489], [-121.15876999964651, 43.69004100020697], [-121.14624999986869, 43.68996599997874], [-121.14182199991568, 43.69266899996089], [-121.14226899980444, 43.69592100015051], [-121.137014999846, 43.69977299995225], [-121.13742499992483, 43.704403000092135], [-121.14098400021467, 43.708189999813236], [-121.13836399990817, 43.71164600023812], [-121.1406319998622, 43.714665999732645], [-121.13868500029855, 43.7199409997659], [-121.14662999981029, 43.72430299993591], [-121.14433000006923, 43.73127599994797], [-121.14910000032897, 43.73449699979834], [-121.1465190003805, 43.73800299997137], [-121.14996200031942, 43.743003999754315], [-121.14887299964992, 43.74521699999136], [-121.15327200018893, 43.75004300024885], [-121.15997099957067, 43.75073399988333], [-121.15919599961886, 43.75238799998189], [-121.16322899956165, 43.75551500005534], [-121.16896499956891, 43.75762399983057], [-121.1592890004036, 43.765495999862615], [-121.1603940000683, 43.768869000170184], [-121.16550499991159, 43.769361000112504], [-121.17031399963106, 43.77434299970049], [-121.17959100038487, 43.777213000052086], [-121.18195700024818, 43.782019000203825], [-121.18698799972552, 43.78367400003219], [-121.18841200013075, 43.78659199975399], [-121.19741500034984, 43.78296400010764], [-121.21017899962685, 43.785434999858914], [-121.22604599998239, 43.77945999987231], [-121.23750899977613, 43.783104999922365], [-121.24611500033518, 43.795486000128584], [-121.25313099990932, 43.79605300004734], [-121.25634200004463, 43.811947999861054], [-121.25506900015046, 43.81715399991064], [-121.27100099990507, 43.83528399990068], [-121.27668800040685, 43.82814299969135], [-121.29363199993969, 43.82469900019541], [-121.30425799985734, 43.817031000107434], [-121.3166870002969, 43.817311999913194], [-121.31531599959509, 43.82423600018564], [-121.32401599986547, 43.831072999690164], [-121.32915799967091, 43.82645799976146], [-121.32908400005107, 43.822050999959465], [-121.34016400042843, 43.81311900024717], [-121.34082700022726, 43.808580999832664], [-121.34960899961509, 43.808713999807765], [-121.35453299986064, 43.801513000139465], [-121.36188400006888, 43.799430999822526], [-121.36433299977284, 43.79575199973576], [-121.37271099982793, 43.795106999705695], [-121.38534000028403, 43.79951599970328], [-121.39209800011533, 43.796647999836544], [-121.39335299956784, 43.79245400012185], [-121.40160099992659, 43.7916660002785], [-121.40603999975026, 43.78673900012543], [-121.38978199958241, 43.776245999963116], [-121.39166299992213, 43.770140999811915], [-121.38946299974018, 43.76572699977404], [-121.38477600021942, 43.76502499988297], [-121.38629799963563, 43.761950000292536], [-121.3782279995521, 43.75556800011108], [-121.38062799975059, 43.74948499983422], [-121.38527300033688, 43.74853499978542], [-121.3870280002799, 43.752402000316486], [-121.3960399998215, 43.75225699975151], [-121.39883599985512, 43.75559199977808], [-121.4021640001663, 43.75489300001888], [-121.41965300039551, 43.761056999764115], [-121.43415800027014, 43.76178200015979], [-121.45295800002836, 43.76780999969642], [-121.44730300021195, 43.788096000250924], [-121.4286840002037, 43.81745799976542], [-121.42223000014602, 43.83748000021612], [-121.42415199959531, 43.85483900023012], [-121.42941899997251, 43.862696000206626], [-121.42703899986553, 43.866706999731136], [-121.42810900026842, 43.86938999984721], [-121.40266799995646, 43.86951999994995], [-121.394308000343, 43.87916499997515], [-121.3887039996819, 43.87796499980774], [-121.38215000006512, 43.88338099972413], [-121.38000299958662, 43.87981299969033], [-121.36599700037758, 43.89216500001375], [-121.35986399981196, 43.89369999997359], [-121.36043600027251, 43.897175000049025], [-121.34418399995246, 43.896722999880396], [-121.34270099999598, 43.90303400005126], [-121.34561400020546, 43.90991599987166], [-121.3356600003075, 43.91864000015779], [-121.35227699960218, 43.92598600014142], [-121.34962899970657, 43.91534599984484], [-121.35674399991323, 43.90760699974926], [-121.37003199997018, 43.90680599970781], [-121.41086699991142, 43.89257699993752], [-121.41571900018694, 43.89372100002213], [-121.41230499966203, 43.901043000074885], [-121.41280900035049, 43.905178999912295], [-121.41704700033269, 43.91736299985397], [-121.42735299968486, 43.932442000212276], [-121.43023699958205, 43.92880800010026], [-121.44417699956715, 43.932312000278614], [-121.46767200014035, 43.93178400027473], [-121.47060000041846, 43.930770000281335], [-121.46601000008378, 43.92436000023519], [-121.47104800013213, 43.91473200016828], [-121.46549299987483, 43.91012099973307], [-121.4675769997058, 43.90365000000583], [-121.4644769998986, 43.89953500003501], [-121.4556209999926, 43.895009000282], [-121.46450100018805, 43.88570099995571], [-121.46557400006567, 43.880326999704124], [-121.4740450000072, 43.87952500003948], [-121.47761099996974, 43.88171800023375], [-121.4772129995865, 43.875061999830876], [-121.48425800037127, 43.86930900002342], [-121.48643000006581, 43.863429999843746], [-121.4915690003965, 43.86065899990542], [-121.5202939997404, 43.856702000162905], [-121.51263799993366, 43.8429459999865], [-121.50541399994705, 43.8358399997379], [-121.50776700028989, 43.816908000050866], [-121.54099800030289, 43.81630999997028], [-121.54838600032103, 43.81976499972061], [-121.5547320004237, 43.82685399995346], [-121.55946999999807, 43.82180099991488], [-121.56979100031717, 43.8258430000733], [-121.57178700028463, 43.82226600013272], [-121.58187300042708, 43.82275399985342], [-121.58110199977494, 43.817592999692955], [-121.5905760001722, 43.817659000309824], [-121.59066999988353, 43.814972000320886], [-121.59323499993846, 43.814089000143014], [-121.60303900004862, 43.81464000008109], [-121.59056500030155, 43.800417999729135], [-121.59734300022434, 43.7972080002905], [-121.60998299965276, 43.802267999772795], [-121.60858799955984, 43.806882000227105], [-121.61467799956944, 43.811057000316374], [-121.61529400041091, 43.81462000022637], [-121.62183999963179, 43.811860000113434], [-121.62223999966484, 43.808180999780156], [-121.63005100018061, 43.802872000130506], [-121.63194599986574, 43.793630000192394], [-121.64412900025799, 43.79222299969304], [-121.6349650003804, 43.77334300011307], [-121.63467599977709, 43.76711999971415], [-121.63000599997477, 43.76421999981835], [-121.61445900018464, 43.7394189997446], [-121.63323700020156, 43.729382999760986], [-121.63456100014936, 43.71916500013226], [-121.66297400022205, 43.71941499976293], [-121.66310100044366, 43.717150999811096], [-121.6764189997395, 43.71641500027653], [-121.68349799996118, 43.71964700013349], [-121.67870500013517, 43.724036999943024], [-121.67959499971472, 43.72581900031249], [-121.69513599965707, 43.712137999878806], [-121.70008099981901, 43.71214600016163], [-121.70717500010927, 43.71610099986769], [-121.7137949998483, 43.71479699975817], [-121.7250230003637, 43.72387199977607], [-121.73057299969982, 43.72512800002806], [-121.73539499983812, 43.722404999887026], [-121.73646299969288, 43.71707700025078], [-121.74853200028231, 43.71450899969655], [-121.75205999971172, 43.71585500026299], [-121.75264999971562, 43.729585999870224], [-121.76261399965931, 43.73239399998516], [-121.75704900025458, 43.733584999708995], [-121.77327599956199, 43.74284499981405], [-121.78236400016988, 43.74476599989613], [-121.77775600029182, 43.74093400032357], [-121.77767799957567, 43.737346999965126], [-121.78704099964489, 43.730675999860686], [-121.7812259999949, 43.719709999712414], [-121.77438100012496, 43.71807300002384], [-121.77280899958174, 43.711635999963335], [-121.76419100022542, 43.70746899980001], [-121.76524400001158, 43.69418199969702], [-121.76747900035365, 43.69070299983428], [-121.77085899964504, 43.69631299995582], [-121.77298000018428, 43.69457099973626], [-121.76915700030376, 43.69219799983953], [-121.7702639996183, 43.689382999804835], [-121.7730329998877, 43.69246499984941], [-121.77348300014953, 43.690677999828026], [-121.77533699982676, 43.69214700012571], [-121.80191799996349, 43.68798200030776], [-121.80348200011082, 43.682281000284654], [-121.80933399957071, 43.67884800012995], [-121.81387299985184, 43.67129699993218], [-121.81925200038205, 43.668984000206876], [-121.81387299985184, 43.670477000234136], [-121.81224799960513, 43.66747099974497], [-121.80940200024112, 43.66763900001388], [-121.81389499959313, 43.66263799979139], [-121.80158200040286, 43.665468999992], [-121.80270299996106, 43.66201699972355], [-121.79905400015784, 43.6574620003091], [-121.80919999967642, 43.64289699996276], [-121.80862200026642, 43.63771899981102], [-121.81568499969623, 43.62614699992496], [-121.81569899993994, 43.61557100005611], [-121.62161399967594, 43.61654099986665], [-121.62468400024427, 43.61534699983784], [-121.62276299972159, 43.61258599973732], [-121.61932700035368, 43.61369499969411], [-121.61876999996177, 43.608317999990284], [-121.62343399991632, 43.607107000248845], [-121.6240809998216, 43.60209799993223], [-121.61887100024411, 43.601298000200444], [-121.61822099996579, 43.59669200002325], [-121.62315299970894, 43.5972720002721], [-121.62491600004788, 43.591010999785894], [-121.62330400021997, 43.58048200030035], [-121.61829799995866, 43.58053200032138], [-121.61828000041531, 43.57625999998367], [-121.62833100039768, 43.57284999988414], [-121.62835800016187, 43.567182000313906], [-121.62304399992898, 43.56611200026629], [-121.62365400002433, 43.559845999735785], [-121.6260170004129, 43.55763999976767], [-121.63449400020221, 43.55785200030381], [-121.6354719996453, 43.54331200021587], [-121.64447800023743, 43.542095000219845], [-121.64477000031548, 43.56000999999659], [-121.65153200034473, 43.55995999986118], [-121.65191999978393, 43.53957900002175], [-121.65694699996163, 43.53969199984474], [-121.65859899997248, 43.532013000111334], [-121.66375400019673, 43.52808800000579], [-121.67829000003348, 43.5222189997202], [-121.68094399977689, 43.518338000004356], [-121.70236899986452, 43.51420199973324], [-121.71598800035754, 43.50533999985768], [-121.7281840002703, 43.50661999982434], [-121.74114099989112, 43.50021499982232], [-121.75113900017006, 43.502598000287406], [-121.77516399957439, 43.50207099975987], [-121.78984000005156, 43.51045999974869], [-121.79106799973988, 43.51374600030414], [-121.78583499969787, 43.5161660000388], [-121.79499600010067, 43.52562099979733], [-121.80313599960611, 43.52450299980067], [-121.79817899974859, 43.52897999991126], [-121.80798600023181, 43.52770200021287], [-121.81094700012186, 43.530428000204125], [-121.81568700024437, 43.5294960002097], [-121.82595800033477, 43.51775200006816], [-121.84581099987916, 43.518372999974964], [-121.8432790003345, 43.506085000154265], [-121.83988300025126, 43.505622999828034], [-121.83896199981127, 43.50212300007954], [-121.84407500020272, 43.49867000015012], [-121.85131199970981, 43.49925600031222], [-121.85560300029375, 43.504923999970075], [-121.86339100034498, 43.50543399994894], [-121.88196299959928, 43.49714799988039], [-121.89782999995482, 43.498263999885175], [-121.90909899957981, 43.50403099998339], [-121.91509300022824, 43.521720000083455], [-121.90417199985953, 43.53246599983287], [-121.9026079997122, 43.53845000015478], [-121.88715800000647, 43.54014700026779], [-121.89855300002812, 43.54517899997569], [-121.90497000027588, 43.54501499972094], [-121.91439899956899, 43.53709400009338], [-121.92344600016898, 43.53525299991231], [-121.9298319995563, 43.527734999771994], [-121.9353809999658, 43.530341999727426], [-121.94385199990734, 43.52862000010298], [-121.95515200039274, 43.552388999747606], [-121.94991000012989, 43.554807000082455], [-121.94939100027112, 43.55824699967553], [-121.92147000029303, 43.560071000118626], [-121.91849299961115, 43.56328900016382], [-121.90992700013337, 43.56453099971027], [-121.90730099997907, 43.56934100009916], [-121.90178699972964, 43.57186400021117], [-121.90411900015607, 43.57450299994739], [-121.89249999982844, 43.58968300001614], [-121.8972140000117, 43.593293000185845], [-121.89701399999514, 43.6030319997157], [-121.90237699973353, 43.60698199969144], [-121.8993820004066, 43.610157000218315], [-121.90135999993238, 43.61557900021105], [-122.0023619998506, 43.615498000300185], [-122.01096500003663, 43.609273999764156], [-122.0169410002434, 43.609915999777726], [-122.02000199969258, 43.60661100006154], [-122.04770799958553, 43.59788100004623], [-122.04978100044417, 43.59458099991253], [-122.06388299991268, 43.58752099988035], [-122.07153100022178, 43.58774999999441], [-122.07129100002227, 43.579584999961895], [-122.08084800026025, 43.57732599967745], [-122.09351299980302, 43.57921500016173], [-122.09559199961114, 43.57492100026397], [-122.10418099955345, 43.574139000014284], [-122.1104570002342, 43.56535799970601], [-122.1241860003321, 43.56212999971716], [-122.13100899956241, 43.55728400022327], [-122.13625900022119, 43.5446610001038], [-122.14286700026467, 43.53697099989182], [-122.1402650003998, 43.52940600008925], [-122.14527099976279, 43.528358999761394], [-122.14953399985934, 43.52069300020995], [-122.14513900041662, 43.51357599987814], [-122.13247399997555, 43.51043400025339], [-122.12872100041521, 43.496887000240314], [-122.13017300040956, 43.49215899986647], [-122.13351500006613, 43.49118699983435], [-122.13093699959241, 43.485056999837084], [-122.13304600043605, 43.48281100010176], [-122.13498799997683, 43.46887400015523], [-122.14075800031931, 43.4663489996787], [-122.13645099984183, 43.460806000030125], [-122.1390610001026, 43.45742400026303], [-122.13686799959333, 43.456221999725706], [-122.14536500037244, 43.45488999986225], [-122.14630099998274, 43.45092299987095]]]}}, {"type": "Feature", "properties": {"name": "No ZIP code assigned"}, "geometry": {"type": "Polygon", "coordinates": [[[-117.02, 42.0], [-117.61317466630624, 42.0], [-117.61313300034531, 42.031806999959876], [-117.63637000027738, 42.016944000045854], [-117.62729900028621, 42.07136699979876], [-117.63860600044433, 42.074423000111544], [-117.63551599978453, 42.080960000089384], [-117.63868900028501, 42.09204800015953], [-117.65488600035346, 42.09598400016515], [-117.65409899980777, 42.097573000223576], [-117.65846800020954, 42.099395000054294], [-117.65987699964785, 42.10870999993941], [-117.65540699986208, 42.1215770002321], [-117.65680000030515, 42.1270239998119], [-117.66102499986857, 42.139681999901974], [-117.67084099967428, 42.146290999836644], [-117.67141899998262, 42.15000200004295], [-117.67101999977443, 42.15678299974214], [-117.66686999965579, 42.161765000046124], [-117.67095299982729, 42.167379000006044], [-117.67140800011195, 42.17231499970172], [-117.6670689998474, 42.17722799985954], [-117.68395999967682, 42.18525400003003], [-117.68216000042626, 42.1885530000092], [-117.67473800007294, 42.190980999977505], [-117.68860400043822, 42.202941000311526], [-117.69718400015968, 42.202689999903825], [-117.70162700018126, 42.2055980002492], [-117.70306599975682, 42.20964400010641], [-117.70922600008662, 42.21259500022082], [-117.71090700040979, 42.21843999998254], [-117.71888799990656, 42.22579600009487], [-117.72907899963099, 42.22930600027945], [-117.74169399984338, 42.23069500012664], [-117.76602399974456, 42.215851999874985], [-117.76734000019476, 42.24454000029992], [-117.77586999968752, 42.26154800014141], [-117.7876249995593, 42.309707000086455], [-117.79778000019704, 42.30868999979285], [-117.79917299974183, 42.30611800013505], [-117.82364900013118, 42.32181400005782], [-117.8359420001283, 42.34160500031794], [-117.8233319999388, 42.343650000010804], [-117.80820799974796, 42.352218999674854], [-117.80546000029321, 42.35944800033037], [-117.80665100017164, 42.36293699998391], [-117.80044700035924, 42.36565999978926], [-117.7820149999487, 42.35237600023643], [-117.78477900019527, 42.348174000020926], [-117.78300900018363, 42.34163299979951], [-117.78756400035822, 42.32481400004066], [-117.78729999986928, 42.3158419997308], [-117.7709970003939, 42.316323999715614], [-117.75794600016343, 42.32323800030099], [-117.74344499958848, 42.35296799995152], [-117.74286700017846, 42.36801700002144], [-117.74397799969091, 42.370477999803256], [-117.76033499959297, 42.374888000155536], [-117.76977300000523, 42.402276999898405], [-117.7558799998758, 42.41434399988591], [-117.75998399996368, 42.42872000012508], [-117.73392400023383, 42.42516599975177], [-117.72448499999668, 42.42796799975444], [-117.69498599962755, 42.42984099985894], [-117.67715900018783, 42.43705299974628], [-117.67767100037392, 42.46864799969988], [-117.68170699979142, 42.48872299991345], [-117.6817829999594, 42.523980999863234], [-117.63719799993262, 42.48258000007295], [-117.64010799976904, 42.4917050000184], [-117.63428600044638, 42.48669899983081], [-117.62647900012857, 42.497451999996564], [-117.62921999991062, 42.475006000202896], [-117.62496400038508, 42.46968400013879], [-117.62244899966052, 42.45790199977184], [-117.6235580004215, 42.45204799997092], [-117.62851199990597, 42.445603000327516], [-117.61862599978004, 42.430279999845965], [-117.62067000032636, 42.42143599997434], [-117.61165200003867, 42.411579999723934], [-117.61318299967571, 42.401688999831364], [-117.6175269999631, 42.39573300029091], [-117.62201600001549, 42.38026199986432], [-117.60589699976484, 42.377990000287824], [-117.59077199974908, 42.381054000055336], [-117.56102899988083, 42.37744699995375], [-117.53938399968517, 42.38884799983061], [-117.52464899965678, 42.3903459998869], [-117.50097599970661, 42.424883000140426], [-117.4892319997055, 42.43179199985805], [-117.47911799997397, 42.449759000123976], [-117.47121399957177, 42.45588400029962], [-117.4775870003369, 42.4615140001381], [-117.47890500043695, 42.55136300013324], [-117.45617300011995, 42.547390000261565], [-117.41970400020742, 42.53406500015864], [-117.38186399959316, 42.52814799994927], [-117.35771600016517, 42.5313669999642], [-117.35063799976841, 42.53629399987819], [-117.34799200042096, 42.55465499985338], [-117.34957900013447, 42.556833000107744], [-117.3348879995887, 42.55627500015951], [-117.30550999959341, 42.56921099977748], [-117.3043880002103, 42.565315000320396], [-117.30737000001673, 42.55878599967335], [-117.30851900006236, 42.54034799994863], [-117.30693300017374, 42.51980799997697], [-117.29779400041053, 42.506283000048505], [-117.28617900028084, 42.49730600011009], [-117.29975299966975, 42.49361000017934], [-117.3083669997264, 42.48736899983681], [-117.32257200002536, 42.48563199971498], [-117.34731200000537, 42.47052499996004], [-117.3753049999535, 42.47849299989898], [-117.39939300000533, 42.459369000129115], [-117.41083499988267, 42.44208900001601], [-117.40196599955789, 42.42559900030457], [-117.39764700028316, 42.42365499969778], [-117.40070100005961, 42.415154999977055], [-117.39994100017643, 42.40729300017871], [-117.4094149996754, 42.38638600008716], [-117.41946300018303, 42.375572999802394], [-117.40793900028993, 42.37590000029301], [-117.40337700044265, 42.37868400022803], [-117.37308200020532, 42.376182999931665], [-117.37017700039175, 42.37834499985485], [-117.36232300021828, 42.37599700029168], [-117.34809299980496, 42.37929700006535], [-117.33923799972389, 42.378686000291346], [-117.33755399992599, 42.38216500007623], [-117.31855800034914, 42.38772099977708], [-117.30255899974908, 42.385577000143364], [-117.28831800036342, 42.40277700029517], [-117.28169799972609, 42.42764299981257], [-117.27728099964375, 42.42907499986526], [-117.27914799973978, 42.43604099977814], [-117.29811099970463, 42.436211000059274], [-117.2978479999389, 42.44975999968579], [-117.2939050004078, 42.44947900022218], [-117.29101999978741, 42.452124999826964], [-117.28806300009532, 42.44977499973968], [-117.25992399965901, 42.467096999867664], [-117.25229200014171, 42.46907000023676], [-117.24780200026444, 42.47400000016189], [-117.23226700016988, 42.47691700013779], [-117.22073900007884, 42.471654000181026], [-117.22068600037541, 42.46800700005862], [-117.21341800000785, 42.463167000284024], [-117.21447699964178, 42.45573900029462], [-117.21876999987556, 42.45120500009025], [-117.206416999604, 42.44913900026859], [-117.20531699996218, 42.44448299977521], [-117.20012199955498, 42.440685999760966], [-117.18363800032965, 42.44410099992479], [-117.16574900006735, 42.438639000090156], [-117.16056700007894, 42.429408000095115], [-117.1511720002227, 42.42704099987809], [-117.13780299997491, 42.41389599984636], [-117.13593800042702, 42.40867799982856], [-117.11767599989582, 42.40178999976893], [-117.11390499989386, 42.39376300010673], [-117.10416799973086, 42.388547999693166], [-117.09958900016512, 42.383153000014666], [-117.07761199970845, 42.38060799984948], [-117.06637400004563, 42.37137199987743], [-117.05309400038458, 42.36473300031965], [-117.05306599989721, 42.358918999870355], [-117.05946800007634, 42.351975000188624], [-117.0574460001696, 42.347100999988704], [-117.04593499979701, 42.33781300011435], [-117.0351769996349, 42.333836000131036], [-117.02610999984172, 42.324407000135054], [-117.02648300011062, 42.392938999978895], [-117.02, 42.39305566922733], [-117.02, 42.0]]]}}, {"type": "Feature", "properties": {"name": "No ZIP code assigned"}, "geometry": {"type": "Polygon", "coordinates": [[[-120.36721655534893, 46.163278344465105], [-120.36641900009155, 46.041625999966534], [-120.34025300005649, 46.041423000174056], [-120.36044500043288, 46.032745999697134], [-120.38973899986428, 46.02597400002267], [-120.44053500027451, 46.017163999732695], [-120.45585600010881, 46.01902099968994], [-120.46454399978532, 46.01016700030615], [-120.4619670000348, 45.99382599985546], [-120.51617100022384, 45.98630900007482], [-120.61081399962063, 45.995036000264136], [-120.62148200026937, 45.98760700009276], [-120.63925699983055, 45.982785000163936], [-120.65249700020689, 45.98459500013629], [-120.65719299994849, 45.98861500004157], [-120.67471200031495, 45.99496500008832], [-120.69707300001285, 45.99716899982806], [-120.70391000038519, 45.99984699979402], [-120.73911100042639, 46.004560000204876], [-120.76499999955367, 46.00167799993644], [-120.81057999964031, 46.010940000144814], [-120.818139000261, 46.00875999974644], [-120.82335999970914, 45.994138999760644], [-120.84032599988161, 45.99762099978549], [-120.84265800030806, 46.00304799970517], [-120.85436999962381, 46.01411400001193], [-120.880530999636, 46.01899100014693], [-120.8872900001905, 46.01182800008404], [-120.90078999995957, 46.00883900025041], [-120.90308399985284, 46.0043180000881], [-120.91547399993432, 46.00800000026205], [-120.93054200004866, 46.00337099983529], [-120.95932400019228, 46.00483700011689], [-120.96659900023253, 46.00176599993272], [-120.97902799977375, 46.003330999936956], [-121.00524499986246, 45.99458999972304], [-121.00937599971452, 45.9956079999396], [-121.02486700032647, 45.99221499997798], [-121.03213899999365, 45.99712100005751], [-121.03931699994949, 45.99684299983957], [-121.0707300002703, 45.989849000097266], [-121.0847320001797, 45.990859000107754], [-121.113232000291, 45.98772299985245], [-121.11967999960258, 45.98717000009036], [-121.12618300006406, 45.987007999827085], [-121.12346800022128, 45.990325000278816], [-121.11627799967155, 45.99258799995073], [-121.12525099975342, 45.99190599974478], [-121.12027600035255, 45.99610699985523], [-121.09261300011732, 46.00780499995477], [-121.08625399959588, 46.017245000077274], [-121.07168599997206, 46.01658000010614], [-121.03568800023776, 46.02722999990156], [-121.02839200028114, 46.03029699991602], [-121.02824599979294, 46.03499300004876], [-121.02412499998661, 46.03789900014615], [-121.01067100024832, 46.04300799972198], [-121.02827400028035, 46.0398669999199], [-121.0306719999307, 46.03596000017127], [-121.03131600036127, 46.04282100003499], [-121.09513032804716, 46.043186054082945], [-121.0, 46.1], [-120.52896745016223, 46.147103254983776], [-120.53596199984395, 46.14273599980971], [-120.5568689998977, 46.13905999978749], [-120.56370600027002, 46.132821999734276], [-120.57754300032295, 46.127886000111715], [-120.58479499989866, 46.11387099992189], [-120.61468400025511, 46.1141349998116], [-120.61429300044287, 46.04095999999771], [-120.57312299986758, 46.0428740002106], [-120.4715479996639, 46.04152000028772], [-120.46616800020709, 46.04972699980236], [-120.45330500029758, 46.05530499972787], [-120.44769399996379, 46.06538200027237], [-120.44907399998809, 46.06983799995059], [-120.43843700019978, 46.07708199980956], [-120.43968400015471, 46.08428000018428], [-120.43038800003266, 46.09963399988868], [-120.43012400044202, 46.107402999942366], [-120.4162249995665, 46.113386999953256], [-120.39831399956287, 46.128385999856214], [-120.3886159997579, 46.1316950001267], [-120.38320899963863, 46.14910299983404], [-120.37856899997352, 46.15312199980132], [-120.37616600030029, 46.160423000064505], [-120.374543309859, 46.1625456690141], [-120.36721655534893, 46.163278344465105]]]}}, {"type": "Feature", "properties": {"name": "No ZIP code assigned"}, "geometry": {"type": "Polygon", "coordinates": [[[-123.43529994462355, 46.23705998892471], [-123.42762899999025, 46.22934800028152], [-123.43098700043865, 46.18157100024009], [-123.39040400039251, 46.15442800009006], [-123.37143300003173, 46.14637199994963], [-123.36374299988982, 46.14633299978082], [-123.36379800014139, 46.14305600002968], [-123.38415000035137, 46.143162999758296], [-123.40716100032762, 46.16075199972873], [-123.42294599976911, 46.169281999970174], [-123.4316679997808, 46.177971999743214], [-123.43262100000784, 46.190979000164724], [-123.436566999912, 46.197994000292304], [-123.44532499990869, 46.201037999909914], [-123.4505279998135, 46.206839999881375], [-123.47078499958891, 46.2150500000631], [-123.48317700021856, 46.228252000148075], [-123.50122999961407, 46.23504000012557], [-123.50128200039092, 46.239947999753724], [-123.49027200033373, 46.237986999782876], [-123.49951500937368, 46.249903001874735], [-123.43529994462355, 46.23705998892471]]]}}, {"type": "Feature", "properties": {"name": "No ZIP code assigned"}, "geometry": {"type": "Polygon", "coordinates": [[[-121.47072099989397, 44.782074999717416], [-121.47293899961929, 44.78297099979165], [-121.48327300035717, 44.776744000055324], [-121.53490099972228, 44.777041000299775], [-121.54053999964518, 44.7732569999169], [-121.53693400039796, 44.771445000083034], [-121.53743800018813, 44.76967100005758], [-121.55278699961154, 44.76684399983853], [-121.57263400020646, 44.77028300010414], [-121.57388100016139, 44.77505999988333], [-121.58812300027027, 44.773812999972755], [-121.59917400033534, 44.76954700029184], [-121.64513799966319, 44.76721799988022], [-121.65612199978109, 44.7639890001883], [-121.66277000000753, 44.76463500016851], [-121.6595859996364, 44.76514899971546], [-121.66073300003222, 44.77962899973978], [-121.66393099974871, 44.7801809997607], [-121.6696159997024, 44.78697700008777], [-121.6688909999793, 44.79027699983833], [-121.66550800031483, 44.79184000029792], [-121.66449499981337, 44.79740800017744], [-121.70539099985393, 44.79839099990149], [-121.72457099955378, 44.802935000312104], [-121.73653200018818, 44.80171100005571], [-121.75210499991755, 44.79516499968376], [-121.75776700030498, 44.79585399979219], [-121.75650299973331, 44.79730799997518], [-121.7611249998551, 44.800378999816346], [-121.7754759997439, 44.79964699971308], [-121.77760899997872, 44.802312000120885], [-121.7824510002085, 44.7786920002503], [-121.77709299959469, 44.78121399969047], [-121.7807330000754, 44.776423999769904], [-121.77289399997056, 44.77579899989727], [-121.76877800018707, 44.7684690000401], [-121.76322499957962, 44.76729200020517], [-121.75974800020381, 44.76193499987233], [-121.77232099968509, 44.7599640002498], [-121.7755860002471, 44.754776999971604], [-121.77439899966832, 44.75248100007974], [-121.78819100041373, 44.74831600027365], [-121.79548099962426, 44.697530000078835], [-121.80303699987189, 44.71012300011465], [-121.79603899984112, 44.715507000058594], [-121.79438500018041, 44.72589600022612], [-121.80469399990564, 44.729169000142505], [-121.79946300041176, 44.73270400017901], [-121.79988699983598, 44.73622500007347], [-121.78852399960135, 44.74792300028711], [-121.78741800011176, 44.765074999834155], [-121.79914000037155, 44.77104000018533], [-121.81523899963241, 44.771466000009745], [-121.82145300038889, 44.7754530002492], [-121.82663899967693, 44.78271000014725], [-121.84082399988444, 44.779043000069485], [-121.8632020001991, 44.792934999804125], [-121.87641499991295, 44.79753200003457], [-121.88618800006098, 44.796976999701485], [-121.89389300027155, 44.79926900013564], [-121.89510400024142, 44.79748099990966], [-121.89008100026166, 44.79578799991514], [-121.9206719998767, 44.789374999831885], [-121.95235999965878, 44.77948000017418], [-121.95272899972973, 44.78144800021308], [-121.95831699959898, 44.78287900013717], [-121.97791899997154, 44.78303299996125], [-121.98254699994106, 44.77997799996454], [-121.98600800032163, 44.7818589997997], [-121.99592000038682, 44.778742999762486], [-121.99736999983301, 44.77760099970972], [-121.98518899998888, 44.77664100012912], [-121.98839599992625, 44.77244900027243], [-121.97198499959752, 44.76562800000703], [-121.96869900001747, 44.75918899978624], [-121.96612999976458, 44.75921399977825], [-121.96101100042367, 44.752634999950736], [-121.96084999986687, 44.74443399990725], [-121.96610399982531, 44.734737000081886], [-121.95953000011701, 44.73224400022611], [-121.95784999961879, 44.72902999995742], [-121.96404000008579, 44.73119999981562], [-121.96944999967984, 44.72250999969948], [-121.97637999993859, 44.71964000022921], [-121.97740099993769, 44.72710899978542], [-121.98900299964856, 44.73137600006614], [-121.99456999960144, 44.73744099972702], [-122.00117699981998, 44.740486999748384], [-122.00599300011048, 44.74140399994573], [-122.00272599989869, 44.737842999972635], [-122.00371799958548, 44.73736999984883], [-122.01191999991349, 44.740360000277136], [-122.01156799956097, 44.74616300006386], [-122.01580999974112, 44.74834999997157], [-122.02006000031719, 44.74744999968696], [-122.02091999975951, 44.752649999862385], [-122.03458000026046, 44.74921000027879], [-122.03854200005814, 44.74528000029185], [-122.04673799964003, 44.75178399977818], [-122.05183500013796, 44.75294299973748], [-122.05593900022583, 44.75794800031376], [-122.06682999955902, 44.75969300016428], [-122.07530999972137, 44.76435699968414], [-122.07824600039538, 44.76969599997811], [-122.10428000018597, 44.76525000021923], [-122.09488000030686, 44.765919000284626], [-122.08753099974845, 44.76251299996539], [-122.09622900036904, 44.76365399978404], [-122.10498900001554, 44.76150200022288], [-122.10674999980635, 44.75594600030408], [-122.11088700040452, 44.75388600012895], [-122.10526699984987, 44.74616200029789], [-122.11128999991234, 44.741458999868215], [-122.12029800015429, 44.754770000100834], [-122.1257060000985, 44.751366999894394], [-122.14104200000143, 44.747822000117054], [-122.15344700015154, 44.74025100007138], [-122.15721399995556, 44.74355900028709], [-122.18531099966074, 44.729705999776385], [-122.18910699977704, 44.72359200015591], [-122.18912000019586, 44.71885999981606], [-122.19860399974056, 44.70914899984214], [-122.20042700035394, 44.70383900012645], [-122.21581299958727, 44.69796000011513], [-122.2312599998183, 44.7033000000841], [-122.23369000015403, 44.71002699971214], [-122.24925600021072, 44.72325799998338], [-122.2524659996228, 44.71543699972301], [-122.24821099992216, 44.71717300003507], [-122.24299299994874, 44.70955300025865], [-122.24185599959868, 44.702989999792116], [-122.24880099992605, 44.70009500015388], [-122.2473620003505, 44.699091000210025], [-122.25713799997327, 44.68949800024162], [-122.24585199973154, 44.696952000273846], [-122.23851700031517, 44.693920999981614], [-122.24321300005677, 44.69749599987443], [-122.23964600026933, 44.70010500003015], [-122.2247840000193, 44.69242200002697], [-122.20622699993531, 44.6887769998181], [-122.19663299988746, 44.68260399969993], [-122.19537900025983, 44.679987000297935], [-122.19872500011435, 44.67163199988181], [-122.19300199962757, 44.67802200025471], [-122.18923399999865, 44.67474100025503], [-122.17198400014404, 44.67151799969937], [-122.15930600018245, 44.66551699974359], [-122.1349350002734, 44.6616110002431], [-122.12811999964238, 44.66306800009705], [-122.12519599956225, 44.668061999933315], [-122.11453200000979, 44.670679999803106], [-122.10874099975092, 44.66856199985379], [-122.11428000011472, 44.666919999860575], [-122.11413600017468, 44.66207499978807], [-122.10132000012082, 44.659519000163925], [-122.104091999865, 44.65451599988158], [-122.10075100003334, 44.65509500015218], [-122.09855099985138, 44.651431999718554], [-122.08948599970805, 44.65249100021957], [-122.08581299961536, 44.650808000246776], [-122.07751999994906, 44.65520000014484], [-122.07572700037122, 44.65236799975815], [-122.07000700025743, 44.65639199984648], [-122.06835199987356, 44.65799299981057], [-122.07127900032671, 44.65874599990921], [-122.0688699999074, 44.6612159997492], [-122.07198099958529, 44.66208900024266], [-122.07103599975417, 44.66330099985431], [-122.05515300040338, 44.664733000106025], [-122.05821600040068, 44.66232699978596], [-122.0541540001456, 44.658897000159676], [-122.04458400038716, 44.664891999879146], [-122.04049899966752, 44.65811599984316], [-122.03395599992139, 44.65759000007846], [-122.02863199964276, 44.65221299995342], [-122.02832600021932, 44.64860599978738], [-122.02328200032319, 44.64320000005816], [-122.02618799996164, 44.64005800023666], [-122.02585200040097, 44.63657499984204], [-122.00838499991308, 44.64799199987412], [-121.98535600039348, 44.6453759997416], [-121.98552500044788, 44.641606999927134], [-121.99214600001181, 44.634881999967604], [-121.98788899976303, 44.63548099968391], [-121.97731499972394, 44.63120800021046], [-121.9782119998745, 44.618371000020666], [-121.9822480001903, 44.61541699976307], [-121.97842000028695, 44.6147989998628], [-121.97570100024622, 44.6110619997064], [-121.98378300002533, 44.60753000029706], [-121.98657900005895, 44.60970200009536], [-121.9859560004431, 44.606904999757646], [-121.98436299998347, 44.60393299982827], [-121.98428000014279, 44.605499999725055], [-121.9773530002571, 44.60228299984548], [-121.97121300001878, 44.597399999968246], [-121.98364599975795, 44.585840000170386], [-121.98330500017443, 44.5770360001233], [-121.96713900006812, 44.57485300017688], [-121.95413899989126, 44.56849500031256], [-121.94934799971509, 44.569089000083935], [-121.95213100022823, 44.56636799988998], [-121.95164699963125, 44.56094799968422], [-121.95865200023306, 44.55473099995798], [-121.96446299968511, 44.544785999816476], [-121.96781500028573, 44.52982900017617], [-121.96727799998528, 44.51607399973825], [-121.97816099982084, 44.509294000258606], [-121.9856069995653, 44.50848999982422], [-121.982471999598, 44.502614999964486], [-121.98433799986911, 44.50035600002665], [-121.98242499974234, 44.493405999860904], [-121.98599499990284, 44.490480000212386], [-121.98985499959328, 44.49018000011647], [-122.004578999751, 44.49771399971104], [-122.00865699989964, 44.51003700002905], [-122.02356199980734, 44.5151239997732], [-122.0305930003484, 44.52217000024178], [-122.03742800017261, 44.52525999972056], [-122.03884500000682, 44.52878700013349], [-122.04566999978526, 44.53065600028256], [-122.05101699963011, 44.525862999686375], [-122.05742600038026, 44.52790399978419], [-122.06429899983925, 44.524795999775606], [-122.0739890001466, 44.525456000243366], [-122.0861060004166, 44.521652999848975], [-122.08603000024866, 44.5167850001344], [-122.09015699990277, 44.512295000260174], [-122.10025100044115, 44.513772000251706], [-122.09961000038365, 44.510293000140884], [-122.10263999987066, 44.50984700017004], [-122.11002500041407, 44.51276099973698], [-122.11554100031331, 44.50761200017792], [-122.13435600014019, 44.50591399979883], [-122.12563300030357, 44.50211700031709], [-122.1276269997229, 44.494260999684236], [-122.12232400025896, 44.48811099987549], [-122.13404999981842, 44.48702400004136], [-122.13827799975486, 44.48433899979455], [-122.13772600028413, 44.47878100024548], [-122.13173800038177, 44.47828900028279], [-122.12661099974665, 44.47461200022981], [-122.13669000021643, 44.4706739998933], [-122.14064100014346, 44.4716289999244], [-122.14240500030729, 44.46960699989894], [-122.13811700009637, 44.46504200025982], [-122.14399200002083, 44.458988999701134], [-122.14293699968654, 44.454887000128004], [-122.13680700039228, 44.449333999799755], [-122.12726299967483, 44.44792699974392], [-122.13072499988029, 44.44440999971296], [-122.12168200037655, 44.4423149998166], [-122.11563300037481, 44.43579799975104], [-122.11783500020658, 44.431593999798054], [-122.12375199996383, 44.43108299981945], [-122.12503699955359, 44.42889900025296], [-122.13230599974604, 44.43092300021073], [-122.13351099986816, 44.43578299993407], [-122.13943699984624, 44.435232000140545], [-122.14763199960323, 44.4282620000021], [-122.1482760000338, 44.42451199985773], [-122.15469599975627, 44.423376999853325], [-122.15314300037792, 44.41723799981863], [-122.15834100025985, 44.422504000121194], [-122.16113700029348, 44.42149099988562], [-122.17005500012375, 44.42548199972504], [-122.17975700012664, 44.41787999976108], [-122.18468999969473, 44.41666000019704], [-122.18944200041112, 44.41918200007968], [-122.18932000021238, 44.41187300000148], [-122.19786700032186, 44.41217800029593], [-122.2008330002348, 44.407265000152705], [-122.20922899983327, 44.409251999945305], [-122.21526199994145, 44.39834999981865], [-122.2256150000476, 44.39476899973492], [-122.21565699995166, 44.39222300019353], [-122.21180200028412, 44.38777400004334], [-122.22195700002356, 44.38327099972783], [-122.23394200004907, 44.383996999759376], [-122.23891800017314, 44.38134600019296], [-122.24199899971381, 44.38851800029458], [-122.27735000044116, 44.40181700031699], [-122.28160400031689, 44.40601300003843], [-122.26867600011005, 44.412885000297784], [-122.26106499961084, 44.427154000133044], [-122.26106399978592, 44.433709999740536], [-122.25832700020185, 44.432301999865366], [-122.25408699967151, 44.436754000027115], [-122.26024399962829, 44.44914500007826], [-122.25257600012596, 44.45578200016952], [-122.25516600029528, 44.45981300031521], [-122.24057699985674, 44.456109000074626], [-122.23767100021827, 44.46305400004023], [-122.23030900013936, 44.469041000272114], [-122.23191799959424, 44.471988999850865], [-122.22825700009545, 44.4741879997536], [-122.2346600000995, 44.47308800022862], [-122.23375299990319, 44.4702800001735], [-122.2366269997546, 44.46977499972176], [-122.23708100021439, 44.466316999775856], [-122.2468200000272, 44.46313400014381], [-122.24775099961461, 44.460655000016494], [-122.26389400015474, 44.46339399972334], [-122.26865699984347, 44.460213000143106], [-122.27721200034888, 44.45929600019975], [-122.28615899959317, 44.4517730001781], [-122.29901900002795, 44.453840999789506], [-122.3072249996556, 44.45118400006829], [-122.31129399958337, 44.44326100005009], [-122.31932199983412, 44.44091200025569], [-122.32290299986529, 44.44217799994958], [-122.32280699960582, 44.43919700009339], [-122.32836100003823, 44.43552399992153], [-122.33232000036116, 44.43477800021916], [-122.34363900021484, 44.44131799999558], [-122.34813999996274, 44.43804100024248], [-122.3471430002531, 44.43525000009016], [-122.34992599986792, 44.43089099985154], [-122.35880000021557, 44.43023700001857], [-122.36192199976412, 44.42547600002265], [-122.36855400009702, 44.42588199987731], [-122.36837900019482, 44.42024700028764], [-122.3752349999354, 44.41712899981201], [-122.39177799961027, 44.41523199988807], [-122.40074099964639, 44.40645999983095], [-122.40513500016253, 44.40879399985854], [-122.4098080003379, 44.40663099987332], [-122.41093300009409, 44.40887399984074], [-122.42232200026794, 44.40494199997834], [-122.42546100043324, 44.40789000028439], [-122.42763999980049, 44.40476799986072], [-122.43534099981308, 44.403838999798644], [-122.43225100005156, 44.40261100002084], [-122.43688300021908, 44.40293300020341], [-122.43758399965272, 44.40495700000853], [-122.44213100032971, 44.40299299979436], [-122.4397860003828, 44.407858999975296], [-122.44774500013827, 44.41049299990281], [-122.45879200000536, 44.40969699978634], [-122.46752900008566, 44.41283400016166], [-122.46839699992388, 44.41867100002364], [-122.46451200011913, 44.416891999696915], [-122.46214100023292, 44.41866900010379], [-122.46413399982734, 44.42469600011319], [-122.4703829998456, 44.4296719998844], [-122.47776599984086, 44.43189999991736], [-122.47972699964821, 44.42530499990675], [-122.48576700032741, 44.436782999829276], [-122.50167300014276, 44.43583799988557], [-122.50541200035767, 44.44173899969561], [-122.50978400023416, 44.44352399982278], [-122.50835099960808, 44.43920199974068], [-122.51540800008841, 44.43403800008073], [-122.51926799977885, 44.43586900011528], [-122.52332300036126, 44.43353799995279], [-122.52434299963714, 44.436669999811066], [-122.53273599976086, 44.43749599968437], [-122.53838700027764, 44.43349600011418], [-122.5481980000605, 44.43115799976592], [-122.55974399969489, 44.432402000038884], [-122.56347000038932, 44.430008999933705], [-122.56174600040842, 44.43428100004914], [-122.55469399995096, 44.43807199994488], [-122.57319699960826, 44.436230999863355], [-122.59069199968528, 44.42910399975545], [-122.5967909999157, 44.42934199986241], [-122.59665500037157, 44.42327199990941], [-122.60262999985511, 44.419784999924836], [-122.60871800021492, 44.41834100013291], [-122.61464699966773, 44.42196899998234], [-122.62001899962691, 44.42187099973339], [-122.62180500043041, 44.41646500002157], [-122.62771600033987, 44.415411000077015], [-122.62982100008726, 44.41635900017651], [-122.62126200028219, 44.41820300023296], [-122.62201600031761, 44.42149599976457], [-122.61794700038982, 44.42691100004122], [-122.61690299992615, 44.42436300031784], [-122.61002200007124, 44.423349000015044], [-122.59652099957896, 44.43162300023658], [-122.59437099962572, 44.43586900011528], [-122.5614199999952, 44.44385600027152], [-122.57426199998828, 44.455224000315134], [-122.55655900039716, 44.4500480001397], [-122.5513320002029, 44.45195200005576], [-122.56688300019098, 44.46141599978421], [-122.58925200028483, 44.45935999992286], [-122.58604899964712, 44.464463000091605], [-122.58668100038211, 44.47071099977264], [-122.60868300005482, 44.47078800019144], [-122.61212900036675, 44.475520999736936], [-122.60398099956711, 44.47748399989496], [-122.60741799965825, 44.48009399981702], [-122.60573100038557, 44.48461300007572], [-122.61731200018008, 44.48223599992271], [-122.62431299968561, 44.48657099997326], [-122.63879400016913, 44.48550599987673], [-122.64402600038623, 44.48778200031119], [-122.65445399993716, 44.485378000012496], [-122.65755100026965, 44.48862599974701], [-122.65576000034162, 44.49253599969737], [-122.65984900036086, 44.49226200010652], [-122.6621259996374, 44.49170899998859], [-122.66185700002389, 44.47660100031166], [-122.67032499959237, 44.47655199986799], [-122.66970000032669, 44.4718970002162], [-122.6895749996124, 44.486099999936634], [-122.68618699992508, 44.4877560000542], [-122.68814500025769, 44.49255700018124], [-122.68636000017743, 44.49443399970058], [-122.67345299988702, 44.495774999786946], [-122.67345700008497, 44.499262000313614], [-122.681759999797, 44.503752999720625], [-122.68662399976809, 44.50967799977492], [-122.69014299987496, 44.50918200027012], [-122.68748099973567, 44.51201099971393], [-122.69448700016237, 44.51236299998717], [-122.70001200028246, 44.52381899988256], [-122.70484199991836, 44.52547899986279], [-122.69696699982849, 44.5291769998604], [-122.67719600029987, 44.53161999985746], [-122.68290899984262, 44.53359300009644], [-122.67303299976246, 44.53448699984716], [-122.66417900040457, 44.53007199981271], [-122.6498259999676, 44.52972499978999], [-122.64982900034066, 44.525723000083914], [-122.6469529999411, 44.52355000010973], [-122.64040000014921, 44.525444999976614], [-122.63647299961335, 44.52004699996159], [-122.63756300010772, 44.51577100030887], [-122.63523999990213, 44.509015999914226], [-122.62155799965988, 44.5090290001097], [-122.61843600011134, 44.511128000042504], [-122.6208349995866, 44.51345899971364], [-122.61725799975342, 44.51499199992809], [-122.62002700002283, 44.522877999935574], [-122.61208800035888, 44.52763599999808], [-122.61378800005035, 44.53563199979449], [-122.61044399984563, 44.54010400020975], [-122.61974900018849, 44.553724999796884], [-122.61708000037649, 44.55878499995431], [-122.62132199965832, 44.56488899971722], [-122.61958599998188, 44.5696589998561], [-122.62937199965036, 44.58101700028427], [-122.6188129996799, 44.584330999918954], [-122.60688399973087, 44.58252600018269], [-122.6008020001172, 44.58624099993528], [-122.60086300021653, 44.59076000015241], [-122.61544300043424, 44.59590600006347], [-122.61355500042181, 44.5996089998119], [-122.61557800015345, 44.60519399984448], [-122.62713600038174, 44.60735400027179], [-122.65213099973154, 44.605513000127395], [-122.65946100002337, 44.60731799975033], [-122.65431599984488, 44.61355400018982], [-122.65962900025285, 44.61586500024121], [-122.66167600027393, 44.618930000158564], [-122.66045899955793, 44.62091900020396], [-122.66321100010893, 44.62270299971251], [-122.65347800014388, 44.62387000007536], [-122.65313300036237, 44.62616899968806], [-122.64703999997975, 44.62455000004119], [-122.64836599957736, 44.627211000159264], [-122.64602099963047, 44.627825000084265], [-122.67298500008188, 44.63039500011999], [-122.67854299981391, 44.63290399992755], [-122.6850189996129, 44.63133299981659], [-122.69290299992356, 44.63489699972651], [-122.70452899992391, 44.63554699983048], [-122.70481199978111, 44.65856099984917], [-122.6978530001084, 44.673653000308626], [-122.6950520000519, 44.674169000105415], [-122.69603600024108, 44.67579099995112], [-122.69346500033838, 44.67822699981644], [-122.69256800018783, 44.672036999926966], [-122.68014399977116, 44.671753000177546], [-122.67409499976941, 44.6684519999858], [-122.67413800032544, 44.66554000021829], [-122.67947000010169, 44.66120199972274], [-122.67713199982747, 44.65870899994442], [-122.67674900041115, 44.65136900012575], [-122.65352599982445, 44.65056399987284], [-122.64609599997355, 44.64793200029592], [-122.64158699982967, 44.65023599973282], [-122.64433199980965, 44.65012600024078], [-122.64666599988593, 44.65598100011868], [-122.63720400008253, 44.66227900023595], [-122.62898300038627, 44.66399800008039], [-122.6280130004408, 44.667356000086464], [-122.59882100021834, 44.647884999879984], [-122.61522400015114, 44.66388699994724], [-122.60991999996399, 44.667966000068354], [-122.61163899992201, 44.67905100026345], [-122.60795400013377, 44.67896099989324], [-122.60456300007338, 44.68214800028862], [-122.5987340001797, 44.68178999980739], [-122.59874900024833, 44.69284099977729], [-122.6294920001993, 44.693201999784655], [-122.62912200030344, 44.70597900020455], [-122.62042700005594, 44.70588799970961], [-122.62044100029962, 44.712727000248016], [-122.61692499966748, 44.71094499999488], [-122.60905100030085, 44.7123959996878], [-122.607174999984, 44.70978499977313], [-122.61038000027152, 44.70797700001036], [-122.60535300009381, 44.705028999754596], [-122.59671399992281, 44.70050799979978], [-122.58872500003012, 44.70150000000317], [-122.58357300017894, 44.69731100025274], [-122.58030099994427, 44.69762800006809], [-122.58075100020608, 44.69545000021947], [-122.57693300034845, 44.695214000053525], [-122.5629260004162, 44.69808500017998], [-122.55898800000968, 44.699897000205], [-122.55901099957589, 44.70207099987588], [-122.5806180001367, 44.703821999963694], [-122.59281099967637, 44.709376000243125], [-122.59078799994472, 44.71042200012193], [-122.61334000033666, 44.71325199975157], [-122.61877400022016, 44.71677700010558], [-122.6094420001131, 44.724828000074666], [-122.60374299991575, 44.725145999965285], [-122.60120899982296, 44.72924099993717], [-122.58990199966485, 44.730849000291364], [-122.57318999993558, 44.72622000001678], [-122.55442500033745, 44.72817699994592], [-122.54765599973719, 44.731399999942745], [-122.54213999983794, 44.729546999819604], [-122.54003599991545, 44.7249570000965], [-122.53972600029405, 44.729619999833965], [-122.53416799966371, 44.729933999999155], [-122.52089499967536, 44.72746500011531], [-122.51688600002203, 44.72152199968662], [-122.49851100041124, 44.72152199968662], [-122.48922600015985, 44.719212000194716], [-122.4877020001955, 44.72111600008498], [-122.47962399971604, 44.719760000243305], [-122.47438700037436, 44.72271299975226], [-122.46711800018191, 44.72145399999282], [-122.46361099977061, 44.719714000203474], [-122.46665600022457, 44.717426999685124], [-122.46602199983975, 44.713293999761454], [-122.45833500007089, 44.71693900023019], [-122.45755099989822, 44.72098399983033], [-122.44492900001315, 44.73038600014624], [-122.44328799987295, 44.72158899974789], [-122.41003099992065, 44.700973999984626], [-122.39103699999366, 44.6969449997879], [-122.38519499968118, 44.70014700000238], [-122.36316200004634, 44.701606000117856], [-122.3768679996797, 44.70384400006072], [-122.391242999858, 44.702777999967196], [-122.39543300015961, 44.70687100012755], [-122.4067389995945, 44.70929599995028], [-122.4046770004031, 44.71465700010412], [-122.40688799955743, 44.71776399982196], [-122.42153700027039, 44.71822200017441], [-122.42771900034153, 44.7211670000012], [-122.43096200026386, 44.724518000196625], [-122.42749800040856, 44.72712399993854], [-122.43166799972039, 44.72916000024165], [-122.4241929996636, 44.73153700013804], [-122.41237199966962, 44.7297719998829], [-122.40649900029331, 44.733912000026], [-122.39780800024373, 44.734465999755045], [-122.3962549999671, 44.73326099996076], [-122.39789699993221, 44.72795400022182], [-122.39341100025288, 44.72344899997607], [-122.38311000002527, 44.72593599976267], [-122.37945700002408, 44.72344399982055], [-122.37256199992545, 44.72593599976267], [-122.36965499956376, 44.72171799997122], [-122.35477499977038, 44.71472700010649], [-122.34935599995552, 44.71925100029167], [-122.36161999964031, 44.72341599983527], [-122.3666390003204, 44.72791200000301], [-122.36137899961592, 44.73170099980999], [-122.35570700008103, 44.731497000007444], [-122.3366880000397, 44.73867599990162], [-122.33865600041806, 44.74062199974969], [-122.33608899981498, 44.741607000049385], [-122.33150500022637, 44.73325300004769], [-122.32960299997026, 44.73404500011213], [-122.3267399999895, 44.74170100005398], [-122.33187000009934, 44.7481259998297], [-122.33337399997222, 44.75632300013918], [-122.31811500006218, 44.759156000264994], [-122.3115680001181, 44.75620999976822], [-122.28844599981376, 44.753065000127044], [-122.27506999989328, 44.74452300017218], [-122.28453099987173, 44.75325200007783], [-122.2948339997492, 44.75564799978361], [-122.29753799972131, 44.76381700010535], [-122.29534299956221, 44.764584999762505], [-122.29353699956557, 44.774330999779885], [-122.28846699973016, 44.777138000306365], [-122.29583999967969, 44.776110000213194], [-122.29487599958199, 44.78053800022152], [-122.28657799989283, 44.78099799973969], [-122.2811530002302, 44.78390399969701], [-122.27510099985541, 44.781596000010374], [-122.2733259998209, 44.7850480001494], [-122.26982500015566, 44.78348700018216], [-122.26557499957958, 44.78617200028535], [-122.25555700010752, 44.783044999698475], [-122.24708600016601, 44.78770100022365], [-122.23834700043584, 44.78492499997904], [-122.23544400027212, 44.78175300006997], [-122.22901199995577, 44.78368199980729], [-122.2413059997778, 44.799740000165464], [-122.2336419995751, 44.790308999791634], [-122.22771099957417, 44.78886499969395], [-122.22475700025511, 44.78466099975489], [-122.20721799979718, 44.78305400013729], [-122.20015199999435, 44.78855100021537], [-122.20172799983722, 44.792024000223336], [-122.19960200017341, 44.79693600007273], [-122.20330299985518, 44.805841999777556], [-122.20668800006777, 44.8066649998088], [-122.19960600037139, 44.8184639999562], [-122.20207400034194, 44.82217800003199], [-122.19973299969469, 44.838360999768625], [-122.20807300011495, 44.84549999972213], [-122.20595999997164, 44.850196999828256], [-122.17034300000383, 44.856930000292486], [-122.15833600023699, 44.84677499973827], [-122.15839499978823, 44.83867600023094], [-122.15059199966839, 44.82396699971728], [-122.15082600002012, 44.81980199984341], [-122.1534580000222, 44.817839000293475], [-122.13112999993623, 44.82331999993781], [-122.13307599967499, 44.827722000253054], [-122.13917599973033, 44.8308989998827], [-122.1366679995768, 44.84541400016028], [-122.14444899995532, 44.852070000018], [-122.13472199983808, 44.854082999849304], [-122.13717399991509, 44.86281700003539], [-122.15113900001457, 44.86693900027727], [-122.20051799969224, 44.86420399969364], [-122.20516999995121, 44.87469000017803], [-122.19911000007882, 44.88446999969702], [-122.20398099972263, 44.88157400002643], [-122.21125999996082, 44.88572000000907], [-122.25496299990566, 44.88572000000907], [-122.2573739999748, 44.87905399999841], [-122.25464700043648, 44.87241799981587], [-122.25750100019643, 44.86628499999172], [-122.25537700018245, 44.8600440001446], [-122.28445899990173, 44.856592999752415], [-122.30886999999377, 44.83923999996593], [-122.32710200038774, 44.84546300002267], [-122.3303190003708, 44.84460599990291], [-122.33011599998125, 44.842166999699884], [-122.33783000041262, 44.84340999981984], [-122.343377000274, 44.83949899986138], [-122.35338200022562, 44.838992999748385], [-122.35401999991007, 44.84356999981682], [-122.36289799955738, 44.845837000211745], [-122.36400999979308, 44.8487670001274], [-122.3601400000569, 44.846918999751274], [-122.36066700031161, 44.849069999726886], [-122.36605599998923, 44.855999000272114], [-122.36278100027984, 44.86091600023365], [-122.36728299985266, 44.86249199997109], [-122.36535700020542, 44.86562599996774], [-122.36777099974928, 44.869008000070096], [-122.37504499996463, 44.86978400009902], [-122.38151900011376, 44.88014599979164], [-122.39891299990845, 44.879872000038986], [-122.39698700026118, 44.87484399998494], [-122.40107700010536, 44.863733000269], [-122.39176699973963, 44.868791000124745], [-122.39237500018518, 44.86699600014583], [-122.38809100017224, 44.866207000232805], [-122.38901699973678, 44.86295199998322], [-122.38014699958708, 44.86388399991889], [-122.37402599961534, 44.85432599983651], [-122.38417299985716, 44.85599700008552], [-122.38244100037866, 44.85215499999042], [-122.38797200034654, 44.849414000209165], [-122.39267899995878, 44.849069999726886], [-122.39481600039157, 44.85215499999042], [-122.39872600031069, 44.85052199987485], [-122.39987000033344, 44.84226199977113], [-122.40703999989339, 44.835565000261205], [-122.41153899999148, 44.83686900030922], [-122.41494599994537, 44.83497200000178], [-122.41488599967093, 44.82687500026789], [-122.41729699974005, 44.82207699971199], [-122.42929400035948, 44.828231999701906], [-122.43318699966187, 44.83437299974624], [-122.4331249997376, 44.84015700012694], [-122.43846099971178, 44.84506100030995], [-122.43911199981501, 44.83978899970802], [-122.45174299992092, 44.84007499980091], [-122.45227799967323, 44.83779999998307], [-122.4475240002053, 44.8327590002702], [-122.44820899974543, 44.82867599989506], [-122.43923099964073, 44.82298399998658], [-122.45147900033031, 44.82065399992094], [-122.4453619996582, 44.80815799973], [-122.4470949998599, 44.80272000011627], [-122.45767700029494, 44.79759299971226], [-122.46522400032173, 44.800747000083696], [-122.48066999982952, 44.80138999975844], [-122.48644099999689, 44.817329000020045], [-122.49095500016361, 44.821152000000865], [-122.49591500039418, 44.83117499999689], [-122.49590799982315, 44.82516100008637], [-122.50248999992736, 44.824303000310856], [-122.49498100043368, 44.82316300017781], [-122.49819099984579, 44.82085200000723], [-122.49783500019363, 44.818634000175955], [-122.49381899996929, 44.81785900011237], [-122.49686699989796, 44.813856000015186], [-122.48954400017716, 44.81491100001521], [-122.4906310002985, 44.80933099973911], [-122.49586500016547, 44.807294000051506], [-122.49791499966125, 44.80205699977398], [-122.51158000018506, 44.80237999968313], [-122.51905299969371, 44.797697000017266], [-122.51845199981916, 44.80632500031869], [-122.52310499990305, 44.812000999686], [-122.5197199996905, 44.813949999733495], [-122.51945899957458, 44.819531999969385], [-122.53045000026349, 44.814347999744584], [-122.53505200029377, 44.81676700023474], [-122.53468499987264, 44.82054200028546], [-122.53689799957509, 44.82184599999311], [-122.54251999977953, 44.82312699986008], [-122.54434800041581, 44.81984100025879], [-122.5482690002056, 44.82303999968964], [-122.55446799999513, 44.8229119997422], [-122.54530900014046, 44.814442999794245], [-122.55529099962753, 44.81454999988421], [-122.55545999968194, 44.81059399985505], [-122.56144699975938, 44.80915699969616], [-122.585400000092, 44.80883000030493], [-122.5887579996421, 44.81122900007671], [-122.59329699992317, 44.807973000292414], [-122.60940100010521, 44.808478999971264], [-122.6082319999681, 44.811799000177196], [-122.61327599986426, 44.82045200013626], [-122.61485799955493, 44.81792900006091], [-122.63218600012564, 44.82153899972588], [-122.6123700003912, 44.82826999989246], [-122.61873999988498, 44.83128999997289], [-122.63199000030707, 44.829970000021675], [-122.65212599970867, 44.83682399993841], [-122.65235000001466, 44.84041000008658], [-122.63058599999334, 44.84040799999556], [-122.63113900018728, 44.875822000192784], [-122.54623399988009, 44.875784000172246], [-122.55822999977627, 44.88254999988472], [-122.55913199994968, 44.88523599969403], [-122.56855000027048, 44.886449999695614], [-122.57416699955375, 44.89304299977162], [-122.570389999704, 44.89463000026024], [-122.56804999977996, 44.90113599998665], [-122.5702919997947, 44.90900799980435], [-122.57572999987613, 44.912140000274995], [-122.57437699961604, 44.91723800011017], [-122.56744499970748, 44.91645200021756], [-122.56711300034476, 44.92117699973712], [-122.55002400014862, 44.91871700028711], [-122.55914199999545, 44.92450000012312], [-122.56027299959939, 44.928168999778705], [-122.56388600031592, 44.92853300025738], [-122.56005500003951, 44.93072499973935], [-122.54607800024446, 44.931574999784765], [-122.54114999980098, 44.92794000028211], [-122.52448999995023, 44.92283999993244], [-122.51418500042296, 44.91126999973377], [-122.5165949997689, 44.90490299995421], [-122.5133920000295, 44.9024260002677], [-122.51394400039857, 44.89832800027479], [-122.51068999970722, 44.894869999796306], [-122.48122200019858, 44.89034399969906], [-122.47909700035969, 44.893232000139704], [-122.46187000007127, 44.89682000010002], [-122.47146199957102, 44.89913099985458], [-122.49120899970849, 44.896549999684616], [-122.50758900007509, 44.90765999985122], [-122.50606699976055, 44.91906399978388], [-122.49916699963904, 44.91778099993334], [-122.48632700019405, 44.922669000121296], [-122.45139899996435, 44.91144400000491], [-122.48439200032597, 44.92607999975823], [-122.4955100003382, 44.92714900018312], [-122.49619300022852, 44.93329000030546], [-122.49047599958949, 44.93499699991425], [-122.49663300044458, 44.951115999732785], [-122.49092599985131, 44.95668700009427], [-122.4969870004469, 44.96091399978676], [-122.5169339997026, 44.990804000240544], [-122.51294599996565, 44.991401999949325], [-122.51013599968837, 44.998763000247074], [-122.49432000028472, 45.00308299998039], [-122.4951639998335, 45.00886700000464], [-122.48736400008671, 45.008894000281686], [-122.48784199993759, 45.01203099994764], [-122.49168099971163, 45.01203099994764], [-122.4827879999957, 45.014980000158914], [-122.45216399987041, 45.01590299992725], [-122.44036899981568, 45.0123829999098], [-122.42387399982137, 45.015212000294326], [-122.43347000041739, 45.01680500000133], [-122.44130500032428, 45.020980999854935], [-122.45285000013375, 45.032087999924585], [-122.45468999956728, 45.03691200009952], [-122.45943100041305, 45.03926599992318], [-122.44543500035144, 45.041906000011835], [-122.4522679996275, 45.04501100007305], [-122.45676500007576, 45.058886000277944], [-122.46260800021317, 45.060947000246024], [-122.45188900040912, 45.06023399991551], [-122.44569599956904, 45.06400700005091], [-122.4481490003693, 45.06912899970778], [-122.4453419995667, 45.072238000011474], [-122.44518099990825, 45.07772600019146], [-122.43801700019608, 45.072627000300386], [-122.4391810003103, 45.078155999718156], [-122.43050199995633, 45.07655200023916], [-122.43288700008621, 45.08158800016954], [-122.43767700043746, 45.08421700016168], [-122.4390259996013, 45.09030200022025], [-122.45918399964252, 45.09397500020701], [-122.43978399983466, 45.09401600004226], [-122.43624999965917, 45.090978000083105], [-122.42860100042343, 45.089524999965384], [-122.44024400014221, 45.09988099992011], [-122.43882399993494, 45.10239700024806], [-122.43172200014705, 45.10081899981614], [-122.4287829999983, 45.10331100028157], [-122.42306999955726, 45.10006299992184], [-122.41063099997028, 45.100952999811476], [-122.40890399961633, 45.10408100010691], [-122.43732799955967, 45.11412600023287], [-122.43485100026662, 45.120481999984655], [-122.40446399996777, 45.11933299986674], [-122.40378399955222, 45.12261799974364], [-122.4126739997934, 45.13145399990812], [-122.41131600040872, 45.13753900007882], [-122.41425300000932, 45.142086000281566], [-122.39309700043353, 45.13542900025137], [-122.36560099970457, 45.12089500006864], [-122.35804700000507, 45.11395599990968], [-122.34182700037039, 45.114006000020005], [-122.33317300013076, 45.12210500024785], [-122.34208000009038, 45.11755199993126], [-122.3496990000872, 45.11915000018121], [-122.34492200015477, 45.12292300021528], [-122.33052699988498, 45.12576900025402], [-122.31743499964664, 45.13504799981271], [-122.30946300037068, 45.14388700014415], [-122.3180399997191, 45.147076999884895], [-122.32173299990326, 45.14584699999342], [-122.32292499960658, 45.140615000135156], [-122.3243409996159, 45.14137600023477], [-122.32926300021163, 45.147740999937774], [-122.32571300014261, 45.15112199995066], [-122.32655500004157, 45.15354399970604], [-122.31465600022975, 45.15181600008744], [-122.31343000019126, 45.15974799981702], [-122.30761600036618, 45.16454600019835], [-122.29970199991824, 45.156264999704234], [-122.29518000025391, 45.156680000259584], [-122.29227399971711, 45.1607329998239], [-122.28339299969679, 45.158416999991715], [-122.28430900011391, 45.15270599998481], [-122.29092399983004, 45.150386999737556], [-122.2950320001159, 45.147490999787635], [-122.28172999981527, 45.15134200008913], [-122.2785000003117, 45.147727999820155], [-122.27524099959749, 45.150952999978855], [-122.27873200011528, 45.155597999981715], [-122.27065399963585, 45.15840699977685], [-122.2746770004312, 45.16287599992053], [-122.27065199998601, 45.16977199975476], [-122.2647229996349, 45.169900999901785], [-122.25977099980025, 45.16494599979426], [-122.25339200008565, 45.16986500017], [-122.25275299967797, 45.10876300028094], [-122.2490300002549, 45.10596100000874], [-122.24867600025257, 45.09672799970294], [-122.24490100005266, 45.0904270002096], [-122.24686199985999, 45.084908000052586], [-122.24363900002912, 45.076562000219596], [-122.24502599972612, 45.07029300008842], [-122.23660900021127, 45.06359800005142], [-122.23656300018052, 45.05819900006631], [-122.22856599989191, 45.05227000024716], [-122.22616599969342, 45.04499499977676], [-122.2298389997861, 45.03485300012324], [-122.2364700002941, 45.02943000007336], [-122.24373699993842, 45.02748600028903], [-122.24900199976749, 45.020153999762165], [-122.2468269996999, 45.01632000003216], [-122.22917099996441, 45.011361999724976], [-122.22650499962714, 45.008689999990274], [-122.2164560001929, 45.00888799979783], [-122.22001700013259, 45.01183399981478], [-122.22042499966328, 45.017184000010246], [-122.22445400030644, 45.01368499992689], [-122.2342800001579, 45.01513699993454], [-122.23241999973455, 45.019912999701766], [-122.24013900018882, 45.02126900028847], [-122.22331799978127, 45.03041000025102], [-122.19238300020967, 45.041374000303016], [-122.19052100013654, 45.05000300028909], [-122.18478400030436, 45.059345000109026], [-122.18692300038694, 45.06709499978418], [-122.17876100024189, 45.07730599981643], [-122.17329399984816, 45.06990100019197], [-122.16561899977481, 45.06693300020435], [-122.1524579999395, 45.07231500004564], [-122.1464399998999, 45.07240699976918], [-122.14675000041962, 45.066901999731165], [-122.15158699972822, 45.06399599981307], [-122.14593899958447, 45.061931999983905], [-122.1494319997521, 45.06139299990672], [-122.14965900043114, 45.059290000124506], [-122.14014300020108, 45.05908000015845], [-122.13685500007286, 45.05688399979976], [-122.13696800005077, 45.03848000025044], [-122.1258130002286, 45.046453999703786], [-122.12369900026037, 45.04378899971131], [-122.1165530000916, 45.04226399990913], [-122.1225739996059, 45.048973000016], [-122.12034400018506, 45.05095699983265], [-122.12095500010534, 45.0485960002264], [-122.11633899983137, 45.04802600018279], [-122.11135000018679, 45.05458000030059], [-122.10807999960193, 45.05500899997326], [-122.10702500016595, 45.058445999830106], [-122.09219999972586, 45.05666599977844], [-122.09666299983895, 45.06172200020372], [-122.09236899978028, 45.06960099994407], [-122.08508200004445, 45.074205000078685], [-122.07854799962085, 45.07447700007054], [-122.07888200043003, 45.071057999924825], [-122.08563299969032, 45.069290000171286], [-122.07464500027272, 45.07018099984857], [-122.07163800035192, 45.06839000030946], [-122.07482099999982, 45.062817000236095], [-122.0699810003182, 45.05762699975643], [-122.07007800040257, 45.05435899998248], [-122.07546299988225, 45.04797999976009], [-122.08506899962566, 45.04812600031179], [-122.08277200025768, 45.042441999946234], [-122.08648100033535, 45.042182000197855], [-122.07444799973092, 45.03705999993409], [-122.06304199983863, 45.041282999874085], [-122.06446100022097, 45.04748199976972], [-122.05594599989851, 45.05283400019607], [-122.05752599993937, 45.05859399979907], [-122.0538329997552, 45.06038299972538], [-122.0567469997896, 45.06405600016173], [-122.05300900029793, 45.06460200018674], [-122.05439799964472, 45.06771500015427], [-122.05097200032257, 45.071987000267434], [-122.05313899999426, 45.074752999774525], [-122.05033899976269, 45.07695400010273], [-122.04648599974496, 45.075988999914976], [-122.04278800043625, 45.0795480002035], [-122.05233100043048, 45.07881299986658], [-122.04533800042256, 45.082414999798395], [-122.04216900012004, 45.08156899971986], [-122.04211200021864, 45.08504699984608], [-122.03388200030152, 45.084327000316364], [-122.0073029998146, 45.090966999962696], [-122.00351300044437, 45.08852799993736], [-121.98249300041272, 45.08731299977907], [-122.00243299999572, 45.09218899986645], [-122.01191900008854, 45.098009000200705], [-122.02339600012598, 45.09784500010203], [-122.02956200030359, 45.1003499998921], [-122.02907900042982, 45.10313499996838], [-122.03614000020981, 45.1032369999062], [-122.03880999984673, 45.10565399979767], [-122.03533599994567, 45.10962899996399], [-122.03930500031436, 45.114631999950575], [-122.02367899998322, 45.11335999981098], [-122.01468400016003, 45.11868299991008], [-122.01896499979995, 45.11994600019735], [-122.01503200031459, 45.124079999833214], [-122.02443800004148, 45.12523099974556], [-122.03347200022272, 45.13127600007992], [-122.0292479995859, 45.132810000180356], [-122.04039099971249, 45.13904200029144], [-122.0408850003552, 45.1475630002626], [-122.04553500006605, 45.15076600025449], [-122.04417500013324, 45.15311699990081], [-122.05580100013356, 45.15238200007501], [-122.06914500026703, 45.15601700007428], [-122.08068099985566, 45.15242800008447], [-122.093841999691, 45.15781000017505], [-122.10224200038571, 45.16447099996146], [-122.09051500010304, 45.17076099995962], [-122.07267799971929, 45.17343900013978], [-122.06039399994302, 45.18198400010711], [-122.04603600038148, 45.187018999701756], [-122.03672000016796, 45.195704999749765], [-122.02268200027356, 45.20084400004831], [-122.02160600002286, 45.20269400000983], [-122.0279160001405, 45.20562700024163], [-122.02940400011981, 45.2087099999445], [-122.02806900030137, 45.21641499979662], [-122.02391199961171, 45.22017099981903], [-122.02972200013713, 45.21689599995527], [-122.02936999978463, 45.21909099989108], [-122.03279400035528, 45.21944099978266], [-122.04416500008747, 45.21597599997632], [-122.04920599961058, 45.21121499987047], [-122.053585999883, 45.212438999732704], [-122.0594659998303, 45.209648999971456], [-122.06493700042203, 45.21036600002814], [-122.06714199972855, 45.2159999997687], [-122.07091500027866, 45.21809199969634], [-122.08302499997765, 45.21232799982774], [-122.09977500024009, 45.210296000315715], [-122.10979799973502, 45.20381499998739], [-122.14301100020471, 45.20283799996116], [-122.15037400010849, 45.20459399974016], [-122.1526570001311, 45.20259699977127], [-122.15688900026551, 45.20499699977163], [-122.16040300034953, 45.20282799994995], [-122.19246000020257, 45.206270000117165], [-122.20029699975927, 45.20494699969673], [-122.2074930001568, 45.20739199986643], [-122.21654900007933, 45.214329999858045], [-122.22039299987624, 45.22435699986381], [-122.23051599982861, 45.230188000128486], [-122.23051599982861, 45.2440950002664], [-122.1900890003164, 45.244656999715716], [-122.18982300017763, 45.22986100001483], [-122.14833200011027, 45.22967299975168], [-122.14833200011027, 45.23285699986721], [-122.13795999973755, 45.23285699986721], [-122.13795999973755, 45.22986100001483], [-122.12811899981746, 45.22986100001483], [-122.12758700043824, 45.243907000285546], [-122.13689600008075, 45.2440950002664], [-122.13716200021952, 45.2478410002117], [-122.12758700043824, 45.24765299997881], [-122.12755499975287, 45.297752000215425], [-122.10339399990607, 45.299320000093715], [-122.07906300017999, 45.29092799975782], [-122.0545270004145, 45.27573800014166], [-122.05283400039573, 45.26510599978193], [-122.05459000016366, 45.25814799976814], [-121.94663399969726, 45.26104499999374], [-121.9382020001138, 45.27217100028275], [-121.92256200043727, 45.26613200012567], [-121.92123400029148, 45.2627939997986], [-121.91252899999822, 45.25911699969255], [-121.89421799996154, 45.2440950002664], [-121.8863529999174, 45.24256100013526], [-121.8808670001554, 45.23565299970907], [-121.8773349996297, 45.23497400026187], [-121.87540399995962, 45.22887799992828], [-121.86783600001641, 45.224133000162844], [-121.8627469999144, 45.224334999807986], [-121.86009999984374, 45.22093599995845], [-121.85359999975529, 45.21952099987123], [-121.84108699965016, 45.22535299980063], [-121.82455400002104, 45.22650099989073], [-121.81525399970101, 45.225493999700355], [-121.81336200038896, 45.223185999927324], [-121.79600500040422, 45.22290399971811], [-121.79066500023207, 45.21652599995098], [-121.78388999978405, 45.21447800016867], [-121.75537899980208, 45.2169150002753], [-121.74734499970354, 45.22112999973404], [-121.7389830004403, 45.218657999831635], [-121.72811899997298, 45.224338999818784], [-121.71278399989494, 45.22779800027258], [-121.70071199983077, 45.24079200021679], [-121.69796900039891, 45.23677200015475], [-121.70211799979434, 45.23220700009177], [-121.70020399984266, 45.22852100010704], [-121.68272800003223, 45.228568999846615], [-121.68638900042933, 45.234291999861334], [-121.68153700015382, 45.243494999753295], [-121.68089799974614, 45.25058099996942], [-121.68887800031631, 45.251123000278774], [-121.69673099976653, 45.25615199972468], [-121.69048799959604, 45.275848000074525], [-121.68505000041291, 45.28368099992992], [-121.67625399988306, 45.28355899984783], [-121.67095800009184, 45.28704899977433], [-121.67537400034927, 45.300378000076066], [-121.66311399996414, 45.30624900000314], [-121.66017099961745, 45.31357600029751], [-121.65163299972875, 45.30886599969864], [-121.64395000015784, 45.31063799979911], [-121.6403020001795, 45.31745699986357], [-121.59992699964752, 45.322132000092516], [-121.57067699969876, 45.338957999687345], [-121.5777769998368, 45.324692999986304], [-121.59261599962228, 45.31138500013658], [-121.59814599976521, 45.302642000255005], [-121.61253299963907, 45.30187700020189], [-121.60673100040789, 45.29678199982973], [-121.60630399971231, 45.28802599986392], [-121.59723199989625, 45.28352599969763], [-121.59661500012818, 45.27899900000437], [-121.58573800014038, 45.28563199982045], [-121.58492899985337, 45.28896900023314], [-121.57077700015618, 45.291553999903634], [-121.55192899981905, 45.28700399969021], [-121.54843300017669, 45.28124300016854], [-121.54423700002728, 45.287925999735734], [-121.52836600037207, 45.28202999969775], [-121.50841199964704, 45.287431999916194], [-121.49049800016869, 45.288447999764955], [-121.48513899972997, 45.29361100017542], [-121.48058100008063, 45.290201999746834], [-121.48180100027136, 45.399899000168965], [-121.4996219998633, 45.3949930001891], [-121.50778599965815, 45.39518399988797], [-121.51536799984504, 45.40259900002079], [-121.52139400028054, 45.41547100020018], [-121.52574199986759, 45.416341000034215], [-121.5265019997508, 45.41228800013126], [-121.54490200037425, 45.41095699973069], [-121.54749099982034, 45.41564400013021], [-121.54342199989253, 45.427901000268776], [-121.55180499997049, 45.43435000028825], [-121.56086099989302, 45.43732200012241], [-121.56770999996088, 45.447778000159815], [-121.5677729997101, 45.45634299973076], [-121.56629999979938, 45.46454300008904], [-121.56229799981872, 45.458709000242344], [-121.545750000121, 45.44644700007764], [-121.54600799986386, 45.44385800009874], [-121.54261699980349, 45.44099099977056], [-121.54949600000862, 45.437926999742004], [-121.54219300037927, 45.431547999916944], [-121.5354720003579, 45.43172900017254], [-121.53332599970433, 45.43840299996544], [-121.53393400014984, 45.45401600022913], [-121.52024900043287, 45.46839000003401], [-121.52372400015884, 45.46992300029195], [-121.52725999998415, 45.477672999944076], [-121.52579600029428, 45.480553000226934], [-121.52793899967651, 45.481971000001984], [-121.5145130004256, 45.48875500023996], [-121.51089499968619, 45.50295399968725], [-121.5085849998994, 45.504873000146645], [-121.50929499955389, 45.51024599986085], [-121.51501499966763, 45.51264800031129], [-121.50463499979729, 45.52098700023218], [-121.51499700012428, 45.52987900018022], [-121.49655700021614, 45.532371999765616], [-121.49680999993613, 45.53657900025236], [-121.48715200031417, 45.53941900027802], [-121.48035299957668, 45.53825600023539], [-121.47834099971571, 45.54573200017855], [-121.47964399974713, 45.54918300020314], [-121.47528000026654, 45.55352400026342], [-121.4787409997488, 45.559469999695956], [-121.47815999996573, 45.565870000190266], [-121.47318100036692, 45.573628000233455], [-121.46582400031093, 45.56349599975903], [-121.45817699982669, 45.563612000203925], [-121.46221599961727, 45.57412600017883], [-121.45632499979929, 45.57345200005526], [-121.45593700036008, 45.56973700004378], [-121.44959499955709, 45.56829300023623], [-121.44667499967493, 45.56932000015018], [-121.4479479995691, 45.57145699999151], [-121.4455189999566, 45.57520299969726], [-121.4432640004214, 45.572884999832034], [-121.44113500038452, 45.57429900009734], [-121.44068099992478, 45.53995999973935], [-121.43148699991, 45.54528399973068], [-121.42359599992662, 45.553780999721056], [-121.41666499984298, 45.556056000061744], [-121.41946199970147, 45.54154500010321], [-121.41731500012129, 45.53782500010391], [-121.42623100030175, 45.52908100018917], [-121.44061800017559, 45.52358900000213], [-121.44064599976467, 45.51939400018026], [-121.48216799979417, 45.51960400030371], [-121.48181299996692, 45.4906789998855], [-121.4452939998257, 45.49032500016464], [-121.44121700040031, 45.487005000181846], [-121.44703399970011, 45.482868000241794], [-121.44531100044246, 45.48028500009201], [-121.44774199970477, 45.47754699970043], [-121.46085599968447, 45.47183099976624], [-121.46678800040861, 45.461093000312125], [-121.47392700000641, 45.457506999699135], [-121.4817409999969, 45.45790500004611], [-121.4817190002556, 45.43549599978105], [-121.46573300007432, 45.44260999978171], [-121.4695459999091, 45.4390429996945], [-121.4671750000229, 45.43665700028774], [-121.47380900000564, 45.42859800017559], [-121.46238399984676, 45.430931000148526], [-121.46455700026452, 45.42503299999546], [-121.46064599962216, 45.422229999879754], [-121.46186599981289, 45.41960399985327], [-121.45773499996083, 45.41411300012846], [-121.46000899976261, 45.4063870002206], [-121.45035600016351, 45.40698999981657], [-121.4413789998837, 45.41354200026112], [-121.44240099970773, 45.41155900018811], [-121.43810900019714, 45.40729999993901], [-121.43797000027998, 45.40324999990924], [-121.43054000042905, 45.402290000296816], [-121.42444100019863, 45.39764899970979], [-121.41117099968503, 45.396891999960985], [-121.39449300029094, 45.3974349998899], [-121.36362399994327, 45.40650999976965], [-121.37572799979449, 45.400753000052326], [-121.36488299959376, 45.40044799990879], [-121.37540999977716, 45.39636299973575], [-121.36963500031015, 45.392664000308606], [-121.3283040000764, 45.38910999994079], [-121.3404280000191, 45.38727799987982], [-121.33420699958991, 45.38378000028526], [-121.33442000002525, 45.38139300026379], [-121.3287069995842, 45.380596000035474], [-121.32664200001979, 45.376390999787816], [-121.32805800002907, 45.3746959998462], [-121.34346500007712, 45.37472499978618], [-121.34407699982232, 45.37949400026919], [-121.36293100000725, 45.3738910001028], [-121.36169300027314, 45.369356999887366], [-121.36493700002042, 45.363991999721], [-121.34907700023584, 45.35723299995089], [-121.34874699962464, 45.34917300005658], [-121.33919899960752, 45.34558699971559], [-121.34298200020336, 45.343577999932364], [-121.33925200020931, 45.340241999940794], [-121.34936599994086, 45.34019399988279], [-121.34187499999055, 45.33342900010164], [-121.35236000034116, 45.3350720003088], [-121.35521099972807, 45.33214999975501], [-121.35762000014738, 45.308606999999405], [-121.29638899961526, 45.30913400028329], [-121.2924429997111, 45.307235999734345], [-121.28651900028117, 45.308813999834484], [-121.28626200036324, 45.306189999908234], [-121.27202000025433, 45.30742399978045], [-121.25738200031032, 45.304662999809885], [-121.25947000033928, 45.30148200013523], [-121.25562499981916, 45.29791200029384], [-121.25852799998287, 45.29349199979572], [-121.25379799990608, 45.29014300001579], [-121.2592910002391, 45.28229500030133], [-121.24704900029563, 45.271136999970395], [-121.22852800019666, 45.26537800009819], [-121.2345500004342, 45.26504399980171], [-121.26863400021685, 45.27712299999979], [-121.29793799969399, 45.27737099983813], [-121.30461400040781, 45.28076500026016], [-121.3376400003814, 45.27936799975169], [-121.34793200038818, 45.28210800029731], [-121.32540199973757, 45.26714200025894], [-121.33510200009064, 45.266621999968294], [-121.34345699968122, 45.25699500031298], [-121.35790499965441, 45.25262199997614], [-121.38580700026425, 45.25428500021432], [-121.3923080001776, 45.2575150002575], [-121.38651199989586, 45.252222999709815], [-121.37331599990043, 45.251178999938894], [-121.37531600006585, 45.242775000007434], [-121.3921390001232, 45.24471599993977], [-121.39561100037442, 45.24924999995266], [-121.40382500039799, 45.24950200029064], [-121.42039499983704, 45.25648599984869], [-121.4275800003639, 45.256234999902965], [-121.42705099956108, 45.25344400011417], [-121.42912100004668, 45.253148000261206], [-121.4597329995781, 45.2668790001018], [-121.48108800024383, 45.26731399988055], [-121.48188800031, 45.25812800022721], [-121.49049200032088, 45.25814900012437], [-121.4888140003708, 45.25346000018193], [-121.49146499974111, 45.2511270003015], [-121.49045399978776, 45.246165999909465], [-121.48747000033148, 45.24772000014662], [-121.47760299957382, 45.2393710000323], [-121.46994900031521, 45.237639000095335], [-121.46564100001281, 45.23257200029689], [-121.45971000001188, 45.23099300009776], [-121.45425299966385, 45.23243000006411], [-121.45201200037235, 45.22850000001049], [-121.43922899993046, 45.22727000007258], [-121.43356900009118, 45.2220120001002], [-121.41746200043438, 45.21490000014522], [-121.38830600019696, 45.215023000193845], [-121.38810899965516, 45.2174220000758], [-121.38511099995515, 45.21823899991423], [-121.38137900031124, 45.204966000211385], [-121.38926799974651, 45.18895199997359], [-121.3995940000885, 45.19048100019858], [-121.41382000030386, 45.18710200019983], [-121.4370630000837, 45.18897900006345], [-121.43997200009521, 45.195013999934886], [-121.45151299970674, 45.18987000027469], [-121.49238299980806, 45.19516600002767], [-121.50032999986792, 45.19088400016849], [-121.51007700007669, 45.194177999763795], [-121.51178400033912, 45.191573000226114], [-121.520208000425, 45.18941299972656], [-121.51703099972656, 45.17832700020382], [-121.52554100002615, 45.17966799992273], [-121.52522300000882, 45.171894999789714], [-121.51375000016935, 45.15525199987488], [-121.52288300008478, 45.156976999755514], [-121.51972600037615, 45.1547379996898], [-121.52462899980698, 45.14989899990876], [-121.53991000035666, 45.14672899979848], [-121.53836999960046, 45.14295500004498], [-121.54336400016622, 45.13666600030659], [-121.53939499979751, 45.13315000014341], [-121.53984800043236, 45.131093000044096], [-121.54914799985406, 45.13797599999053], [-121.56765499970933, 45.132329999726764], [-121.57670899998202, 45.13726099971157], [-121.58996899955156, 45.14038600009958], [-121.5980100002211, 45.134847999989034], [-121.60301200028447, 45.134592999719345], [-121.6220100004094, 45.139712000224705], [-121.63156900029718, 45.1451530000399], [-121.63069399988792, 45.14358700007822], [-121.61476499960808, 45.13447000009868], [-121.5887600001298, 45.12555399980305], [-121.57711999988578, 45.11556099984173], [-121.5680039996888, 45.11352200025595], [-121.55188899963608, 45.10227299975587], [-121.55235399996648, 45.09492400009411], [-121.5482990002824, 45.09146099999571], [-121.5446100002962, 45.088995000238675], [-121.53818200017781, 45.09474599980663], [-121.53715199995787, 45.089328000202094], [-121.53102599996323, 45.08373700000659], [-121.4888429997848, 45.086878000314485], [-121.4821200001136, 45.09746199972678], [-121.48231799958198, 45.10349699975633], [-121.4953210001319, 45.10261700006987], [-121.50555200003933, 45.10474999998604], [-121.51363700019147, 45.108209999913534], [-121.51704499997027, 45.113484000310244], [-121.25117199975178, 45.058903999967455], [-121.11853300010509, 45.02912599977238], [-121.05607600043277, 45.01473899991252], [-121.05707700034039, 45.01181900000905], [-121.05215100044501, 45.00804400020199], [-121.0529549998108, 45.00408099999345], [-121.05748700041919, 45.00136000000691], [-121.05662500042875, 44.9922720000443], [-121.06512300013445, 44.98363500000389], [-121.06308899963385, 44.97781699981899], [-121.06506700005795, 44.97416900017829], [-121.06749499984555, 44.97304200022411], [-121.07381199963588, 44.977244000246905], [-121.08614599964085, 44.97233199973881], [-121.08462099985161, 44.966758000122056], [-121.07925100044054, 44.96727999978287], [-121.08265500002139, 44.965673000212064], [-121.08375300001336, 44.95946199987576], [-121.08764600021406, 44.960867999917184], [-121.08690200022441, 44.963116000176136], [-121.09101700018294, 44.966355000135955], [-121.08815699967693, 44.96817899975062], [-121.09119799993293, 44.97292300014011], [-121.07905600044685, 44.97651600012967], [-121.08173799977935, 44.9804430001176], [-121.11282100038727, 44.987337999683604], [-121.12575500044187, 44.98742499997581], [-121.12690899961206, 44.98441600000377], [-121.12883799963235, 44.98680200027985], [-121.13787600001154, 44.98693199996263], [-121.13908100013366, 44.984442000283686], [-121.14573900040583, 44.984753000102764], [-121.15450999992302, 44.97791800017246], [-121.16676399956205, 44.97614199972114], [-121.16100900018652, 44.97117400031226], [-121.16556799966078, 44.96696199970754], [-121.17528200025757, 44.96620199984922], [-121.18071899961578, 44.96226000023096], [-121.18219800027259, 44.9643769998597], [-121.18514200044423, 44.96187699980878], [-121.19355999978397, 44.961337000064354], [-121.18851199968987, 44.958522000254696], [-121.19595599978452, 44.9496940001886], [-121.19135999960203, 44.94705099981299], [-121.19065599979531, 44.941637999820465], [-121.19674099978208, 44.939009000055925], [-121.19737000014402, 44.934540000082904], [-121.20065999992202, 44.93218700021922], [-121.19903499967535, 44.92658499980602], [-121.20717000005618, 44.92933199983243], [-121.20922799994793, 44.92560599978764], [-121.21228500009744, 44.92633699986756], [-121.22206599974308, 44.92205999973965], [-121.2276009999089, 44.924206999953824], [-121.2354860000445, 44.92311299991506], [-121.23803799968064, 44.92715300006226], [-121.23258899972853, 44.929679000088065], [-121.23076099999058, 44.93437799983315], [-121.24334799971555, 44.93654399971839], [-121.24714800002982, 44.93958300028227], [-121.24009399992255, 44.941804000066334], [-121.23844600010965, 44.94470999993473], [-121.23289699970013, 44.94265100028362], [-121.22700699970704, 44.94598100030857], [-121.21668100026336, 44.94659299980455], [-121.21913099979228, 44.94898399998681], [-121.21542599991254, 44.949500000174524], [-121.21191100000362, 44.95366700002449], [-121.21281400000196, 44.95927799996925], [-121.21790200027904, 44.96055700021831], [-121.21429699995844, 44.963711999884524], [-121.2128519996368, 44.97271900014793], [-121.22011699963127, 44.98569300003741], [-121.21835199964252, 44.99453499988564], [-121.22442900013165, 44.99787200021918], [-121.24382200026682, 44.99597899969206], [-121.26153800027672, 44.99938499969195], [-121.26869399959298, 44.99575400026325], [-121.288055999766, 45.0055910002298], [-121.30143000003666, 45.00767399968645], [-121.3106120003559, 45.011995000277], [-121.32115100023488, 45.005226999980955], [-121.33339200035346, 45.00120299994096], [-121.33803100019364, 44.9954160001526], [-121.34051400023282, 44.99760600024159], [-121.36397899977051, 44.9741339998577], [-121.36446800039036, 44.98409499999978], [-121.35992999993421, 44.9887370000118], [-121.36698999988928, 45.0010319997842], [-121.37562800023538, 44.999062999839865], [-121.3726940001095, 44.99739599998885], [-121.37381899986568, 44.9941489998857], [-121.38402899985671, 44.99443300030957], [-121.39250300017127, 44.98942500011443], [-121.39650799962664, 44.98318299970564], [-121.40852399961433, 44.98119799992531], [-121.41081400020795, 44.97683200018107], [-121.41929500019522, 44.980403000313345], [-121.4275739996178, 44.97850299970813], [-121.44425699993307, 44.98279600002032], [-121.4575430003402, 44.99136300013091], [-121.46368100003038, 45.00186199970155], [-121.46838099996994, 45.00394500009711], [-121.47962399965564, 44.997381000213615], [-121.47926999965331, 44.990765000015166], [-121.4841350003476, 44.99230999993291], [-121.4844709999083, 44.989932000121335], [-121.46550100027075, 44.96326199980071], [-121.4569950001691, 44.94360299983702], [-121.47762900041143, 44.94175299981208], [-121.47957500015015, 44.929467000168174], [-121.48924100016804, 44.92944399971884], [-121.49614899978717, 44.924540999966815], [-121.49401999975031, 44.91912599992609], [-121.49731299990138, 44.915097999790646], [-121.49604800040314, 44.913778000122], [-121.52389599968798, 44.90326100013849], [-121.54750099986605, 44.89016699974796], [-121.54853000026107, 44.88682899973928], [-121.5441800001259, 44.88606499972947], [-121.54774000024067, 44.8858500002389], [-121.54909900034856, 44.88111999973659], [-121.5566709995914, 44.87610500005915], [-121.55471800017996, 44.874330000237066], [-121.51500799999494, 44.871574999788656], [-121.50879300031185, 44.86730900021635], [-121.48728799985828, 44.86289600022251], [-121.47412000035027, 44.86344899977025], [-121.45114199998599, 44.85221699968889], [-121.44450899982817, 44.85164100014582], [-121.44721500034842, 44.84665399983379], [-121.46079399976017, 44.83771399975566], [-121.46286000004783, 44.83373300004099], [-121.4592480000545, 44.836120000065485], [-121.45499099980574, 44.83404999999604], [-121.46642600001037, 44.82652699976134], [-121.4910499996394, 44.802520000104145], [-121.47072099989397, 44.782074999717416]]]}}, {"type": "Feature", "properties": {"name": "No ZIP code assigned"}, "geometry": {"type": "Polygon", "coordinates": [[[-121.47053500012115, 44.78205800022844], [-121.44725299998323, 44.78690599985408], [-121.43197800017967, 44.78549800029648], [-121.43377900015344, 44.78009399984439], [-121.44696000008027, 44.76979400020001], [-121.44092500032227, 44.75249400008056], [-121.37792600032662, 44.689601000299334], [-121.35485099987797, 44.66361400021786], [-121.35930599959514, 44.66375799990533], [-121.37096299955759, 44.65689999970726], [-121.38082100009444, 44.65936500029128], [-121.38146999964954, 44.651032000157784], [-121.38548300039915, 44.65111699979203], [-121.38361399975499, 44.646757999768], [-121.40441100020391, 44.65096799999759], [-121.41490700042522, 44.65813900005927], [-121.42429300006062, 44.65488500023543], [-121.42938600036057, 44.65137900010627], [-121.41866500000836, 44.64428199998555], [-121.41736500035, 44.63357500012285], [-121.41336099982124, 44.62918899987978], [-121.39289399998351, 44.62973900005049], [-121.38205399980563, 44.62092800030677], [-121.35472700002938, 44.61661500025062], [-121.34332899963468, 44.61208599979431], [-121.34067900008925, 44.612345000030814], [-121.33643000023639, 44.61803400019813], [-121.32555300024862, 44.618143999791684], [-121.32524100007907, 44.624559000220465], [-121.32254999962746, 44.627252999911235], [-121.27670099992733, 44.607195000092055], [-121.27758999968194, 44.601529000133006], [-121.28472300033026, 44.60025700031365], [-121.29160699965993, 44.59270100010228], [-121.31925499982655, 44.584199000184746], [-121.3415190003384, 44.58840299984677], [-121.36806699996488, 44.586296000114885], [-121.37615899978971, 44.590562000266246], [-121.39324299996298, 44.59384100006746], [-121.42375199956223, 44.59480799985993], [-121.42947599987394, 44.59385099972694], [-121.43195600043838, 44.58570300013363], [-121.4367319996476, 44.58501200028554], [-121.44004400006524, 44.589787000088904], [-121.44700600011103, 44.593429999908814], [-121.45641600003587, 44.6095979998188], [-121.46345199970152, 44.616026999994304], [-121.47407099994645, 44.61963600004052], [-121.4873799999198, 44.62977500009846], [-121.50211300029837, 44.63586100017768], [-121.50659399995483, 44.64184800003836], [-121.5152309995777, 44.6451430001749], [-121.51722599972024, 44.65110199975281], [-121.52465899994422, 44.652837000284705], [-121.5236089996328, 44.657005000265606], [-121.53320100003084, 44.6604819998293], [-121.53732600003512, 44.665521999792], [-121.54375499997846, 44.6668960000753], [-121.5462139997282, 44.67109600031164], [-121.55625499966479, 44.67536899973777], [-121.5743830003017, 44.67149199970482], [-121.58757900029713, 44.6609159999942], [-121.59593200023787, 44.660640999760346], [-121.60301599958409, 44.65287799992291], [-121.61356100020917, 44.64935599987262], [-121.6150059996325, 44.64475599998951], [-121.62941299959783, 44.642390999715055], [-121.64657700013706, 44.653326000144034], [-121.64506200039352, 44.649814000070215], [-121.64726199967716, 44.648350999696575], [-121.64426499980208, 44.64733100026571], [-121.64262399966191, 44.64279499988159], [-121.63528300039773, 44.63982600008974], [-121.63483800015881, 44.63072299993148], [-121.63234300042407, 44.62865699997966], [-121.63325899994288, 44.625739999995204], [-121.64551599995498, 44.62349700011867], [-121.6425960000728, 44.61970599979289], [-121.64369700043785, 44.6135429999459], [-121.64140099999642, 44.606924999694876], [-121.63242799991455, 44.60152700008176], [-121.63102799979877, 44.59445300010927], [-121.63207300008735, 44.58952799971104], [-121.63777999978228, 44.58296800018037], [-121.64527599975544, 44.579469000134566], [-121.63104799989027, 44.57575499970449], [-121.63630600004666, 44.57371600013972], [-121.64107999960605, 44.56817800024478], [-121.65502100031439, 44.57243399996959], [-121.67569400001642, 44.59005700016802], [-121.68141199958202, 44.60018799987258], [-121.68030600009241, 44.60898900006329], [-121.68341699977033, 44.617973000269785], [-121.69485000032513, 44.62865500022321], [-121.70697500009273, 44.634456000082515], [-121.71247900029641, 44.640964000173916], [-121.76863400024706, 44.6389559997461], [-121.77753500035887, 44.64080199969575], [-121.77753100016092, 44.64576600029326], [-121.77131499975461, 44.65206800023521], [-121.75382100040085, 44.661546000306366], [-121.73323900003709, 44.65802300015429], [-121.73930599958214, 44.668056000265864], [-121.74454799984503, 44.66948099999626], [-121.7382949996288, 44.66872700022265], [-121.72190500011479, 44.67694100029797], [-121.71140300004573, 44.674801000202635], [-121.70113199995535, 44.67909300017547], [-121.69133200004313, 44.67894900025914], [-121.68545799994361, 44.68306499980552], [-121.67189399970215, 44.68403699972915], [-121.66229299998157, 44.69178999991034], [-121.66047799976407, 44.70532200025967], [-121.60850499971916, 44.7134720002554], [-121.63899699959995, 44.71788099977035], [-121.64100900035926, 44.72519100002538], [-121.64693600016224, 44.72986099974295], [-121.65983099985881, 44.729292999768575], [-121.6702149999271, 44.73196100020462], [-121.68918999958751, 44.72568099969038], [-121.69635400019799, 44.72841800012356], [-121.69797400042181, 44.72539800010621], [-121.71104999986831, 44.71869199979434], [-121.7221439995911, 44.71596699970129], [-121.72518999986995, 44.721230999882486], [-121.72937900034668, 44.72334200012802], [-121.70943499966738, 44.72992899976603], [-121.70208900038034, 44.7393340000914], [-121.6950899996263, 44.742215999912105], [-121.66790099994232, 44.742477999906754], [-121.65521600030806, 44.745893999873346], [-121.65797700018157, 44.75018399986387], [-121.66475099990639, 44.75114600027674], [-121.6680750000196, 44.754728999838285], [-121.68224900035642, 44.75589700026842], [-121.6862680000555, 44.75965699978191], [-121.68887800031631, 44.757326000153505], [-121.6992289998743, 44.758467999903544], [-121.6958200002706, 44.76380899995554], [-121.67433599973343, 44.76276399980285], [-121.6663359999701, 44.759898000160135], [-121.66853899962679, 44.75920100001341], [-121.66361600010445, 44.7548460002927], [-121.64508099976177, 44.752352000207544], [-121.6363300003361, 44.748612999961594], [-121.63180899959838, 44.75308199985758], [-121.61288199961852, 44.7553479997881], [-121.58728100037129, 44.76546300019129], [-121.57695099983138, 44.76270999985873], [-121.56404400043925, 44.76513000019455], [-121.5253600002762, 44.76020099997939], [-121.51655700007363, 44.76080699995369], [-121.49761400020027, 44.76754699982308], [-121.48311000015056, 44.765879999767016], [-121.46634300016969, 44.7778949998084], [-121.47053500012115, 44.78205800022844]]]}}, {"type": "Feature", "properties": {"name": "No ZIP code assigned"}, "geometry": {"type": "Polygon", "coordinates": [[[-122.44558400031437, 44.34699200012254], [-122.44388399972462, 44.350531000265235], [-122.45019499966713, 44.35414300021084], [-122.45099200025858, 44.3603169998753], [-122.45465899960514, 44.36491299997651], [-122.45294499967002, 44.36720100027013], [-122.44982800014434, 44.36554800004885], [-122.44347700001883, 44.36790399975666], [-122.43559799973102, 44.365656999833305], [-122.43847900015344, 44.376328999909134], [-122.43287200001758, 44.38351700020051], [-122.41867799958925, 44.380411999813084], [-122.40159599996414, 44.3807099996845], [-122.39097500006939, 44.37546400016283], [-122.38604300032624, 44.38295899977097], [-122.37626699980518, 44.38551300014309], [-122.37202399980012, 44.38424700001727], [-122.37237100012975, 44.387226000229916], [-122.36796499991803, 44.38771400025297], [-122.36090599978789, 44.384786000076495], [-122.35689200011167, 44.379176000248734], [-122.35975000006957, 44.37590900015843], [-122.35814999993724, 44.37249800031565], [-122.35188500002543, 44.3693979997692], [-122.35198200010981, 44.36485000012697], [-122.345609000243, 44.3604630000976], [-122.34096299983183, 44.360925000119465], [-122.32759699995707, 44.354935000311976], [-122.3280589999144, 44.357157999917106], [-122.33448100018506, 44.35972699981983], [-122.33296100041866, 44.36178199970068], [-122.32650399998793, 44.362963999904835], [-122.32216700027153, 44.36047899995907], [-122.31655500011283, 44.36413099980779], [-122.3107589998311, 44.364090000140806], [-122.30678500033785, 44.36152300010138], [-122.30980099958119, 44.36170200020204], [-122.31407600027163, 44.35729699998548], [-122.3003470001737, 44.353214000119856], [-122.29610300034373, 44.34995199990954], [-122.29667499990593, 44.347929999833994], [-122.272227000004, 44.34701800009082], [-122.26864900034587, 44.330607000110206], [-122.26479100030527, 44.33396399972378], [-122.26682999993042, 44.336286999934494], [-122.26245200020612, 44.33491800012278], [-122.26009499966536, 44.33277099997919], [-122.25967899973874, 44.324283999857656], [-122.2482979999608, 44.32051600007465], [-122.24703000008948, 44.32271099992414], [-122.2413560000065, 44.32283100023911], [-122.23332500028103, 44.32704899975936], [-122.22717400017206, 44.32683899968721], [-122.23136600012349, 44.33122400006263], [-122.21948999987791, 44.3382389998461], [-122.22992499999984, 44.33852100026819], [-122.23236000035841, 44.3431849999171], [-122.22860699989981, 44.346444999821564], [-122.23544799957179, 44.34609099995376], [-122.23337399978651, 44.34992499978667], [-122.22660099988661, 44.35083599975115], [-122.22734499987628, 44.35273000017695], [-122.22250799966938, 44.35279099996787], [-122.22136600019476, 44.35361999987697], [-122.22798299956075, 44.35397499998117], [-122.22771599959704, 44.35688100012837], [-122.23321800015088, 44.35755699968101], [-122.21718599993888, 44.36468400024999], [-122.21871999994896, 44.37339299976146], [-122.2040219997305, 44.373461999956554], [-122.2002830004139, 44.37541100003611], [-122.19274600043283, 44.3891090000134], [-122.18243500015947, 44.387687000198845], [-122.17633299955601, 44.39120399985326], [-122.17351399995617, 44.38905799968961], [-122.16712900039379, 44.39055699985185], [-122.1666599998654, 44.387899000265044], [-122.15637700007944, 44.38692999986481], [-122.16884199960572, 44.37571700009459], [-122.139771999582, 44.37473399998861], [-122.13662200044438, 44.37751900017947], [-122.14132800023171, 44.37885099999698], [-122.14071999978614, 44.381938000042126], [-122.14737999970815, 44.3883200001883], [-122.14326200027486, 44.394094000265106], [-122.14970499956358, 44.39325100014408], [-122.15336000011291, 44.39466699992072], [-122.14130099956921, 44.39576600023647], [-122.13501200026629, 44.39913100007128], [-122.12400300003401, 44.3986019997129], [-122.12265599962167, 44.39638699990489], [-122.10834200044107, 44.393612999988754], [-122.08806700022399, 44.401623999929804], [-122.08020100035495, 44.40898299983295], [-122.06920899984111, 44.40570000015468], [-122.05907400019316, 44.408870999779204], [-122.05736799975561, 44.4127409999876], [-122.05919899986662, 44.41385799973656], [-122.05480000022595, 44.41818599981361], [-122.05796299978238, 44.41829200019643], [-122.04709199964235, 44.425684999984], [-122.03592900032261, 44.42489899989391], [-122.03205899968812, 44.42102999996927], [-122.02862599979497, 44.428648000120866], [-122.01612600010861, 44.42686299972934], [-122.01245499966576, 44.4248530002045], [-122.01134199960516, 44.41522000030385], [-122.00258299978354, 44.42079599971761], [-122.0005390001355, 44.42188599991309], [-121.99889299997244, 44.42255800016539], [-122.00385099965484, 44.41780100020245], [-122.00301899980165, 44.393726999859254], [-122.01034200042076, 44.40055299974297], [-122.02537200000197, 44.40138400007323], [-122.02876300006233, 44.404419999998105], [-122.02874999964354, 44.409015999796395], [-122.04326200008917, 44.412504999799864], [-122.03143900044533, 44.4045590002155], [-122.02711100005146, 44.3989059999137], [-122.02009999960185, 44.39618199993886], [-122.01443700028783, 44.379506999905374], [-122.02337000018672, 44.37264500014387], [-122.02577399968487, 44.36319399987767], [-122.02417199990272, 44.35811900015984], [-122.02858800016013, 44.34866000002425], [-122.02719800009011, 44.34401200024172], [-122.03397099998999, 44.33753299986326], [-122.03891299977887, 44.324413999808264], [-122.03744700043919, 44.31097300006144], [-122.04297599985888, 44.30108200002621], [-122.04325399969325, 44.29307100003283], [-122.04696299977094, 44.28496299981483], [-122.03453199968156, 44.29121699970114], [-122.04214300018077, 44.28388800000689], [-122.04620600026078, 44.27354499978982], [-122.04014800003823, 44.26010100016488], [-122.03870199989169, 44.26451500010684], [-122.03336500009257, 44.266108000149615], [-122.03078900016699, 44.26962500016125], [-122.01989899976041, 44.27297299979488], [-122.01570599998405, 44.277560000180976], [-122.00898900016064, 44.27830499991576], [-122.01884400032444, 44.28650499974943], [-122.01943099995525, 44.28981800022638], [-122.00550699986368, 44.29770899969887], [-122.0004889999068, 44.29736799984588], [-121.99632299989464, 44.30306799975636], [-121.99943299974761, 44.30641899997662], [-121.9937779999312, 44.31068599989399], [-121.9803800002694, 44.31016799988046], [-121.97484299955542, 44.30479900017482], [-121.96874199967519, 44.30282600031488], [-121.96294200009382, 44.29750100025977], [-121.9697560000016, 44.29331600001244], [-121.97635300017437, 44.2960660000192], [-121.98064499968494, 44.295256999953004], [-121.9887290000122, 44.28672699967963], [-121.98646699990594, 44.28334100024749], [-121.98720000002497, 44.275804999747905], [-121.97598699957818, 44.270569000261744], [-121.9642379995542, 44.272343000214896], [-121.96232299977758, 44.26969499989734], [-121.96379900006137, 44.26493100028552], [-121.96903200010341, 44.26276499988129], [-121.96561900030171, 44.26118099968017], [-121.96665000034656, 44.25720199985475], [-121.96052699982668, 44.25893100017703], [-121.96017100017453, 44.25511500010937], [-121.96840100009163, 44.237387000169484], [-121.97011900022473, 44.22580899968178], [-121.9626600000615, 44.2139679997393], [-121.97093400035952, 44.21295100012126], [-121.97150900029477, 44.2108070002446], [-121.96725799989379, 44.20684199975666], [-121.97279999973232, 44.202462999957675], [-121.96616599974958, 44.20156100020331], [-121.96654499986626, 44.19821899993034], [-121.95815199974254, 44.19723299984291], [-121.94808300021684, 44.197456000251634], [-121.9380899999608, 44.2018470001284], [-121.92199400017466, 44.19959300005136], [-121.92504700012623, 44.19388699974512], [-121.92459000019176, 44.189222999756474], [-121.91566800016352, 44.186149000084555], [-121.92512499994406, 44.18137699974091], [-121.92970100003505, 44.185052999784794], [-121.94045400017428, 44.18362800021728], [-121.9518170004089, 44.185714000266834], [-121.95501699977521, 44.176821000244345], [-121.96340599970098, 44.180057999936714], [-121.96615599970386, 44.18576399991308], [-121.98430799973187, 44.18674700010138], [-121.99285499984138, 44.191791999699944], [-121.99492899962662, 44.20353300002117], [-121.99127300015073, 44.20973499969099], [-121.99925600019562, 44.21007300008685], [-122.00313199977955, 44.21395999978995], [-122.02412000002417, 44.21511799998492], [-122.0139769999803, 44.21994599976674], [-122.01375900042041, 44.22220299999256], [-122.01952899986455, 44.22687000002668], [-122.02699899989845, 44.22725599974273], [-122.02760200032114, 44.23010199996658], [-122.04315499995906, 44.22539699971882], [-122.0525499998153, 44.21553100030341], [-122.05780799997167, 44.21630000013142], [-122.06052399963934, 44.22786399969848], [-122.06237200036709, 44.227978999792704], [-122.06081599971739, 44.23748999972247], [-122.06228399960524, 44.24597499998197], [-122.05873400043454, 44.25384400005376], [-122.15235400018241, 44.25383499985316], [-122.15545099961659, 44.25079399977501], [-122.14545900008378, 44.244744000041166], [-122.15448400004418, 44.24129299985139], [-122.15265200010825, 44.23808199973056], [-122.15861400007134, 44.23843499978388], [-122.16005000017213, 44.235288999906146], [-122.16459799977572, 44.236182999796675], [-122.16930399956304, 44.229194000075196], [-122.1912299999661, 44.23443300018844], [-122.20861700008807, 44.234492999837556], [-122.19281099983186, 44.249123999782284], [-122.18783700025593, 44.252303999873654], [-122.18431899997393, 44.25099600030694], [-122.18142300038122, 44.25384800021399], [-122.27522100040431, 44.25268200022452], [-122.2744799998894, 44.2397459997196], [-122.2777599996217, 44.233540999905905], [-122.27750500025185, 44.23294500026095], [-122.27433199975138, 44.23239800010988], [-122.27305499965924, 44.23132799985903], [-122.27235800042357, 44.23000700005702], [-122.27301799984932, 44.22698999987934], [-122.26896999983792, 44.224839999725006], [-122.26966799979684, 44.22445499999474], [-122.27345999971519, 44.227292000067514], [-122.2744029998965, 44.232061000018064], [-122.27763900014615, 44.23263099981092], [-122.2831259997331, 44.234911999973], [-122.294630000433, 44.241525000284106], [-122.3007899998645, 44.2429089998798], [-122.30316599977354, 44.24545299988243], [-122.30648300021407, 44.2454900000371], [-122.30080199956005, 44.24026000002359], [-122.30555000007851, 44.24277900027843], [-122.31214200022843, 44.23946099989594], [-122.31027400030752, 44.24438000007499], [-122.32168500022269, 44.24706800018913], [-122.31491099959956, 44.2525099999746], [-122.32715000006831, 44.252841000034266], [-122.33244599985954, 44.24338199982702], [-122.33067199964994, 44.23985099988246], [-122.32574400010475, 44.23757900013455], [-122.32870199962174, 44.234868000120485], [-122.32731300027494, 44.23118899996882], [-122.33782299984162, 44.2263239997647], [-122.34025999985, 44.22163700005853], [-122.35262300016733, 44.22074200022608], [-122.3580689997464, 44.21332599986494], [-122.36719699963892, 44.209380000086306], [-122.38384499979408, 44.21055299976181], [-122.3845610001947, 44.217062999767386], [-122.40478100016018, 44.216937999680674], [-122.40474799964993, 44.22057999987902], [-122.42508899998924, 44.22065699994459], [-122.42711000007105, 44.21793999971805], [-122.42348499965897, 44.213685999741784], [-122.42536199980071, 44.20872399975027], [-122.43661600025538, 44.19832000004033], [-122.4475500001446, 44.19527799981793], [-122.45447600020536, 44.18912600020874], [-122.47916900032969, 44.18701599992851], [-122.50069499980134, 44.1796200000696], [-122.5087819996033, 44.169516000031365], [-122.51386499985752, 44.169610000208074], [-122.52028899977796, 44.16108200008497], [-122.53515900042387, 44.156938999849814], [-122.53464700023781, 44.151691000136005], [-122.53683700037404, 44.15002100026254], [-122.53533500015098, 44.14926099983537], [-122.53723200038424, 44.14961100012821], [-122.53977099960159, 44.15581100011463], [-122.53738999966967, 44.16199599993904], [-122.54093200024109, 44.16597599967985], [-122.551247999639, 44.17218399975935], [-122.56056200020271, 44.17448900001604], [-122.56951500019306, 44.181314999785386], [-122.57026099983257, 44.17568000028936], [-122.57664799994309, 44.17563400014441], [-122.57970099989465, 44.18205999991271], [-122.58874599994652, 44.180205999927054], [-122.59262499990352, 44.18537599989677], [-122.59142999982717, 44.18709000025477], [-122.59896500015837, 44.188705999793754], [-122.5959530002147, 44.183906999831066], [-122.59765299990615, 44.175499999825746], [-122.60660900026956, 44.17940700030417], [-122.60988800017694, 44.18344599996313], [-122.61738599979994, 44.17843500000933], [-122.61127800024695, 44.17084599983742], [-122.62257500035933, 44.170476999716946], [-122.61746199996792, 44.16185099981507], [-122.62564800040238, 44.166173000287834], [-122.63723599986959, 44.16497800029156], [-122.64558600033558, 44.1668989997137], [-122.64550599996966, 44.14289900028029], [-122.64087399980214, 44.14287700015307], [-122.64813799997172, 44.132634999830145], [-122.65794499955662, 44.13731300030739], [-122.63995499991029, 44.12013499975128], [-122.65620100038258, 44.11200200016446], [-122.66227700014846, 44.11156499976588], [-122.67007799972016, 44.11375599976372], [-122.68788699961652, 44.12983400004962], [-122.69275899998352, 44.139850000244216], [-122.70014600017676, 44.14409199982507], [-122.71036799986334, 44.15724600010656], [-122.71649899988081, 44.15496399991071], [-122.71653300021603, 44.15015699986982], [-122.7275209996336, 44.15015299975314], [-122.72613200028675, 44.147821000312696], [-122.7381030000686, 44.14507199975684], [-122.73276299989645, 44.138694000292624], [-122.73743100004894, 44.13846300014604], [-122.73759099988251, 44.1408640002332], [-122.7425469999151, 44.14312599988358], [-122.7488660002536, 44.141544999914245], [-122.75061600017372, 44.144973999980074], [-122.7633200000746, 44.14669499986257], [-122.76445999989936, 44.15081200017234], [-122.7516339997998, 44.1525719998753], [-122.75280799995977, 44.15891999999506], [-122.77757499970396, 44.168878999828756], [-122.76658300008845, 44.16814299982265], [-122.75747299973925, 44.170874999850305], [-122.73653399989843, 44.16727800027882], [-122.74756700042013, 44.1756880002829], [-122.74783000018586, 44.18389499990255], [-122.75546699972602, 44.18558300020668], [-122.75982899955679, 44.19100400005259], [-122.79708199964193, 44.1914570002864], [-122.7933409997772, 44.19385199986109], [-122.7865260000445, 44.1919979997359], [-122.78530099983091, 44.193190999822825], [-122.78914700017593, 44.1953089998678], [-122.78652799969431, 44.19492699969455], [-122.7832389997412, 44.199664000219144], [-122.76648600000406, 44.20167200031207], [-122.76896400002035, 44.20345700019437], [-122.76606900025253, 44.20654299974694], [-122.75617800010373, 44.210722999754935], [-122.75604400020943, 44.21863499974018], [-122.76392599997199, 44.22245800021056], [-122.76793399980043, 44.22058399972607], [-122.7705709998254, 44.22456399998161], [-122.75934200038338, 44.22803599991848], [-122.75119199993392, 44.22755199982808], [-122.75166499976193, 44.23640200007454], [-122.74320899988902, 44.23709200015222], [-122.7384400003525, 44.24013500027901], [-122.73271100001791, 44.23727500027602], [-122.72713900004217, 44.24046400026178], [-122.71421099983533, 44.24126599991913], [-122.7093229995748, 44.234981999846156], [-122.70697500015315, 44.23882900002975], [-122.69479900033191, 44.24296999996005], [-122.72065099964931, 44.25758599978589], [-122.73884200003542, 44.258840000310116], [-122.76063500036906, 44.25447199999779], [-122.76845600003223, 44.261875000178435], [-122.77077199966682, 44.270491000295245], [-122.76379799992547, 44.27693599974342], [-122.75738800024871, 44.276929000121484], [-122.75522599970161, 44.27473199993129], [-122.75593899972914, 44.278327999785745], [-122.76080900044632, 44.281650000114425], [-122.77815499966209, 44.280129999811905], [-122.7843660000455, 44.2811240000412], [-122.78489300030022, 44.28336900017662], [-122.77534399955987, 44.284108000165716], [-122.76273500009358, 44.290537000217824], [-122.7498339996509, 44.28472999968258], [-122.73112099993132, 44.28823000013134], [-122.72569700009359, 44.2866679999017], [-122.7249370002104, 44.28316200013253], [-122.72027400008075, 44.2814289997012], [-122.70545299983864, 44.27821800024219], [-122.69940399983693, 44.27996700016926], [-122.68935299985455, 44.27394799996627], [-122.66647800032075, 44.27278000002137], [-122.66615699993038, 44.277674000138695], [-122.66030200009743, 44.2760490002095], [-122.64403399988385, 44.28032000031203], [-122.64412599994536, 44.28537200005601], [-122.64876999980841, 44.28378800007157], [-122.65222299979305, 44.29201500023653], [-122.64525300024964, 44.29507000028953], [-122.63920300042302, 44.2922300001897], [-122.64304100037214, 44.30614099994793], [-122.64714000043718, 44.302739000311725], [-122.6465729999995, 44.307302000205844], [-122.65256299955168, 44.308507000071586], [-122.65511199971307, 44.31238700008712], [-122.66875399977236, 44.31922399998062], [-122.66116300026293, 44.333705999709835], [-122.65121699986258, 44.33762699978729], [-122.65042600001723, 44.34394199977517], [-122.64551199981743, 44.34909900019953], [-122.64441300000051, 44.359662000163375], [-122.63680900007232, 44.35922200009893], [-122.63642099973481, 44.35504600009865], [-122.63050999982534, 44.356901999944874], [-122.62935599975685, 44.359685000277324], [-122.61453500041304, 44.355638999980016], [-122.60657699958419, 44.361062000280555], [-122.61256399966163, 44.368294000185834], [-122.61737999995213, 44.36998099995035], [-122.60948599959569, 44.371645999823585], [-122.60542099986587, 44.371317000291995], [-122.60555200028546, 44.368589999733246], [-122.60190699978185, 44.36765000023791], [-122.58688300004847, 44.36778499970968], [-122.57371999966499, 44.36396499981996], [-122.53789799965776, 44.367840000047444], [-122.51773700014182, 44.36077099987469], [-122.5158630003731, 44.35676499969103], [-122.49926899974629, 44.353270000120716], [-122.49189999999473, 44.35898099976371], [-122.48027800019236, 44.3572140000028], [-122.48094799966385, 44.36003800025096], [-122.48410600009574, 44.36088400013554], [-122.48207099977022, 44.36149900009293], [-122.46763100019292, 44.35992600028589], [-122.4648920000607, 44.36507199981537], [-122.45883399983816, 44.36116200024743], [-122.4615410001833, 44.35615399975991], [-122.46023200030413, 44.350436999832], [-122.45663799985415, 44.349925999957975], [-122.45519900027863, 44.34717400030062], [-122.45019499966713, 44.34890899999314], [-122.44558400031437, 44.34699200012254]]]}}, {"type": "Feature", "properties": {"name": "No ZIP code assigned"}, "geometry": {"type": "Polygon", "coordinates": [[[-122.75518700024188, 42.17897700031255], [-122.74772100040593, 42.17524700013116], [-122.74353799977699, 42.171496999739254], [-122.74488799966407, 42.17079400008883], [-122.731752999768, 42.17063200008642], [-122.73187599979164, 42.17777099999046], [-122.7072529999875, 42.17817699999537], [-122.70398999997367, 42.17079300008186], [-122.69859600027314, 42.17082100027082], [-122.69884800016821, 42.15693200030655], [-122.67871600006627, 42.15630000010859], [-122.6783799996073, 42.148187000273296], [-122.67283600011895, 42.14371399975102], [-122.67725700039924, 42.137756000006746], [-122.66354900021774, 42.141263999684206], [-122.66391099971769, 42.136620000263214], [-122.67155499982886, 42.13737700017967], [-122.67415500004388, 42.13525899983726], [-122.67519500030957, 42.129659999736084], [-122.6659059998602, 42.121755999848354], [-122.66813500035447, 42.11798000002402], [-122.66553799961417, 42.11296499999383], [-122.65948699996262, 42.11272199970637], [-122.65997200038453, 42.10749999996272], [-122.6745349999855, 42.10510399978984], [-122.67528099962496, 42.10060599987085], [-122.67168899972314, 42.09954500015539], [-122.67155800020188, 42.096467999788196], [-122.67883999991483, 42.09828699991459], [-122.69194700022182, 42.09464499997335], [-122.6935099996459, 42.09346600030146], [-122.69013100017942, 42.09398100032161], [-122.6862659995678, 42.09217999982795], [-122.69747399999171, 42.09053599987732], [-122.70585899971951, 42.08070899970949], [-122.70068199975398, 42.08082600021996], [-122.69909099984247, 42.08671200008954], [-122.69685100037586, 42.066997999734625], [-122.69299800035813, 42.069654000019916], [-122.67945599985798, 42.06726400028569], [-122.68969099996336, 42.06608299993046], [-122.69204099993314, 42.058427999969474], [-122.68957600033563, 42.06007200015674], [-122.68347200008233, 42.05682800004774], [-122.68003699964102, 42.04964499979413], [-122.68112200011255, 42.04194199973123], [-122.67201699978621, 42.03394599991261], [-122.67467599955248, 42.02944199968344], [-122.67267499956215, 42.026744999740075], [-122.67516000014946, 42.0174469998436], [-122.65977800021578, 42.00906999996917], [-122.65840700041231, 42.00489399994351], [-122.95239599970422, 42.003450999788456], [-122.95116999966571, 42.008657999973835], [-122.93297599980487, 42.02134199967301], [-122.92997999975472, 42.02734299976554], [-122.92630099981427, 42.0280030002734], [-122.9140959996807, 42.02607499995726], [-122.90489199962016, 42.02878200010282], [-122.90327399994449, 42.025287000272186], [-122.91132700030957, 42.024969000139905], [-122.9051109999033, 42.020321999671346], [-122.90890100017182, 42.01649400028497], [-122.9017890003382, 42.01126499993616], [-122.91240600003502, 42.00525800004552], [-122.89752600024164, 42.00909599976925], [-122.8947209999872, 42.01205299985606], [-122.89694200008555, 42.01743299989111], [-122.89301700009781, 42.01860599995158], [-122.8927779997232, 42.02192899990026], [-122.88528799959781, 42.01920500017975], [-122.87781500008919, 42.021395000270786], [-122.87475000044203, 42.032796000175146], [-122.86116699993401, 42.03692899989573], [-122.86092900028264, 42.04318099998211], [-122.84621099997267, 42.05011599985478], [-122.85862299979547, 42.051202999690766], [-122.85488399958057, 42.05163200027191], [-122.85919799973074, 42.05866699977203], [-122.85405900029835, 42.058167999790626], [-122.85564500018698, 42.06168500019417], [-122.8615469998756, 42.06515499983872], [-122.86705299972911, 42.06530599988581], [-122.86121399978965, 42.07227700031343], [-122.863475000071, 42.077831000194585], [-122.8698339996941, 42.08096900025457], [-122.87184100043054, 42.08860200008417], [-122.87130699960481, 42.0945699998379], [-122.86630700008963, 42.1026029999125], [-122.86845100019508, 42.114110999849366], [-122.87506699973613, 42.114475999721726], [-122.87546900031735, 42.126593999742695], [-122.86896500003095, 42.131665000172475], [-122.87160700007878, 42.1351969998628], [-122.87019400044252, 42.13892299987329], [-122.87290599991225, 42.139444000004104], [-122.8699750001594, 42.144181000004984], [-122.87534299992066, 42.14831300009214], [-122.86899299962006, 42.14421299969234], [-122.86688700004775, 42.13965399992127], [-122.84850900006391, 42.141725999691296], [-122.84611300006337, 42.1382109999737], [-122.83380499999765, 42.13366400019872], [-122.82703299992266, 42.13216700032142], [-122.82209199995867, 42.134362999679674], [-122.82362400031897, 42.13154800018184], [-122.82166799963616, 42.12946399990535], [-122.81164900033914, 42.131736999854304], [-122.81698399959012, 42.13173899977028], [-122.80179400017538, 42.1397489999722], [-122.79972899971263, 42.129971000106], [-122.80234399999628, 42.12450800024096], [-122.7981150002349, 42.12306599976367], [-122.80068799978746, 42.114383000211234], [-122.78698499962883, 42.10633199997871], [-122.78066399964052, 42.09645499976258], [-122.77406800019097, 42.09664499997428], [-122.77560899987373, 42.09275699986026], [-122.78445300008417, 42.08892400026672], [-122.78852299983686, 42.0787360000721], [-122.78242500032965, 42.074883999892705], [-122.76509000008623, 42.07614799989683], [-122.76701300025873, 42.07764299992419], [-122.76524599972181, 42.0784650002631], [-122.75777800023606, 42.07772700002871], [-122.75990800009782, 42.071027000054464], [-122.76397000035293, 42.07046400004665], [-122.76413600003428, 42.06811900008121], [-122.75786000025182, 42.069753999668634], [-122.75447500003924, 42.07291399984585], [-122.75642199960288, 42.12936299977619], [-122.75518700024188, 42.17897700031255]]]}}, {"type": "Feature", "properties": {"name": "No ZIP code assigned"}, "geometry": {"type": "Polygon", "coordinates": [[[-122.55927199969177, 42.00726800010679], [-122.57006500001398, 42.01823999998655], [-122.5765779996229, 42.016332999901145], [-122.57795699982226, 42.02073000003379], [-122.56772099989199, 42.02589999971748], [-122.57036600031287, 42.02956300019778], [-122.5679540004188, 42.03294299970242], [-122.57018300001475, 42.0323489997418], [-122.5689829999155, 42.03554900016667], [-122.57170399960604, 42.03706299968795], [-122.56736199986678, 42.03603499997659], [-122.56828499995662, 42.038161999889255], [-122.56039399997321, 42.03982400024068], [-122.55878200014534, 42.04290499969979], [-122.54989799975193, 42.04288599989001], [-122.54273099966672, 42.03933499980812], [-122.51969399975123, 42.04323899981647], [-122.51457799988503, 42.03943499983704], [-122.5139119997132, 42.03572500000263], [-122.50858199958678, 42.03494800015765], [-122.5000289996295, 42.026514999823746], [-122.48409600005, 42.01733899984432], [-122.47989300022788, 42.018893999810714], [-122.47145599972323, 42.0134450002645], [-122.47376700023325, 42.01821500033331], [-122.47323699960555, 42.0200220003257], [-122.46744399969684, 42.01578600013303], [-122.46394499968144, 42.016906000248454], [-122.46713200042564, 42.01901399997879], [-122.46229299967057, 42.01792999998775], [-122.45848499985871, 42.01393699975631], [-122.45665399974769, 42.01533399993721], [-122.4594980003602, 42.017651999986725], [-122.45595499996386, 42.01721800009066], [-122.45007400019162, 42.00845400010952], [-122.44723999962487, 42.01346400019884], [-122.44423299970407, 42.012562999804636], [-122.44347500036899, 42.01572100010772], [-122.4358799997633, 42.02002799996609], [-122.43623499959057, 42.02572000018852], [-122.42571499997814, 42.02611099970281], [-122.42433599977872, 42.030743000202584], [-122.42190600034134, 42.03115600013376], [-122.44882399986366, 42.05899000023307], [-122.45583000029039, 42.060459000091164], [-122.45755099989822, 42.06343699998013], [-122.46689100040122, 42.06436099975887], [-122.46424599998034, 42.0670760000568], [-122.4688839999956, 42.06971299995841], [-122.47534200025123, 42.067814000106544], [-122.47951800030917, 42.07666600030467], [-122.47925200017038, 42.08157000024756], [-122.47001899979753, 42.078409000190256], [-122.47139499962387, 42.07568699996211], [-122.46831200043337, 42.07343600015476], [-122.46256800003019, 42.07474400005281], [-122.45247799968978, 42.07944599998854], [-122.43999399989697, 42.089539000307084], [-122.43905699956342, 42.09397700010585], [-122.43293499976677, 42.09702800020735], [-122.44212799995665, 42.097008999926594], [-122.44208600012385, 42.10172000007257], [-122.4551399998291, 42.098743999702926], [-122.4566339996562, 42.10479299999158], [-122.46426100004895, 42.108686000217254], [-122.46321199956242, 42.1123099999696], [-122.45809800024442, 42.112585000178434], [-122.45392999968412, 42.10998999994596], [-122.44723100030234, 42.111673999731096], [-122.44186400036602, 42.10839800017687], [-122.42454500001611, 42.10456199967906], [-122.406505999966, 42.10490700025978], [-122.4012489996345, 42.09834400025754], [-122.39741700043149, 42.09730600022603], [-122.40162399955325, 42.09391399984112], [-122.40135499993973, 42.09045399994977], [-122.40529400017117, 42.089688999721396], [-122.40426999979903, 42.07377600033116], [-122.3998030003863, 42.07237900028633], [-122.3997139997995, 42.06783099986382], [-122.3947989997748, 42.063109000263225], [-122.40135699958954, 42.05431399967431], [-122.38911100034642, 42.03504399982332], [-122.39155000000467, 42.032011000316785], [-122.38398200006147, 42.02866700026347], [-122.37329900024243, 42.03324300013386], [-122.36145099958593, 42.03069300004175], [-122.35078899968327, 42.03618499974398], [-122.34594800017672, 42.032516000071524], [-122.33963399986115, 42.0352349999084], [-122.341398000025, 42.03227800014792], [-122.33993500016004, 42.02952399969873], [-122.35411399962139, 42.01934199981681], [-122.35517900000144, 42.02296799991428], [-122.36113299956861, 42.022280999767965], [-122.36236600017813, 42.018809000222014], [-122.4014510001992, 42.02469599977105], [-122.40345999968712, 42.02105299985444], [-122.39917700039739, 42.01371800021647], [-122.4011850000604, 42.01066700021064], [-122.39902599988635, 42.00868300004635], [-122.55927199969177, 42.00726800010679]]]}}, {"type": "Feature", "properties": {"name": "No ZIP code assigned"}, "geometry": {"type": "Polygon", "coordinates": [[[-123.13111599975296, 45.95045199998671], [-123.1063080000009, 45.949811000236465], [-123.09120999974935, 45.94485399986411], [-123.09853699966811, 45.952559000165714], [-123.07006000002133, 45.95253399976526], [-123.06991199988332, 45.938569000254304], [-123.06198400009, 45.93856500020592], [-123.05904499994126, 45.93206799978488], [-123.06798799988589, 45.92771399972671], [-123.05795100014721, 45.9289959998324], [-123.05087199992559, 45.917356999703756], [-123.04568300026448, 45.91795700008267], [-123.04765499994247, 45.920001999852865], [-123.04755899968303, 45.9204990001955], [-123.04032499965066, 45.91834699994333], [-123.04218500007399, 45.915514000166624], [-123.03910100016029, 45.91205799972124], [-123.0452349996525, 45.90750300008964], [-123.03975499973828, 45.89519499986099], [-123.0465860002628, 45.89122300003735], [-123.03380799984379, 45.88771900019009], [-123.04029799988648, 45.88192000013182], [-123.04002199970196, 45.87624200023203], [-123.0425080001142, 45.873989000285505], [-123.04090899980676, 45.87096400011048], [-123.04742999981158, 45.86890199972938], [-123.04637000035274, 45.86709700005855], [-123.03344799999368, 45.868495999885326], [-122.98825299987152, 45.86650400006932], [-122.98836099982655, 45.86157499969502], [-122.99954599978592, 45.85764999976654], [-123.0090250002061, 45.86096099985504], [-123.02872700013774, 45.86220299999535], [-123.0342370001892, 45.85486599993643], [-123.04147200004645, 45.85151899985444], [-123.05159699964867, 45.85354999978789], [-123.05157099970941, 45.844870000248264], [-123.0591019998427, 45.84138099980619], [-123.06336499993924, 45.8658020001857], [-123.06957799997248, 45.86573100015115], [-123.06977499961597, 45.894437999917606], [-123.07511200031338, 45.897632999993654], [-123.07936100016624, 45.89520600031019], [-123.1096179998704, 45.897315000311224], [-123.1065620004441, 45.9023799997451], [-123.10923899975371, 45.90457100018479], [-123.10904399976005, 45.90945099979327], [-123.11327300041975, 45.91043300004011], [-123.10924999962437, 45.91562399992746], [-123.10492499960353, 45.91567099976448], [-123.09775500004362, 45.92006299988685], [-123.10630499962784, 45.920745999837635], [-123.10601799957267, 45.93055399984705], [-123.1126039998748, 45.93082500023108], [-123.12659699956338, 45.93752899982067], [-123.12861500017044, 45.94090399971461], [-123.1236549999399, 45.94062799982494], [-123.12708700000815, 45.943210000218194], [-123.12741000004833, 45.9497210001506], [-123.13111599975296, 45.95045199998671]]]}}, {"type": "Feature", "properties": {"name": "No ZIP code assigned"}, "geometry": {"type": "Polygon", "coordinates": [[[-123.12403499988147, 45.86981900018652], [-123.11371000026276, 45.85852999987023], [-123.11331500025254, 45.85249499999283], [-123.10828399987686, 45.850829999941894], [-123.11614100042338, 45.82635299977162], [-123.11351600009398, 45.81704999977528], [-123.1176939998017, 45.810075000092205], [-123.11481099972946, 45.80372100020852], [-123.11758900021975, 45.80303399979043], [-123.11352799978955, 45.796725999743956], [-123.10187699967484, 45.792617999995144], [-123.09663299976216, 45.79647999995036], [-123.09078100030226, 45.79492699984021], [-123.08689300012443, 45.796688999790916], [-123.08718799967721, 45.798859999796434], [-123.07633699962868, 45.80037099974636], [-123.07493200038834, 45.80169700025149], [-123.07828200044082, 45.80468399992806], [-123.07391399986396, 45.80989199991071], [-123.06533199959438, 45.80924400022355], [-123.05913299980483, 45.80517200024237], [-123.05142799959427, 45.80813599989817], [-123.05118099972206, 45.77937099970041], [-123.19750699963386, 45.77992499982585], [-123.19806499985071, 45.78408300017466], [-123.19548499972716, 45.78586499980781], [-123.19745399993043, 45.78887700026264], [-123.19630700043295, 45.79495300009021], [-123.18876399970578, 45.802391999929846], [-123.1846450004476, 45.80935700002754], [-123.18607900000026, 45.81388099982223], [-123.18113700021138, 45.81873700019121], [-123.18273999981844, 45.83512099976813], [-123.17891299973998, 45.837841999956126], [-123.17436500013636, 45.84675700004349], [-123.16899800020005, 45.849614000193334], [-123.17077200040966, 45.850424000139725], [-123.16892200003207, 45.8539040000599], [-123.13448699972184, 45.84724800004409], [-123.14040400037742, 45.852531999789356], [-123.14030200027014, 45.85708100023911], [-123.14314599998434, 45.860420000171125], [-123.13836599967884, 45.863345000217556], [-123.14300700006716, 45.869335999993105], [-123.13436200004837, 45.87530199997258], [-123.1313850002648, 45.87434700019958], [-123.13073400016155, 45.87045099988787], [-123.12403499988147, 45.86981900018652]]]}}, {"type": "Feature", "properties": {"name": "No ZIP code assigned"}, "geometry": {"type": "Polygon", "coordinates": [[[-123.14600200029243, 42.920235999910446], [-123.15282399969782, 42.909134000077415], [-123.15211499986823, 42.90423199993796], [-123.14238699992606, 42.90508700012468], [-123.1480789995524, 42.906707999779954], [-123.13482700037879, 42.90878300007889], [-123.13575700014128, 42.914650000157685], [-123.12864899960732, 42.916605000209415], [-123.13402499976448, 42.90588099988963], [-123.13124999964727, 42.90082699986885], [-123.12346199959605, 42.89501399998848], [-123.10794699959297, 42.88924099995919], [-123.10162300012995, 42.89512599994467], [-123.08824499966134, 42.89919099967255], [-123.08634400012842, 42.90248300019161], [-123.07938399973246, 42.89865299979882], [-123.07853199978777, 42.90051999974862], [-123.07451700028666, 42.89850800007802], [-123.07186099999512, 42.900369999944246], [-123.07283000011567, 42.89547500007254], [-123.07741299987937, 42.89471000021021], [-123.07191100022384, 42.89401900025532], [-123.04947099998488, 42.914862000220594], [-123.01812899980918, 42.901610999691236], [-123.01961099994074, 42.903944999953744], [-123.01746900038341, 42.9049980002711], [-123.00260999960815, 42.90659699994125], [-122.99683699979097, 42.90260000008777], [-122.99787299985867, 42.899982000284055], [-122.99354700001294, 42.896536999673074], [-122.99663900032256, 42.89453000002485], [-122.99688199999682, 42.89024899972275], [-123.00019500023937, 42.89539600004873], [-123.00431299967265, 42.893938000316524], [-123.01343800009046, 42.89855000009125], [-123.00826299977474, 42.88827599972302], [-123.01037099989519, 42.89089799986539], [-123.01400499962982, 42.887299000066925], [-123.01986100018601, 42.88755499991138], [-123.02411500006171, 42.891755000116106], [-123.02811500039253, 42.89014400031034], [-123.03348800017666, 42.898210000071536], [-123.03322700006075, 42.89407700019491], [-123.03874899980778, 42.8913310002432], [-123.03261399959234, 42.88744099979303], [-123.03845099988195, 42.887456999695324], [-123.04106100014272, 42.890637999811794], [-123.03941099978168, 42.895004999706984], [-123.03985799967042, 42.89715999984725], [-123.04383299988692, 42.89078199987563], [-123.04349800015113, 42.88483599989162], [-123.04094999981463, 42.87581899999839], [-123.0351440003855, 42.87307799973181], [-123.03459899968911, 42.86966800012611], [-122.99280999969596, 42.86961399992949], [-122.99277500043416, 42.865419999674025], [-122.98779400028722, 42.8651960003263], [-122.9839420000944, 42.87206799977778], [-122.97603299966937, 42.87920499998585], [-122.97311399961208, 42.87925500000618], [-122.97119100033788, 42.88624099990043], [-122.96611999977925, 42.88797999985241], [-122.96751300022235, 42.89350499981408], [-122.95741500038433, 42.90866100022055], [-122.95307299974675, 42.9013780000919], [-122.94931699981339, 42.89976999970958], [-122.95364600003218, 42.89879099997431], [-122.9527320001632, 42.89439400019445], [-122.94901999971245, 42.89741100011497], [-122.93218199958649, 42.89840700000752], [-122.93174499974349, 42.900505000179436], [-122.93240400024267, 42.89658000001089], [-122.9252620002718, 42.89687299984647], [-122.92659000041758, 42.89321500017158], [-122.92180699973902, 42.88965599997435], [-122.92210399983996, 42.88665799995586], [-122.93627700035186, 42.87099699973185], [-122.93848800040448, 42.86382100031156], [-122.93407200014705, 42.85004099983837], [-122.93868699969778, 42.849206000168955], [-122.94283799964134, 42.84432999975358], [-122.94510700031859, 42.84775700011039], [-122.94845200034823, 42.84822899968657], [-122.94754799962666, 42.85034199990424], [-122.95261699963716, 42.848742999942175], [-122.95333300003774, 42.85485199977357], [-122.95639100001218, 42.85110999982589], [-122.96201800023951, 42.85198900026951], [-122.97055299975513, 42.84424600030004], [-122.97792400005483, 42.845646999799065], [-122.98832599966647, 42.84109500004991], [-122.99055599998566, 42.8319219996917], [-122.98770600042367, 42.828929000021894], [-122.99226099969998, 42.82891799982862], [-122.99279700017549, 42.86489500023148], [-122.99714499976254, 42.85449499972025], [-123.01037799956791, 42.84759600027424], [-123.0243600002841, 42.84451700026753], [-123.0299439999554, 42.83912499985346], [-123.0319690002352, 42.841871999803345], [-123.02889600019212, 42.84504199975586], [-123.0304639996391, 42.84673100022561], [-123.03776700016674, 42.846825999894094], [-123.0412779998777, 42.844474999694235], [-123.04243299977111, 42.84614300013593], [-123.034899999988, 42.849707000271415], [-123.03659300000676, 42.85261399991656], [-123.03282000035499, 42.85528500024882], [-123.03637700009669, 42.85903899978228], [-123.03547400009839, 42.86143700007387], [-123.03254800036841, 42.85996799981616], [-123.03372800037619, 42.86239200003063], [-123.03144399963031, 42.86374599994478], [-123.04116099970183, 42.864220000125506], [-123.04849299964347, 42.86963200000026], [-123.0893979999049, 42.871252000017726], [-123.13634299994722, 42.869740000314806], [-123.13692299990534, 42.864987999969], [-123.13156500018984, 42.86412900022165], [-123.13026299998333, 42.86701200023951], [-123.12937400022871, 42.86458399971633], [-123.13682599982097, 42.86181400028465], [-123.15849600013097, 42.86977899994298], [-123.16901800029152, 42.8697390002396], [-123.17732199982846, 42.86685200002356], [-123.18541000035367, 42.869339999886364], [-123.19108500026155, 42.86492599972059], [-123.20186799963973, 42.862861999983984], [-123.20615099982778, 42.85962799982211], [-123.21523100003974, 42.86967299984933], [-123.20861399977544, 42.869688999750885], [-123.2080470002361, 42.906821999815264], [-123.22383000002779, 42.90645199982121], [-123.23654700034741, 42.914581999771976], [-123.22759600000687, 42.914567999683264], [-123.22828200027021, 42.918446999986756], [-123.2204239998988, 42.922648000327776], [-123.22235999959177, 42.92445999971475], [-123.21464699988364, 42.922950000089436], [-123.21345699983016, 42.925480999700746], [-123.2016259997904, 42.92754699992131], [-123.20210299981636, 42.92256900025913], [-123.19949000008087, 42.92086300032561], [-123.20134700013114, 42.91915100026833], [-123.1969440002925, 42.91794300008525], [-123.19341599996477, 42.92149600030293], [-123.19104000005574, 42.93464699980624], [-123.17598399963698, 42.93750299991388], [-123.17281699988258, 42.94071100030879], [-123.17000099975749, 42.93336599974971], [-123.16448800023127, 42.934349000227094], [-123.16176300034279, 42.92851600032345], [-123.1580900002501, 42.92923600024242], [-123.15701800019738, 42.936637999838425], [-123.15367300016777, 42.935216999901364], [-123.14917800026763, 42.94138599994993], [-123.15246700022074, 42.94485299975026], [-123.15088800000483, 42.947295000255224], [-123.15648699974471, 42.94787500023019], [-123.15361000041858, 42.948649000098335], [-123.14852700016436, 42.94765400018924], [-123.1468399999934, 42.93681899969852], [-123.14167100042381, 42.940232000006546], [-123.13835999983105, 42.939229000042076], [-123.14046299992863, 42.93274699997102], [-123.14298100012792, 42.9321440000354], [-123.14095000000034, 42.929908000115525], [-123.14353900034472, 42.92508299989864], [-123.1455939998634, 42.925118999897286], [-123.14600200029243, 42.920235999910446]]]}}, {"type": "Feature", "properties": {"name": "No ZIP code assigned"}, "geometry": {"type": "Polygon", "coordinates": [[[-123.24906899977508, 42.89828899978071], [-123.25560900004646, 42.88826099980823], [-123.26601800022912, 42.884626000231094], [-123.26849500042051, 42.877403000016336], [-123.27584200043076, 42.87478700028541], [-123.27521700026679, 42.870730000317295], [-123.27729400042507, 42.86875700021413], [-123.2675170000791, 42.86877299969478], [-123.26777900001993, 42.856219999919155], [-123.27333799957687, 42.85363299982958], [-123.2753529998109, 42.84994399971249], [-123.27586599982189, 42.84222600012059], [-123.2730430000241, 42.84003299992], [-123.27676600034549, 42.837676999746364], [-123.31910400033465, 42.836924999958576], [-123.33854500015039, 42.7995149999742], [-123.34535900005817, 42.79295300014906], [-123.34859600013277, 42.797472000190716], [-123.35246400021911, 42.79509800000456], [-123.36143499975282, 42.798545000259594], [-123.36352799980465, 42.80628500028203], [-123.36421999991578, 42.79272599972074], [-123.37141799996313, 42.78562099991454], [-123.36807499958333, 42.79148099970534], [-123.37167400005615, 42.80080500009046], [-123.36910999982614, 42.81173799971546], [-123.36235000034505, 42.82383100016267], [-123.35708499961763, 42.825960000084976], [-123.35429699997992, 42.83372399988473], [-123.3504289998936, 42.83674299993446], [-123.37268900020747, 42.839409999916136], [-123.37030699955233, 42.82263599986526], [-123.48491500044314, 42.82279599999553], [-123.47454100042059, 42.81271400022738], [-123.47421699965717, 42.79902699967552], [-123.47703399960719, 42.79879600015316], [-123.47472800001835, 42.79569999997352], [-123.47747399982323, 42.796877999815564], [-123.47796799956765, 42.79487400010014], [-123.48562199972459, 42.792594999753895], [-123.49075199983446, 42.8004380000694], [-123.50585199973582, 42.799948000025964], [-123.50238299985764, 42.79544500020669], [-123.51018500015256, 42.78419099983768], [-123.52420200013059, 42.774590999897804], [-123.53813899974263, 42.770591999798704], [-123.54279500019956, 42.764352000242475], [-123.5382919999035, 42.757815000327135], [-123.53226499964309, 42.755326999743005], [-123.53181299973147, 42.75247800004698], [-123.52760099968854, 42.75278300015658], [-123.52327900004077, 42.74961300000743], [-123.52169300015214, 42.742726999712346], [-123.52630299968003, 42.7396029999593], [-123.52080000019957, 42.74054200032109], [-123.52028800001348, 42.73876399974179], [-123.51077500015644, 42.73727299975484], [-123.50414299982354, 42.73224800018248], [-123.5183819995594, 42.72871199994522], [-123.52583300022503, 42.72243200008985], [-123.52665800040555, 42.72607599991237], [-123.53585700044322, 42.72477400025485], [-123.5352649998912, 42.7229550001699], [-123.5424379998242, 42.7168010002663], [-123.56216800024326, 42.71757400016559], [-123.56208600022747, 42.724796000055356], [-123.56703600041229, 42.72482999985164], [-123.56690499999274, 42.72984399995461], [-123.57199800029267, 42.73157699989347], [-123.57565799996654, 42.72805100025872], [-123.58372499967703, 42.728777000036146], [-123.58803399980434, 42.72250700031913], [-123.59324500010506, 42.720172999873746], [-123.5941420002556, 42.715048999906095], [-123.59054299978278, 42.71237400027311], [-123.59268000021555, 42.70743300005718], [-123.59153100016991, 42.70395599974885], [-123.60894900025403, 42.68917499986573], [-123.60623600006109, 42.68080799968256], [-123.61066099964101, 42.68115200000212], [-123.61312199993888, 42.67769299991519], [-123.61840699985945, 42.67718399991739], [-123.61292899959506, 42.67036299994], [-123.62022999957456, 42.66524699993719], [-123.6140879996864, 42.66594599996371], [-123.61044899992892, 42.663328999771494], [-123.60914500007262, 42.660749000075825], [-123.6113069997214, 42.65808000025628], [-123.60672200030788, 42.64984499973454], [-123.58628800008213, 42.652461000304335], [-123.58412100041048, 42.64982899978452], [-123.58621199991418, 42.64071900026242], [-123.59401099983604, 42.63557200027097], [-123.59372700015392, 42.63219600026376], [-123.60143700038732, 42.622223000136586], [-123.59497099973576, 42.61562399997931], [-123.59521400030833, 42.61256999993174], [-123.60898000021618, 42.61173099981639], [-123.61761900038718, 42.61472999992213], [-123.63707799974628, 42.60901599971976], [-123.63336100017096, 42.61243599994364], [-123.63890899985726, 42.618505999758966], [-123.64664000000708, 42.621150000211756], [-123.65218500021865, 42.61290300010425], [-123.65155800040483, 42.62350299980966], [-123.64270999999646, 42.63546699989371], [-123.64524499991417, 42.641273999759264], [-123.64463099962083, 42.647628999841665], [-123.63751799996231, 42.657972999815314], [-123.63896300028395, 42.65893400009695], [-123.66847900037149, 42.65480499990136], [-123.67302299977712, 42.65603799996734], [-123.68769199968327, 42.64610200005033], [-123.68842599962721, 42.640952999689475], [-123.69690199959159, 42.63000599987175], [-123.69313300013776, 42.608980000006156], [-123.69563299989537, 42.599389000053215], [-123.703850000292, 42.59057399971225], [-123.71854099993946, 42.586071999853736], [-123.72020700019404, 42.582298999923836], [-123.71820200000575, 42.57261299991526], [-123.71430700015523, 42.57506700031216], [-123.71551300010223, 42.581269000074435], [-123.7061530004061, 42.57863299998478], [-123.71341500002757, 42.56682600006707], [-123.71859000034326, 42.566533999925866], [-123.72145900017183, 42.561052000230845], [-123.71803200012646, 42.56041599970695], [-123.7156419999737, 42.56543700006564], [-123.71286500020665, 42.564537000129235], [-123.71409200007008, 42.55889399971969], [-123.70399300040714, 42.56342500028734], [-123.69959999971593, 42.56148100020003], [-123.69991199988544, 42.56671999987477], [-123.68824800025028, 42.57214100014813], [-123.6832369999661, 42.58170399984847], [-123.677639999876, 42.58143900006607], [-123.66787599994882, 42.58602599981069], [-123.67663700031856, 42.57562299982565], [-123.6764230000583, 42.561548000101666], [-123.69570999988827, 42.54964300031936], [-123.69170899973253, 42.54790599978401], [-123.68970400044257, 42.53830999990779], [-123.683053999668, 42.540025999813466], [-123.68286799989518, 42.53513099972564], [-123.68970400044257, 42.5298009999955], [-123.695611999979, 42.53663999993618], [-123.69954000033978, 42.53670899968593], [-123.71234100032501, 42.528037000094535], [-123.71258499982416, 42.519002000137334], [-123.70816000024423, 42.50841200022131], [-123.71319499991952, 42.494580000042106], [-123.70528100036992, 42.50032800016743], [-123.69924700043681, 42.49216600031646], [-123.6898530004055, 42.490051999709365], [-123.68851199984093, 42.48701500015431], [-123.69409899988528, 42.47831699980932], [-123.69052100022718, 42.47295200002502], [-123.68456299956375, 42.477767000148106], [-123.68103099993635, 42.47719999994938], [-123.67749000008818, 42.48191899983847], [-123.67451499995441, 42.47995500004412], [-123.66660200022973, 42.48079400019583], [-123.66985199982479, 42.48378699980641], [-123.66982099986265, 42.486859000118606], [-123.66554799972036, 42.48797799967241], [-123.66687000001832, 42.49081600017918], [-123.65864199975104, 42.490471999849774], [-123.66083299971217, 42.49330500017272], [-123.65871700009413, 42.49474000004213], [-123.65482499971831, 42.49288000018073], [-123.65049399984973, 42.49836199989797], [-123.65174099980464, 42.500588999730994], [-123.63934300022555, 42.503638000117526], [-123.6346080001259, 42.49776899976505], [-123.6261460004052, 42.49535399977799], [-123.62296299985897, 42.48382199989808], [-123.60950800029578, 42.472735999995585], [-123.60226599986748, 42.45957599994562], [-123.60817699977694, 42.45177899982557], [-123.60821699995992, 42.442684999898546], [-123.61234600016216, 42.43455799980572], [-123.61533899983928, 42.43331700022936], [-123.61747899974678, 42.425289999917034], [-123.62488799968132, 42.42160700009213], [-123.62343499986208, 42.418993999901986], [-123.62740800042872, 42.412834999980596], [-123.6242819997839, 42.40255299983005], [-123.62843799975033, 42.397874999875356], [-123.62676999984595, 42.395775999912445], [-123.62879900032368, 42.39123499993508], [-123.63378600031841, 42.38591200028905], [-123.63883900043538, 42.38507300032755], [-123.64611199992747, 42.36968200025188], [-123.65481200019786, 42.3664690001517], [-123.66191200033592, 42.355102000231575], [-123.66582999975267, 42.35386699973943], [-123.66558399970533, 42.350961999843015], [-123.67175099970784, 42.35203799973309], [-123.67391099970683, 42.34840100021861], [-123.6842720002089, 42.346411999735544], [-123.6781470000392, 42.34527699978558], [-123.68226899967044, 42.340893000299666], [-123.67487900000249, 42.34153000010374], [-123.67774799983104, 42.33930999972836], [-123.68669400014872, 42.336360999942755], [-123.69902999980351, 42.3375200000464], [-123.71704000043967, 42.32938300002309], [-123.72917899955266, 42.33416899984012], [-123.7292940000787, 42.33731699970635], [-123.7347229999393, 42.34124299987443], [-123.7470850004317, 42.33740399993234], [-123.73928099958866, 42.345261000062166], [-123.74409799970407, 42.35188100031881], [-123.7423600003778, 42.354728999939915], [-123.74565099998073, 42.3601739998802], [-123.74964899976341, 42.360621000154055], [-123.75426800041043, 42.36501700008111], [-123.75656899997642, 42.37341399969284], [-123.76256699992452, 42.376885999813794], [-123.76935700044116, 42.3739440003252], [-123.78425300012805, 42.376638000293134], [-123.79849799971166, 42.37168800009506], [-123.80088700003952, 42.37707400025342], [-123.80402000035701, 42.37810599982875], [-123.8083060000198, 42.37532799999735], [-123.81526700024067, 42.37881899971445], [-123.8234360000584, 42.37309700007458], [-123.82439500013321, 42.37711299982234], [-123.83908400013088, 42.383612000114596], [-123.83992699985474, 42.38909399982885], [-123.84483600003168, 42.392190999683685], [-123.8495560000627, 42.39138600022592], [-123.85067699962094, 42.384248000301355], [-123.85439499991942, 42.38702399983681], [-123.86483500006423, 42.38831800025341], [-123.86441599976457, 42.39810599984002], [-123.87157199997912, 42.397368000090346], [-123.87986700019354, 42.40206500019361], [-123.89155400029325, 42.40073799988149], [-123.89922000014575, 42.39625099994247], [-123.90121799976299, 42.40124799997907], [-123.9136229999131, 42.39852199969944], [-123.92299100000518, 42.40429600028017], [-123.92607200044415, 42.41125400021285], [-123.9397400004427, 42.416511999863786], [-123.95224900034987, 42.41150699980972], [-123.95538799961683, 42.391461999817466], [-123.9717679999834, 42.37001899992835], [-123.97910699959775, 42.37367699968163], [-123.99164900001519, 42.375277999703016], [-124.00750200012709, 42.38615500011189], [-124.00813700033682, 42.39353800017531], [-124.00326300031996, 42.40356699973902], [-124.00939500016236, 42.41022999992472], [-124.01748799981213, 42.41095899997621], [-124.02609299964794, 42.40747299986743], [-124.02887899963582, 42.4031109998766], [-124.0355739997179, 42.40211000010009], [-124.03739399995827, 42.391560000150136], [-124.04198299956973, 42.387655999741455], [-124.03533100004367, 42.3776070000073], [-124.03628900029355, 42.37021300002303], [-124.02707299963915, 42.35921599982109], [-124.02034999996796, 42.36168900019267], [-124.01192900025515, 42.358570999838435], [-123.99239999967756, 42.3576669997912], [-123.98631700023896, 42.35940899974959], [-123.94958999968529, 42.356543999899756], [-123.93653799962988, 42.3616250000628], [-123.93321299969178, 42.35433799984704], [-123.92566999986293, 42.35187900006578], [-123.92040800040692, 42.346469000260825], [-123.90700700037205, 42.347643999737365], [-123.89132099976644, 42.353095000081225], [-123.88432199991074, 42.34595499975968], [-123.87785199995953, 42.34485099995108], [-123.87905200005876, 42.335539999781425], [-123.86958199985945, 42.32279599980909], [-123.8598630001381, 42.3185399997969], [-123.8512869997163, 42.32057699995032], [-123.84567399973265, 42.31850800002487], [-123.83949599985952, 42.312201999749625], [-123.84712900010005, 42.30424900028189], [-123.84731499987288, 42.299218999800345], [-123.83787900000874, 42.29469300003952], [-123.83653300031962, 42.2908280001558], [-123.83834099996612, 42.28837200017699], [-123.83295599958812, 42.285622000103054], [-123.8308850001759, 42.28143800012627], [-123.80721499970048, 42.28803299977952], [-123.81383899963748, 42.28988599999068], [-123.81078800023406, 42.29844099976899], [-123.81972199995784, 42.29928099974121], [-123.82360400028789, 42.304879000004505], [-123.81978999972989, 42.308528000004436], [-123.82049699990964, 42.313606999948], [-123.81528800015707, 42.31392799967012], [-123.81242199980325, 42.311410999670194], [-123.80533300043416, 42.31484200013197], [-123.79740100044292, 42.31178000013385], [-123.7873760003998, 42.31502199982418], [-123.78363299998695, 42.322102000221825], [-123.77832399977693, 42.324236999742475], [-123.7750339999989, 42.322261999743354], [-123.77929600027055, 42.320089000187096], [-123.78067200009689, 42.31530200016732], [-123.77372799959443, 42.312944000193795], [-123.77460200017876, 42.30832700008106], [-123.7675859997063, 42.30913199971955], [-123.76922900039466, 42.307502999913595], [-123.7679530001274, 42.30422700009543], [-123.75835999990444, 42.29670499971126], [-123.75401300014231, 42.29575200015185], [-123.74800900034643, 42.29827300029032], [-123.73973900024637, 42.29511099977969], [-123.73030900023002, 42.29764800020879], [-123.72745899976972, 42.2960950002712], [-123.72802700003231, 42.29035000008026], [-123.72022599956229, 42.289464000304015], [-123.72310199996184, 42.28608599970209], [-123.7214440001032, 42.28465500019695], [-123.7108979996532, 42.286505000244965], [-123.69753299960335, 42.27849500003115], [-123.68934200004433, 42.27876000026305], [-123.68863999988747, 42.27133499988142], [-123.68622100032069, 42.26919899976831], [-123.6896709999323, 42.266365999836424], [-123.68881099959167, 42.26199900022429], [-123.69204799966624, 42.25258899989905], [-123.68574099992168, 42.245263000208645], [-123.68911799973831, 42.24561499992371], [-123.68436000007247, 42.24359399973676], [-123.6847569997325, 42.240785000080905], [-123.70158999983559, 42.22342699998109], [-123.7205419999298, 42.21401000018252], [-123.72910199955976, 42.20705700029532], [-123.72534800017453, 42.198030000180225], [-123.72810300020029, 42.195981000025384], [-123.72863899977749, 42.19107800023044], [-123.73680900031844, 42.18942700022165], [-123.75593399976668, 42.19324800020493], [-123.78576700004663, 42.19164199977477], [-123.79563999975379, 42.1977250002467], [-123.79458299976966, 42.20356899970712], [-123.80292400001485, 42.207591000255015], [-123.80705499986692, 42.21272200018164], [-123.80599100021013, 42.21684900029941], [-123.80830699984469, 42.21728400030913], [-123.81211800002963, 42.21358300020717], [-123.81389100041433, 42.20573000023866], [-123.81891500021896, 42.20359999981758], [-123.8204709999704, 42.19897399972878], [-123.82128799975499, 42.18984899988058], [-123.81350499972662, 42.18398699995934], [-123.81509200033848, 42.17412200025791], [-123.81479299968943, 42.17046400026215], [-123.81260299955322, 42.16965099978974], [-123.82238599974698, 42.159333000119446], [-123.82953100009087, 42.173474999862], [-123.8474370000716, 42.1767930003117], [-123.85781600011704, 42.184821999802175], [-123.86818199974367, 42.18863399973961], [-123.88712100031738, 42.18974100029604], [-123.8945429997724, 42.19641999973769], [-123.89520599957122, 42.20839399987098], [-123.89912399988626, 42.21171300017467], [-123.89850999959295, 42.214586999716914], [-123.91262200000548, 42.20724800025618], [-123.91344100033822, 42.20330099977064], [-123.92101699977904, 42.197750999997325], [-123.91917800017043, 42.18875500027757], [-123.93347200015785, 42.18103799998858], [-123.93699999958726, 42.17670400008291], [-123.94261199974598, 42.17597800012111], [-123.9566739999298, 42.18110399970826], [-123.96964999981722, 42.179396000217906], [-123.97583799973611, 42.1748539998791], [-124.00453399966602, 42.17195900012457], [-124.02346700039196, 42.160618999912586], [-124.03673000033456, 42.1476169998624], [-124.05176499993857, 42.15086599972256], [-124.04980400013122, 42.15862999980527], [-124.05321899958274, 42.160562000310634], [-124.0539049998461, 42.16415800002877], [-124.05700499965333, 42.16168399985548], [-124.06621700010976, 42.16462700014773], [-124.07536599991872, 42.15740800024629], [-124.07735699986328, 42.15820200031793], [-124.07867800033635, 42.16833599982052], [-124.08366799980585, 42.16746199968323], [-124.0876639999387, 42.16191099975786], [-124.09760199994315, 42.15777200017389], [-124.1007029995753, 42.15396999986734], [-124.1095119996256, 42.15466100019193], [-124.11049400016496, 42.156463999986656], [-124.11369799972928, 42.15270799985172], [-124.11255600025467, 42.15572500027318], [-124.11727399973756, 42.1628189998797], [-124.12268000003198, 42.16478499980665], [-124.12082399980659, 42.168554000110795], [-124.12492299987161, 42.17756299984389], [-124.12987200023153, 42.17488899986343], [-124.13444599977437, 42.17796899985284], [-124.13095000013203, 42.18752199972196], [-124.1290189995636, 42.187126999714], [-124.1258989996649, 42.18737299998191], [-124.12571899973983, 42.18745600004574], [-124.12557700034793, 42.18767400032786], [-124.12555399988341, 42.18840400003684], [-124.12300399989707, 42.190050000298505], [-124.12223899999098, 42.189976000308405], [-124.12162200022293, 42.1896750002742], [-124.11921000032889, 42.189194999978696], [-124.11735300027863, 42.18897000024945], [-124.11673599961223, 42.188975999897636], [-124.11601099988913, 42.18909100014419], [-124.11528000031826, 42.18885499978271], [-124.1149170000951, 42.18885899999922], [-124.11386400030895, 42.1896059997239], [-124.12303700040732, 42.190124000202005], [-124.12915099980809, 42.18718300025961], [-124.13106300010993, 42.1880009996743], [-124.13433000032175, 42.18781000010474], [-124.13711399976148, 42.190745999708014], [-124.13183200021396, 42.19556400011689], [-124.13752200019049, 42.219608999816266], [-124.13497499967887, 42.22270899993254], [-124.12491500037405, 42.21986700012984], [-124.12104200026481, 42.22574299991598], [-124.12454299993004, 42.23389799973123], [-124.12302700036159, 42.23687899988718], [-124.13576399987441, 42.251929000223555], [-124.13229699964606, 42.26927000000765], [-124.12046800015446, 42.28047200007062], [-124.1073559998246, 42.28128299977873], [-124.10226199969973, 42.28597300032366], [-124.11529899968653, 42.29473400030685], [-124.11890599965695, 42.30018799994491], [-124.14196900041004, 42.30158900016284], [-124.14657899993793, 42.293476000305624], [-124.15762300033029, 42.291076000036384], [-124.15807400041702, 42.28757000005308], [-124.16577999955415, 42.27976300024384], [-124.17129600035172, 42.281821000224625], [-124.17895600035642, 42.27995600010291], [-124.18913799986004, 42.28197899997211], [-124.19616799967787, 42.277711999679646], [-124.20787499986909, 42.28350199986846], [-124.20826300020659, 42.28077999986643], [-124.20317199955646, 42.275770000054194], [-124.20445600021961, 42.26785200023483], [-124.20198700042415, 42.26636700032535], [-124.2072289997887, 42.25911800013353], [-124.21466600021064, 42.25629099987584], [-124.22619699977642, 42.24694400000883], [-124.2207100001895, 42.24810599987557], [-124.21144099983164, 42.24294899998638], [-124.22272899972315, 42.239075999911016], [-124.22745100030234, 42.24240800031774], [-124.235733000098, 42.24310899980223], [-124.24741699982464, 42.25233099967541], [-124.24659800039021, 42.25729099981784], [-124.25030099972179, 42.26020800013217], [-124.2500410003291, 42.264760999701934], [-124.24575399994312, 42.26581700024686], [-124.24419599964358, 42.26810799985399], [-124.24929200031656, 42.26837500013828], [-124.2497309998094, 42.27137699980778], [-124.24655200035944, 42.273082999813404], [-124.25090300031954, 42.27417899986095], [-124.253440999712, 42.27242200020225], [-124.25341700032085, 42.28041700009104], [-124.26966000042009, 42.283953999938205], [-124.27100000026141, 42.287654000168594], [-124.26855499985707, 42.29308500010738], [-124.28607500004846, 42.29338200004453], [-124.29322899971484, 42.296044000048155], [-124.29561100036999, 42.30037999973803], [-124.29269899998543, 42.30381299998438], [-124.29733299980275, 42.319710999854514], [-124.29888799972923, 42.311829999801596], [-124.30340199989595, 42.310909000306225], [-124.30674699992556, 42.31524099977405], [-124.30871299975578, 42.313324999884095], [-124.31268499959918, 42.316123999808966], [-124.31153599955357, 42.31871299994298], [-124.31407399984431, 42.31647500008424], [-124.31153999975152, 42.3142539997196], [-124.32859100031284, 42.320076999905694], [-124.33187600006801, 42.321968000018934], [-124.33090500029759, 42.32569399993624], [-124.33398199964032, 42.32725099970192], [-124.34391899981985, 42.325564999815114], [-124.35128199972362, 42.32021100015063], [-124.36038500040016, 42.326892999749084], [-124.35732099967962, 42.33552999990021], [-124.35107099983642, 42.34079000005566], [-124.35048099983254, 42.340229999883086], [-124.35183099971961, 42.33845899998497], [-124.35158399984743, 42.33689199975745], [-124.35015299976952, 42.34014500020941], [-124.35129199976939, 42.344326999689834], [-124.34907499986899, 42.347656999933065], [-124.35459999998905, 42.35364500018995], [-124.35901500042158, 42.35344299990056], [-124.3625300003305, 42.35612899973287], [-124.35982499963517, 42.36397400020967], [-124.36355600035247, 42.361126999708105], [-124.36307799960328, 42.36479599968576], [-124.35904399983559, 42.36768699968034], [-124.35336700027786, 42.36679699981217], [-124.34718100000877, 42.37075900032996], [-124.3541589999481, 42.374403000053626], [-124.35337399995055, 42.37753899996799], [-124.34750400004899, 42.3784929998592], [-124.34737400035263, 42.3807679998116], [-124.34227699985473, 42.37950000020481], [-124.34548899981496, 42.38688700027502], [-124.34302199966932, 42.39018199972781], [-124.34869800030044, 42.39646200030391], [-124.34640500023205, 42.40079799991302], [-124.34957700000932, 42.40385300025404], [-124.34887200037771, 42.40729099970022], [-124.34528299995064, 42.40767800022878], [-124.34451800004456, 42.413064999767435], [-124.33418500002988, 42.41975999972972], [-124.32495699967991, 42.419923000137395], [-124.32228200002012, 42.41753699979426], [-124.30526099959603, 42.41472200024874], [-124.30253999990549, 42.41827899997201], [-124.30331700040544, 42.42112999968154], [-124.3140939999358, 42.422579999889805], [-124.31471499990182, 42.4259620000117], [-124.30947199981405, 42.4272920002638], [-124.30794500037499, 42.43267099976177], [-124.30431099974204, 42.43316200010748], [-124.30842999989855, 42.4439590001085], [-124.30602399985227, 42.443607999788384], [-124.30669099984905, 42.44609999981796], [-124.28248300014661, 42.4457700003174], [-124.26499800011536, 42.44048000019705], [-124.2489550000327, 42.45353400007768], [-124.23631300005611, 42.454743000246474], [-124.23570299996075, 42.45306100007094], [-124.23877299963074, 42.45226699969194], [-124.23225400017405, 42.44631800016959], [-124.24786700008643, 42.445280999915994], [-124.25323800022073, 42.43761800009086], [-124.24394200009867, 42.44006200007549], [-124.23401699961468, 42.436756000015905], [-124.2294690000111, 42.437755000263635], [-124.22888200038025, 42.43477599987514], [-124.23069000002675, 42.43183400011122], [-124.24042499964162, 42.42972100026535], [-124.24155399959574, 42.425592999957466], [-124.2503509999505, 42.416955000022845], [-124.2585809998676, 42.41491500004664], [-124.2546450000092, 42.410851999776774], [-124.23274100024577, 42.41292000014422], [-124.22368399960001, 42.41056599999666], [-124.21934100003585, 42.4136479999643], [-124.2197820000768, 42.42183200016482], [-124.21695500008104, 42.42018800031485], [-124.2182460004169, 42.4171839998721], [-124.20641299982901, 42.4180649998296], [-124.20036300000238, 42.422437999713345], [-124.20701600025168, 42.43578199968397], [-124.20409399982137, 42.43971299990763], [-124.19835699998919, 42.43256800015043], [-124.18403600023757, 42.43551800023727], [-124.17844800036829, 42.43914599976455], [-124.17694699997017, 42.43647700011201], [-124.17886500011981, 42.425315999995476], [-124.1821659997685, 42.42335200023749], [-124.18005299962519, 42.419063000179946], [-124.18303000030707, 42.41310599981966], [-124.18845800034278, 42.409515000224616], [-124.17580999962011, 42.41505900024772], [-124.17225700007636, 42.42120000027901], [-124.16859400002943, 42.43975599987753], [-124.1718650004392, 42.44234399984997], [-124.17228499966546, 42.44822800001227], [-124.17979400005741, 42.454590999881404], [-124.19611599979933, 42.458136999698574], [-124.20523299982123, 42.470418999947015], [-124.19439699984132, 42.48040800028041], [-124.19698299981266, 42.487742999814024], [-124.19178800030379, 42.491476000251005], [-124.19269499960174, 42.4973210000325], [-124.1901780001257, 42.50166500020372], [-124.17712400042048, 42.50772099998658], [-124.17370599969763, 42.51286300026812], [-124.16739399993018, 42.51623099979834], [-124.16110300007912, 42.51273800009254], [-124.15694499956456, 42.5158800000952], [-124.15259199995464, 42.52058100015931], [-124.15741699956767, 42.52630299987335], [-124.14442399996183, 42.537649999810576], [-124.13682599988138, 42.54028799983966], [-124.13349900029345, 42.54839499978137], [-124.1215970001086, 42.55677900030947], [-124.1119539996569, 42.55779600002221], [-124.10737599991607, 42.55070099983729], [-124.10647000044301, 42.55452800017132], [-124.09448899971714, 42.558107999670334], [-124.08938600026977, 42.55290499981532], [-124.07646899993358, 42.551253999700705], [-124.0712750002496, 42.54299599975385], [-124.07285600011538, 42.53998999996651], [-124.06239900025214, 42.53844499988064], [-124.06286200003441, 42.529456000056165], [-124.0696140000179, 42.52504700006922], [-124.05646099968018, 42.52991200002557], [-124.05577699996498, 42.53805099993708], [-124.05218500006316, 42.54444599980089], [-124.05730400030238, 42.5495780001145], [-124.0632550003948, 42.54754100022467], [-124.0582490001335, 42.54978200007208], [-124.05728500003579, 42.549694999772676], [-124.05606900004302, 42.54923899998543], [-124.05511300034127, 42.54857900026224], [-124.0516670000293, 42.543752000128784], [-124.05440399961337, 42.539261999710185], [-124.05335900022314, 42.53611999995485], [-124.0468869997238, 42.53119099972033], [-124.05134200033928, 42.5268089996931], [-124.0322999998334, 42.51155299994163], [-124.0331290002119, 42.50456400024267], [-124.03589199973523, 42.50146300014434], [-124.03301500040908, 42.493858000241474], [-124.02829600020294, 42.49045400022335], [-124.01154400029067, 42.48962799972257], [-124.00847200007254, 42.49631499978323], [-123.98882600021739, 42.501970999889835], [-123.98620199971293, 42.498229000290365], [-123.97258599959294, 42.49530200011816], [-123.96117600040097, 42.49881600007792], [-123.93892100010996, 42.501130000162775], [-123.93385399974926, 42.49635299991693], [-123.92617000035344, 42.494335000056026], [-123.90802300034828, 42.49690299978859], [-123.9037230004418, 42.499459000249274], [-123.89582300023757, 42.498913000084336], [-123.88574600031595, 42.50423300025396], [-123.88527400031286, 42.508091000289866], [-123.87516399988094, 42.513243999854204], [-123.87922500031112, 42.52254299995661], [-123.87507699984229, 42.53017999971448], [-123.8659949999805, 42.53877300031957], [-123.86535599957283, 42.541988999869616], [-123.85479800032556, 42.54973599973109], [-123.86098700006937, 42.56035299969538], [-123.85003599956342, 42.574578999824], [-123.84955799971252, 42.583718000145645], [-123.83031500026351, 42.59506700015154], [-123.82851599993955, 42.606288000161136], [-123.82188399960663, 42.608915999802754], [-123.8194030001156, 42.61244599997248], [-123.82152600030469, 42.619743000001655], [-123.83159499983039, 42.62732399968915], [-123.8372289997304, 42.6253010001882], [-123.832235000063, 42.62397000026363], [-123.83328899967404, 42.620580999791414], [-123.84730900002509, 42.61623299975915], [-123.85374399981619, 42.607362999679296], [-123.85812400008861, 42.604989000275154], [-123.85520199965829, 42.602273000126125], [-123.85885600038272, 42.60045100022994], [-123.86757900021931, 42.601726000220054], [-123.8757110002271, 42.59587700028275], [-123.87476300002295, 42.588355999850435], [-123.8854759999792, 42.59074000030584], [-123.8987320002491, 42.589150000226404], [-123.90932200018172, 42.58071299996954], [-123.93173099956022, 42.576278999872756], [-123.93633400031368, 42.56467399970762], [-123.93497100000785, 42.56030000007753], [-123.94428100037358, 42.55362400015189], [-123.96025900015896, 42.55013700032579], [-123.96583100013467, 42.55303599974276], [-123.97470600030725, 42.56481499980468], [-123.98078799992092, 42.567293000030325], [-123.98348400039544, 42.56605799972919], [-123.98552800004346, 42.57035700000233], [-123.98881199997369, 42.567786999920706], [-124.00279200014177, 42.56801999989066], [-124.00228800035163, 42.56542100025368], [-124.00612499957751, 42.56412999979084], [-124.00925700007011, 42.56796199989431], [-124.01660300025543, 42.56797399976109], [-124.01665099993602, 42.56498100017677], [-124.0214920003409, 42.56802199986675], [-124.03069300002838, 42.56728199970165], [-124.0353700004017, 42.57247299982997], [-124.04096999996655, 42.57006699976132], [-124.04463200018859, 42.572149999776244], [-124.04181699988838, 42.574323000166416], [-124.04212499985995, 42.57784699990438], [-124.03762800031, 42.5767789997838], [-124.0323629995826, 42.58392000014093], [-124.02270800033367, 42.58222200023395], [-124.00818500001738, 42.59371199970857], [-123.99971499990077, 42.592113000001255], [-123.9972800004405, 42.599734000306135], [-123.99261099956473, 42.60171899978879], [-123.9895579996132, 42.600061999984675], [-123.98066999992015, 42.60757699992048], [-123.98694400005277, 42.61271999987248], [-123.98340400002948, 42.616822000224424], [-123.96897100012488, 42.619023999683385], [-123.96123499995218, 42.625911999945814], [-123.93920599961697, 42.63022400022438], [-123.93092399982135, 42.636712999732644], [-123.92652000015781, 42.63669599983165], [-123.92346100035846, 42.63361299985212], [-123.91016999992846, 42.639492000146], [-123.91324200014661, 42.64291800030992], [-123.91118599990469, 42.64675100023971], [-123.91484099955572, 42.65655000004842], [-123.9080889995722, 42.66124600017077], [-123.90525800027679, 42.66852700001079], [-123.89781900020503, 42.67516399988157], [-123.88349900027833, 42.67117300021001], [-123.8774340003831, 42.67577699988269], [-123.87137600016052, 42.67661599990611], [-123.87134299965027, 42.688682000027164], [-123.86717699963809, 42.688292000018734], [-123.8706260003231, 42.69840599989416], [-123.86938900041393, 42.701837999931044], [-123.87774300017959, 42.71565500020369], [-123.86475600042152, 42.71821799989473], [-123.86648600025019, 42.721824000322606], [-123.86487000022431, 42.72335999995247], [-123.87402999990393, 42.721345999860766], [-123.87985100030001, 42.716686999905285], [-123.88268999999133, 42.72274100010853], [-123.87652999966153, 42.72279100002245], [-123.87384900015397, 42.73080899999058], [-123.86143800015608, 42.73597399969873], [-123.85412899978067, 42.74255999991864], [-123.85282800029738, 42.74774099968693], [-123.8447599998637, 42.75672799971945], [-123.84791300027265, 42.75948100019161], [-123.84893099989873, 42.76671499973948], [-123.83911799956773, 42.77209100029321], [-123.83564899968958, 42.76844599972917], [-123.83970799957162, 42.764542000029245], [-123.83033700000482, 42.76580999990856], [-123.8284849999774, 42.760202999887866], [-123.81723800009377, 42.76089500004449], [-123.8152060001413, 42.767483000028925], [-123.82029000022041, 42.77173800031433], [-123.81856899971426, 42.77578099996497], [-123.80916999966004, 42.77544199992458], [-123.80477900041531, 42.777508000106046], [-123.80471099974493, 42.78347400029178], [-123.79943199967215, 42.78978900018945], [-123.78327800015971, 42.795349000037724], [-123.78695499955201, 42.7985740002704], [-123.79091100040021, 42.79765299990177], [-123.80582800000349, 42.78703599980773], [-123.81154599956909, 42.788214999830046], [-123.8150160001705, 42.79171700026644], [-123.82541199993436, 42.789241000044186], [-123.82797299979134, 42.792222999760384], [-123.82623600028997, 42.79879500024754], [-123.83052100012782, 42.80126199976211], [-123.83576800041357, 42.79939900029513], [-123.83476599978273, 42.80448499997952], [-123.83792599986441, 42.80387599971485], [-123.84381800040562, 42.810081999780365], [-123.84762700004242, 42.80801300004064], [-123.8582289996706, 42.80815199967373], [-123.86062499967113, 42.81021199991052], [-123.86316700015985, 42.808220999826], [-123.8642750001976, 42.810638000247295], [-123.86558499990169, 42.808917000181474], [-123.88525900024422, 42.81039400029274], [-123.89704799955287, 42.80485000010563], [-123.90793299993659, 42.803544000068335], [-123.90251599977154, 42.798917999725894], [-123.88857800033458, 42.796630999814305], [-123.8878760001777, 42.789603000279826], [-123.88009099960124, 42.78542199974409], [-123.88117100004987, 42.777259000100216], [-123.88487599992959, 42.77740399977786], [-123.8842290000243, 42.77485299992853], [-123.92571699971859, 42.77451400008322], [-123.92567999990867, 42.766513000173575], [-123.93095399995858, 42.756856999880355], [-123.94443000033651, 42.76566099967954], [-123.94855299979265, 42.76415300030267], [-123.95357900014544, 42.766564999942], [-123.95828400010787, 42.761134000025194], [-123.95217700037983, 42.75860999995831], [-123.95538299959397, 42.75443200006589], [-123.96419400019242, 42.75206399975897], [-123.95665200018848, 42.75118400002043], [-123.95850199966777, 42.749078999884105], [-123.95579100002297, 42.74744900015414], [-123.95638699987465, 42.74295199974234], [-123.95314499977718, 42.74039499974674], [-123.95347399966515, 42.73785799984698], [-123.95000700033513, 42.736935999952806], [-123.96066000001693, 42.73431199987482], [-123.95536599987553, 42.72905200002249], [-123.95702600028233, 42.729051000310285], [-123.95698500027443, 42.71456900016248], [-123.97663100012957, 42.71455800010011], [-123.97667700016034, 42.7001180001354], [-123.99629600025129, 42.700100000222626], [-123.99629100022842, 42.68565099977265], [-124.00288300037838, 42.68522099967255], [-124.00122100032176, 42.679989000273764], [-123.9946209997759, 42.675998999970005], [-123.97895799963482, 42.67233799975065], [-123.97823399973663, 42.66833599992045], [-123.98290299971409, 42.66806199977226], [-123.98433700016503, 42.66531199977781], [-124.0182109998854, 42.651062000059035], [-124.02423999979563, 42.646493999984884], [-124.023238999888, 42.648369999925904], [-124.03274500007232, 42.65755599976641], [-124.0344189998245, 42.66305500001324], [-124.0408379997221, 42.66044900007627], [-124.03676899979428, 42.65786800024704], [-124.04162000024489, 42.65592799994946], [-124.04535600008677, 42.6554399997821], [-124.05040699965558, 42.661513999798714], [-124.0573410001123, 42.65612400031423], [-124.06032499956856, 42.657016000062946], [-124.06131399978061, 42.65430499975033], [-124.06515099990484, 42.655766999824756], [-124.06295599974574, 42.6517459998512], [-124.06499299972108, 42.64902300027936], [-124.05458600008657, 42.64518199968568], [-124.05638100021254, 42.63902899985816], [-124.0548560004233, 42.63619100007122], [-124.06649800031718, 42.63918599968383], [-124.06601000042053, 42.6419190002591], [-124.07063300036721, 42.646284000232754], [-124.073119999706, 42.6452750000082], [-124.09097299998331, 42.65211299990282], [-124.10050799958162, 42.647017999855585], [-124.10115399966202, 42.65064699988501], [-124.10469000038565, 42.651067000275134], [-124.11488399958483, 42.64524999989964], [-124.1153110002804, 42.64268899991154], [-124.11047800027146, 42.64491700027078], [-124.10837400034896, 42.64217700004053], [-124.11137600024689, 42.64123299984669], [-124.11075799975562, 42.6346590001961], [-124.11344599983418, 42.63240699992923], [-124.11676099972661, 42.633790999861766], [-124.12197799987509, 42.62804199997996], [-124.12245699955089, 42.634835000042415], [-124.13305400005453, 42.64235800002468], [-124.1415519997602, 42.65377899995644], [-124.14010300013894, 42.66219099999946], [-124.13612700009757, 42.6637819998308], [-124.13869299997741, 42.67047400017551], [-124.1556370004086, 42.66516399989966], [-124.1610949996832, 42.660026999960806], [-124.16354699976026, 42.6653490000226], [-124.16769500022907, 42.66790900031392], [-124.16060599996167, 42.67029500010245], [-124.17197300039423, 42.67194800017593], [-124.17956300007873, 42.67815499981064], [-124.18933600022676, 42.678980999948614], [-124.19784700035126, 42.68524499980267], [-124.2046880000232, 42.686370999940706], [-124.19695299967543, 42.674942000113596], [-124.19623600034826, 42.668330999771875], [-124.20243799961254, 42.66504199984225], [-124.20816100009935, 42.65343199993167], [-124.21536300034464, 42.65016299986987], [-124.22181700040231, 42.639521999747465], [-124.22587600028437, 42.6397490002504], [-124.2410430001329, 42.63267400030037], [-124.24400300019803, 42.634036999935645], [-124.25029700042214, 42.62604800011659], [-124.24803899961555, 42.62529800000582], [-124.24947300006654, 42.62385499996454], [-124.24603299960238, 42.616732999818915], [-124.23647299988967, 42.61394199968057], [-124.230095, 42.61613099977488], [-124.22249600009465, 42.6146809998438], [-124.21394300013738, 42.60901300007501], [-124.20733699974373, 42.610131999694914], [-124.20422400041603, 42.613263000074674], [-124.20304900043114, 42.610010999767745], [-124.19904300025253, 42.609386000198526], [-124.19438900034373, 42.60437300017354], [-124.18254099968722, 42.60360500006884], [-124.17955800005586, 42.60015900015752], [-124.18151100036562, 42.59625299996279], [-124.17963400022384, 42.591743000103946], [-124.17463700018338, 42.58978100025009], [-124.17173800021762, 42.58505099991558], [-124.17829900040537, 42.57704499970093], [-124.179328999727, 42.57120800012097], [-124.17054999981391, 42.57446199985248], [-124.17027199997956, 42.572469000163096], [-124.18044299961254, 42.56747200005416], [-124.189430999763, 42.56016099992957], [-124.18777700010232, 42.55802500032133], [-124.19510700039413, 42.55333500010286], [-124.19197499990153, 42.54188800022262], [-124.1983510001414, 42.52842600019298], [-124.20740899971373, 42.52231800014942], [-124.21557300040693, 42.521287000035976], [-124.22091199985586, 42.51731900020709], [-124.22196600036524, 42.51222899987907], [-124.22240200038331, 42.51716899980256], [-124.2309679998611, 42.51812599970005], [-124.22917399956002, 42.51636499999881], [-124.23268099997132, 42.51409699980464], [-124.23409600015572, 42.50540600013378], [-124.23833099976488, 42.5014620000834], [-124.24822299973856, 42.50247399992032], [-124.2576090002723, 42.500140000250916], [-124.26223999971658, 42.50407800013502], [-124.26376299985601, 42.50216099969886], [-124.26780699966946, 42.50365699994896], [-124.28046399971463, 42.50159800027601], [-124.29427099963034, 42.503847999955255], [-124.29796499963942, 42.52162499991579], [-124.29449099973836, 42.52883500026221], [-124.30520000039498, 42.531349999777994], [-124.30786400018413, 42.52785600021846], [-124.31231700025147, 42.53377999974202], [-124.32051299983341, 42.53524399991522], [-124.33566999963617, 42.52992099978676], [-124.33130600015559, 42.53382499972008], [-124.3373390002638, 42.5393579997134], [-124.3450410001013, 42.54084400022956], [-124.3458460001903, 42.54315400014593], [-124.33752800040968, 42.546843999893156], [-124.3411839998856, 42.54834499985188], [-124.34226500015916, 42.55410900016904], [-124.35104400007226, 42.56607699976631], [-124.34365000020634, 42.57551100016054], [-124.3346710002767, 42.578880999975404], [-124.32846699956596, 42.58444599975561], [-124.32797799984442, 42.595717999929], [-124.30807699972117, 42.597752999773476], [-124.30702399993498, 42.6069929997462], [-124.31074600043146, 42.60901900002553], [-124.30646599971817, 42.61085800027205], [-124.3121010003414, 42.62064700017762], [-124.30922699959166, 42.63728999968309], [-124.31424899974651, 42.64204799995312], [-124.30881599968795, 42.645838000320666], [-124.30773299976455, 42.65268999974735], [-124.29989399965972, 42.65377299969451], [-124.30354500001107, 42.65940599980162], [-124.29951500044135, 42.66145000009117], [-124.30006899956189, 42.66479999984287], [-124.31097599968692, 42.669914000296934], [-124.3117899999968, 42.673635999923285], [-124.32257900012104, 42.67535600004102], [-124.32391700031255, 42.67849500016408], [-124.3298480003135, 42.68023800010167], [-124.33127600001835, 42.68632900030319], [-124.33937100021626, 42.69025099974013], [-124.3405350003305, 42.69413899970801], [-124.34501900035998, 42.69666900008424], [-124.35109799960061, 42.696783999813], [-124.35750099960465, 42.70019900000845], [-124.36201599959628, 42.69844099983107], [-124.37312399956276, 42.70530200012735], [-124.37692999972484, 42.702405000261145], [-124.38201600035208, 42.706201999783964], [-124.37709399975635, 42.7091939998591], [-124.37795499992188, 42.71284899996622], [-124.37524099990405, 42.71244800013919], [-124.37421300023225, 42.70795000016573], [-124.3674450003552, 42.711979999928715], [-124.35936699987577, 42.71238500006252], [-124.3564400003209, 42.71732000002714], [-124.34292899978288, 42.70696100004634], [-124.33704200016285, 42.70576000030685], [-124.33202199965785, 42.70910500023149], [-124.3263490002981, 42.704173000239614], [-124.32083699969849, 42.705065000291846], [-124.31961200038322, 42.70833900011914], [-124.31263500026881, 42.71262500026376], [-124.30641700021268, 42.712608999971174], [-124.30575000021591, 42.71543599972689], [-124.299442999573, 42.71201900008106], [-124.29443399983698, 42.716623000259226], [-124.291472000122, 42.71453100023871], [-124.28825299959077, 42.7177109997853], [-124.28181600014983, 42.71352300008817], [-124.27193099984883, 42.720432000128916], [-124.27208200035987, 42.725428999942174], [-124.2636780003655, 42.736720999709554], [-124.26595800001509, 42.740435000040755], [-124.25825399962947, 42.74291400004965], [-124.25342700036663, 42.73993200018887], [-124.25079500036453, 42.742418000293256], [-124.24320999980456, 42.739726999797576], [-124.24071400024494, 42.74279200028869], [-124.2436120003858, 42.74595799989572], [-124.24090599986555, 42.746506999898806], [-124.24107800029299, 42.75223099967575], [-124.23847700025306, 42.751202000288664], [-124.23989499991218, 42.74579800028362], [-124.23774300030914, 42.74426700012232], [-124.23047099974363, 42.74498399969687], [-124.21578199974599, 42.73974099995529], [-124.19774400041909, 42.74940699991938], [-124.21388600023597, 42.75136599985333], [-124.21654599982715, 42.75925299982407], [-124.22110600002463, 42.76058200006075], [-124.21942399987651, 42.767678999917244], [-124.22244199966796, 42.77013200005531], [-124.22618500008087, 42.76902900030831], [-124.23138799998564, 42.77498899999064], [-124.24080700013134, 42.77835499998359], [-124.25011400012406, 42.77735300013003], [-124.25902899958126, 42.77993000005128], [-124.2634520004097, 42.7846989998102], [-124.27175000009885, 42.7863680002102], [-124.2740280000986, 42.79020100012545], [-124.28317000023488, 42.795366999998315], [-124.2935760000445, 42.79350299971183], [-124.29427499982832, 42.79648499974225], [-124.30223199993392, 42.798699999909694], [-124.30600100028606, 42.80432199981442], [-124.2991310003018, 42.80724099985457], [-124.29891899969137, 42.808863000246625], [-124.30843200044669, 42.80701899995699], [-124.31026500020754, 42.810815999871615], [-124.30681600042085, 42.81429200012778], [-124.30274599976983, 42.825863999830645], [-124.29559899977609, 42.82606999994605], [-124.29283299987974, 42.83087199990885], [-124.29031600040368, 42.83052800027925], [-124.2897549998138, 42.8371609997491], [-124.28459600028995, 42.839630000313534], [-124.28052399998907, 42.83816500009417], [-124.27172300033469, 42.83975799977709], [-124.27307800024464, 42.84102999987858], [-124.26989100039874, 42.84657800000169], [-124.27346400003401, 42.84845500017974], [-124.2729340003046, 42.852228000233396], [-124.27809100017863, 42.85730700000777], [-124.26928999962591, 42.86247299990792], [-124.2644010004388, 42.873357999739035], [-124.25540400006747, 42.881896000151016], [-124.2606229998658, 42.88875900029539], [-124.24709700015748, 42.89527299970188], [-124.25262200027757, 42.896302999681254], [-124.25442300025132, 42.900009000261434], [-124.26702000002206, 42.90254800016132], [-124.27211999999473, 42.90651200018451], [-124.27485300027914, 42.912801999830506], [-124.27889799991748, 42.9122999998998], [-124.28393799961566, 42.916623999701024], [-124.28390500000371, 42.92083199999549], [-124.29190099956908, 42.92300699991323], [-124.29196199966846, 42.92604800031436], [-124.28760400003567, 42.93059899967826], [-124.29174199956041, 42.93274900005151], [-124.28881400018065, 42.935334999806514], [-124.29015300019707, 42.93732500031805], [-124.28426900005176, 42.93851000015985], [-124.27075800041207, 42.94718799976362], [-124.26925399964091, 42.95487700011157], [-124.25838800042206, 42.954946000076355], [-124.25827399972096, 42.951152000288296], [-124.25346699965125, 42.951314000254854], [-124.25331699986343, 42.9438090002391], [-124.24377899989204, 42.94429999987892], [-124.24387000012864, 42.94065199994561], [-124.23912900018121, 42.94094800011681], [-124.23939399959679, 42.93375099998334], [-124.21962300006815, 42.93378199973179], [-124.2194160003789, 42.91815599995138], [-124.20970799962991, 42.91822700018171], [-124.20952199985706, 42.91112499972209], [-124.21439300039917, 42.91114100005914], [-124.21420099988023, 42.904006000302914], [-124.20453700041045, 42.90392700002255], [-124.20452900001456, 42.90032700027519], [-124.19971699992199, 42.900274999747765], [-124.19969199980765, 42.8966560002592], [-124.18998399995694, 42.896696000282965], [-124.18990699996407, 42.89303199982019], [-124.1852909996901, 42.893046999891006], [-124.18530999995669, 42.88591899973933], [-124.18070600027659, 42.88599800005503], [-124.18070399972842, 42.88244999996532], [-124.1779839998628, 42.88226699992816], [-124.1786819998217, 42.873082999837166], [-124.19294599967192, 42.85775400021207], [-124.18936499964077, 42.852546000266884], [-124.19969199980765, 42.8522220000555], [-124.20365799980326, 42.84897699987177], [-124.19311499972633, 42.84205600025859], [-124.1924019996988, 42.83854699970461], [-124.18792699989014, 42.838472000258854], [-124.18432300029274, 42.841340999805695], [-124.1756189998244, 42.8386750000943], [-124.17542899985362, 42.834832000254956], [-124.17080900027999, 42.82982600032708], [-124.16919699955379, 42.8306850002596], [-124.16814299994272, 42.82829399967626], [-124.17026500030687, 42.82797599997547], [-124.16263200006634, 42.81779299991703], [-124.16014900002719, 42.81776100023402], [-124.1606579998402, 42.828287999808914], [-124.14241700012371, 42.82846299976305], [-124.14213599991632, 42.82519500021914], [-124.14659400000654, 42.824653999738416], [-124.14027300001824, 42.82011099991336], [-124.14468099987977, 42.81312199974375], [-124.14281299995882, 42.812675000147195], [-124.13373699994482, 42.81532299978428], [-124.12512799991103, 42.82179800018582], [-124.10181900000896, 42.81483700024633], [-124.10288299966575, 42.818803000058836], [-124.09651999984469, 42.81884400005018], [-124.09231500037276, 42.826390999924946], [-124.0877350000838, 42.827088000141345], [-124.08476199959988, 42.83098399968151], [-124.07891400033792, 42.826808999921404], [-124.0813499996231, 42.82526799969254], [-124.0812009996602, 42.82322000028189], [-124.07784099956197, 42.826732999952576], [-124.07775600007147, 42.832309999822144], [-124.07504200005361, 42.83142699985197], [-124.07501600011435, 42.8281249997862], [-124.0490130002859, 42.83562699982136], [-124.04511800043538, 42.84018300020063], [-124.04493099993931, 42.84406599976905], [-124.03618499963818, 42.834347999894604], [-124.01377299988664, 42.82358899987855], [-123.99981700000802, 42.82743099970854], [-123.99451199999595, 42.83236299968316], [-123.99829600041673, 42.835300999847455], [-123.99603299958724, 42.84722200019701], [-123.99840299964852, 42.85150999983092], [-123.99285199958918, 42.854853999747775], [-123.999119999874, 42.86728100016573], [-123.99666600014716, 42.86932000022481], [-123.9879249998689, 42.86662599969503], [-123.98673300016557, 42.86865899976591], [-123.9897140001471, 42.87011400030932], [-123.98828600044223, 42.87129799969891], [-123.99216200002617, 42.87118000027611], [-123.99477499976169, 42.87550499993617], [-124.00180600030278, 42.87650300001196], [-124.00120399970503, 42.88437499992777], [-124.00027200029268, 42.881403000298896], [-123.99121399982202, 42.883811999687076], [-123.97812800032973, 42.88264800008479], [-123.97835500011048, 42.885868000039984], [-123.97235299996441, 42.88248599985477], [-123.9479219997809, 42.88883800026488], [-123.94356099977506, 42.910782999830154], [-123.93189899978971, 42.910871999884634], [-123.93101699970777, 42.91595700022648], [-123.93747099976542, 42.913905999752025], [-123.93859600041995, 42.9252429997315], [-123.92464399984097, 42.92675199991336], [-123.9277019998154, 42.935868000178004], [-123.92514099995842, 42.931509999896626], [-123.92131100040523, 42.931524000082206], [-123.92159300043753, 42.92763900014266], [-123.91916499975164, 42.926697999694575], [-123.905216000444, 42.935490000324826], [-123.905172999888, 42.93913099975749], [-123.90817899998389, 42.94053499994985], [-123.90020000013695, 42.938833999787754], [-123.90000400031838, 42.932310999946644], [-123.88583900020237, 42.94342300022241], [-123.8820949999646, 42.940873999714235], [-123.88162100031167, 42.94754899992151], [-123.87406099986606, 42.95054999985008], [-123.8753210002398, 42.95499099978299], [-123.8700010001591, 42.95356299979588], [-123.86983600030268, 42.950071999915295], [-123.86447299966599, 42.94844500017542], [-123.86490799985916, 42.950317999946414], [-123.8592089996618, 42.9544760002238], [-123.86422900016682, 42.960697000216754], [-123.85995199982656, 42.96447600011124], [-123.85524699986414, 42.96221499971734], [-123.85277399987069, 42.964231999855684], [-123.8360300003544, 42.96265499985012], [-123.8142770002037, 42.96640499967451], [-123.79899499982915, 42.963740000266185], [-123.7705280002281, 42.966132000271294], [-123.76362100043389, 42.9705429997965], [-123.74871599962788, 42.97309400015425], [-123.729864999816, 42.96689500001415], [-123.7104540001375, 42.97531300006129], [-123.67645300019555, 42.97910300020406], [-123.66104899962224, 42.967846000083924], [-123.64282100032455, 42.961925999836346], [-123.64297399958711, 42.983531000154635], [-123.64089399995406, 42.98334000024136], [-123.64025700009452, 42.98835599986587], [-123.63411299965826, 42.98667500031146], [-123.63570399956974, 42.99212899990707], [-123.62650799990512, 42.99223899995837], [-123.62747399965264, 42.98764100012465], [-123.62325800031009, 42.983281000000254], [-123.61873300027268, 42.98237699987412], [-123.61426299958859, 42.97154499983241], [-123.60951499996845, 42.97964499989584], [-123.60602799964863, 42.97840200000686], [-123.60451200008019, 42.984476000136176], [-123.60871200042759, 42.98580400031482], [-123.59808200031196, 42.99035700014437], [-123.60026200040244, 42.99197899975876], [-123.59960200007836, 42.99530800020437], [-123.57491300015198, 42.99922200024867], [-123.56535400026421, 42.99588400027095], [-123.5605749997836, 42.99942999976495], [-123.56116599961241, 42.991185000033546], [-123.5580959999424, 42.98912499988093], [-123.53363299997181, 42.99086300019746], [-123.53055800027894, 42.99240499972281], [-123.53200799972515, 42.99540299970651], [-123.52765099991726, 43.00123599973111], [-123.51218000029512, 43.00603400016327], [-123.51604099981043, 43.003380000249834], [-123.50646799967897, 42.99719700003015], [-123.50717400003381, 43.000268000215755], [-123.49652600037487, 42.99809499989716], [-123.49547500023854, 43.00508300012542], [-123.49273199990836, 43.00781299978249], [-123.4845530000449, 43.007599000230265], [-123.47668299997791, 43.00269900006659], [-123.4746259999111, 43.00101799993828], [-123.4754710001831, 42.995881000270884], [-123.48045700035291, 42.993925999975005], [-123.4843780001427, 42.98806699992879], [-123.4882489997038, 42.987904000008456], [-123.48421800030914, 42.98756999976071], [-123.46082499984317, 42.99771100003392], [-123.45308600019577, 42.99805300008033], [-123.45990199975334, 43.00038800007708], [-123.46012600005933, 43.003780000075764], [-123.44689999992669, 43.00561600013015], [-123.44381099999009, 43.0085739997202], [-123.4447380002779, 43.011343999706575], [-123.4419470002671, 43.01017099989828], [-123.42983500001996, 43.01348800017916], [-123.42543200018135, 43.01189199993925], [-123.42313200044026, 43.01362599989384], [-123.39300500043244, 43.013401999800344], [-123.39264999970688, 43.009611000129915], [-123.38949499964808, 43.008470000091535], [-123.3991199996581, 43.001101000173634], [-123.39447499997011, 42.998778999724955], [-123.39187499975509, 42.99287799970777], [-123.3990009998324, 42.99311100014852], [-123.40274099987222, 42.99087800010691], [-123.4040199996142, 42.9862989999927], [-123.39789100014484, 42.988732000087445], [-123.38605400025732, 42.9887210001206], [-123.3655220001223, 42.97904099967533], [-123.38973800022065, 42.97926399991775], [-123.38729799983918, 42.974501999989265], [-123.38980500016781, 42.970534000029225], [-123.4006620000641, 42.97572899985921], [-123.40771100014854, 42.97420200005679], [-123.40470099985468, 42.97081399984099], [-123.40725900023689, 42.965272999865576], [-123.40138500013738, 42.95864499973689], [-123.40121600008298, 42.95176199992301], [-123.40610900036638, 42.95852799975224], [-123.41402700011395, 42.9560510001583], [-123.4281110000391, 42.956769000325956], [-123.43019700041822, 42.95478499981902], [-123.43353599970173, 42.95785300004813], [-123.44480699987484, 42.95358199972318], [-123.45430499966325, 42.955617000120625], [-123.45406700001189, 42.957817000118894], [-123.45797000025833, 42.95887899969621], [-123.45608600044385, 42.95720500007177], [-123.48022899984898, 42.9504460000014], [-123.49074799963648, 42.941150000087674], [-123.49592100030236, 42.94133099983716], [-123.49881500024529, 42.94810200019599], [-123.5019490003877, 42.94699599993929], [-123.50532700002925, 42.94427099987108], [-123.50799599984127, 42.93680899995628], [-123.50365800029995, 42.92445599967317], [-123.50933900005565, 42.92400399987773], [-123.50944399963764, 42.920984999712104], [-123.51478200015997, 42.9167649996923], [-123.52670500026123, 42.91555300013899], [-123.5323430003592, 42.90470400005583], [-123.54293699959148, 42.90402800026303], [-123.54527400004078, 42.89851399970563], [-123.53648099988398, 42.892851000301526], [-123.54098900020291, 42.887238000302084], [-123.55457500018572, 42.889572000309265], [-123.55888799961264, 42.89317000007079], [-123.56193999973931, 42.891848999901185], [-123.55841099958668, 42.88231600022872], [-123.54838200024392, 42.87562400028613], [-123.53586499994083, 42.8756839997062], [-123.53913999965025, 42.87779799981227], [-123.53647400021129, 42.879221999971], [-123.53767000011256, 42.88176000010864], [-123.53192800025751, 42.88194799972017], [-123.5207909999787, 42.88776599991513], [-123.52198900042815, 42.89281900000048], [-123.51613200004704, 42.888570999719526], [-123.51232400023515, 42.8931980000935], [-123.51311000005764, 42.88729399979714], [-123.51081199996639, 42.88279499996194], [-123.50145100044534, 42.879970999855125], [-123.49472899970073, 42.8733470002142], [-123.48610600032157, 42.87093600030769], [-123.48578199955814, 42.86801299970335], [-123.47381900017224, 42.865589999759365], [-123.47241700040662, 42.868793000191914], [-123.46362900027269, 42.87023399992946], [-123.46279900006931, 42.890083000068124], [-123.39133499997992, 42.89130399975676], [-123.38827199998262, 42.88456700012573], [-123.39049999975364, 42.88224099995437], [-123.38842099994555, 42.877977000172194], [-123.39016199964486, 42.86580199996121], [-123.3831889997284, 42.857394000305554], [-123.38403400000041, 42.86111599974439], [-123.37215899957972, 42.864879999899614], [-123.36604900037698, 42.87062199975994], [-123.35981000040447, 42.87020099967861], [-123.35489200000669, 42.87332299980761], [-123.35394200015268, 42.87996800012682], [-123.3559649998843, 42.88550199995399], [-123.35283599976476, 42.887006000159786], [-123.35241999983816, 42.89127800030098], [-123.34623100009436, 42.89118799987248], [-123.34519099982869, 42.913727999724145], [-123.33933699982065, 42.913720000220906], [-123.33872599990038, 42.906417999721], [-123.3342569999395, 42.90334000000751], [-123.33164400020398, 42.904390999787424], [-123.32982300013872, 42.90075400018889], [-123.32859600027527, 42.90898099988517], [-123.32333999976872, 42.90906700028079], [-123.32352100041702, 42.905703999864826], [-123.32087699982104, 42.90567799990018], [-123.32070600011681, 42.903685000291055], [-123.3090750000936, 42.9036660001006], [-123.30756700002279, 42.90743000017152], [-123.30790799960633, 42.901779999886195], [-123.30508499980853, 42.901793000033834], [-123.30356000001926, 42.904780000160805], [-123.29755700004831, 42.90636599972505], [-123.2964359995918, 42.91297399970767], [-123.28674399963461, 42.91323400032436], [-123.2883970003687, 42.91907200032061], [-123.27674100023114, 42.919673000100005], [-123.2609979997241, 42.90734199987642], [-123.252154000412, 42.903382000019384], [-123.24906899977508, 42.89828899978071]]]}}, {"type": "Feature", "properties": {"name": "No ZIP code assigned"}, "geometry": {"type": "Polygon", "coordinates": [[[-123.18353099966376, 42.73160600025763], [-123.18055100040544, 42.7316549999548], [-123.18051200004739, 42.73776500015729], [-123.15202299980673, 42.73772099985113], [-123.15223299986903, 42.7558349997088], [-123.10678199965382, 42.75556500014938], [-123.10272600014481, 42.75220299972109], [-123.05904199956824, 42.75207899976987], [-123.05952600016522, 42.754185000226514], [-123.05695199988944, 42.75525200028469], [-123.05720999963232, 42.752086999774235], [-123.0097649999978, 42.75214399977525], [-123.00974400008141, 42.759410000013794], [-122.9907280004131, 42.75953799998752], [-122.99082999962202, 42.7379140001675], [-122.99486500011295, 42.73788599968367], [-122.9949039995727, 42.72627500003641], [-122.99292500022202, 42.72408200002842], [-123.00242999968312, 42.72354600015948], [-123.00398799998264, 42.715053000317376], [-123.00191900022025, 42.708331999797075], [-122.99742799961975, 42.70592700017305], [-122.99874499989487, 42.69889500031865], [-122.99311299964467, 42.69708100003332], [-122.99314299978191, 42.64553100027725], [-122.9959039996554, 42.64892400020521], [-122.9954249999796, 42.64258299986595], [-123.00554999958182, 42.64439899972801], [-123.01731500039764, 42.65488499981677], [-123.02281700005318, 42.65440000015444], [-123.02213699963762, 42.65269400021198], [-123.03301000032576, 42.65365399988505], [-123.04151399987926, 42.649036000077174], [-123.04285999956838, 42.637912999669936], [-123.03799700032052, 42.63335099986219], [-123.0371169998884, 42.62795599980359], [-123.04526499978974, 42.619730000032824], [-123.04298500014015, 42.61269199977877], [-123.05005500014097, 42.61090300020692], [-123.04469800025038, 42.61093399999619], [-123.04427399992785, 42.60791500005819], [-123.05576900040695, 42.60917299988043], [-123.05986799957364, 42.604493000078534], [-123.06861999972257, 42.60315399967608], [-123.07219300025612, 42.604278000084854], [-123.07990299959124, 42.61578599975642], [-123.090306999751, 42.61995800016036], [-123.09385099997225, 42.626648000044725], [-123.09761699995134, 42.62761599998731], [-123.10211799969927, 42.625069000200085], [-123.11461200043615, 42.63387599998382], [-123.1349119998693, 42.637127999685184], [-123.13465699960115, 42.64161899995166], [-123.14755700021891, 42.636823000029466], [-123.14861000000506, 42.634517000197604], [-123.14965199992055, 42.64618899998615], [-123.15862800037547, 42.649492000210984], [-123.16123299971505, 42.64606699970008], [-123.15895200024055, 42.64431700002992], [-123.16914799998787, 42.641893000329326], [-123.16850299973241, 42.64687499993411], [-123.1736420000631, 42.64299000012253], [-123.18929500015842, 42.64455899979476], [-123.19295099963438, 42.642348999961264], [-123.19955200000514, 42.6447599997084], [-123.2035470003131, 42.639035000220765], [-123.19948000003511, 42.63727299993973], [-123.20095399977075, 42.636436999910295], [-123.19923800018577, 42.63084400031586], [-123.20249799982656, 42.62895999997721], [-123.21269000027426, 42.631894000093155], [-123.2187340002531, 42.62751000004198], [-123.22952599985209, 42.62621199996622], [-123.22958100010368, 42.66806499987443], [-123.21098700020977, 42.658379000265406], [-123.2089340003409, 42.64529000006849], [-123.20645899979934, 42.647353999911495], [-123.20728700035289, 42.64979800019998], [-123.20163599983611, 42.653683000320406], [-123.2035129999779, 42.6552739998379], [-123.19983900006032, 42.6621529997278], [-123.18577199985361, 42.67974300030736], [-123.17301299970116, 42.685800999890525], [-123.17400500028626, 42.69079699993812], [-123.17109899974949, 42.69263799972452], [-123.16967500024256, 42.70438199975491], [-123.1788850001509, 42.70712100018358], [-123.18197699956221, 42.71847499996538], [-123.1895949997341, 42.72072400018262], [-123.18637600010118, 42.722605000191685], [-123.18353099966376, 42.73160600025763]]]}}, {"type": "Feature", "properties": {"name": "No ZIP code assigned"}, "geometry": {"type": "Polygon", "coordinates": [[[-123.51913599959481, 46.17589000026582], [-123.50124200020795, 46.16842699974993], [-123.50284599963992, 46.15441600007413], [-123.47956900042323, 46.15419899995639], [-123.46529499962894, 46.16615299969399], [-123.44265000024892, 46.16597100000015], [-123.42282000027073, 46.15154900030245], [-123.42278799958537, 46.14043900013062], [-123.4143049999483, 46.139202999867706], [-123.41440500040574, 46.13497400012966], [-123.40921400019649, 46.127931999916676], [-123.40254000003078, 46.12658399968932], [-123.40451400025692, 46.12221100012889], [-123.39991999972425, 46.11953800018686], [-123.4033380004471, 46.11857299973929], [-123.40356600005276, 46.116340999950054], [-123.3994159999341, 46.11126399974032], [-123.38438800000273, 46.11079799988559], [-123.38322100041377, 46.11292600002828], [-123.37743600000269, 46.11333499970886], [-123.36515200022643, 46.11127400011897], [-123.36562699970425, 46.09498200005793], [-123.35848599955834, 46.093202000302036], [-123.35658199965238, 46.094689000284326], [-123.35013900036368, 46.08721499974907], [-123.35265599983973, 46.08310999995324], [-123.36537300015934, 46.08311999983137], [-123.36651600035721, 46.058441999977376], [-123.37649399964631, 46.06374900019914], [-123.38836700041718, 46.058820000266444], [-123.39553100012932, 46.05257499984564], [-123.40778599959327, 46.0550829997021], [-123.40829000028175, 46.04036200011566], [-123.47721299970733, 46.04037800021553], [-123.46708999975495, 46.0179180000306], [-123.46168299963566, 46.01515699995315], [-123.45804200022836, 46.00895300013912], [-123.45908599979364, 46.0041300002878], [-123.45076499963996, 45.9988940002966], [-123.45892000011231, 45.98928599971071], [-123.47167699971659, 45.984859000062755], [-123.4797660000667, 45.976711000021915], [-123.48475800008428, 45.97948700025491], [-123.48702100001545, 45.97179399988085], [-123.49708700006641, 45.96337299995233], [-123.4998789999021, 45.96650099974907], [-123.50584699971296, 45.96458899983355], [-123.51332900034073, 45.96695299976807], [-123.52001500020201, 45.97236499981726], [-123.53369900009406, 45.974122999838926], [-123.53813100024502, 45.978199999851064], [-123.54262399959703, 45.97506899980096], [-123.54393800039742, 45.96768499984988], [-123.55315099978046, 45.96048499996867], [-123.55164299970963, 45.958815999864996], [-123.56813000020634, 45.953580999688604], [-123.56716600010863, 45.95101300000397], [-123.57173499962862, 45.953232999941946], [-123.56206799978581, 45.97097499986905], [-123.56630199957004, 45.976208999695324], [-123.5784649998708, 45.98157599972811], [-123.57944900006001, 45.98670300017945], [-123.58574300028413, 45.992706999951864], [-123.58588100037636, 46.0013279997429], [-123.58827200035404, 46.002653999891095], [-123.5906280001716, 45.991294999854794], [-123.58938500041465, 45.987388999854325], [-123.60199200023109, 45.99362999971538], [-123.60173699996297, 45.988460000131646], [-123.60663400044433, 45.977619999979545], [-123.60675099972188, 45.95310799997154], [-123.62729899975047, 45.953149999753215], [-123.62735599965187, 45.952536000222395], [-123.62318999963969, 45.95240000019951], [-123.61639499999849, 45.941657999729166], [-123.57670900010288, 45.91714500002277], [-123.606597999561, 45.90044499995293], [-123.61035900041554, 45.895802000078156], [-123.60897600001819, 45.89107799985436], [-123.61116299978137, 45.88843200016224], [-123.63098899956158, 45.88913099990966], [-123.62687399960302, 45.885958999733475], [-123.6269840001062, 45.88160099995723], [-123.62334100015073, 45.879637000244536], [-123.6296520000933, 45.874511999846504], [-123.62619300026086, 45.87188799990915], [-123.62734800015426, 45.864808999828696], [-123.63692299993556, 45.8657230001856], [-123.64246399994916, 45.86356499981584], [-123.64496799990472, 45.85908699976879], [-123.6555899996244, 45.8515869996909], [-123.65622700038226, 45.845869999756204], [-123.6607509996964, 45.845814999956346], [-123.65866000019273, 45.842701000096326], [-123.66178299956617, 45.8400939997851], [-123.66886699981067, 45.838904999877535], [-123.67840300013225, 45.841478000082], [-123.6858000003712, 45.83932900007284], [-123.69042099976973, 45.841758000129495], [-123.69095499969713, 45.844308000051406], [-123.68429200030039, 45.84915200011837], [-123.66669000009328, 45.850868999964106], [-123.66573600004132, 45.86022700015125], [-123.67522700015704, 45.86019799998016], [-123.67912100018263, 45.856746000110995], [-123.68357000005204, 45.856631999743456], [-123.68700600031823, 45.85811800027297], [-123.68478100002194, 45.859169000234054], [-123.68694100002092, 45.86310099997474], [-123.6855740004154, 45.86752999983098], [-123.69343600008648, 45.86910799998592], [-123.70074999958645, 45.867070999710634], [-123.70351600038116, 45.8715140002775], [-123.71020999974004, 45.87249500027249], [-123.71047699970372, 45.88071899991407], [-123.715819000424, 45.89417700029434], [-123.69833900041561, 45.90765100019244], [-123.69821399984382, 45.91092400021111], [-123.7051170003384, 45.917756999843974], [-123.70999800002792, 45.91798500019603], [-123.73272500032205, 45.908787999934354], [-123.74333100014819, 45.907566999793964], [-123.73993599988984, 45.918679000276725], [-123.72984399989963, 45.92341699989505], [-123.7333909995956, 45.927922000073124], [-123.73231699989304, 45.93464299976811], [-123.7358900004266, 45.93784199999372], [-123.72843299991315, 45.94039299975263], [-123.7354030003549, 45.948804000280155], [-123.73366400030538, 45.953180999928556], [-123.79099699971562, 45.95326800030786], [-123.79614299971901, 45.94547900002633], [-123.79458000029493, 45.941002000118964], [-123.80424600031282, 45.92598299992286], [-123.80523399980166, 45.920781999956766], [-123.81544799999064, 45.922306000031526], [-123.81249999962105, 45.92509499988492], [-123.81430099959483, 45.92582699990682], [-123.82190100022339, 45.92388299997091], [-123.82435800032331, 45.92779199994802], [-123.83448200010059, 45.926305000034716], [-123.83746200025722, 45.928156000155354], [-123.84090099999817, 45.925892000123035], [-123.83998200010632, 45.922462999784386], [-123.84882299994369, 45.917637000104676], [-123.8615300002176, 45.917083999905536], [-123.86647600020443, 45.91423299972056], [-123.87127999990108, 45.91575399981826], [-123.86775199957334, 45.91831600028704], [-123.86972400014967, 45.92240599985384], [-123.8787800000722, 45.923278000214125], [-123.87962199997115, 45.92864899979481], [-123.88780000000972, 45.925651999955555], [-123.8820949999646, 45.931586999701985], [-123.88198799983446, 45.939405000288566], [-123.8800739998828, 45.940587000056865], [-123.88626099997677, 45.94487300027871], [-123.88601499992946, 45.95578399973271], [-123.89445499990885, 45.961389999953994], [-123.87991800024717, 45.95904400006054], [-123.87707199998486, 45.9556800000727], [-123.86753499983838, 45.953211000182485], [-123.85663699993418, 45.9566479999308], [-123.86500900014151, 45.95951099970424], [-123.86481499997277, 45.96197999990915], [-123.8732099997463, 45.965723999764045], [-123.87585699981699, 45.96935799971435], [-123.87292400041433, 45.97347399976751], [-123.87551899970819, 45.97683300012774], [-123.87300200023215, 45.984103999807104], [-123.87500400004737, 45.98593199985544], [-123.87360099955853, 45.99189900031131], [-123.87800799959514, 45.99573999969716], [-123.8747880001373, 45.99811600015178], [-123.87704900041862, 46.00118300023535], [-123.86839799965374, 46.00584900029098], [-123.87218700009736, 46.01297100000572], [-123.8766600002562, 46.01337299986007], [-123.87679099977744, 46.01529900017209], [-123.87182300004929, 46.01862400019899], [-123.87324099970843, 46.02383600013684], [-123.86717699963809, 46.03051399974679], [-123.86710100036842, 46.011102000231595], [-123.86407099998307, 46.01112299997705], [-123.86152400036981, 46.01782900016655], [-123.85548899971347, 46.0204109997585], [-123.85755699965094, 46.0208649999444], [-123.85835000004442, 46.02740399991151], [-123.84098499966376, 46.0206670002805], [-123.83849900014984, 46.028808999955], [-123.83373499973789, 46.03351999980523], [-123.83203099984847, 46.04179600009742], [-123.82192100031489, 46.04241400021542], [-123.8219870004371, 46.04609500027576], [-123.81594699975793, 46.043580000300516], [-123.8082650000119, 46.04572900017769], [-123.80630199965641, 46.04806299990781], [-123.80741100041739, 46.0548729999178], [-123.79825000001456, 46.05754700022791], [-123.78567499998512, 46.05342999993989], [-123.7815740002703, 46.04722400026331], [-123.78587800037471, 46.05438600027473], [-123.77351099985947, 46.05743599984614], [-123.77264100037141, 46.052763000156546], [-123.76426999998901, 46.05179199986845], [-123.75980699987592, 46.047775000052795], [-123.76648299969143, 46.03934099971081], [-123.75860199975378, 46.04036699987454], [-123.76113500002167, 46.03784900030353], [-123.75728799985173, 46.0382770001115], [-123.75515999963982, 46.03436600019973], [-123.7477900000633, 46.03295899979754], [-123.74196899966722, 46.0231059999304], [-123.7292649997664, 46.01461100013457], [-123.72473300005633, 46.005871999937966], [-123.70684899981687, 46.003456999768446], [-123.70562699997633, 46.004493000051625], [-123.70898299987661, 46.00462700027694], [-123.70845899999496, 46.00652299997861], [-123.7210559997657, 46.00697700000689], [-123.73278899989613, 46.0207720001055], [-123.7356300001356, 46.03229500020684], [-123.74040700006806, 46.0347800003041], [-123.74819299957112, 46.04589800005244], [-123.74233100006549, 46.04640699987572], [-123.73480999997797, 46.05346999975875], [-123.73471299989356, 46.05605300018696], [-123.73264099975812, 46.05362800006908], [-123.73460599976345, 46.050627999825096], [-123.73354100028173, 46.048833999805325], [-123.73040999961404, 46.05312299996064], [-123.73057799984355, 46.057971999890846], [-123.72709499972166, 46.0535750002363], [-123.72683399960577, 46.05665099977991], [-123.72079100035012, 46.0560809997307], [-123.72066400012851, 46.062691000132], [-123.71639199981115, 46.060346000103436], [-123.71771099973606, 46.05656700010294], [-123.70489800005528, 46.05311300025757], [-123.69176399998413, 46.04488399990726], [-123.67814000036651, 46.04687300016929], [-123.66939099969233, 46.04362600000039], [-123.65707099993104, 46.04728299978841], [-123.65619899989487, 46.049667999770456], [-123.65978800032194, 46.05378499996914], [-123.67023500013944, 46.05458300014961], [-123.67479100013892, 46.059835999851074], [-123.66212800024599, 46.06449800010196], [-123.65919300029519, 46.06887500010243], [-123.65235500009796, 46.06874400008171], [-123.646275999959, 46.07363400027648], [-123.63294000022151, 46.07403999978517], [-123.63145899991484, 46.076896999908165], [-123.62118600017465, 46.0725520000249], [-123.62121399976371, 46.06720299979702], [-123.61716999995028, 46.063936000093165], [-123.62212500015798, 46.058402000019655], [-123.62185499982122, 46.052412999707755], [-123.61438700033547, 46.05074500025551], [-123.60895199972876, 46.05308199991953], [-123.59919899967223, 46.05073100006786], [-123.59805100034983, 46.05239999992625], [-123.5838989997543, 46.049407999988524], [-123.5851170002952, 46.05882699995881], [-123.57986599981153, 46.06641699987084], [-123.58324900037428, 46.06593699985945], [-123.58151299979951, 46.06903600025391], [-123.61053699979249, 46.0690569998055], [-123.61065099959528, 46.083256000236815], [-123.5685369999121, 46.08356599977968], [-123.57028400035752, 46.084287999792636], [-123.56895600021177, 46.09816300012135], [-123.56438000012078, 46.09817199998515], [-123.56404299983689, 46.10085500020148], [-123.55461000034578, 46.10388299999999], [-123.5374519996544, 46.11902800024283], [-123.54041000006968, 46.12096299998833], [-123.54272499987938, 46.11456099974071], [-123.55286299990036, 46.11186399994377], [-123.55164600008268, 46.119659000303656], [-123.55434099983397, 46.122127999954316], [-123.56574799955119, 46.123362999976976], [-123.57699199996011, 46.135154000180435], [-123.57978899981863, 46.13302599999985], [-123.58202400016069, 46.137119000124855], [-123.58173399973244, 46.14676700019791], [-123.56917600031979, 46.14107200005327], [-123.56902300015891, 46.154873000078545], [-123.55825999997393, 46.15486600012613], [-123.55992399968036, 46.168604999809254], [-123.52523300017542, 46.1705839998547], [-123.5264840003283, 46.176097000250955], [-123.51913599959481, 46.17589000026582]]]}}, {"type": "Feature", "properties": {"name": "No ZIP code assigned"}, "geometry": {"type": "Polygon", "coordinates": [[[-123.47708300001099, 45.90970500030717], [-123.46608800002242, 45.91838799990569], [-123.46765999966735, 45.92300800027468], [-123.46172799984147, 45.92529599970048], [-123.46307600007873, 45.93046599974189], [-123.43136300018229, 45.93135999993774], [-123.4280549999626, 45.926947999896846], [-123.42418799970116, 45.926810000070645], [-123.41973100033417, 45.936250999745475], [-123.41304499957458, 45.93865100024579], [-123.40967000030605, 45.937712000004645], [-123.41016400005047, 45.93414599993374], [-123.4032510004085, 45.93375599992277], [-123.39401999968545, 45.921887999872745], [-123.39409000000568, 45.917086999697744], [-123.38845299973258, 45.92055899981499], [-123.38065999965848, 45.918247000304504], [-123.37386900021525, 45.919365000059976], [-123.37435499956374, 45.91544499982469], [-123.36064999975528, 45.91157699988265], [-123.35984600038947, 45.91677000013651], [-123.35294000042018, 45.9195920001685], [-123.35080499963722, 45.92577400002984], [-123.34642400043822, 45.92712699975763], [-123.34649100038536, 45.92902399999829], [-123.33076799996982, 45.9362290001179], [-123.32781999960024, 45.936321000035925], [-123.32693400021867, 45.93355399988984], [-123.33149299969293, 45.92975300030183], [-123.32430700023947, 45.93329999982487], [-123.32688900001283, 45.94418799992282], [-123.32302799959918, 45.94854100021923], [-123.31572300032003, 45.94873200016432], [-123.31238699961295, 45.9577879999097], [-123.31038800017075, 45.95808499981169], [-123.31402600010333, 45.94974100011292], [-123.31284500027064, 45.94432300004259], [-123.30661899981861, 45.94153400000546], [-123.30301400039632, 45.947432000166295], [-123.29593699982449, 45.94295000011973], [-123.29408700034521, 45.93850100001705], [-123.28147499960757, 45.93458400000191], [-123.27999400019922, 45.93599100012426], [-123.28485200032254, 45.93924099991562], [-123.27648799961283, 45.937669000210285], [-123.24585500016502, 45.94214899970548], [-123.24184700033659, 45.94480799981966], [-123.24137100013553, 45.949556999687815], [-123.22901600021416, 45.95212500000607], [-123.21285500013069, 45.965054999881296], [-123.20715000008556, 45.96485100022487], [-123.20452800012922, 45.967846000195074], [-123.20501799967568, 45.961673000266714], [-123.20878700002781, 45.95849499973323], [-123.20695000006903, 45.95538599999001], [-123.20858899966109, 45.95417400001739], [-123.2062939999429, 45.952871999803364], [-123.20832500007046, 45.95122500016647], [-123.20622699999574, 45.949807999715446], [-123.19829699965429, 45.9501979998772], [-123.20242699968146, 45.95492999978399], [-123.19728099967806, 45.9556620000997], [-123.19751099983183, 45.95865699974033], [-123.19397199963348, 45.96030299979542], [-123.18856299986435, 45.96105700010027], [-123.18649900012483, 45.96003000028803], [-123.18697799980062, 45.95616200022791], [-123.17887099990719, 45.95482400002036], [-123.17477400039029, 45.95868700015224], [-123.17902400006804, 45.9626899997702], [-123.17127000035202, 45.965082000257034], [-123.16487900004354, 45.95814199991987], [-123.1672409997089, 45.951843000196206], [-123.16567699956157, 45.94622099992317], [-123.16223899964552, 45.94415600027194], [-123.16826199970797, 45.93919699990062], [-123.16316199973534, 45.933155999837076], [-123.16434000009329, 45.930400999886956], [-123.16108899977499, 45.93015299979838], [-123.16031800002115, 45.927375000254365], [-123.15324999967017, 45.9265310001069], [-123.14384800014122, 45.91863199986269], [-123.1514930000773, 45.90490500009757], [-123.17683999977962, 45.902990000115224], [-123.18004900026511, 45.90159600019744], [-123.18122800044796, 45.89658899981442], [-123.19422600007668, 45.895171000180554], [-123.20624000041452, 45.88952299996688], [-123.22843100023314, 45.88826200020699], [-123.23126300025177, 45.88583900003083], [-123.25262100039222, 45.89397299987849], [-123.25008099955335, 45.90128400012375], [-123.23895599986844, 45.90635699978892], [-123.23948599959787, 45.90992799969184], [-123.23701000012969, 45.91177799992071], [-123.23957400035972, 45.916113999849365], [-123.27242600025603, 45.91880199996183], [-123.29162000019957, 45.91734499996751], [-123.3071800004085, 45.9132539998318], [-123.31134399987253, 45.91418299996662], [-123.31019200035216, 45.91693500002369], [-123.32174800003231, 45.91858400013011], [-123.32081300024693, 45.91552900017527], [-123.32374399999975, 45.9134240001572], [-123.33935600008721, 45.91477399991487], [-123.33963700029462, 45.91296799978597], [-123.32791099983685, 45.9104630002999], [-123.32866200039753, 45.90474900020128], [-123.3240770000857, 45.902829000151065], [-123.32486200008323, 45.90074899981567], [-123.32135800004497, 45.89722899995057], [-123.32479500013609, 45.89048400022821], [-123.32227399956378, 45.887374999784235], [-123.32252299998412, 45.87857900012333], [-123.32434599969922, 45.878401000017064], [-123.32563899968487, 45.8718149999011], [-123.33683299986508, 45.87204099982914], [-123.34216700018943, 45.86849499970491], [-123.34275399982029, 45.865180000069024], [-123.351984999645, 45.86853699976232], [-123.3580689998068, 45.86540299999496], [-123.36061399977025, 45.86649199997471], [-123.35892099975153, 45.8354280001723], [-123.34983899988971, 45.83615299988415], [-123.34367400043536, 45.83274100008865], [-123.33518900025014, 45.840472000126354], [-123.32475199958006, 45.840113999841], [-123.3270349996027, 45.83555100026469], [-123.32318800033109, 45.833933000173054], [-123.32551300018649, 45.83129800027432], [-123.32279800034374, 45.828010000291705], [-123.32756100003247, 45.8260989999401], [-123.32696799965554, 45.81244099990933], [-123.33003300020097, 45.813137000091594], [-123.33642299978625, 45.81235700018432], [-123.33857399956439, 45.81364800015582], [-123.33821000041465, 45.81681300016266], [-123.339433999905, 45.815316999903175], [-123.33842899979943, 45.81295200009841], [-123.33672499991005, 45.811669999824964], [-123.3266200003993, 45.812006000231044], [-123.32217800020261, 45.80785100029382], [-123.32353499976237, 45.80445799991771], [-123.31390899992745, 45.797175999779384], [-123.29872199998745, 45.79877399989445], [-123.29610199968091, 45.80135100018246], [-123.2890099999388, 45.80054099982439], [-123.28489900017821, 45.80194599993268], [-123.28426200031866, 45.805367999848], [-123.27888600016148, 45.80415299983559], [-123.27848000028064, 45.800192999779256], [-123.27408800031266, 45.796603999890415], [-123.27796200024679, 45.78914200026889], [-123.27430300039781, 45.788052000260755], [-123.28353800042048, 45.780045000070885], [-123.35603600002945, 45.77964500012928], [-123.36153699986006, 45.777863000283475], [-123.36104599959039, 45.743418000187624], [-123.30367399982208, 45.74321700002151], [-123.30282799972517, 45.740344000265374], [-123.30687200043691, 45.73268699991995], [-123.31928099988666, 45.7240299997628], [-123.34531499967724, 45.716499999761545], [-123.33773400021359, 45.7132850000771], [-123.33228000023861, 45.70775799981173], [-123.34495700037527, 45.70706299992246], [-123.3331320001833, 45.70507499989926], [-123.33407299981648, 45.70344600019723], [-123.31138499988043, 45.70728499974683], [-123.30946799955568, 45.70438299987933], [-123.31289299995123, 45.70113499976599], [-123.31139099972819, 45.69803799972311], [-123.32046699974222, 45.69396299983735], [-123.3218109997815, 45.6888569998356], [-123.32772599988891, 45.68750700016424], [-123.33653099974129, 45.6801419999837], [-123.33778000024432, 45.690312000203775], [-123.34273299990387, 45.68965599988384], [-123.34942200013818, 45.696282999908554], [-123.34866800010278, 45.694573999822374], [-123.35242400003614, 45.69202100001561], [-123.3454929999525, 45.686490000213816], [-123.36017899957707, 45.689788000264286], [-123.36367900031568, 45.68644600024666], [-123.36305800034967, 45.68193000030049], [-123.37443999995256, 45.68076999985019], [-123.37570199997609, 45.67736799994243], [-123.37862900042926, 45.67733300022709], [-123.37872099959245, 45.67939199982805], [-123.40109899990713, 45.67945499986888], [-123.40110700030303, 45.69435199971881], [-123.41508900012091, 45.69430499977037], [-123.41094999987295, 45.69006000019895], [-123.40499499958254, 45.68910900024032], [-123.40808400041746, 45.68678199974642], [-123.40696899980868, 45.681157000298136], [-123.4106450002744, 45.679879000261145], [-123.40698499970222, 45.676713000205524], [-123.41236800043038, 45.67397699995283], [-123.41128200013395, 45.670517999911496], [-123.41715700005841, 45.67140699987971], [-123.41687599985102, 45.66897099971501], [-123.42037999988928, 45.66686599987162], [-123.41956399992958, 45.6632309999553], [-123.42362700000962, 45.66156000017285], [-123.42828500011638, 45.66459700025867], [-123.43504299994765, 45.66437300030598], [-123.44156399995248, 45.66332100015349], [-123.44378199967777, 45.66052200010465], [-123.44384899962493, 45.65067799998669], [-123.42300199984562, 45.65061999995176], [-123.42327300000727, 45.63617599996874], [-123.3802160001428, 45.635752000168345], [-123.38066300003153, 45.621984999805065], [-123.34049900028505, 45.62220099991452], [-123.34041600044436, 45.6149610002752], [-123.33653099974129, 45.61341000015915], [-123.31022499996413, 45.60730999999442], [-123.29943800038804, 45.60724699984021], [-123.29925799956465, 45.593017000115765], [-123.32021099964918, 45.592984000047466], [-123.31999700028724, 45.57868400007782], [-123.34710099958242, 45.57870999980287], [-123.3460999996748, 45.57654999973781], [-123.35035299972562, 45.57567699983188], [-123.35261300018205, 45.57175800000638], [-123.3612079999721, 45.56697899989983], [-123.35995000014655, 45.55730999996178], [-123.35252299977033, 45.55260099981779], [-123.33355200030786, 45.5476100001994], [-123.33180300021263, 45.5354409997413], [-123.320592000314, 45.53344499973111], [-123.31271999969887, 45.52919899988227], [-123.30434599984173, 45.52872500028711], [-123.31046699981347, 45.52648799976325], [-123.31433300024999, 45.516767999975926], [-123.308362999891, 45.507485999856186], [-123.30534299955139, 45.49051399975342], [-123.30861300013625, 45.488824000207394], [-123.30563299997962, 45.48806200009637], [-123.30749300040293, 45.484628999961906], [-123.30262100003593, 45.481498000198975], [-123.34508899972144, 45.48144099988402], [-123.34432800001333, 45.478367999894104], [-123.33433899995526, 45.47110299998187], [-123.336544999985, 45.46434500025058], [-123.32711400014374, 45.46650199973039], [-123.3177429996786, 45.46473699979089], [-123.31447399981697, 45.46765800003974], [-123.31072000043177, 45.4657550002667], [-123.30567200033767, 45.467924999946085], [-123.29578700003665, 45.46615500002486], [-123.29438400044614, 45.46804900005062], [-123.28667099983969, 45.46416599977899], [-123.28463600041248, 45.46517099988256], [-123.28087600028118, 45.46098099978294], [-123.27382999967148, 45.46061600005851], [-123.27143500039415, 45.45655700003568], [-123.26449900028764, 45.45462499995453], [-123.26383899996357, 45.45121900015864], [-123.2564069995645, 45.449645000280285], [-123.25690399968195, 45.44705699977877], [-123.25336299983375, 45.445253999685576], [-123.25751399977732, 45.44006599974781], [-123.26936200043384, 45.435450999734975], [-123.29543200020943, 45.437073000288876], [-123.29634299970536, 45.439187999939264], [-123.29980599973574, 45.43646900006904], [-123.32230500042422, 45.4343010002499], [-123.30267700011242, 45.43381799975637], [-123.30125000023246, 45.431565999797705], [-123.29480500039561, 45.43144799970445], [-123.28925500016119, 45.4263140003113], [-123.2805480002181, 45.42521700012967], [-123.28870299979215, 45.42171799971255], [-123.29181900039119, 45.416139999688916], [-123.29819499973276, 45.41651700007534], [-123.2989730000576, 45.41959300015283], [-123.30954100024893, 45.422077000308825], [-123.31588499980344, 45.42763200020184], [-123.31975500043791, 45.42638000008199], [-123.32660299978257, 45.43002999982486], [-123.33670599964346, 45.4307440002293], [-123.3425379999102, 45.425202999838994], [-123.33444899956011, 45.41981300005924], [-123.33544899964282, 45.41801800000659], [-123.32885700039121, 45.418021000180744], [-123.32591200039465, 45.414054000157805], [-123.33447600022261, 45.41224800004099], [-123.33222699963684, 45.41051400011146], [-123.33242400017865, 45.40387700003444], [-123.33405500027314, 45.402883999694716], [-123.33445299975806, 45.40529900013613], [-123.34136799994819, 45.40154500006526], [-123.35021999965623, 45.40148999972227], [-123.34874199972263, 45.404083999812315], [-123.35115799981465, 45.40534499990543], [-123.34712200039714, 45.40963399988715], [-123.36802000023006, 45.40700600008425], [-123.37031699959807, 45.40433399978209], [-123.3623849996068, 45.39160399986048], [-123.3527949997569, 45.38711000000695], [-123.35092000016326, 45.38433799973564], [-123.35227599989813, 45.38077800028815], [-123.34179100044581, 45.3748910001138], [-123.3395309999894, 45.36983800026938], [-123.34971199966809, 45.37043399989143], [-123.34841600020768, 45.37167699987789], [-123.34873000002707, 45.37244100010455], [-123.35437999982062, 45.37031400025226], [-123.3558080004238, 45.36658399980396], [-123.35981799990203, 45.368346000262925], [-123.36060500044773, 45.37165099974968], [-123.36468199987313, 45.37199099970533], [-123.36461099972801, 45.36937300008258], [-123.36677900012292, 45.369251999795374], [-123.37892099960898, 45.371326000294324], [-123.38108599963083, 45.369218000012296], [-123.38778099971294, 45.36946600029958], [-123.39274199976842, 45.36555199995174], [-123.40875899991183, 45.368894999791635], [-123.43271499971917, 45.38364500003853], [-123.42612299956924, 45.3755680001368], [-123.43364299983187, 45.37704800026262], [-123.44195599958964, 45.3849899999267], [-123.44938200014094, 45.38598799988315], [-123.45486200005516, 45.38076599988043], [-123.46409200005496, 45.379328000203124], [-123.46288000026016, 45.35439000003494], [-123.45342900032742, 45.35439000003494], [-123.4482330000953, 45.35082900030575], [-123.43876200007107, 45.35277099988892], [-123.43898700020198, 45.354601000194165], [-123.43608499986316, 45.351816000015084], [-123.41630699976352, 45.35265599978909], [-123.4070900001825, 45.345518000017194], [-123.39499800002687, 45.34104199975695], [-123.39608699979803, 45.33750500029841], [-123.39186200023461, 45.334671999737715], [-123.39365599963737, 45.33428600022106], [-123.39260799987409, 45.330828999916335], [-123.38713399980763, 45.327607999765014], [-123.38980000014492, 45.32771600000171], [-123.38971200028138, 45.32361799999446], [-123.3816520002436, 45.32206700031048], [-123.36665899957401, 45.31356400016402], [-123.36967200024091, 45.312754999834716], [-123.36001100024589, 45.31036699980546], [-123.37011699958155, 45.310751999901164], [-123.37919900034166, 45.307470999694544], [-123.35648000044345, 45.30355700003003], [-123.367988000443, 45.294283999880385], [-123.37789700013515, 45.295912999730064], [-123.3734230001514, 45.29297799989125], [-123.37432899962447, 45.28886299971777], [-123.35803600019483, 45.288860000272706], [-123.36197399970307, 45.28624600004282], [-123.36202899995465, 45.28135200022775], [-123.35109300041564, 45.27982799988594], [-123.34261800027616, 45.275668000015905], [-123.35595700038674, 45.27723499981632], [-123.36001100024589, 45.27431000008653], [-123.35998199993358, 45.27257999984789], [-123.35122700030993, 45.273196999993715], [-123.34531399985232, 45.2679260000861], [-123.34382199967503, 45.261661000042814], [-123.34548999957941, 45.2573040001172], [-123.35072500016959, 45.254668999968395], [-123.35146599978621, 45.25770700028821], [-123.35846399981702, 45.25971199984929], [-123.35974400028222, 45.26227000027537], [-123.36164900001307, 45.26082599974955], [-123.36036400042332, 45.25819200025097], [-123.3682539996835, 45.26187699998832], [-123.38092499997236, 45.25979200016531], [-123.36488500026273, 45.25255300025416], [-123.36516700029503, 45.25012199980607], [-123.37416299994311, 45.24807600026028], [-123.37449699985395, 45.24538100007144], [-123.36915800040504, 45.241411999922846], [-123.36998299968725, 45.23836699972069], [-123.38044499957333, 45.23862199983487], [-123.37054000007916, 45.237775000101216], [-123.3741610002933, 45.22825999998316], [-123.37289000004894, 45.21807499999531], [-123.38407400018339, 45.21957500013625], [-123.39091099965741, 45.22734400020201], [-123.39615899976803, 45.22603899980272], [-123.39739200037756, 45.222543000204475], [-123.4025550000994, 45.223211000179035], [-123.40105100022654, 45.21521299987462], [-123.41168499964176, 45.205227999699204], [-123.41316699977332, 45.196109000259995], [-123.41144299979244, 45.19317799979649], [-123.41980099975605, 45.18638300000007], [-123.4319359995694, 45.18657200002635], [-123.43192999972165, 45.17947499977074], [-123.4425020001109, 45.17946000024335], [-123.44239400015587, 45.18294899992198], [-123.4452680000073, 45.179146000237765], [-123.4549569995914, 45.17505700020136], [-123.45969000004125, 45.178400000205706], [-123.4599269998677, 45.185170999901466], [-123.46246199978542, 45.18861599982421], [-123.45629200030818, 45.200943999770814], [-123.4630529996142, 45.201635999819466], [-123.4635179999446, 45.21631199994417], [-123.4837660003975, 45.21527999969394], [-123.48267799955295, 45.21202399979994], [-123.4895729996516, 45.203991999830144], [-123.49467500017238, 45.20405500003825], [-123.49458300011086, 45.20597500007161], [-123.51252900027457, 45.202842000218325], [-123.51059600005632, 45.20607400026176], [-123.51274000016177, 45.20644099991085], [-123.52185899983348, 45.20196000000075], [-123.52428400014635, 45.20494000013841], [-123.5338279999655, 45.19643200008697], [-123.53634600016478, 45.20328300026315], [-123.5348489999646, 45.20530200003656], [-123.54932299987706, 45.20475599986667], [-123.55774100011519, 45.209493000173296], [-123.55738799993776, 45.20067899986875], [-123.568285000017, 45.198946000043755], [-123.56944999995619, 45.1923130002498], [-123.56658399960236, 45.19074200027216], [-123.56761499964719, 45.18811400000955], [-123.56378699974384, 45.18069400020379], [-123.55301799971107, 45.17707499979616], [-123.54836999965005, 45.16620500010296], [-123.53900499993105, 45.15461900029491], [-123.55412200044915, 45.15308999990942], [-123.55328899987272, 45.151475000224565], [-123.55702999973745, 45.148892999807686], [-123.56430499977769, 45.14694800000784], [-123.58615800038581, 45.14801200030156], [-123.58607800001985, 45.14074299988159], [-123.57943800018934, 45.138541999902266], [-123.58257399998158, 45.13346100016674], [-123.5814199999131, 45.128595000161944], [-123.58574099973596, 45.12701899982517], [-123.58637400029588, 45.1237350000139], [-123.58867099966389, 45.126086999709614], [-123.58930900024664, 45.12448000014434], [-123.57429800003374, 45.11154899989058], [-123.57288899969713, 45.10955299993502], [-123.57407399972774, 45.103792000066704], [-123.57644899981186, 45.10392299972647], [-123.57413400000219, 45.10693499975378], [-123.575822999823, 45.10933000016682], [-123.5828209998538, 45.10527699970235], [-123.58732800034784, 45.10705699994105], [-123.5839270002417, 45.10952000015788], [-123.59798799970233, 45.10858400020504], [-123.59970099981255, 45.114697000203], [-123.60358099959447, 45.11711599976315], [-123.60204499993455, 45.11862699970781], [-123.60597099974723, 45.119633999752836], [-123.60648200010837, 45.12250400025433], [-123.61400099964779, 45.113633999848645], [-123.61159700014963, 45.10726500019957], [-123.61657400009864, 45.098072999724764], [-123.64484999990395, 45.10176800009833], [-123.64488099986609, 45.09970799973249], [-123.65009800001461, 45.10688899981296], [-123.66133200037778, 45.11058700019374], [-123.6690219996214, 45.10755399977611], [-123.68120800038669, 45.109591999762294], [-123.68345700007414, 45.11046100016995], [-123.68192200023913, 45.11655499986109], [-123.68633000010064, 45.116662000191226], [-123.68895899972968, 45.11348299994434], [-123.69994500039574, 45.109427999967544], [-123.70141199956035, 45.11403500021609], [-123.71309100016244, 45.11720899990549], [-123.71413800010082, 45.127335999794866], [-123.71009199973923, 45.12551200027772], [-123.70778799980023, 45.12742499990546], [-123.70160099970626, 45.12689699984522], [-123.699274000201, 45.123696999897035], [-123.6988459996805, 45.12732800007723], [-123.69537799962724, 45.12970700024075], [-123.70836899958327, 45.13058900003713], [-123.708342999644, 45.13827499986809], [-123.71156499964998, 45.143811999958885], [-123.72082399996211, 45.142719000297255], [-123.72292899970947, 45.145112000185506], [-123.72971900022614, 45.14491699988717], [-123.72969400011178, 45.15679800017854], [-123.74290799965058, 45.153454000148216], [-123.74360800015761, 45.1436760001738], [-123.74870200028248, 45.14854599978884], [-123.75451100008469, 45.148324999873374], [-123.75576100041265, 45.14648699984419], [-123.7516690000203, 45.1448079996962], [-123.75575899986451, 45.144792999909384], [-123.75713999971373, 45.140392999992535], [-123.76597600042655, 45.13796699992753], [-123.7560190001555, 45.13561200031553], [-123.75761099989191, 45.12972200019395], [-123.75547099998444, 45.123740999863216], [-123.75993300027258, 45.117943999971615], [-123.75315100015187, 45.11861099973048], [-123.75502900011854, 45.110759999748105], [-123.75141299992728, 45.108280000256215], [-123.75367500003352, 45.10652500026959], [-123.75050800027914, 45.10497799993343], [-123.75138399961496, 45.09961200031492], [-123.74562800041451, 45.098401000043694], [-123.74152400032663, 45.092433000220794], [-123.74358600041631, 45.091761999750325], [-123.74210900030762, 45.087511999889266], [-123.73664299973878, 45.08821200018321], [-123.73634499981294, 45.084498999926055], [-123.72884999966469, 45.08431199984644], [-123.72971099983022, 45.08067999995855], [-123.72688700020751, 45.07859499973077], [-123.7222540002151, 45.08195099983551], [-123.71361300039429, 45.081036999786676], [-123.71473800015045, 45.076213999999], [-123.74688899971481, 45.07668999968743], [-123.74880199984159, 45.07427000005217], [-123.75423499990016, 45.07414999979937], [-123.75558700033537, 45.06901999998772], [-123.76109999986157, 45.0698129996903], [-123.76216900043957, 45.06927000020141], [-123.76267999990242, 45.069364000125816], [-123.76302899988187, 45.069335999948514], [-123.76307200043789, 45.06930900026307], [-123.75097600008428, 45.06485799974841], [-123.74348099993601, 45.05819499980443], [-123.74276899973341, 45.0616950000944], [-123.73647399968438, 45.06319700012301], [-123.73151199980401, 45.06012399970023], [-123.7330049998062, 45.05299999973825], [-123.72790900003154, 45.0479400001351], [-123.72462000007843, 45.04890100014377], [-123.72452999966671, 45.061537999840866], [-123.7225989999966, 45.053648999799925], [-123.71784700017851, 45.048719999835484], [-123.71136600035665, 45.05315800010884], [-123.70613300031464, 45.06517100004651], [-123.7001549995597, 45.06068100008391], [-123.69072299989354, 45.060879000293696], [-123.68140199965713, 45.057653999883094], [-123.66829100005053, 45.06071100010208], [-123.68158699960506, 45.05522900020042], [-123.68997100040625, 45.044646000015724], [-123.68162599996313, 45.04634600018278], [-123.6808209998741, 45.04136199979439], [-123.67549999996851, 45.04129300031192], [-123.67252999985763, 45.04424499982949], [-123.65424999978309, 45.04756799987131], [-123.64830700008658, 45.05130100014189], [-123.64322999968013, 45.049369000231835], [-123.64617200020194, 45.043285999686844], [-123.65571400037128, 45.04119100020704], [-123.64715800004095, 45.03801100016087], [-123.64237199988764, 45.030166999716585], [-123.64377200000345, 45.02720799974516], [-123.65522399992653, 45.02711399972171], [-123.65355600002212, 45.0186219997574], [-123.65664300030888, 45.0159429997233], [-123.64694600032884, 45.01633600009141], [-123.64493600011767, 45.019093000222064], [-123.6365809996288, 45.01837199972846], [-123.63762699974227, 45.01621900003113], [-123.63532399962816, 45.01646499992965], [-123.6333009998965, 45.02085699981296], [-123.62678400008967, 45.016499999806136], [-123.61861699992176, 45.015261000298516], [-123.61935500006362, 45.013180999887624], [-123.61373799988203, 45.012825999713876], [-123.61558499988658, 45.009913999731594], [-123.61502599984483, 45.00832199980644], [-123.6014990003116, 45.01850200018454], [-123.59859600014788, 45.01688400005766], [-123.59244000001603, 45.019733999964735], [-123.5898549998696, 45.018571999965914], [-123.57769999996476, 45.02453300025077], [-123.57168899959788, 45.020885000235126], [-123.57296400004019, 45.00982699991928], [-123.5810619997128, 45.005009000008755], [-123.58705800001108, 44.99672099986246], [-123.58244299956203, 44.987762000175245], [-123.58419099983234, 44.978427000026514], [-123.6016700000158, 44.97048999983206], [-123.56509499979812, 44.97013900020678], [-123.56048799974496, 44.96483399989925], [-123.54233400006711, 44.9644709998843], [-123.53393099989766, 44.960169999747364], [-123.5335109997731, 44.96353099969887], [-123.52646000003882, 44.96028199987118], [-123.52072400003156, 44.96453299995142], [-123.52076000001657, 44.96046300013699], [-123.51763599991989, 44.95970700014472], [-123.51986100021621, 44.95586700021278], [-123.51419399980593, 44.95426399996365], [-123.50356399969031, 44.95794000004532], [-123.50945600023152, 44.96103399985327], [-123.50987100033322, 44.969520999964466], [-123.4182199998903, 44.9694280002987], [-123.41805699968369, 44.95509699998256], [-123.41250499979941, 44.95509600002263], [-123.42229300001604, 44.9522500001598], [-123.42458199988647, 44.947552000114], [-123.43272800013796, 44.95059399985638], [-123.44464399966823, 44.945224000131326], [-123.43404799988782, 44.944375000068106], [-123.43024900029675, 44.94174699992876], [-123.43704300011306, 44.94031000028637], [-123.43614199976456, 44.93690599998198], [-123.44068100004564, 44.93688199969083], [-123.43903800025561, 44.9316850002854], [-123.4448949997384, 44.925397000259586], [-123.43781499969184, 44.919703000246805], [-123.43366299992334, 44.91963599974734], [-123.43137900007581, 44.9151999998881], [-123.42526499977676, 44.9176920002823], [-123.42341600012242, 44.91164399994378], [-123.43488899996186, 44.91167100020664], [-123.42556900044868, 44.90363400006799], [-123.43142900030452, 44.90340500012682], [-123.43184100003319, 44.89929799980709], [-123.44017100040769, 44.89977699998638], [-123.4410800002538, 44.8936489997447], [-123.44295700039558, 44.89524300007287], [-123.45550899996047, 44.89148000021446], [-123.45823399984896, 44.88938599984542], [-123.45730400008644, 44.88544699997041], [-123.46183999999448, 44.887012000288756], [-123.46449600028602, 44.88431899995154], [-123.47453399984957, 44.88367299992922], [-123.47941000041455, 44.885259999921345], [-123.48201700030226, 44.88137899971692], [-123.4895319996437, 44.88223799990964], [-123.49504400024333, 44.880205999921074], [-123.49940699989895, 44.880989000297866], [-123.50016000010949, 44.884235000284036], [-123.50330000009969, 44.88118000012337], [-123.49508600007611, 44.874044999721114], [-123.4960140001888, 44.87234899996724], [-123.51009599956579, 44.86976300029995], [-123.5165720002631, 44.86205700012883], [-123.50705299965996, 44.852078000035746], [-123.5145100001734, 44.84758100030137], [-123.51522099965283, 44.84337500003995], [-123.51894999982196, 44.84088399994852], [-123.51484200043443, 44.83715099983686], [-123.47937400042954, 44.84341499978665], [-123.47933400024657, 44.83886899984342], [-123.47238899991922, 44.83616300011069], [-123.46742500038901, 44.836826000153785], [-123.45896299977001, 44.83246499998423], [-123.44921499973634, 44.833381000135816], [-123.46156100033522, 44.82515500013675], [-123.4544839997634, 44.82550499997741], [-123.44272399986875, 44.820094999965924], [-123.43832400040316, 44.82043600023663], [-123.43993000038327, 44.814971999798274], [-123.44513599976281, 44.8128780000256], [-123.44470099956962, 44.796346000090196], [-123.45424399956387, 44.79209699975403], [-123.45111399961941, 44.787117000265724], [-123.45398800036916, 44.78294099976796], [-123.44932900043749, 44.78081599998037], [-123.44781499962056, 44.77140200023967], [-123.46111199989835, 44.775678000213645], [-123.46729999981721, 44.77882499997146], [-123.47019999960793, 44.783230999769096], [-123.48062899988203, 44.786455999844364], [-123.49982100017574, 44.78800099988736], [-123.50285499986076, 44.78765999974259], [-123.50064299998323, 44.78680500024224], [-123.50168599972365, 44.785220999857316], [-123.51112800033387, 44.7832599998804], [-123.52162399965684, 44.7857790001917], [-123.52483700034028, 44.78266999971879], [-123.52178799968837, 44.78168600021857], [-123.5232670003452, 44.778553999731606], [-123.52940000001249, 44.7751490001745], [-123.52876099960483, 44.77103399970728], [-123.53882500000596, 44.77570700029269], [-123.54198500008766, 44.77451200029872], [-123.54253200043384, 44.7706260001748], [-123.54540799993508, 44.77659900020551], [-123.54779800008785, 44.770537999910296], [-123.55720499963964, 44.77004200031796], [-123.56778200005178, 44.76351899999539], [-123.57145599996937, 44.77030099985727], [-123.58195999968827, 44.77167099968262], [-123.58229600014724, 44.73624300022751], [-123.57330899982169, 44.73626699999877], [-123.57253800006784, 44.730825000186115], [-123.56635400034689, 44.730814999873395], [-123.56413400007347, 44.724514000273786], [-123.56631800036189, 44.7202639997549], [-123.70446700006006, 44.721153999976764], [-123.70457800038812, 44.73897999985513], [-123.72500099984494, 44.73904600022579], [-123.72504400040094, 44.746539000158386], [-123.73786299992953, 44.74442199980368], [-123.76616100037447, 44.75396900017617], [-123.78409599976922, 44.758520000242996], [-123.78734600026259, 44.75723300025357], [-123.78817499974275, 44.76449400023915], [-123.78858399999665, 44.75894800027799], [-123.7936000003037, 44.759194000040665], [-123.79748099991053, 44.76619099992434], [-123.7953679997672, 44.771629999933815], [-123.80052499964125, 44.77163599971219], [-123.80021800039292, 44.779063999783936], [-123.79584099959523, 44.779451000077096], [-123.805667000345, 44.78496300001818], [-123.82685399988294, 44.77746199990968], [-123.82218499990552, 44.784677999752546], [-123.81273899999564, 44.788241000280884], [-123.81209700011323, 44.789257999816016], [-123.82121300031024, 44.78701000029236], [-123.83668899995523, 44.777388999724735], [-123.84031000016937, 44.77753000006012], [-123.83895400043451, 44.78047899999042], [-123.84604799982647, 44.77940200020975], [-123.8585390001903, 44.78214199975497], [-123.85719199977797, 44.78417699982125], [-123.8594110002265, 44.78954999990336], [-123.85552499969847, 44.78801899985588], [-123.84563299972478, 44.792821000055895], [-123.84122800023633, 44.79261300016996], [-123.84415599961609, 44.80046599975709], [-123.86099799994004, 44.79832900029178], [-123.87622300041319, 44.79191900028234], [-123.87842299969682, 44.79305399983788], [-123.88607500020392, 44.78509599995815], [-123.89190900012048, 44.78278699969842], [-123.89161100019466, 44.78039400014589], [-123.89746699985254, 44.77558599977865], [-123.9054919997302, 44.77820099979175], [-123.9059040003572, 44.784400999841814], [-123.90082000027807, 44.786848000092284], [-123.89738800020982, 44.794702999817495], [-123.89087800007563, 44.795997000010644], [-123.89309099977805, 44.79855800024603], [-123.8907469996561, 44.799197000238934], [-123.892253999902, 44.80194200012364], [-123.88804100003414, 44.808891000146865], [-123.89468699971246, 44.81127200021031], [-123.88855200039531, 44.81259499973914], [-123.89513600014931, 44.81319199968871], [-123.88928899981397, 44.81435599990235], [-123.8865239997425, 44.81739599991479], [-123.8808420001619, 44.812979999774846], [-123.88003600024794, 44.81586100012622], [-123.87299100036148, 44.81876299984707], [-123.86617699955538, 44.82722499985927], [-123.871717999569, 44.830446999777095], [-123.87713100043439, 44.82982899974274], [-123.8752230003305, 44.832869000026335], [-123.87673899989892, 44.835795999789255], [-123.88570299975991, 44.83714900026974], [-123.88468699978371, 44.84073900009701], [-123.89831899979723, 44.837868999835706], [-123.91697799998846, 44.844786999763144], [-123.90812799993026, 44.85183000024282], [-123.908390999696, 44.85536100027906], [-123.89439600035763, 44.86125100030163], [-123.91432699971979, 44.855929000069146], [-123.91641700029689, 44.85316300026525], [-123.92358199983397, 44.855340000312815], [-123.92033300006383, 44.85920999974787], [-123.92296599989082, 44.8622330003028], [-123.92177500001242, 44.8635610000715], [-123.92698100029024, 44.86587900012231], [-123.92299000018026, 44.86945199992325], [-123.92510999999627, 44.87053000017736], [-123.91751299974077, 44.873271000070574], [-123.91894299999376, 44.870894000308716], [-123.91692699993484, 44.869548999909874], [-123.90615299987923, 44.8724119996939], [-123.88518499972606, 44.882200000307115], [-123.9017940004215, 44.89326700016325], [-123.90543099963082, 44.898143000100035], [-123.911840000381, 44.8986599999283], [-123.90713399969535, 44.90195199986142], [-123.91011399985196, 44.90343999968512], [-123.91456600009441, 44.90330600013382], [-123.9122970003155, 44.900703999706124], [-123.92159599991227, 44.90281700028978], [-123.92564700029669, 44.90095299983547], [-123.92499399964531, 44.898463999958324], [-123.92780999977043, 44.89601099985764], [-123.94200000000077, 44.898918999841044], [-123.94315999991706, 44.89454400025697], [-123.94649800027398, 44.89700100000807], [-123.95374099962885, 44.89173699979297], [-123.95650599970031, 44.89627399973145], [-123.967319000114, 44.89599400022368], [-123.97219200030592, 44.899538999878], [-123.97982999967101, 44.89954200011544], [-123.96683600024028, 44.900314000226466], [-123.96276800013737, 44.90405299974664], [-123.97955000018686, 44.91105699985835], [-123.96559500013313, 44.91243399970511], [-123.97002599956085, 44.91317900019294], [-123.97044599968544, 44.91812300015444], [-123.9663590002143, 44.91751599988749], [-123.9656150002246, 44.922280000083404], [-123.96097499966119, 44.91788099977704], [-123.95224799962664, 44.92565699975488], [-123.9399589998275, 44.92801999989064], [-123.93670199966142, 44.92533899989365], [-123.92764300026415, 44.92828000023378], [-123.9307299996526, 44.9320300002288], [-123.92101299958107, 44.93793000030398], [-123.91800200036062, 44.937043000233075], [-123.91467499987436, 44.94928400006903], [-123.91003600003417, 44.9458069997219], [-123.90722599975685, 44.94645600008738], [-123.90800999992949, 44.94989800005324], [-123.91180100002292, 44.95198300016537], [-123.91022400035514, 44.95668999989088], [-123.89939300039809, 44.961704000220315], [-123.89496999956964, 44.96256700027826], [-123.89060899956382, 44.95996399977729], [-123.88511500030418, 44.961401999890654], [-123.87797499998317, 44.95846400028895], [-123.86698300036765, 44.96002600026572], [-123.8705579996527, 44.96170199989503], [-123.86805299987223, 44.96261700000826], [-123.86890800019, 44.96563400005057], [-123.86755699957968, 44.967379000136006], [-123.868535999746, 44.9653909998647], [-123.86576700037489, 44.96475199987784], [-123.86737300035497, 44.960497999901264], [-123.85191299970519, 44.956891999822965], [-123.84615099975863, 44.96050699996432], [-123.8281179995563, 44.96160900026485], [-123.79800899999013, 44.95678499972725], [-123.80055200030375, 44.96339299991809], [-123.7965009999193, 44.967195999946306], [-123.80040499999065, 44.967068000140415], [-123.800618000426, 44.9728830001739], [-123.80609999999005, 44.98000800027146], [-123.80796299988813, 44.9790620000989], [-123.81072999960939, 44.98409499999978], [-123.80907900032177, 44.98750399989303], [-123.81656199987616, 44.98641699970974], [-123.82499299963472, 44.99205600023227], [-123.82541600013234, 44.99845099974114], [-123.82294700033684, 44.99974900021803], [-123.81324100013597, 44.99731999994365], [-123.81822999978054, 44.99569699971712], [-123.81433599975495, 44.99199500001149], [-123.8002889996397, 44.98945800000323], [-123.80334800033738, 44.9971170002231], [-123.7980280002567, 45.003405999859105], [-123.79722599964241, 44.99800799992168], [-123.79194200044505, 44.995722000075084], [-123.79403299994875, 45.000752999937255], [-123.78768199982323, 45.00459400021333], [-123.7830749997701, 45.001712000124506], [-123.77418000040436, 45.00285299978057], [-123.77095900022331, 45.00093100013541], [-123.77191499992509, 44.99777800031089], [-123.761741999744, 44.997404000121456], [-123.75232199977337, 45.004321999992875], [-123.74618099971016, 44.997954999739726], [-123.73564500020422, 45.003420999962636], [-123.75076000017421, 45.00855800016176], [-123.75947999963776, 45.00831100029095], [-123.75570799981088, 45.00965800002292], [-123.75583099983454, 45.015328999872004], [-123.74906799998037, 45.019396999831685], [-123.74870999978008, 45.01537399969475], [-123.74623099993887, 45.01969800005645], [-123.74579999994363, 45.01542200001705], [-123.73804399967949, 45.02769200021855], [-123.75304099964872, 45.02564999993944], [-123.75176899957944, 45.0275739999058], [-123.75490500026999, 45.02883500030459], [-123.76081600017943, 45.02788299999935], [-123.7625579997037, 45.0262379998755], [-123.76033599978042, 45.02374500006234], [-123.76336699999068, 45.022306000024756], [-123.76197199989775, 45.01480400017373], [-123.76885299975268, 45.01507900007161], [-123.76878800035368, 45.01868700005601], [-123.77220199998027, 45.02075500010974], [-123.78272599979064, 45.017403000145215], [-123.78853899979083, 45.03791900031082], [-123.79242100012085, 45.04238399981668], [-123.79877899991905, 45.044892999924954], [-123.95500699985031, 45.04571999994198], [-123.95453099964925, 45.05561900022494], [-123.948950000351, 45.05993899987041], [-123.94842599957104, 45.06570800016772], [-123.9312500002346, 45.06177199973787], [-123.92614000021621, 45.057224000299044], [-123.92520299988269, 45.053160999934924], [-123.92031600034538, 45.0519090002478], [-123.89870200011188, 45.053347999783576], [-123.90490799957414, 45.05886499978692], [-123.87536999974526, 45.0566580003091], [-123.8710990001511, 45.058789000090876], [-123.85346599998185, 45.05936899992418], [-123.84954099999409, 45.062834999957126], [-123.85821799979993, 45.065977000204775], [-123.86202499978693, 45.06326999974024], [-123.8695280003311, 45.06678799999531], [-123.88018600003578, 45.064890000009605], [-123.89119299971992, 45.07094199991077], [-123.89714200016253, 45.06939300015899], [-123.90237600002948, 45.064792999856785], [-123.90650299968357, 45.06626899977683], [-123.91462700019376, 45.072418000291634], [-123.9096379996509, 45.073734000228484], [-123.91109499966811, 45.075446999870046], [-123.90466800027293, 45.07934300018432], [-123.91206899981155, 45.08124200007099], [-123.90878400005639, 45.088085000066535], [-123.92062299959375, 45.09006399985964], [-123.92194400006679, 45.092758000308315], [-123.92658999957969, 45.090605000006406], [-123.91958400005127, 45.096730999779304], [-123.92411599976134, 45.10079099983419], [-123.91284499958826, 45.10321400003558], [-123.90947600016752, 45.10788699993754], [-123.89622800029355, 45.1157900000387], [-123.89335500026705, 45.11954500016456], [-123.89548500012879, 45.12488000018607], [-123.89030800016324, 45.12825599977], [-123.8805900002668, 45.12433400002939], [-123.87833800020633, 45.12022200016798], [-123.87130599984033, 45.1166509999473], [-123.85495399996117, 45.11516499983499], [-123.85261700041019, 45.10824599991935], [-123.84935299967313, 45.10678399987805], [-123.85682000023228, 45.10441600002082], [-123.85525299971194, 45.1008940001078], [-123.85937199986844, 45.09774800008103], [-123.85846899987011, 45.0934139998755], [-123.84557599982338, 45.088177999944925], [-123.84410200008774, 45.084210999962664], [-123.83666600038902, 45.083028000206305], [-123.83239599972147, 45.076016000250966], [-123.82928099984562, 45.07392900026559], [-123.83217399996362, 45.07593799973894], [-123.8344469999405, 45.08472700018875], [-123.83201699960476, 45.08765400024204], [-123.8364270000144, 45.09312900009889], [-123.83276700034052, 45.09599999998583], [-123.80317699973484, 45.09199199977881], [-123.80141099992113, 45.09414599986663], [-123.79846400027479, 45.092394000086], [-123.80050299989996, 45.08852100002193], [-123.80598299981418, 45.08953400006069], [-123.80946699976099, 45.08928099987163], [-123.80118400014044, 45.087574000024176], [-123.79042500015342, 45.08816599974408], [-123.79121599999874, 45.08656299988084], [-123.78469499999392, 45.08404900005874], [-123.78454000018323, 45.216293999883234], [-123.56646999979955, 45.21639299983152], [-123.57844499977932, 45.228552000114824], [-123.58880499955818, 45.23125099973269], [-123.58908699959049, 45.236704999726214], [-123.59631999979794, 45.24046699983091], [-123.5946770000079, 45.24481399976913], [-123.57688900002795, 45.24587599971404], [-123.57093100026283, 45.24914700014264], [-123.5506469998249, 45.251726000050894], [-123.54444100036264, 45.25709299982516], [-123.53513299964675, 45.252364999807334], [-123.53304299996796, 45.2530829997985], [-123.53593199988799, 45.2548690002875], [-123.53411900021864, 45.25967100026808], [-123.53033999982074, 45.257561999801375], [-123.52596000044666, 45.26141400014012], [-123.51859699964454, 45.25820299973403], [-123.50938099988845, 45.257682000034464], [-123.51059799970612, 45.25366800001998], [-123.5079909998184, 45.25047700018439], [-123.49976699974908, 45.25112899999653], [-123.4979160004449, 45.252254999896394], [-123.49928300005043, 45.259533999864125], [-123.48470399965764, 45.25962899969472], [-123.47617400016489, 45.26548600005753], [-123.46914500017193, 45.26554000027628], [-123.46432300003363, 45.27243999993746], [-123.46879899966723, 45.2763220001735], [-123.46312499958422, 45.27585399970841], [-123.46257899996127, 45.32282000004453], [-123.4643969996535, 45.32219900014935], [-123.46831999999142, 45.32790799998419], [-123.47698199972866, 45.33122600011407], [-123.47521500009006, 45.328326000267616], [-123.48744199996493, 45.32767600005502], [-123.48696099974097, 45.33086900016252], [-123.49383200044849, 45.3294900000195], [-123.49564299956971, 45.325088999804294], [-123.50063999961017, 45.32372899975475], [-123.49341099960073, 45.316336000135145], [-123.50105100041223, 45.31609199996136], [-123.5065890000528, 45.31070099993372], [-123.51809500040252, 45.31467799982937], [-123.52090800015458, 45.31264500008108], [-123.52292599986336, 45.30785999969213], [-123.51813200021245, 45.30232199980369], [-123.5202550004015, 45.29809700007846], [-123.51460100041001, 45.29220199978677], [-123.51886100013351, 45.288179000154905], [-123.5232670003452, 45.289950999727026], [-123.52552500025347, 45.286358000179874], [-123.52436100013922, 45.28122599976346], [-123.51618300010068, 45.28325000010323], [-123.5172979998111, 45.28093800027017], [-123.52670299971308, 45.27956900027462], [-123.52988100023644, 45.282115999769324], [-123.5428679999945, 45.282788000058055], [-123.5448520002664, 45.27869000007601], [-123.550758000153, 45.27888299991354], [-123.56160099980559, 45.27474599987335], [-123.56549400000627, 45.27589799974363], [-123.56313099961771, 45.273198000084854], [-123.56420400039369, 45.271409999959054], [-123.57624100029774, 45.26971299981202], [-123.5781119996934, 45.26583299999404], [-123.57925499989125, 45.26523000017139], [-123.58242300036885, 45.26674900018955], [-123.57859499956717, 45.266126000096214], [-123.57515300035148, 45.27263099996877], [-123.58420099987809, 45.2743429999077], [-123.58902700021436, 45.278589999924975], [-123.58838899963158, 45.27407000011995], [-123.59335700025804, 45.268842000015056], [-123.59920799989305, 45.26865099987689], [-123.6004130000152, 45.27120400024898], [-123.61004899989584, 45.26629700005467], [-123.612608000103, 45.26919799985809], [-123.61088699959681, 45.27448300018099], [-123.61631899983048, 45.28173600021772], [-123.62181499963825, 45.28118599986858], [-123.63208200042902, 45.27489000002978], [-123.63116500018695, 45.27241100006188], [-123.63704500013431, 45.26812000004461], [-123.64023600017812, 45.27692499973817], [-123.64358500040571, 45.27891200027453], [-123.63168499987066, 45.287259000116244], [-123.6336160004391, 45.29074999970449], [-123.6432139997866, 45.29312199990885], [-123.64587900029898, 45.28907000022988], [-123.65318600012627, 45.28533700016845], [-123.66485499978431, 45.284634999896895], [-123.6648530001345, 45.28872700006621], [-123.66748599996147, 45.28735200000122], [-123.66954700022626, 45.29110599988446], [-123.67750699980662, 45.292955999865114], [-123.6748039996594, 45.29593800020765], [-123.67729300044469, 45.303217999801205], [-123.66279199986971, 45.314736999933125], [-123.66079199970427, 45.31325000019013], [-123.64567199971144, 45.3163520001616], [-123.6355870002922, 45.31340099999434], [-123.63039100006009, 45.31494000017412], [-123.63319200011655, 45.322041999985785], [-123.62438499971607, 45.322665000039905], [-123.6184389996465, 45.321379999930386], [-123.62146300018406, 45.318368000197], [-123.6107700003193, 45.31379399975317], [-123.61125499984287, 45.32279500005206], [-123.60425699981205, 45.3282910001401], [-123.6079619996918, 45.333464999871694], [-123.61898000014489, 45.3331559998903], [-123.62983000036851, 45.33803500020022], [-123.63809700009554, 45.334364000302756], [-123.64637700024136, 45.33627700017133], [-123.64444700039614, 45.34216400010596], [-123.64603999995747, 45.34560699999676], [-123.64031599964575, 45.34725500002076], [-123.64379499956966, 45.349273000107296], [-123.64756899994468, 45.34754900008246], [-123.64725900032329, 45.349516000037205], [-123.64120799977343, 45.355105000235795], [-123.6555269998752, 45.3609540001482], [-123.65327200034, 45.362937999917484], [-123.65773899975274, 45.36473599978843], [-123.66006399960814, 45.37153400028714], [-123.6559620000684, 45.374028000071824], [-123.65838599965802, 45.3761050001047], [-123.65648000010225, 45.38027499999588], [-123.65128999971793, 45.38066100014792], [-123.65222399967838, 45.38906500014165], [-123.645803000131, 45.39477200027026], [-123.64815599957551, 45.39854500007656], [-123.64871700016539, 45.395279000211204], [-123.65234900025018, 45.398108999974774], [-123.65079000012572, 45.400120999965125], [-123.65351599983914, 45.39945900013769], [-123.65263899978008, 45.40087599988419], [-123.63874200035102, 45.412331000038996], [-123.621824999684, 45.414423999745786], [-123.61240700026154, 45.40991000009454], [-123.61331199990968, 45.40416800012741], [-123.61786200006141, 45.39785400002989], [-123.61665000026662, 45.387892999807725], [-123.61085800018282, 45.38379500015253], [-123.6138349999664, 45.374585000286764], [-123.5794339999914, 45.37588299998893], [-123.57741299990957, 45.38043000004991], [-123.58263000005807, 45.38230099975763], [-123.58328500035931, 45.386207000101145], [-123.59330899967915, 45.390320000313274], [-123.59249400044268, 45.394259999695215], [-123.59845300003273, 45.39620099988541], [-123.59963999971319, 45.40168800007572], [-123.59553700034851, 45.40372999990534], [-123.59892699968566, 45.40706499984961], [-123.59609300001722, 45.408514999835596], [-123.59848499981979, 45.41043999980506], [-123.59543900043924, 45.41326799979898], [-123.58579799963739, 45.41134999970157], [-123.57412999980424, 45.403342000224455], [-123.5655030002271, 45.40324500020318], [-123.56400799967678, 45.400572000140926], [-123.56677899959602, 45.39899499982187], [-123.55670000002458, 45.403857000168095], [-123.55725900006631, 45.407872999692636], [-123.55959999981526, 45.40772400002097], [-123.5610889996195, 45.41152699970512], [-123.56065599997447, 45.41669499973096], [-123.5567369998345, 45.41980599987478], [-123.55845099976963, 45.42383399977119], [-123.56268999957675, 45.42509600020487], [-123.56161400022438, 45.43094500027935], [-123.57275900000077, 45.43375999998296], [-123.56819200013061, 45.437107000232196], [-123.56947099987256, 45.4401520000827], [-123.56364100015395, 45.44879999986986], [-123.55970500029557, 45.44946400014202], [-123.56179400014942, 45.45408399983966], [-123.57259199959618, 45.45791299989761], [-123.5756410002481, 45.46042599978467], [-123.56648400004325, 45.45758699998812], [-123.56326500041035, 45.45988399992891], [-123.5623349997495, 45.46127199982961], [-123.56698799983342, 45.4598470000092], [-123.56515300042275, 45.46280700002917], [-123.5690290000067, 45.468313999771134], [-123.5648129997658, 45.472566999888365], [-123.56648900006611, 45.47460900012014], [-123.5702199998851, 45.472075999704956], [-123.57746200031339, 45.473336000294644], [-123.56994000040095, 45.473646000206394], [-123.5691150002204, 45.478138000234324], [-123.55497199984572, 45.484433999936044], [-123.54163399956006, 45.48692099968823], [-123.53431500003721, 45.49706200009671], [-123.52587000003497, 45.494705000165574], [-123.51883400036934, 45.497814000310264], [-123.50719699960003, 45.497167000049835], [-123.50334699995535, 45.511042000149516], [-123.49629899969584, 45.51233000004062], [-123.49497800012108, 45.51593700028974], [-123.50008399994151, 45.5155849999048], [-123.50915599975757, 45.524502999848465], [-123.50861199978442, 45.52723900022571], [-123.5133340003636, 45.53231200021236], [-123.50363200036071, 45.530473000195116], [-123.50715499976724, 45.53607800013736], [-123.52334599998791, 45.54028000007814], [-123.52239100011106, 45.54278100016415], [-123.50695499975069, 45.54509399998765], [-123.48988399999621, 45.55403799989054], [-123.47637400018144, 45.55378499975961], [-123.47007400010955, 45.55752800022405], [-123.47857500018829, 45.554717999876054], [-123.48474100036589, 45.55619300023469], [-123.48692999977884, 45.56004199976223], [-123.4844330003943, 45.56303499999359], [-123.48310799972327, 45.57433799989633], [-123.47477200039927, 45.57200800017543], [-123.45493499985011, 45.57236599987317], [-123.45431399988409, 45.575489999687505], [-123.44109500032242, 45.58701800018679], [-123.46994299968996, 45.5933069998431], [-123.47061100040999, 45.6006220000643], [-123.46322599986655, 45.60349200027595], [-123.4629239997428, 45.6090249999139], [-123.4665580003757, 45.60779899992232], [-123.46685999960116, 45.61147300024012], [-123.47675099974997, 45.62363700022953], [-123.48815900019042, 45.62915400018865], [-123.48747299992706, 45.62654799978727], [-123.48991800033141, 45.6283989998753], [-123.50074900028845, 45.62834800005741], [-123.49679599981329, 45.63102499998197], [-123.50076799965672, 45.63436100001616], [-123.49673800008698, 45.638317999914115], [-123.493480000096, 45.638364999786575], [-123.4936139999903, 45.64291499998225], [-123.48286099985107, 45.64557199978239], [-123.4780410002609, 45.65085500006842], [-123.48540800036264, 45.65172100008566], [-123.47977500028752, 45.65970199995266], [-123.48653700031679, 45.674742000188296], [-123.49420300016926, 45.67704799993643], [-123.49912599969157, 45.67576500018488], [-123.50988200020387, 45.68203300001166], [-123.52563800023137, 45.67904400017737], [-123.53111399994766, 45.68489899979777], [-123.54204299981399, 45.67872800026439], [-123.5450659996283, 45.67346800018088], [-123.54450499993675, 45.668969999716886], [-123.53343299995528, 45.67895499997328], [-123.5259360001572, 45.67314599999519], [-123.51693399976303, 45.670104999907146], [-123.51091400007364, 45.66096300006234], [-123.515114000421, 45.65340199988592], [-123.51201299989056, 45.648023999831665], [-123.51497100030585, 45.646571000213534], [-123.52129800014193, 45.64890000009041], [-123.51963500026041, 45.644956000087916], [-123.52848500031862, 45.640681000152256], [-123.52306099958255, 45.63390099981717], [-123.53503300008761, 45.624596000170335], [-123.54284600025318, 45.623323999722594], [-123.54966600000876, 45.6164440000685], [-123.55084699984144, 45.61224700013763], [-123.54768199973687, 45.603923000197156], [-123.55018599969245, 45.603261999687746], [-123.54801099962484, 45.594487000273126], [-123.5614679997362, 45.590450999895815], [-123.56249100028344, 45.57776799990454], [-123.57617799965024, 45.58353299989162], [-123.57947900019724, 45.582846000293515], [-123.57947800037232, 45.57628200010116], [-123.60048599981012, 45.57638600023401], [-123.60045700039612, 45.56198799985274], [-123.6214730002298, 45.56197300016667], [-123.62194400040802, 45.51846199995142], [-123.7220630004194, 45.51921100025185], [-123.72217999969693, 45.55136300010517], [-123.72775099984777, 45.54997600000654], [-123.73118600028907, 45.545357000259195], [-123.73616200041315, 45.547729999939335], [-123.73712899998559, 45.54539299970065], [-123.75165599960151, 45.54850499982267], [-123.75528000018869, 45.54499199981436], [-123.76325200036293, 45.54394799983393], [-123.76746699988061, 45.53813499996118], [-123.78484200030701, 45.53323500030165], [-123.78356000019201, 45.53867199996641], [-123.78773399970177, 45.54543299975208], [-123.78423999970926, 45.551807999936045], [-123.7872130001932, 45.558387999974414], [-123.79649099987357, 45.56198000031419], [-123.79691099999812, 45.56933499976119], [-123.79373699967276, 45.5741140000048], [-123.80032200015, 45.581187999839116], [-123.79789199981427, 45.58231799989945], [-123.7988450000413, 45.58476999970755], [-123.78168100040041, 45.5894500002122], [-123.78205299994606, 45.59712900010079], [-123.78538700010505, 45.600962999722064], [-123.7799270002823, 45.59658699970249], [-123.77220000033046, 45.59588300006], [-123.77540700026782, 45.593962000237], [-123.77381200015833, 45.59261399980126], [-123.76825199987816, 45.59421699998795], [-123.76160399965173, 45.60004199992071], [-123.75599200039133, 45.600374000268495], [-123.75256899964558, 45.60671500018559], [-123.75787100018293, 45.6106040002482], [-123.75091099978695, 45.618619999905405], [-123.74720599990721, 45.619566000081534], [-123.74749899981018, 45.62307999989972], [-123.74224300020192, 45.624412999685916], [-123.7369189999233, 45.62017099980442], [-123.71947200042518, 45.61902899972839], [-123.69267600020329, 45.63232200030639], [-123.67934899978829, 45.63250200003358], [-123.67546200033367, 45.635103000119436], [-123.67175499990581, 45.63079699995856], [-123.66698100034641, 45.6360059996963], [-123.67058800031685, 45.63577499994799], [-123.6727170003537, 45.641468000160394], [-123.68279500010024, 45.64265100008495], [-123.68207899969964, 45.644335000221474], [-123.69006099991962, 45.648006000035444], [-123.69151200008905, 45.651903000270345], [-123.70817100011486, 45.655266999882365], [-123.72503099998214, 45.65476100025695], [-123.73708600032789, 45.66450600015055], [-123.75103399981059, 45.667219000070546], [-123.7560259998282, 45.66671900007655], [-123.75790700016793, 45.66537899981592], [-123.752372999827, 45.66583299988869], [-123.75092800040369, 45.66323499973003], [-123.7435849996931, 45.662317999797715], [-123.75694999974294, 45.657490999939704], [-123.74563000006434, 45.65413600003717], [-123.7599390001204, 45.654223000256636], [-123.7642759998368, 45.652042999816764], [-123.7676069996227, 45.64392499994294], [-123.77607300043965, 45.64503400006081], [-123.78515000027858, 45.6396700002265], [-123.79548900014105, 45.63805099994383], [-123.79494900036588, 45.63527599990616], [-123.80157800032573, 45.64141999988829], [-123.802225000231, 45.64476400003], [-123.7942200004448, 45.64278899984388], [-123.7993019999758, 45.64710799985712], [-123.81086400040203, 45.647139999724814], [-123.81315900012022, 45.65041299992203], [-123.81619700000319, 45.64866000001429], [-123.81610199956863, 45.657127000137194], [-123.82253700025802, 45.662819000284316], [-123.82102900018722, 45.66414499974758], [-123.81938899987189, 45.66160499974964], [-123.81120300033574, 45.660181999875796], [-123.814739999986, 45.66866000006314], [-123.81331099955787, 45.67290000006307], [-123.81045199977505, 45.67399899982258], [-123.81264399956109, 45.675154999870095], [-123.8110319997332, 45.68011099994464], [-123.80232200031539, 45.67754899977108], [-123.80222199985798, 45.675297000053575], [-123.79767000005641, 45.67766800001216], [-123.79337299962468, 45.67514600025301], [-123.78462800004675, 45.67540199981604], [-123.78568400020596, 45.678225999855556], [-123.78205700014406, 45.67825599985152], [-123.741797999963, 45.66839999975871], [-123.74250000011986, 45.67160699985797], [-123.75465900022267, 45.67582299990981], [-123.75791800003857, 45.68066800011349], [-123.75835400005668, 45.68418199978911], [-123.75485300039145, 45.68719299970173], [-123.75358799999488, 45.693489999763884], [-123.7511259998721, 45.69296300014402], [-123.75190400019697, 45.69083600025415], [-123.74864899968071, 45.69105299998237], [-123.74483699967085, 45.69638100012144], [-123.74848200017446, 45.6981579997792], [-123.74602400024965, 45.699378999825626], [-123.75289000003596, 45.701337000235156], [-123.76253400031254, 45.70840599982721], [-123.76373000021384, 45.71523000029654], [-123.77201000035964, 45.72021999985526], [-123.76961199981098, 45.724679000135275], [-123.77138400037076, 45.728443000187255], [-123.75668199995432, 45.73456499978805], [-123.74204700038337, 45.73046200023653], [-123.72428299979454, 45.73913499976009], [-123.71507700008415, 45.73729699995631], [-123.69265600011178, 45.743190000168624], [-123.6835180001735, 45.742849000206235], [-123.69594900026287, 45.741205000014816], [-123.69118900004884, 45.7369429998866], [-123.6962470001887, 45.73364200019669], [-123.68561100022532, 45.730176999775814], [-123.67354500000894, 45.73192200022899], [-123.66949399962449, 45.72732900025978], [-123.66208300004013, 45.729054000219364], [-123.66090100038255, 45.732548000310054], [-123.65814600035682, 45.73187800026989], [-123.65132499987803, 45.72269100018001], [-123.64621900005761, 45.724149000201365], [-123.64417899970923, 45.71807599998016], [-123.63386400013621, 45.71923800011664], [-123.63206200033753, 45.71570000024273], [-123.62410299968376, 45.71987999982213], [-123.62152099991039, 45.72663000017158], [-123.62384900013888, 45.72985799982346], [-123.62070999997357, 45.731971000156925], [-123.62374399965857, 45.73413500026915], [-123.63541800023779, 45.73393999983357], [-123.634679000271, 45.732012000293906], [-123.63819400017992, 45.73383500023344], [-123.63363599963228, 45.74110899994461], [-123.65303899981319, 45.750529000198036], [-123.64806400041232, 45.75304199994613], [-123.64480399987322, 45.76024300011845], [-123.64078199980108, 45.761633000005745], [-123.64326499984026, 45.76509399983751], [-123.63643500003892, 45.766086000008634], [-123.63621400010598, 45.77152400001387], [-123.63332699983577, 45.77112300030221], [-123.63345300023246, 45.774576999785324], [-123.7200010003297, 45.77307999997355], [-123.71983999977293, 45.7832179997565], [-123.77691100014066, 45.78344099997505], [-123.7728930002665, 45.789220000309676], [-123.7736680002183, 45.79284799970354], [-123.76548299960872, 45.79621299993065], [-123.76078199984426, 45.79340799973581], [-123.75720300036123, 45.796540999733125], [-123.75474999956097, 45.80383899977242], [-123.75452100013042, 45.80846200025684], [-123.76273199978095, 45.80755899969], [-123.76347900014369, 45.8112209997203], [-123.76937099978653, 45.81461900024818], [-123.76248599973367, 45.81658799976347], [-123.75357499957609, 45.82611700001069], [-123.74907899985104, 45.82732199994905], [-123.7472259999987, 45.82462599979051], [-123.74139200008213, 45.82502399988213], [-123.73941200000822, 45.82833099998513], [-123.7329400004072, 45.83007499999261], [-123.72058899978545, 45.830183999743575], [-123.71912300044573, 45.83263199971212], [-123.71439800039181, 45.83084299993338], [-123.71540199977417, 45.83433299977716], [-123.71081900001047, 45.83344699999937], [-123.70659100007404, 45.8362399997906], [-123.7095319998726, 45.83147000029414], [-123.70588300006938, 45.82818699997721], [-123.70790499997611, 45.824779999899214], [-123.70101700044845, 45.81627600003461], [-123.68867000002467, 45.817605000270646], [-123.69050899963328, 45.82119499992209], [-123.68465700017339, 45.822083000193395], [-123.68720499961154, 45.82413900000065], [-123.68105600005073, 45.82685899973284], [-123.66702599965394, 45.826951000028316], [-123.65856399993325, 45.83114299981928], [-123.65355799967193, 45.82774899974986], [-123.64605300037623, 45.829980999984286], [-123.64240399967473, 45.828298000224876], [-123.64136799960698, 45.82476699984958], [-123.646275999959, 45.8200419997139], [-123.656265999842, 45.81997400013478], [-123.65923699977782, 45.81844500031256], [-123.65085600024797, 45.816426999854784], [-123.6484860001867, 45.81213000005519], [-123.6400939998879, 45.80816500028592], [-123.64377700002632, 45.80816100023332], [-123.64103100022142, 45.804736000077746], [-123.6414859996078, 45.800897000097706], [-123.63397299991617, 45.79874500025439], [-123.64540300009791, 45.798859999796434], [-123.63088599962941, 45.79573600015238], [-123.61780699980986, 45.79900200014519], [-123.61788999965049, 45.80395099980652], [-123.61034000014897, 45.811853999746845], [-123.61201399990114, 45.81353199991547], [-123.6011460001342, 45.811207000303135], [-123.59230799977155, 45.81431300017419], [-123.5953170002405, 45.821248000086854], [-123.58586999960741, 45.81891600020235], [-123.584025000151, 45.82377099997512], [-123.5855390000696, 45.826943999793414], [-123.58299499993105, 45.82783699993499], [-123.56732299956914, 45.82779499980705], [-123.56006900034365, 45.82529399990977], [-123.5602509999185, 45.82905100007029], [-123.55588499988978, 45.83066900000975], [-123.54653199986635, 45.8244829999341], [-123.53986600009657, 45.826435999982884], [-123.54020599985519, 45.829482000151906], [-123.53494600004896, 45.83087400022603], [-123.534392999855, 45.82573400007019], [-123.5314550004295, 45.8237660000584], [-123.53281899966197, 45.8221100000538], [-123.52875300010723, 45.82091000015539], [-123.52645400019107, 45.8172830002339], [-123.51538499968433, 45.81846199989937], [-123.49475800001306, 45.81484999982257], [-123.48817099988598, 45.811404999873226], [-123.4939730000155, 45.82014000004757], [-123.49194799973573, 45.83931400013284], [-123.48069900020228, 45.842724999914125], [-123.48452600028071, 45.843500999916316], [-123.48632899990432, 45.84676900001743], [-123.47007300028463, 45.85073000008076], [-123.46978000038166, 45.85379400002578], [-123.46533200033718, 45.85489199973597], [-123.46507200004619, 45.85873299995831], [-123.46127699975479, 45.86051699977903], [-123.49198000042107, 45.87205099974381], [-123.47737400026413, 45.88008800000499], [-123.47797400031376, 45.88483599985577], [-123.48054799969118, 45.884294999908505], [-123.4838409998423, 45.888209999918175], [-123.48091000008945, 45.89050099969215], [-123.48108499999162, 45.894555999751844], [-123.48833599974242, 45.895892000148116], [-123.49219700015607, 45.89335300002201], [-123.49367400026475, 45.89710099976321], [-123.50159700003519, 45.89938400026513], [-123.48575300014414, 45.90007700016237], [-123.48689999964162, 45.901540000297295], [-123.47642400041015, 45.90428700010054], [-123.47708300001099, 45.90970500030717]]]}}, {"type": "Feature", "properties": {"name": "No ZIP code assigned"}, "geometry": {"type": "Polygon", "coordinates": [[[-123.7238250000351, 43.9641540002788], [-123.71761299982678, 43.98078900015981], [-123.70532800022558, 43.97879699986178], [-123.6985150001427, 43.9815699999724], [-123.69335099969766, 43.986036999907235], [-123.69584200013276, 43.991259000200884], [-123.6909320001309, 43.99283799990712], [-123.69330800003993, 43.99476899995084], [-123.69192999966546, 43.99617600009793], [-123.66302299984838, 43.99733299996003], [-123.66721399997493, 43.99278600019818], [-123.65840599974949, 43.98570600003095], [-123.66764599979504, 43.984868999842135], [-123.67331800022822, 43.966572000171574], [-123.67145600015508, 43.965222999986686], [-123.67274999996565, 43.96119300010213], [-123.6698180003879, 43.960680000204185], [-123.66877700029733, 43.95766299989958], [-123.66369200039328, 43.957186000138336], [-123.66328999981206, 43.95466700019728], [-123.6658120002093, 43.9544250002006], [-123.66265799997541, 43.94926500014081], [-123.66406999978675, 43.94487799982372], [-123.6807990001328, 43.93686299973047], [-123.65876700032284, 43.936473999691835], [-123.65890899971474, 43.92167199977461], [-123.61901199993194, 43.92111700023479], [-123.61923000039016, 43.91590599971916], [-123.60931999997479, 43.91143199986981], [-123.59476099967348, 43.914493000099974], [-123.59897799973928, 43.903689000230756], [-123.59126699968097, 43.89731899978305], [-123.58507999958697, 43.89997100004677], [-123.58899700007711, 43.906581999922516], [-123.58717799966168, 43.908675999769414], [-123.5791040002785, 43.90213099981423], [-123.56365700004748, 43.90639499980001], [-123.55645800017524, 43.911435999951934], [-123.55560799988037, 43.91944500030658], [-123.55216400011656, 43.924556999820076], [-123.57677100002715, 43.92506700012573], [-123.57613599981744, 43.95271099967993], [-123.59282900017845, 43.95343100010124], [-123.59307100002779, 43.98238900023525], [-123.55273599967876, 43.98258900004075], [-123.55331300016218, 43.96796000022923], [-123.51221700010503, 43.968174999886905], [-123.51210300030222, 43.96362200004055], [-123.502407999972, 43.96577700018946], [-123.50644699976257, 43.96593699997971], [-123.50172099988373, 43.96701399973153], [-123.49846700009073, 43.97168999988925], [-123.5015979998601, 43.97605400020572], [-123.49609799985437, 43.975687000283905], [-123.50202899985533, 43.98647800013969], [-123.48979500030775, 43.986589000086575], [-123.47907499978048, 43.98174500007168], [-123.45318599975485, 43.97756400023683], [-123.44510899999862, 43.98319900003704], [-123.44048799970179, 43.98237900000105], [-123.43505299999339, 43.98561200004201], [-123.427126000025, 43.98478899997072], [-123.42297699973125, 43.9700969997172], [-123.41964500012043, 43.97214700018454], [-123.42217500001527, 43.96579900025894], [-123.41718800002054, 43.96081200018522], [-123.41607800033299, 43.94886700021994], [-123.42239299957515, 43.933276000063685], [-123.41998499987906, 43.926868000145845], [-123.42594400036741, 43.924484000302876], [-123.4665650000484, 43.926613000172516], [-123.47951499999652, 43.932675999894215], [-123.4853070000803, 43.925305999778004], [-123.49442099972914, 43.92804100004743], [-123.49600900016591, 43.923434000146145], [-123.49929800011903, 43.921907000100624], [-123.52507900018965, 43.925119000256345], [-123.53147499962266, 43.916017999967586], [-123.52929200005748, 43.91597200028393], [-123.52575500040722, 43.905840000154825], [-123.52230900009528, 43.9037119999697], [-123.52546699962883, 43.89775700001622], [-123.5177120000879, 43.90168199979408], [-123.51186499975252, 43.89613199976989], [-123.50563099980289, 43.896123000021895], [-123.5014990001259, 43.89241199988599], [-123.50163600039325, 43.8949640000324], [-123.49705299973125, 43.89628300023003], [-123.4912420002792, 43.88508799973131], [-123.48639800039962, 43.889610999886834], [-123.47202300022133, 43.884129000295616], [-123.4578060002268, 43.88987700030732], [-123.45625899979791, 43.882896000257716], [-123.45317999990706, 43.88395299986353], [-123.44842100041629, 43.893408000133746], [-123.44514699963348, 43.895220999964685], [-123.4411499996757, 43.89350800001843], [-123.43977200019953, 43.88714499988023], [-123.44308700009191, 43.882151000148376], [-123.4330620000488, 43.874604999760685], [-123.43712500012883, 43.87190299976184], [-123.42390099964601, 43.86855600025505], [-123.42633199980662, 43.864900999833765], [-123.4203399997063, 43.8600189997753], [-123.41888100003929, 43.86213000026101], [-123.41464999972978, 43.8610860002965], [-123.41695299984389, 43.85545300022038], [-123.40275699976576, 43.857587999961424], [-123.40485999986332, 43.85278500024219], [-123.40103799980776, 43.85148400025263], [-123.3977890000376, 43.84517200013302], [-123.38766000023743, 43.84162799981311], [-123.40129300007585, 43.84371500030479], [-123.40400399972066, 43.83936500024847], [-123.3991620003892, 43.82706399978464], [-123.40482100040359, 43.8258570000629], [-123.41169499968751, 43.820265000258466], [-123.405090999842, 43.81567899997989], [-123.40766000009489, 43.81192799975298], [-123.41134599970806, 43.81261600014039], [-123.411574000212, 43.80987600026562], [-123.39809799983409, 43.809093000140045], [-123.4070249998852, 43.807884000180046], [-123.41033700030283, 43.7975630000312], [-123.42520399967741, 43.78572099991272], [-123.42977999976839, 43.7862889997537], [-123.43776600018636, 43.78255599980532], [-123.44446999959095, 43.78754199996444], [-123.44406200006026, 43.783568999793665], [-123.43795000030937, 43.78066999983105], [-123.4278290000068, 43.78447900027378], [-123.42216499996954, 43.77402199985073], [-123.39910700013762, 43.782426000201745], [-123.37909499968626, 43.780095000264204], [-123.37530199994299, 43.77825400001496], [-123.37160399973598, 43.77091600031252], [-123.35773900009391, 43.77191000003993], [-123.3502120001586, 43.76803600010751], [-123.34350600020588, 43.75298199971199], [-123.33286699986944, 43.75285499982716], [-123.33037999963231, 43.748105000093396], [-123.33817000023167, 43.74478699982638], [-123.33893799961247, 43.74021999998809], [-123.34087400020378, 43.745789999935454], [-123.36594499972159, 43.74371300025438], [-123.36738099982239, 43.740520000026436], [-123.36545900037308, 43.73808300001867], [-123.38116799964659, 43.729929000170145], [-123.38006299998192, 43.725881000168165], [-123.39938400014705, 43.72364000018516], [-123.40268300014593, 43.715518999820574], [-123.40046000039777, 43.711782000173166], [-123.40273099982649, 43.709356000246466], [-123.40894999970752, 43.707153999883865], [-123.42759600037827, 43.708859999810365], [-123.43816200002146, 43.70176799997828], [-123.44423899961228, 43.703314000142605], [-123.44504799989929, 43.69714100024096], [-123.4476470002894, 43.69691100019003], [-123.45053100018654, 43.690930000037554], [-123.45559799964892, 43.693109999931806], [-123.46129600002133, 43.68935199984081], [-123.45887800027953, 43.68746499983364], [-123.46252899973256, 43.6841830001287], [-123.46807599959396, 43.68668100021423], [-123.46809900005849, 43.697298999860756], [-123.47266199973069, 43.69858299973082], [-123.49377100034913, 43.69200300008832], [-123.49804799979107, 43.692994000131534], [-123.50768100019701, 43.687252999853655], [-123.51231900021229, 43.6869150000764], [-123.51076900030868, 43.68415500003962], [-123.51505699962128, 43.678954000122815], [-123.5154249998673, 43.673211999764405], [-123.49608500033389, 43.675219000101535], [-123.4912709996932, 43.67404900005773], [-123.4891009996485, 43.66918200012473], [-123.50280700018018, 43.66585300000507], [-123.50529400041731, 43.656847000055954], [-123.51024000040414, 43.65455500023716], [-123.51366300025157, 43.6492949998274], [-123.52278699994616, 43.64741200004448], [-123.52609799964058, 43.651674000163375], [-123.53523700030212, 43.65630400010026], [-123.53652699991474, 43.654792999690386], [-123.55188399973407, 43.6600179999152], [-123.55162900036426, 43.66552299988843], [-123.53884199972441, 43.677692000284765], [-123.53677399978692, 43.68668699988899], [-123.54015200032684, 43.690233000181976], [-123.53958400006428, 43.69513099986816], [-123.5422839998384, 43.699224999746384], [-123.55470900008001, 43.70576299989577], [-123.55242900043041, 43.71572200016435], [-123.54718700016754, 43.716845000317406], [-123.54911100016497, 43.72114400000704], [-123.55170100033426, 43.720468000160245], [-123.5513809997688, 43.72448400008311], [-123.560960999573, 43.733042000289046], [-123.57536599988849, 43.733590000286846], [-123.58072500032723, 43.731167999687806], [-123.58497199963193, 43.73417699992527], [-123.59378099968228, 43.73276900029152], [-123.59009599989402, 43.73146100027168], [-123.59334600038741, 43.72889300019928], [-123.59162099968329, 43.72506699978073], [-123.59429299986834, 43.712508999939146], [-123.59228799968007, 43.70928100014937], [-123.59632499982081, 43.7021869998814], [-123.6090599996838, 43.70106799967872], [-123.61418899996875, 43.692963999709924], [-123.62865700003346, 43.68256599987849], [-123.6278929999523, 43.674506999983066], [-123.63442800020083, 43.681050999808015], [-123.63275199990052, 43.68341300006258], [-123.63800800040708, 43.68485899998355], [-123.63412000022926, 43.68637800026901], [-123.63985299986346, 43.69142299982897], [-123.64337799981814, 43.68973500001165], [-123.64434199991584, 43.69341500017833], [-123.64830899973637, 43.69175799995191], [-123.6585870003978, 43.69667600014462], [-123.66409200042638, 43.696276999881725], [-123.6719230001353, 43.69259800024281], [-123.67284600022514, 43.69003900021073], [-123.68254400003008, 43.68799600011039], [-123.69551200041987, 43.69387899997201], [-123.70256599962885, 43.69425000002949], [-123.70238499987889, 43.6977249998852], [-123.70483399958286, 43.69646799981143], [-123.70489999970509, 43.69315699969184], [-123.73546399955593, 43.69264900022264], [-123.70892000012739, 43.710324000220176], [-123.70794199978603, 43.71880499994824], [-123.71153600023598, 43.7239519998744], [-123.70976200002637, 43.72791199974542], [-123.71678299962339, 43.730221000022595], [-123.7126430004488, 43.731856000225605], [-123.71401000005429, 43.7334500001768], [-123.71153399968784, 43.734038999716], [-123.71166199973436, 43.73642700015736], [-123.7089190003025, 43.735822000008746], [-123.7123320001042, 43.74007800017706], [-123.70929500004613, 43.74736299984981], [-123.71300300029893, 43.746440000052374], [-123.71372999967183, 43.75011699996666], [-123.71206799961523, 43.75229800025566], [-123.71343799959378, 43.758054999744644], [-123.70936799984105, 43.76004000002549], [-123.70876699996654, 43.774874999765395], [-123.705132000407, 43.772937999732434], [-123.70454300022804, 43.77607399967752], [-123.68007199986155, 43.77870200027076], [-123.66704499992049, 43.76833899984976], [-123.66051800006791, 43.766547000282394], [-123.65937800024312, 43.76920299978105], [-123.65401399978153, 43.76931100019232], [-123.64488599988896, 43.7744509999112], [-123.64708199987297, 43.776126000147876], [-123.65374400034311, 43.774909999765924], [-123.648259000406, 43.78739500027073], [-123.65210400002778, 43.789105999845745], [-123.65022500023622, 43.793917999712505], [-123.65348999989988, 43.79680499978577], [-123.64764099991469, 43.796014000053674], [-123.64207399996184, 43.79824900026847], [-123.6385609997027, 43.80574499984727], [-123.63086600043623, 43.80199400004879], [-123.62627199990358, 43.80539299982654], [-123.62621500000218, 43.80908999994842], [-123.637680000344, 43.81527600026488], [-123.63588299966987, 43.81683199969426], [-123.64050700033977, 43.820580000145505], [-123.6499930004326, 43.81984600008415], [-123.66090200020747, 43.822412000185786], [-123.6623190000417, 43.82376500020059], [-123.64987799990658, 43.82022300023435], [-123.63689500034646, 43.822154999928934], [-123.63569400042232, 43.82869099969681], [-123.6191059996433, 43.829875999997164], [-123.61994099986954, 43.83113500001919], [-123.61247699968341, 43.834715999915566], [-123.60846899985499, 43.834013000279256], [-123.60536400002489, 43.83709000005847], [-123.59970599983542, 43.83713400014733], [-123.57934299975479, 43.845914999959106], [-123.57938200011287, 43.849446000167696], [-123.59132899960524, 43.84698499977406], [-123.6082000002415, 43.84231899987772], [-123.61423199962645, 43.83819199990693], [-123.64269099972988, 43.83198000024608], [-123.64904299968032, 43.835995999875706], [-123.65534600012525, 43.83455600025801], [-123.66855399981624, 43.83736300030691], [-123.66989100018283, 43.84682100008755], [-123.66771699994015, 43.85826900001008], [-123.67506099957737, 43.862950000030594], [-123.7034000000302, 43.862861000309785], [-123.70329100025027, 43.864663999845185], [-123.71014699999085, 43.8613360002938], [-123.71917299977613, 43.86183699977808], [-123.72566299981882, 43.85680599999216], [-123.72809599962929, 43.86682800021599], [-123.73613599957558, 43.875819999981964], [-123.7321450003639, 43.87926100016181], [-123.733122999807, 43.88285499998031], [-123.74543000004779, 43.88780100030546], [-123.74606000023465, 43.891342999776604], [-123.754456999658, 43.89598199969243], [-123.75721400023188, 43.901314000065064], [-123.76169200041357, 43.90033700021932], [-123.76863299964467, 43.91125999996793], [-123.78360200002481, 43.917394999902484], [-123.80094700031397, 43.914108999715786], [-123.7915649999782, 43.912295999713216], [-123.79799499974644, 43.90649900029365], [-123.80437500018425, 43.90725000026958], [-123.80330399995643, 43.89396699976227], [-123.80686999991899, 43.890390000029335], [-123.81397500007992, 43.88691500024709], [-123.82220499999703, 43.887243000039604], [-123.82683499961635, 43.88399400003274], [-123.82249500042522, 43.88414399987433], [-123.82555199967645, 43.880861000141465], [-123.82354200036362, 43.876584000278555], [-123.8278010002622, 43.87462699989541], [-123.82878100025341, 43.8792120000117], [-123.83390200014246, 43.88181099977047], [-123.83307199993908, 43.885827999867104], [-123.82919399980698, 43.88750400002105], [-123.82980300007745, 43.89152699998831], [-123.83238599967571, 43.89156400000091], [-123.83523600013602, 43.89623000003067], [-123.83381299955568, 43.901435000182985], [-123.82983400003958, 43.90452599989557], [-123.83192399971836, 43.907578000032764], [-123.82665999971418, 43.91422299973458], [-123.8298359996894, 43.911562999992135], [-123.83208399955193, 43.912433000221526], [-123.83135800000393, 43.91050900010753], [-123.83598500014855, 43.9107410002573], [-123.83517099983868, 43.907769999923666], [-123.84269699994907, 43.91177799982979], [-123.84464199986289, 43.910009999917854], [-123.85666399969836, 43.91017299998339], [-123.85474800009685, 43.912487999916486], [-123.84734300036027, 43.913434999740474], [-123.86165300024123, 43.914660999852906], [-123.8623810003374, 43.92065800015597], [-123.85260200034158, 43.92055300010972], [-123.85226800043074, 43.9246819997603], [-123.84739699988864, 43.92466100028043], [-123.84705700013002, 43.928821999856616], [-123.84213600025753, 43.92887800014311], [-123.84205900026463, 43.93242900016698], [-123.837143000415, 43.93245800006504], [-123.83707300009479, 43.935984000082485], [-123.83349500043668, 43.93599900018326], [-123.83198399999281, 43.943079999837494], [-123.82703600035613, 43.94304999997073], [-123.82700399967077, 43.94483700018566], [-123.73468500030448, 43.94408000009946], [-123.73006900003051, 43.9468949997612], [-123.72997100012124, 43.95507100000546], [-123.7238250000351, 43.9641540002788]]]}}, {"type": "Feature", "properties": {"name": "No ZIP code assigned"}, "geometry": {"type": "Polygon", "coordinates": [[[-123.76479200022081, 43.69274000024446], [-123.76093800037816, 43.686908999774886], [-123.76265200031334, 43.68086599975985], [-123.7589130000984, 43.680901000163864], [-123.75966399976078, 43.66694500003964], [-123.76259899971157, 43.66488699968586], [-123.76313199981404, 43.65793099976772], [-123.77005600022498, 43.672618000250225], [-123.767199000092, 43.67624699969539], [-123.77517100026625, 43.67704399975755], [-123.77915099960728, 43.689396000245964], [-123.78266399986637, 43.68652500001552], [-123.78238000018425, 43.68200699981576], [-123.80008600014844, 43.68203600006445], [-123.80198800040455, 43.68566100001395], [-123.7980280002567, 43.686176000321346], [-123.79747000003988, 43.690665000314326], [-123.80211599955277, 43.6943250000966], [-123.8068509996524, 43.70541100025501], [-123.80448200031438, 43.70573999979603], [-123.80391599970163, 43.70972500000684], [-123.79741099959034, 43.70585700032464], [-123.79087299986708, 43.71021999979198], [-123.79175800032203, 43.713667999961054], [-123.78584800023751, 43.7233409997426], [-123.78873700015752, 43.72411899997889], [-123.7894590004059, 43.729329000220446], [-123.79419399960724, 43.73426100017917], [-123.79295800042128, 43.73635699988967], [-123.7961560001378, 43.736481999985806], [-123.79650000009441, 43.738374000189836], [-123.7903959998411, 43.73770099994897], [-123.79083100003429, 43.74223599985895], [-123.78688299958199, 43.74132900009861], [-123.78606999999536, 43.74341099982855], [-123.79184500036068, 43.746118999722626], [-123.7925709999087, 43.74832900031843], [-123.78724099978228, 43.75113800010587], [-123.7922830000286, 43.7564130002174], [-123.78219900043426, 43.758335000060534], [-123.77796700029985, 43.76227400000411], [-123.77637800003818, 43.76599199976734], [-123.77863299957342, 43.77038799987733], [-123.77212800036042, 43.77652499993237], [-123.76938000000737, 43.772757000100995], [-123.7564419997548, 43.77534099968656], [-123.75176399955657, 43.77125599981115], [-123.75660999998432, 43.769742000245984], [-123.75374500035372, 43.768628000224844], [-123.75383999988996, 43.764635999786734], [-123.74949599960253, 43.76059799999575], [-123.75285300022604, 43.75261700003763], [-123.75818099980432, 43.75208200010096], [-123.755778999956, 43.750455000302864], [-123.7580670000015, 43.74588699999365], [-123.75657099962623, 43.73974300008363], [-123.76004100022764, 43.73713499982357], [-123.75619400005768, 43.735582999782714], [-123.75648799978558, 43.7306579997587], [-123.75331600000831, 43.73141500031476], [-123.75378399981348, 43.728324999895676], [-123.74891599964438, 43.72703799985846], [-123.74030300031099, 43.72670899973313], [-123.74138100021149, 43.72785299976966], [-123.73397300010187, 43.72945099976231], [-123.72326400034356, 43.72444200025549], [-123.73593700028226, 43.71952800024314], [-123.73576800022788, 43.71115199986369], [-123.74273699994633, 43.70790699994412], [-123.74511200003047, 43.7097000001388], [-123.74831899996784, 43.704607999934055], [-123.7461260003569, 43.70397499992699], [-123.74743600006099, 43.69863499999601], [-123.75106300012291, 43.697627000208584], [-123.75555399982508, 43.701868999757764], [-123.76357899970277, 43.69676399991849], [-123.76479200022081, 43.69274000024446]]]}}, {"type": "Feature", "properties": {"name": "No ZIP code assigned"}, "geometry": {"type": "Polygon", "coordinates": [[[-123.6930720000384, 43.59791400022012], [-123.68664899994288, 43.59255400024753], [-123.67958599961476, 43.591361000307984], [-123.67401899966187, 43.584315999988526], [-123.6631650001386, 43.585445999704575], [-123.6636360003168, 43.57807599980422], [-123.65490599990919, 43.572907000035656], [-123.65490099988632, 43.57112500012665], [-123.6595189998101, 43.56994799992637], [-123.65710600009113, 43.568214000018656], [-123.65865500016983, 43.565761000259336], [-123.66653600010748, 43.56094499989818], [-123.66273599979321, 43.55652700001411], [-123.66453599994207, 43.55199199970058], [-123.66146600027209, 43.54947599977432], [-123.65582300015123, 43.54854199972865], [-123.65144200005389, 43.55104899992742], [-123.65179799970605, 43.548717999723], [-123.64959300039953, 43.550551999951225], [-123.64800099976482, 43.5610130001062], [-123.64086299999192, 43.56221999981402], [-123.61725299979096, 43.55748600013875], [-123.61353399966754, 43.554937000138295], [-123.61510200001281, 43.55117900027724], [-123.61259399985929, 43.54866300026827], [-123.60814300034006, 43.55065699971914], [-123.60076199999463, 43.54796499967956], [-123.60003100042377, 43.54604600006608], [-123.60437399998793, 43.5438459998096], [-123.59960799992615, 43.53951399974522], [-123.60141599957262, 43.537489000065804], [-123.59609300001722, 43.5361920001694], [-123.58961200019534, 43.52980499986175], [-123.60578300032455, 43.5270530002204], [-123.61599099976743, 43.533271000233775], [-123.62453299985405, 43.53419600026591], [-123.62894499991353, 43.533734999899934], [-123.62611600026796, 43.530961999934725], [-123.63265999983902, 43.52836000017161], [-123.63142799995272, 43.52591100031662], [-123.62367500006157, 43.51785800022034], [-123.60862600021385, 43.51664700020684], [-123.60572499969992, 43.51860199982133], [-123.6049050004406, 43.51510100025967], [-123.59874900030876, 43.516760999955515], [-123.5934250000301, 43.513267999840934], [-123.58854799964024, 43.51468299992131], [-123.58907800026797, 43.50874700016524], [-123.57950699978632, 43.5003150001132], [-123.58024900012617, 43.49592000024007], [-123.57561000028596, 43.495891000108], [-123.57507600035858, 43.492830999978814], [-123.5685789997449, 43.49396599999639], [-123.57109299974621, 43.49085699971399], [-123.56716100008576, 43.48558699970304], [-123.55476599998138, 43.48324800003172], [-123.55571199963745, 43.48026800025205], [-123.55293099967244, 43.47648000000165], [-123.55645999982507, 43.475464000038244], [-123.55668400013106, 43.472111000012376], [-123.54633799969758, 43.466325999848294], [-123.54177900022333, 43.461031999796944], [-123.54072200023923, 43.44972699973794], [-123.5429090000024, 43.44437700024491], [-123.5500710000647, 43.44548200000076], [-123.5585090003943, 43.456987000072324], [-123.57125000010504, 43.45808099992437], [-123.57413200035238, 43.45358100012713], [-123.57086099994261, 43.443731000129304], [-123.57676400035446, 43.443763000081375], [-123.57980200023742, 43.43625199977101], [-123.58223400022297, 43.43713100032559], [-123.58628600043232, 43.435586999835664], [-123.58647300003007, 43.43434299994328], [-123.57998299998738, 43.435864999868706], [-123.57608499976381, 43.439160000000314], [-123.57275800017585, 43.43879600030767], [-123.56629700044552, 43.43076600014648], [-123.56681200010632, 43.423863000304166], [-123.56986300040803, 43.420133000071836], [-123.58771400013718, 43.41693400023327], [-123.58957899968509, 43.41049500028904], [-123.57574099980724, 43.407966999851], [-123.57134100034165, 43.39523800017073], [-123.55874299984768, 43.395254000240065], [-123.5590109996363, 43.393137000062474], [-123.56884900008166, 43.38366100016282], [-123.57564999957062, 43.381371000201135], [-123.578463000221, 43.3830430002459], [-123.57974100013806, 43.38094600011756], [-123.58350299991919, 43.38263400026789], [-123.58665299995513, 43.37789099999373], [-123.59110000017469, 43.37880099977645], [-123.59090500018102, 43.3761359998561], [-123.59323699970913, 43.37574300029261], [-123.59117999964234, 43.37091499987126], [-123.5930159997762, 43.36912899985493], [-123.59615300029166, 43.37101299972266], [-123.59973500014775, 43.366576000025034], [-123.59742899966058, 43.36334100030396], [-123.59870199955475, 43.35582200027206], [-123.60517700042715, 43.34990000026757], [-123.61068599975539, 43.350373000221175], [-123.61357499967544, 43.344323000143255], [-123.61276100026387, 43.340770000265984], [-123.6151920004245, 43.338814999729884], [-123.61320800015262, 43.33575999976958], [-123.62103300001374, 43.33216499987086], [-123.61929300013935, 43.330574999905785], [-123.6219719999971, 43.32372299994359], [-123.6141449995878, 43.31593200017858], [-123.60583500020309, 43.31507899970997], [-123.59766999968501, 43.308298000014354], [-123.60272199997706, 43.29987300007541], [-123.60247299955674, 43.307249999835996], [-123.60866999969645, 43.30680499972746], [-123.61033900032407, 43.303516999918], [-123.6170290003833, 43.30044700024549], [-123.61316100029696, 43.30022499969247], [-123.61356399980478, 43.29709699992071], [-123.59718000013856, 43.29804500013997], [-123.59742199998789, 43.295003999749575], [-123.59442599993776, 43.29566100015919], [-123.58601100007272, 43.291051999706454], [-123.58138499975298, 43.29246299979896], [-123.5818779996725, 43.28883400007694], [-123.57669599968409, 43.29085700032577], [-123.57115999969338, 43.28813700028654], [-123.57815799972414, 43.28284699973355], [-123.57267100013725, 43.27575300018615], [-123.57669900005715, 43.27219400008943], [-123.57525700010854, 43.269729999698626], [-123.5779920000428, 43.265463000182955], [-123.57298900015456, 43.26292699979734], [-123.569599999744, 43.2667930000957], [-123.55956300000534, 43.265231000260215], [-123.55946799957078, 43.270132999896134], [-123.5577019997571, 43.268669999784585], [-123.55757899973344, 43.261641999675724], [-123.56713199977345, 43.25898600004282], [-123.5601160001993, 43.254048000239955], [-123.56230399978736, 43.24930299990328], [-123.55855799989976, 43.2482209998709], [-123.55870199983981, 43.2449720000281], [-123.56167399960052, 43.23686399974548], [-123.55747099977843, 43.233953999784525], [-123.5566189998337, 43.23000799971732], [-123.56684999974114, 43.22051700016812], [-123.57377099977904, 43.21838600005814], [-123.57649599966756, 43.21323900015666], [-123.58131000030822, 43.213115000211374], [-123.57847099971862, 43.20853999991452], [-123.58005699960724, 43.19721399992585], [-123.59406400043781, 43.183311999755645], [-123.59607299992571, 43.17811600007745], [-123.61898199979473, 43.170424999808944], [-123.62805100013604, 43.16466899974053], [-123.6342010004201, 43.166288000242304], [-123.63901199978943, 43.1622159997015], [-123.64191599977808, 43.15548499990893], [-123.6451629998984, 43.154671999708015], [-123.64436299983224, 43.15119100021911], [-123.6472819998895, 43.152971000313926], [-123.64426099972496, 43.148187000030454], [-123.65520899985789, 43.15606499969501], [-123.65680899999022, 43.149796999778005], [-123.64388099978339, 43.136786999913504], [-123.65496799983349, 43.1373710001033], [-123.65642200037593, 43.1332069999587], [-123.66349099965353, 43.13440400031392], [-123.66646300031253, 43.12624400026057], [-123.67421500037875, 43.125515000262354], [-123.69266299978449, 43.13172700009298], [-123.70215999974798, 43.14149499975351], [-123.70214399985447, 43.087082999952266], [-123.70705899987918, 43.08706700009808], [-123.70705700022934, 43.08345699996371], [-123.75879000007477, 43.083199999873834], [-123.74833999988424, 43.076849999834515], [-123.74833999988424, 43.07199100028794], [-123.74521199958959, 43.074362999682265], [-123.74830399989924, 43.06821700019069], [-123.75192199974032, 43.06958900022612], [-123.75339899984898, 43.069382999727374], [-123.7474439995586, 43.06635600031328], [-123.74644699984894, 43.06220999969781], [-123.75116299968202, 43.04900499984873], [-123.74595700030248, 43.052239999822106], [-123.73262800023767, 43.051403000012634], [-123.73671700025695, 43.049933000292015], [-123.73198299998218, 43.04586600001477], [-123.73498300023032, 43.035789000205654], [-123.72663600013735, 43.018926999974504], [-123.73708299995484, 43.02809100018889], [-123.7363909998437, 43.02257799980254], [-123.74060100023681, 43.023640000052], [-123.73999600016431, 43.021431000168164], [-123.74459599964644, 43.01720699968851], [-123.76152699965883, 43.01983500013527], [-123.76163299996405, 43.00547499996621], [-123.74751999972658, 43.00776599969302], [-123.74208699966802, 43.006012999687265], [-123.74781500017768, 43.0038419999602], [-123.74616599964155, 42.99987400012908], [-123.736348000186, 42.998460000131246], [-123.74597099964788, 42.99527499988645], [-123.74417700024512, 42.99217600013227], [-123.75015599992663, 42.988217999892605], [-123.75178600019618, 42.98394199989965], [-123.75429199980157, 42.984423000133], [-123.75286699957141, 42.99038100032673], [-123.76144999966596, 42.991838999903266], [-123.76412799969879, 42.99544199999909], [-123.77431500012358, 42.9954379999702], [-123.77657300003185, 42.99354599983673], [-123.77508500005253, 42.9922750001116], [-123.78509800040005, 42.98933099984903], [-123.78737800004964, 42.99060599969117], [-123.78349300024486, 42.99096599998368], [-123.78187100037121, 42.994677000254], [-123.78929899967402, 42.99046000012146], [-123.79896800006493, 42.98916400021495], [-123.83535400013677, 42.99143500024078], [-123.84040399988072, 42.995995000169756], [-123.84670099957954, 42.9965609998212], [-123.84829400003916, 43.00091200016339], [-123.84176700018655, 43.00550300018757], [-123.8376580000758, 43.0151189998849], [-123.82397699965848, 43.02184600023383], [-123.82619299973396, 43.026107999782226], [-123.81728999997229, 43.03803099983459], [-123.82125699979285, 43.04734300009091], [-123.82523200000932, 43.04300499981697], [-123.83343099996426, 43.047307999862674], [-123.83348299984281, 43.04979999968273], [-123.82740100022913, 43.05501599974801], [-123.82959499966498, 43.058732999935984], [-123.82480699986186, 43.060068999806816], [-123.82472200037138, 43.06538599994983], [-123.82136399992297, 43.06782499997741], [-123.81983599976066, 43.075107999737], [-123.80693100001835, 43.0770789999444], [-123.8018700004038, 43.08010100023437], [-123.81571499995434, 43.08252600002351], [-123.82110100015723, 43.09009099997533], [-123.8391219997657, 43.09425499987599], [-123.84203999999805, 43.09995900018693], [-123.85164499991659, 43.10326599989976], [-123.85306599994877, 43.10914699985766], [-123.84837000020717, 43.11610899988464], [-123.84879700000444, 43.123179000321905], [-123.84104199956516, 43.127011000217955], [-123.85052199981021, 43.127376999993004], [-123.83067500011364, 43.13181200004475], [-123.82841300000739, 43.13597499978268], [-123.83061099964118, 43.14097900013191], [-123.82645899987273, 43.144557000210504], [-123.83496999999721, 43.149337999804196], [-123.83245900036898, 43.15192499995048], [-123.82863399994034, 43.14917900005466], [-123.812171999558, 43.15223100025284], [-123.80781999977297, 43.14806499991604], [-123.79650699976709, 43.144229999803954], [-123.79407899997952, 43.14805499980987], [-123.79163000027553, 43.14731399971494], [-123.78684499994715, 43.14816500023198], [-123.78702999989508, 43.14649899993539], [-123.78638100033999, 43.145976000026586], [-123.78490699970601, 43.146176000120356], [-123.78432400027316, 43.14514499969805], [-123.7847490004206, 43.14634100018027], [-123.78668199974057, 43.1463060001253], [-123.78644200043934, 43.1479999998523], [-123.78701900002443, 43.14842799977729], [-123.79417100004103, 43.148337999953114], [-123.7928119999331, 43.155592000010145], [-123.7860390000332, 43.16270299981646], [-123.78727500011748, 43.1693850001883], [-123.7904030004121, 43.171285999764685], [-123.78595299981949, 43.17171299998083], [-123.78515500030144, 43.1774609999626], [-123.77424800017644, 43.17980999971856], [-123.78140299966776, 43.180740000103], [-123.78985699989084, 43.177259999743654], [-123.79375000009152, 43.17917800015374], [-123.79817600039472, 43.17574800003196], [-123.80786599980374, 43.17476599992044], [-123.81479600006249, 43.178777999810045], [-123.81934899968894, 43.176395000135486], [-123.8259419996638, 43.17990900021345], [-123.82457199968522, 43.189144999874], [-123.82996000043627, 43.195611999689476], [-123.82963800022098, 43.19941400013217], [-123.82241400023437, 43.20444100012415], [-123.81816000035865, 43.21265300017033], [-123.81244799974252, 43.21355300010481], [-123.87294199995769, 43.21315700004156], [-123.87389900038266, 43.20727900001285], [-123.88104399982826, 43.203564000008946], [-123.89333699982537, 43.20362299991197], [-123.89837099967579, 43.206827999776465], [-123.89994800024188, 43.20409799999367], [-123.90133300028906, 43.20672200021838], [-123.90766599997288, 43.20448999979827], [-123.90997099973684, 43.20727800018588], [-123.90963299962803, 43.20529800026811], [-123.91646300032765, 43.20656200004241], [-123.9091720003939, 43.209061000220636], [-123.91191300017593, 43.21111200009039], [-123.90837800017552, 43.212421999819426], [-123.91118099988182, 43.21577700004209], [-123.90957999992457, 43.219704000254325], [-123.91736100030312, 43.2247139999109], [-123.93111100031742, 43.22503100025395], [-123.93933100018877, 43.23216700014087], [-123.93708900017403, 43.237787999838886], [-123.94215800018453, 43.2365049999981], [-123.94546399985609, 43.24222099993357], [-123.94791599993313, 43.241154999874915], [-123.94777000034325, 43.23646799990391], [-123.95354700035838, 43.23908400028616], [-123.95462799973365, 43.24416100015625], [-123.95731599981221, 43.24488599994668], [-123.95944599967397, 43.23954199983994], [-123.97016700002618, 43.23880399974065], [-123.98318499974637, 43.232883000077116], [-123.98531899980607, 43.23314900019565], [-123.98609100028315, 43.24202300007345], [-123.99794400006422, 43.24479600027931], [-124.01267499989464, 43.240335000125285], [-124.01709500035005, 43.244278000001366], [-124.02205399985738, 43.240124000115536], [-124.02991100040387, 43.24127400010585], [-124.03039900030052, 43.23707799989763], [-124.03691299973434, 43.23951699971592], [-124.04067600023869, 43.238033999949806], [-124.04768099994217, 43.24155100001271], [-124.04368399998441, 43.24289300013375], [-124.047429999872, 43.24583500025579], [-124.04814299989953, 43.24973699977275], [-124.04283700006258, 43.25349999993065], [-124.0445640004165, 43.25670800001681], [-124.04037199956674, 43.259320999901036], [-124.03675299990077, 43.25861099969461], [-124.035023999897, 43.261441000055626], [-124.02727600002873, 43.25667899974798], [-124.02116199972969, 43.25804400002108], [-124.02375699992184, 43.262950999904035], [-124.02222299991176, 43.26596799989302], [-124.00968800006535, 43.265664999784725], [-124.0040340000738, 43.270950999918426], [-123.9873979996142, 43.269835000135345], [-123.98052699980501, 43.276792999802815], [-123.97566200000902, 43.28685299994192], [-123.9639590000158, 43.29225499981413], [-123.934052000116, 43.29421199969904], [-123.92742200033125, 43.2914339998666], [-123.9300600001811, 43.295016000017746], [-123.9429249997404, 43.298810000065934], [-123.94659299981022, 43.30500599981549], [-123.9412629996838, 43.30747100008648], [-123.9454630000312, 43.307518999801], [-123.94550499986399, 43.31907400009101], [-123.94074700019809, 43.31784999980686], [-123.9418600002587, 43.32038900028599], [-123.93746200044292, 43.32114099980365], [-123.9383339995808, 43.32342099980154], [-123.93508599963556, 43.325333999693534], [-123.92013899989509, 43.32609000008982], [-123.91980199961117, 43.32309500021808], [-123.91626800033399, 43.32270399995596], [-123.91093400000962, 43.31573700019315], [-123.89835700033036, 43.316543000176736], [-123.8952180001651, 43.311749999980215], [-123.88514299989326, 43.31149099991245], [-123.88525099984832, 43.29748800019299], [-123.88202499964439, 43.2962739999559], [-123.8782579998404, 43.29817599998383], [-123.87403999994969, 43.295381000177834], [-123.8681270003904, 43.29678999987952], [-123.86293000033338, 43.29144900010124], [-123.86057299979258, 43.28534399980144], [-123.86779199975635, 43.28094199986676], [-123.86678699965077, 43.2796469999507], [-123.86997100002188, 43.27766000028738], [-123.86877699977042, 43.275543999945825], [-123.85700099998225, 43.2790320000741], [-123.85257899987705, 43.28269100016188], [-123.85016100013522, 43.28171200000598], [-123.84687999967969, 43.28591200006967], [-123.84985099961548, 43.28710100031558], [-123.85027099974005, 43.29056100023878], [-123.83843499967742, 43.292581999806686], [-123.8307789998707, 43.2983930000125], [-123.83493800021019, 43.30011000001198], [-123.83197099957403, 43.303600000236834], [-123.81018499981138, 43.312037000232436], [-123.80613199977711, 43.309665999920256], [-123.8021750000023, 43.30223300002048], [-123.78342700012261, 43.30018399999054], [-123.77424499980339, 43.30651999992974], [-123.77646500007681, 43.301650000169815], [-123.76948100028973, 43.30477499983097], [-123.76424400004974, 43.30244399989829], [-123.76493799981068, 43.33245100001895], [-123.76739200043583, 43.33362799992209], [-123.78177799958647, 43.32497199987745], [-123.79632400036732, 43.32729400007849], [-123.79964400028256, 43.32316000003608], [-123.8056160002914, 43.32853899993527], [-123.81058800021752, 43.317949999684906], [-123.81574300044173, 43.32633799988533], [-123.8278360004223, 43.32790800025567], [-123.82597699982388, 43.334273999759304], [-123.83383199982224, 43.335116999779764], [-123.83738899956397, 43.33861699981384], [-123.83592700042223, 43.34296799997229], [-123.82382299967269, 43.34423500025876], [-123.8287939997739, 43.34854399969107], [-123.82348600028712, 43.35219800026096], [-123.82382199984777, 43.35434300027082], [-123.83158200030991, 43.35085100017206], [-123.84260800026061, 43.353755999877556], [-123.84741899962997, 43.357749999977884], [-123.85416899996362, 43.35642600013473], [-123.85885600038272, 43.36043399980293], [-123.85852300029677, 43.36596499983099], [-123.87633800004092, 43.36909899985159], [-123.88905500036056, 43.37402099997376], [-123.90088999969994, 43.369897999881346], [-123.90205800001213, 43.36517100012824], [-123.90928500037181, 43.36315099975345], [-123.90825299960375, 43.358936000169656], [-123.91545800022209, 43.350043999994654], [-123.91804900021627, 43.352855999746595], [-123.9168320003986, 43.35996999994104], [-123.92094399998412, 43.36366100012677], [-123.92587499990235, 43.36501200001545], [-123.92919300016777, 43.3616080002548], [-123.93516699982642, 43.36413499979508], [-123.94125900038415, 43.36304499989576], [-123.9459719998442, 43.368448999836616], [-123.95137399994063, 43.36941300002187], [-123.94929099993455, 43.37210000025532], [-123.95138999983415, 43.376121999950314], [-123.9600039998908, 43.37758900025487], [-123.95322699979295, 43.38362100016449], [-123.9633189997832, 43.38597599982045], [-123.96405199990221, 43.39073400003281], [-123.94916500043617, 43.39276700011951], [-123.94750099983142, 43.38830599968172], [-123.93460399958671, 43.38276600009147], [-123.91606900014236, 43.389027000134604], [-123.90967100016118, 43.38824799994172], [-123.91396699986969, 43.39112999991022], [-123.9114880000285, 43.39421700006623], [-123.92321500031117, 43.401377999782014], [-123.9239359998363, 43.404465000014135], [-123.93325000040001, 43.408351999736325], [-123.93818299996806, 43.40589699984594], [-123.94391800015042, 43.40715999986525], [-123.95165599997293, 43.402884000314394], [-123.96065800036712, 43.40536099996071], [-123.96396599968848, 43.410754000278786], [-123.95961599955331, 43.410496999794326], [-123.9586380001102, 43.40828399975485], [-123.95106400031923, 43.41125799992379], [-123.95519299962316, 43.41364499999242], [-123.9447399999579, 43.41864399973718], [-123.94361600002664, 43.41644300026773], [-123.9428529997704, 43.421592999770176], [-123.94043599985346, 43.4223790000995], [-123.9238239996833, 43.42104599988356], [-123.91901900016177, 43.42431800029099], [-123.92047899965371, 43.426952999962616], [-123.91395599999903, 43.43006300010277], [-123.91563999979697, 43.437198999875726], [-123.92137900017728, 43.43959300015899], [-123.9220849996338, 43.44883499993289], [-123.91907100004029, 43.45109200022266], [-123.92191099955653, 43.45430700002738], [-123.91784900019974, 43.45568099971097], [-123.91680200026137, 43.454459999977715], [-123.91455699987357, 43.453910999739456], [-123.91625099971722, 43.45461599987372], [-123.91345999970649, 43.4573559999708], [-123.9176630004269, 43.460372000203684], [-123.92680399983993, 43.461684000275596], [-123.92363899973539, 43.471035000152376], [-123.91892499955212, 43.471273000124654], [-123.91851899967125, 43.473562999838244], [-123.91126999957028, 43.477163999966734], [-123.91075800028253, 43.48172299992031], [-123.90467499994561, 43.48882500023477], [-123.8929240002718, 43.48945699981021], [-123.9113549999591, 43.492935000196944], [-123.91198699979577, 43.496478000158135], [-123.9049550003281, 43.50165699990243], [-123.90366999984003, 43.506898999851174], [-123.91348499982087, 43.51516800009457], [-123.9342499995844, 43.51571900018351], [-123.92927799965827, 43.511541999985624], [-123.93966699974943, 43.508732000207495], [-123.95647499973818, 43.521468999884775], [-123.97718599997337, 43.52228100017007], [-123.97974000015763, 43.516577000197316], [-123.9844679996863, 43.51963400028106], [-123.98734300026095, 43.51846300027144], [-123.9855730002493, 43.5109979998718], [-123.98168500007147, 43.508157999978486], [-123.98891400008097, 43.51012000010177], [-123.99082600038281, 43.50647899979663], [-123.99419300015374, 43.51075399972725], [-124.00211900029721, 43.5119319997153], [-124.00423400009038, 43.51617199980451], [-124.01462499983134, 43.522397000063094], [-124.01735100044307, 43.51948500014106], [-124.01668000024836, 43.51655899971643], [-124.02462200028533, 43.50766299978584], [-124.03556799987012, 43.502950000158144], [-124.03303499960224, 43.50121400028218], [-124.03647099986846, 43.4985100001983], [-124.03309099967873, 43.495561000276325], [-124.03489500002556, 43.49095899996744], [-124.04381299985583, 43.48994600027012], [-124.04259000019036, 43.488226000222475], [-124.04865300043579, 43.483189000112404], [-124.0488850002394, 43.48540200025353], [-124.05552599989483, 43.48744499977156], [-124.05903099975798, 43.491909000251646], [-124.06228999957386, 43.49205800004503], [-124.0607980002949, 43.489949999896346], [-124.06332800018973, 43.489706000051314], [-124.06365799990263, 43.522778000023514], [-124.05452699963702, 43.52252400010013], [-124.05523899983964, 43.524979000219666], [-124.04877999975909, 43.52911999972684], [-124.04550300039986, 43.538463000054364], [-124.04016400005263, 43.53791300020012], [-124.02991399987862, 43.544591000043695], [-124.01748000031449, 43.5479669998495], [-123.99887700019977, 43.5452590000016], [-123.99439099962213, 43.5479560002162], [-123.9873480002838, 43.54750800012629], [-123.98224199956506, 43.55102200031039], [-123.98373899976525, 43.552402999908146], [-123.97955199983667, 43.55675600017856], [-123.98519099975957, 43.56721199979803], [-123.98358399995455, 43.574365000027875], [-123.9801450002136, 43.57746200012834], [-123.98384300042062, 43.57921800016218], [-123.98232299975594, 43.58167000024459], [-123.98429699998208, 43.58743799976313], [-123.98335499962569, 43.58919000012505], [-123.98118100028132, 43.58810799986479], [-123.97639099993005, 43.59740999973228], [-123.97859799978471, 43.59982800015366], [-123.97900399966558, 43.60936299993407], [-123.87569799980831, 43.60840700027388], [-123.87569199996055, 43.56894300005188], [-123.87347900025813, 43.56656600001039], [-123.87340999976281, 43.556683999961955], [-123.86971400010393, 43.55284900006553], [-123.8710070000896, 43.550431999992526], [-123.86607399962323, 43.54829899979446], [-123.8625870002017, 43.5398059996763], [-123.8627770001725, 43.537312000236525], [-123.8661360004458, 43.53603000012846], [-123.86399200034036, 43.52775499971316], [-123.86986300006686, 43.52198300021974], [-123.86672800009953, 43.51971399967548], [-123.85969300025879, 43.51970699970825], [-123.86006800017752, 43.51610199989537], [-123.83567800000188, 43.51636099993523], [-123.82899200014062, 43.51984700020079], [-123.82709300025753, 43.51745299995673], [-123.82354900003631, 43.518708999701985], [-123.82281400026746, 43.51641700014981], [-123.78543499978562, 43.516519000220995], [-123.77392500013623, 43.51937799968233], [-123.77113800032346, 43.524679000278255], [-123.76669100010389, 43.52471099971778], [-123.76720699958959, 43.52663499996149], [-123.75590100015471, 43.52527999978177], [-123.74579999994363, 43.52918500013551], [-123.74188699965148, 43.528417999837565], [-123.7422470003999, 43.53263399976179], [-123.73901799982293, 43.53192800029197], [-123.73826600033566, 43.53566400029081], [-123.73592700023652, 43.53510399992624], [-123.73227400023534, 43.539301000241586], [-123.72440699964308, 43.538498000070675], [-123.71782399971399, 43.533776000024424], [-123.71352800000547, 43.53793900022803], [-123.709700999927, 43.53484399994293], [-123.70505100021616, 43.536855000022435], [-123.70507299995745, 43.552774999727674], [-123.70691900013709, 43.55449599969222], [-123.71287799972713, 43.5538439996893], [-123.71384600002277, 43.5560289996913], [-123.72069199971762, 43.557532000018405], [-123.71928099973117, 43.5596099997044], [-123.76503300024524, 43.55973100015594], [-123.76514700004807, 43.56344500023936], [-123.78045500036193, 43.557912000086766], [-123.78636600027136, 43.56198399996844], [-123.78156199967643, 43.56421200021399], [-123.78618100032342, 43.56798900010687], [-123.78155900020168, 43.570703000014575], [-123.7820040004406, 43.57778899971115], [-123.79046600016129, 43.5851740000771], [-123.79582300005188, 43.58577099995639], [-123.79990200002543, 43.5932110002054], [-123.80379100002816, 43.59061599990285], [-123.81605899991091, 43.59490700024204], [-123.81984499998148, 43.59419299981698], [-123.82609900002262, 43.59604099996091], [-123.8257819998302, 43.598165000279764], [-123.83415300021262, 43.59796900025275], [-123.84395499977465, 43.60452500006627], [-123.84248299968884, 43.60055600009987], [-123.84695699967259, 43.59867000019242], [-123.85065700042776, 43.60480499969356], [-123.84815599994694, 43.60796200014076], [-123.85173500032825, 43.609263999985316], [-123.85287000013018, 43.614622000219164], [-123.861262000429, 43.61586800013608], [-123.87198700008081, 43.624561999835066], [-123.86293000033338, 43.6251830002916], [-123.86604600003413, 43.62719599985709], [-123.8618349998161, 43.62880299972358], [-123.86498499985206, 43.63402700029217], [-123.86359399995709, 43.6365640002996], [-123.86839099998105, 43.63754399975573], [-123.87048999988068, 43.64454500008271], [-123.88164300005296, 43.64597799973833], [-123.88074799955224, 43.648107999702965], [-123.87410500024698, 43.64874699997924], [-123.87644599999595, 43.65450399972093], [-123.87249000004606, 43.655633999796166], [-123.85809999979917, 43.6567579999879], [-123.85365400030281, 43.64943199982076], [-123.84661500026414, 43.646739000105036], [-123.82650300025368, 43.65289500020612], [-123.81363399959805, 43.65147300004928], [-123.80382399964013, 43.65831700030849], [-123.79979200042057, 43.657830000087095], [-123.79303399969098, 43.6490830001897], [-123.79314500001904, 43.63972999977752], [-123.78460700013038, 43.63348500009155], [-123.78663499988487, 43.63061099991107], [-123.78255400026153, 43.63061199992419], [-123.78032800014029, 43.624700999879835], [-123.76460399989985, 43.62774600004063], [-123.75475899978181, 43.6268479998725], [-123.75272900037749, 43.61685600016388], [-123.74254699997556, 43.61249600011982], [-123.74455399981365, 43.60743900015076], [-123.73420699955528, 43.607145999734755], [-123.72487600017145, 43.601091000280924], [-123.72423199974088, 43.59814299982397], [-123.71394800013002, 43.59688100019121], [-123.71052399955937, 43.59274599972625], [-123.70809800031994, 43.595499000140634], [-123.6930720000384, 43.59791400022012]]]}}, {"type": "Feature", "properties": {"name": "No ZIP code assigned"}, "geometry": {"type": "Polygon", "coordinates": [[[-124.10815000004298, 43.769103999935524], [-124.11850899999692, 43.76493899988434], [-124.1274700003832, 43.7796099999962], [-124.12581499999932, 43.788504999683326], [-124.12716300023655, 43.798511999821], [-124.11757000001359, 43.81317799979136], [-124.14900900027367, 43.81311200005564], [-124.14904199988561, 43.81707600022294], [-124.15348400008232, 43.81701400019903], [-124.14783000009079, 43.82407100015553], [-124.14130300023818, 43.82303599999308], [-124.13852599957285, 43.82687300026484], [-124.14138600007887, 43.82982999987588], [-124.1399230002139, 43.832400999926925], [-124.13425199960561, 43.832112999949], [-124.1291730004477, 43.835518999704064], [-124.11283699956374, 43.832923000232604], [-124.10250299972417, 43.835206999766605], [-124.0977090000733, 43.839245999950194], [-124.0977240001419, 43.8360510001801], [-124.10207199972895, 43.83367399992109], [-124.10001600038535, 43.82888700027003], [-124.0933510004405, 43.83022700030449], [-124.08985700044796, 43.82823299998786], [-124.08271899977676, 43.83469399995567], [-124.07540500027677, 43.83157699974591], [-124.06719499955285, 43.834066999957805], [-124.06143199978139, 43.83983900018624], [-124.0424320000066, 43.84924400015699], [-124.03621099957746, 43.84952499991843], [-124.03401399976855, 43.85144299974089], [-124.03435699990023, 43.86218899994092], [-123.94555799956741, 43.86274200024986], [-123.94576699980479, 43.847166999696206], [-123.9559280002903, 43.84691400030882], [-123.95628499976738, 43.85331000027704], [-123.95970699978989, 43.850259999980594], [-123.96045800035056, 43.84487499987983], [-123.97196600035012, 43.84134100004715], [-123.97374200020954, 43.83202500011053], [-123.97152500030917, 43.830174000318415], [-123.97521599994518, 43.82210800027679], [-124.00086899996926, 43.82271799994656], [-124.00645400036377, 43.81653400017734], [-124.00553299992379, 43.815030999978994], [-124.01411099999544, 43.81414399989228], [-124.029934999795, 43.801270999737106], [-124.03652199992207, 43.801929999776014], [-124.03950600027667, 43.79769800019183], [-124.0481820002576, 43.79719800003895], [-124.0450709996814, 43.80131600005759], [-124.04993800002552, 43.80213000031968], [-124.0547569997908, 43.79590999994621], [-124.06439199984655, 43.79421800030346], [-124.06672000007501, 43.79128599969223], [-124.07826700043263, 43.7874639998676], [-124.08151500037788, 43.78851600006862], [-124.08749700043242, 43.77758899996248], [-124.11257499962294, 43.773248999844725], [-124.10815000004298, 43.769103999935524]]]}}, {"type": "Feature", "properties": {"name": "No ZIP code assigned"}, "geometry": {"type": "Polygon", "coordinates": [[[-123.8399589996418, 45.78488899999275], [-123.91219100001027, 45.78299000008007], [-123.91844199967835, 45.78634399968794], [-123.92477600008542, 45.78579000007513], [-123.93210100035438, 45.790850000295166], [-123.93510499990215, 45.796995999825505], [-123.93725599968027, 45.7945179997558], [-123.93959599960434, 45.795372000036885], [-123.94220800041325, 45.79104499985438], [-123.94750199965634, 45.79118199973732], [-123.94666499978023, 45.79341299987297], [-123.95044599982795, 45.79605500006242], [-123.94939700023977, 45.80113899987497], [-123.95538299959397, 45.80218400030806], [-123.95267199994916, 45.80507000021951], [-123.94630099973217, 45.805366999784674], [-123.9260969996602, 45.799473999929916], [-123.91737600037175, 45.799141000233135], [-123.92139199969778, 45.800937999706925], [-123.91838499977696, 45.80153199997796], [-123.92707800037464, 45.803659000050935], [-123.92227299995477, 45.80445799991771], [-123.92207899978601, 45.80786299989135], [-123.92610099985815, 45.80959700002549], [-123.92440299981652, 45.811607999748404], [-123.92933100026002, 45.81755800008774], [-123.93017999983168, 45.82750200019408], [-123.9381920001889, 45.83173199987783], [-123.93665499980575, 45.8352069998829], [-123.9386499999483, 45.84110399988115], [-123.94241199972944, 45.84848800004269], [-123.9464360003497, 45.84880799997557], [-123.9465350000839, 45.85616900000315], [-123.95193399980727, 45.85959699999753], [-123.94251700020973, 45.865359999834816], [-123.94382299971586, 45.85991499978167], [-123.94009100007196, 45.8580909997372], [-123.92144600012442, 45.86005599989483], [-123.92477799973527, 45.86172399989413], [-123.92284600024023, 45.86398699982737], [-123.9260199996673, 45.86979299986081], [-123.92104500026643, 45.87415900013744], [-123.92385600036867, 45.876262999839334], [-123.92212099961881, 45.8792120002594], [-123.93115399997512, 45.882345000039734], [-123.93734500026707, 45.88108200001706], [-123.92445800006811, 45.889877000033856], [-123.89956099972926, 45.89546900011414], [-123.88122399975332, 45.89441800001622], [-123.86671399985582, 45.90115100006828], [-123.8543920004447, 45.903487000293616], [-123.84465299973355, 45.90130899987769], [-123.83231600025384, 45.90638699975147], [-123.82464000035559, 45.89913800019436], [-123.81331800012887, 45.89978899987519], [-123.81151700015508, 45.89590299983408], [-123.80709699969971, 45.89421100008241], [-123.7907270002772, 45.894004000002255], [-123.78903099988541, 45.881681999788874], [-123.7847779998346, 45.880239999894], [-123.77551199984977, 45.88492299990805], [-123.76048999976621, 45.884430999996844], [-123.7615230003592, 45.877620999706856], [-123.76579999980112, 45.87204400017902], [-123.76401999974375, 45.86722699973926], [-123.76640499987363, 45.864760999847725], [-123.76203800002, 45.861963999983985], [-123.75760300039431, 45.863511000268026], [-123.75791600038875, 45.85948200012748], [-123.75476200015484, 45.856961999870045], [-123.73873300031588, 45.85744200008448], [-123.73951300029057, 45.85154400010762], [-123.73689299998404, 45.84877900010636], [-123.74023200016589, 45.84550000016861], [-123.74372399961024, 45.84895699997119], [-123.7480779999434, 45.849459999969014], [-123.75522499993711, 45.842945999757454], [-123.76383099959787, 45.8428510001957], [-123.77063600018313, 45.83759400001853], [-123.77064399968073, 45.83393899997868], [-123.77567900025434, 45.831684999727976], [-123.77465700043034, 45.83810099990472], [-123.78296599999015, 45.84400199982405], [-123.78255799956115, 45.85000900026575], [-123.78479299990319, 45.8478709998345], [-123.79077999998064, 45.848536000306396], [-123.78989500042398, 45.8539759999985], [-123.79741999981115, 45.852285999952976], [-123.80481399967707, 45.84686800017299], [-123.81806099972614, 45.84485599990483], [-123.83546600028977, 45.85125499984865], [-123.83544000035052, 45.85482899981573], [-123.84863799999576, 45.85168399969101], [-123.85045700041118, 45.84596499979449], [-123.84796900034918, 45.80943599994273], [-123.8399589996418, 45.78488899999275]]]}}, {"type": "Feature", "properties": {"name": "No ZIP code assigned"}, "geometry": {"type": "Polygon", "coordinates": [[[-123.28661399993825, 43.33533999998648], [-123.27786199978932, 43.336286000310544], [-123.2783000003556, 43.35583900029524], [-123.28440299988567, 43.360525000139454], [-123.29019699961925, 43.36055599973487], [-123.29109299994487, 43.36279500002786], [-123.28269300014847, 43.36228199987343], [-123.28089800002249, 43.36959099999126], [-123.2796810002048, 43.364594999723835], [-123.27715899980757, 43.36530399993533], [-123.27770100013086, 43.36285200006752], [-123.27295699981036, 43.36280299977312], [-123.27339000035374, 43.36788800017206], [-123.27111900002667, 43.37112400007607], [-123.27074300028305, 43.3691120002902], [-123.25686299967408, 43.36476400012483], [-123.25554299992423, 43.36203900007369], [-123.25793300007697, 43.358048000023665], [-123.23428699989101, 43.35815000026858], [-123.22878600006038, 43.35819100004977], [-123.23404400021677, 43.36186299995228], [-123.23115899959637, 43.36934200010484], [-123.2334270004487, 43.372807000150225], [-123.23636200039948, 43.37248500014691], [-123.23495200023797, 43.37598899970446], [-123.22763600018985, 43.37458100002788], [-123.22978500031816, 43.37725200023203], [-123.223527999904, 43.37441900003079], [-123.21908800025541, 43.376344000034855], [-123.2169390001271, 43.3725210000983], [-123.19553800032892, 43.372509000116914], [-123.19265400043177, 43.37677000003853], [-123.19395599973994, 43.37250400017834], [-123.17413599980753, 43.37260900010727], [-123.17235800029826, 43.374980000013124], [-123.17505100039972, 43.37868700023627], [-123.17519100014181, 43.38009300004341], [-123.16713199992894, 43.373100999852504], [-123.16098199964489, 43.37269400016532], [-123.15822499996933, 43.376086000177665], [-123.15528699964547, 43.37303100005268], [-123.14313000009082, 43.37279399985062], [-123.14161100014934, 43.370469000106624], [-123.15201500030912, 43.366456999922605], [-123.15628300042854, 43.349451999948], [-123.15849699995589, 43.35550500027322], [-123.16327499971324, 43.35875099995909], [-123.16647300032807, 43.357888000216086], [-123.16501100028802, 43.355115999674645], [-123.16882499994769, 43.352476000314375], [-123.17042099988207, 43.35643200008375], [-123.17621999963852, 43.3538550000504], [-123.18266500037367, 43.35956899995236], [-123.18763899994961, 43.36003999979276], [-123.18912299973098, 43.34356200029448], [-123.19963200037107, 43.343537999978416], [-123.2024130003361, 43.3162940002656], [-123.20727800013208, 43.314009999996664], [-123.21957699997697, 43.31929900028133], [-123.22500599983758, 43.3135359997295], [-123.22462199969803, 43.32171599969523], [-123.22689800004795, 43.323301000146316], [-123.2291760000477, 43.3189170000282], [-123.23059399970685, 43.32781200032226], [-123.22884799998465, 43.34349899985285], [-123.2229799997329, 43.34592500012034], [-123.23955199972009, 43.34233599972169], [-123.24925799992096, 43.336387000219666], [-123.25396799990627, 43.32962199972171], [-123.25243399989616, 43.32816500001125], [-123.2552509998462, 43.32143899985851], [-123.25675800009208, 43.32514200003447], [-123.2628980003304, 43.32372100018999], [-123.2644969997395, 43.32882899999304], [-123.26722699965089, 43.329850999812294], [-123.27185100032078, 43.32869500016997], [-123.27792500043685, 43.320945000273454], [-123.28255300040638, 43.326026999817095], [-123.2944029998144, 43.32922399983851], [-123.28953700019349, 43.33094699985016], [-123.28661399993825, 43.33533999998648]]]}}, {"type": "Feature", "properties": {"name": "No ZIP code assigned"}, "geometry": {"type": "Polygon", "coordinates": [[[-123.00285900002848, 43.33224400001899], [-122.99857199964251, 43.32386300017965], [-122.99291000015339, 43.32364000030952], [-122.9817450002855, 43.31751399995225], [-122.9755980003745, 43.317821999889915], [-122.9666439996609, 43.313401000114645], [-122.96520099988743, 43.30858599969769], [-122.9447769997074, 43.29873300016628], [-122.94709099969215, 43.29229799976561], [-122.91475000015701, 43.29504100024192], [-122.90581800008304, 43.28041600019443], [-122.91368200030222, 43.28480800032118], [-122.9264659996707, 43.282869000043405], [-122.930450000108, 43.28000399994334], [-122.95129900043544, 43.27967599974252], [-122.95454499983254, 43.27411499977094], [-122.96293499958323, 43.27097099977009], [-122.99278200010686, 43.26844100005275], [-123.01377600019926, 43.26207700016484], [-123.02524599966567, 43.26422299987103], [-123.02046200006053, 43.26684399968894], [-123.02004500030903, 43.27134699994428], [-123.01367800028999, 43.276017000152216], [-123.01423099958564, 43.278728000291565], [-123.01157900039036, 43.27829900023877], [-123.00644900028051, 43.285484000171245], [-123.00627400037831, 43.289792999851855], [-123.00871600040959, 43.290487000318905], [-123.00731499957057, 43.29492100011833], [-123.01139199989431, 43.29435800012558], [-123.0137989997655, 43.29851999990205], [-123.01866799975946, 43.293256999845326], [-123.02713000037843, 43.293407000144164], [-123.0293010002481, 43.29568800014063], [-123.02404899993948, 43.298091999806985], [-123.02250200040892, 43.30854999973016], [-123.0200439995858, 43.31092999991569], [-123.01202600027912, 43.314576999832504], [-123.01362899988617, 43.315597000186415], [-123.0018599997707, 43.316599999863264], [-123.01076500008051, 43.3180379997552], [-123.00395700002049, 43.329399000082184], [-123.0053720002049, 43.33259499997214], [-123.00285900002848, 43.33224400001899]]]}}, {"type": "Feature", "properties": {"name": "No ZIP code assigned"}, "geometry": {"type": "Polygon", "coordinates": [[[-119.79070399957097, 45.06860200010627], [-119.79071899963958, 45.07011700015673], [-119.78575199973632, 45.06471200003479], [-119.78045299957206, 45.05277699997457], [-119.77398199979596, 45.04952300024528], [-119.77578199994483, 45.045279999742775], [-119.7724980000146, 45.0408010001827], [-119.78549800019145, 45.02842199972654], [-119.79093799992269, 45.028602000183405], [-119.79116200022868, 44.99475500013448], [-119.67222800039046, 44.9951169997856], [-119.67100300017684, 44.981778999787174], [-119.66628899999358, 44.97659900007652], [-119.66680399965438, 44.97314899986984], [-119.67205400031315, 44.970160000212196], [-119.67162400014287, 44.89942799989161], [-119.70358800010946, 44.910567999783375], [-119.6989300000027, 44.92026500026824], [-119.69334499960816, 44.922624000019454], [-119.69850200038056, 44.9258660002451], [-119.70207400019088, 44.94864000025147], [-119.71402099968327, 44.95454599969837], [-119.70600199965337, 44.951529000182845], [-119.70932400011675, 44.956217000138096], [-119.70519599973942, 44.96046599973624], [-119.71011999998495, 44.96333499979144], [-119.72515100028937, 44.96195900012586], [-119.72895400007836, 44.96418500014228], [-119.72894099965957, 44.96215600012191], [-119.7333410000235, 44.96500100022378], [-119.73693399975024, 44.9619100002993], [-119.74153099975761, 44.963484000206904], [-119.75700700030096, 44.961172000223364], [-119.76430499990738, 44.95853299979226], [-119.759010999766, 44.95632699983719], [-119.76480299984976, 44.95067000018241], [-119.76483999965969, 44.94470600000672], [-119.77407499968238, 44.94530299969417], [-119.78330800005521, 44.94948700006166], [-119.79572800027394, 44.95015300029486], [-119.79855299972157, 44.946204999775745], [-119.80962100040337, 44.95136400011015], [-119.81779199987092, 44.94958299979874], [-119.84246400007888, 44.95321100002762], [-119.84821599997966, 44.95078499988207], [-119.84534700015114, 44.945484000157826], [-119.85258399965822, 44.94097999972404], [-119.85948200012987, 44.942293000092626], [-119.86171400009891, 44.94675000003446], [-119.86708199986016, 44.93887099980173], [-119.87986199992896, 44.93573399990928], [-119.88960199956674, 44.927176000157], [-119.89328600042838, 44.92776899975158], [-119.89326200013892, 44.92986800021789], [-119.90296099976877, 44.93006999978677], [-119.90267999956137, 44.937382000080504], [-119.91109899962437, 44.93767100003206], [-119.92195499969577, 44.943585000129474], [-119.91960999974884, 44.95631599987675], [-119.92683200008562, 44.96784599969676], [-119.92966499992917, 44.96985799990918], [-119.93724899976588, 44.96941599996182], [-119.93877199990534, 44.97343500003957], [-119.94292000037414, 44.970712000229796], [-119.94717300042498, 44.971301999852805], [-119.94775900023089, 44.97558000001547], [-119.93937199995497, 44.98120400013221], [-119.93803499958837, 44.99452400026395], [-119.93420800040822, 44.99762300030099], [-119.94255399977796, 45.00065600027092], [-119.94496999986998, 45.00543200025557], [-119.95408600006697, 45.01216699969875], [-119.94380300028102, 45.02150999972087], [-119.91876899967481, 45.02745999985694], [-119.90010399963579, 45.04082000022107], [-119.89337699976664, 45.04120800002556], [-119.8896429995746, 45.03579099998042], [-119.87057300037795, 45.03907599980786], [-119.87064500034795, 45.05602100010234], [-119.86790100019289, 45.0578799998792], [-119.86842599989946, 45.06057600021359], [-119.85717800019087, 45.05406699986621], [-119.85104399980034, 45.05397200003291], [-119.8509409998682, 45.06778300022357], [-119.79070399957097, 45.06860200010627]]]}}, {"type": "Feature", "properties": {"name": "No ZIP code assigned"}, "geometry": {"type": "Polygon", "coordinates": [[[-119.65358699974257, 44.65261700009441], [-119.65388499966839, 44.534130999775826], [-119.69593899997543, 44.53396200001084], [-119.69604500028065, 44.54833899969897], [-119.71771600041556, 44.548309000278074], [-119.71754499981303, 44.56564899992936], [-119.81811099971316, 44.565701999744725], [-119.81791499989458, 44.60016699980554], [-119.79140599972783, 44.60616400017146], [-119.78299699971059, 44.614488999881935], [-119.76917599955117, 44.61194400004601], [-119.74870000039095, 44.622193000243364], [-119.74432599996632, 44.6183060002204], [-119.74960099984114, 44.629793999972684], [-119.75076900015334, 44.63898799975028], [-119.76982599982952, 44.64182400010133], [-119.77583499964828, 44.64659999968476], [-119.77140900024342, 44.65096799999759], [-119.75748400032694, 44.65036899975794], [-119.74248900000754, 44.65735999980204], [-119.72525699969624, 44.649573999976745], [-119.7225419998535, 44.64623400030635], [-119.72307900015393, 44.65118900018168], [-119.71162200020801, 44.65718900015266], [-119.70380700039257, 44.64836899970217], [-119.70540800034983, 44.65083699969914], [-119.70358499973644, 44.65632200024638], [-119.69996600007043, 44.652734000052625], [-119.6990069999956, 44.65700799971282], [-119.69612499974828, 44.65853999980506], [-119.69392899976428, 44.6524389997654], [-119.6960150001434, 44.64934200017798], [-119.68424400037813, 44.653568000224574], [-119.67779500034331, 44.65166199986238], [-119.6821660003949, 44.64701500023397], [-119.66916799986787, 44.65250800011215], [-119.65358699974257, 44.65261700009441]]]}}, {"type": "Feature", "properties": {"name": "No ZIP code assigned"}, "geometry": {"type": "Polygon", "coordinates": [[[-119.67610099960135, 44.46121299990549], [-119.65367299995629, 44.46128800028714], [-119.65518699987487, 44.253215999837664], [-119.65821100041246, 44.2611599996857], [-119.66748900009286, 44.264090000283225], [-119.67377699957083, 44.2625160002911], [-119.67682299984972, 44.26548900002831], [-119.68311200005094, 44.26476000017565], [-119.68425500024878, 44.26574399988363], [-119.68281999997289, 44.267206999783376], [-119.68400500000351, 44.27074000019723], [-119.68408299982133, 44.26754700012894], [-119.6894730002222, 44.267766999720834], [-119.69747200016062, 44.26390200011674], [-119.70009699959168, 44.25864900004667], [-119.70696400010124, 44.25350500012566], [-119.71805399962604, 44.254279999829144], [-119.72631899970325, 44.24705800024394], [-119.72339700017125, 44.25055999999252], [-119.72343599963098, 44.25523799983992], [-119.72760599984113, 44.25973900022006], [-119.72869200013756, 44.267441000224636], [-119.73327400007636, 44.27009000006204], [-119.73267499985162, 44.276740999855676], [-119.73593600021566, 44.27939300012409], [-119.74088300002741, 44.27908700009196], [-119.73895400000714, 44.28921700019294], [-119.74532699987395, 44.298836000116005], [-119.74579899987704, 44.30742699987484], [-119.77009299979322, 44.307499000077634], [-119.77202900038452, 44.301517999812056], [-119.77705999986186, 44.297177000049096], [-119.77648999994946, 44.292902999713235], [-119.77980099964388, 44.287853999940374], [-119.79765200027137, 44.276955999761284], [-119.80338099970763, 44.283552999746426], [-119.79222400023566, 44.29922400029876], [-119.78673400027567, 44.30218700016967], [-119.78472200041472, 44.30746900021816], [-119.81141499980613, 44.30757199980022], [-119.81178300005219, 44.29634700021984], [-119.81613999986006, 44.29050000011563], [-119.82186800036975, 44.301056999983096], [-119.82053100000311, 44.307548999809356], [-119.86284800007591, 44.30723100001819], [-119.85489000014536, 44.2993270002033], [-119.85393000024565, 44.29050199991318], [-119.83095400042951, 44.28183499996952], [-119.82739299959151, 44.28610500008637], [-119.82226699967961, 44.28719599976291], [-119.82238200020562, 44.280441999977526], [-119.82592600042688, 44.277449999842844], [-119.82508700000265, 44.27123399978904], [-119.82939699995487, 44.263597000189655], [-119.84403800027194, 44.2604159998211], [-119.86329300031484, 44.26014699999119], [-119.86802500004144, 44.25528800031596], [-119.8649529998233, 44.249700999953276], [-119.87556100019758, 44.24728299988592], [-119.87658600039465, 44.24045299973065], [-119.88308800013289, 44.23852699982909], [-119.8888269996149, 44.23974900007623], [-119.89307399981793, 44.23632799989552], [-119.89808099990417, 44.23842800008235], [-119.9005399996539, 44.22885099976751], [-119.89938300011066, 44.222693999930556], [-119.90271800009452, 44.21961400021555], [-119.90504700014792, 44.206704000039856], [-119.92665600035853, 44.1758690000882], [-119.94559400020906, 44.172843000267356], [-119.95834400014064, 44.179445999810625], [-119.96091800041641, 44.183993000106106], [-119.95822199994193, 44.19196899980563], [-119.94793499995798, 44.20657400030949], [-119.95565000021426, 44.212153000044175], [-119.95544000015201, 44.2219410002264], [-119.95953900021702, 44.224350999777755], [-119.98072499993006, 44.2220020001557], [-119.98611199995784, 44.22740900000531], [-119.97054199970319, 44.234265999770166], [-119.96816400014433, 44.244778999931576], [-119.97162999964945, 44.25540099987117], [-119.96619800031411, 44.265937999920624], [-119.9762140001364, 44.2646320000124], [-119.97883199989477, 44.267335999778965], [-119.98221299990938, 44.264402000054005], [-119.98108999980303, 44.25866800005691], [-119.98320700014429, 44.260446999681776], [-119.99306499978283, 44.2598720002704], [-119.99735499964353, 44.25721900004552], [-120.00034499984591, 44.25854199973914], [-120.00028499957146, 44.26239299970131], [-120.01426800011258, 44.26432700001286], [-120.02727900016009, 44.262821999763176], [-120.02912699998954, 44.269317000203245], [-120.03700999957701, 44.27336899998851], [-120.04483500033648, 44.28264399970894], [-120.04769800031724, 44.28136500011886], [-120.05692300029418, 44.285295999776935], [-120.0629039996255, 44.28481600000735], [-120.08144499981596, 44.26568700026171], [-120.0851289997793, 44.254032000211666], [-120.09136299972891, 44.25663500017666], [-120.09492700004168, 44.26264500028797], [-120.09941100007116, 44.256301999921085], [-120.10109999989194, 44.26691700028058], [-120.10927499955746, 44.26860499969444], [-120.11259000034815, 44.276921999855524], [-120.1359800004411, 44.2912559997666], [-120.13516500030632, 44.28567800015086], [-120.137620999683, 44.28334699972816], [-120.12748600003505, 44.28020699977384], [-120.12588900027575, 44.278355000069055], [-120.13007500037942, 44.27673199994417], [-120.12435199989261, 44.272518000311116], [-120.13542100039936, 44.26987800022877], [-120.1311370003864, 44.26439100013974], [-120.1336580000604, 44.258885000042724], [-120.14797999963695, 44.26780200006244], [-120.15214099962621, 44.26416599968714], [-120.15497699984282, 44.266472999755926], [-120.16722100033445, 44.267954999748824], [-120.15110499955851, 44.251503000048174], [-120.1644739998063, 44.25471200013133], [-120.1622000000045, 44.249858000206764], [-120.13331599975363, 44.24342100011011], [-120.13487499987806, 44.24147900004908], [-120.12814200016115, 44.23640200007454], [-120.13023799968772, 44.22882900015435], [-120.13723599971853, 44.22861300029734], [-120.13244100024274, 44.22627900022457], [-120.13635299981168, 44.22301399980745], [-120.13398000027568, 44.214922999808415], [-120.14001900023165, 44.212275000160695], [-120.14220199979687, 44.217458999876676], [-120.14496600004342, 44.212812999908095], [-120.14706999996591, 44.213016999996896], [-120.15267999957649, 44.220023999827966], [-120.15343500033511, 44.21586799974703], [-120.15898700021937, 44.21130800014807], [-120.15727199956102, 44.21016200010467], [-120.17198499984809, 44.20906200015265], [-120.17145799959341, 44.20471999991959], [-120.19376399993804, 44.20979100011164], [-120.19028800038718, 44.20248200008311], [-120.19816799960158, 44.205043999856485], [-120.20110000007766, 44.19571400012231], [-120.21212500020343, 44.19656500020215], [-120.21437100041615, 44.19869900024214], [-120.21572899980083, 44.194826999803325], [-120.21967100040536, 44.19393099995627], [-120.2236740002109, 44.195347000218334], [-120.22389099994587, 44.20073800014864], [-120.2214220001504, 44.202775000123644], [-120.22527099997018, 44.20841900023515], [-120.22177699997764, 44.210225999933094], [-120.22327099980477, 44.21285399971126], [-120.21923700003705, 44.215916999683174], [-120.22092599985787, 44.22537900026719], [-120.21813099964916, 44.231207000218525], [-120.22576200023985, 44.23415300015872], [-120.22846100018907, 44.2287360000896], [-120.23453500030517, 44.23415000016038], [-120.23503900009531, 44.227589999979166], [-120.25734200006691, 44.23418799991345], [-120.25407900005307, 44.224335999861296], [-120.24543499985919, 44.22393899991044], [-120.24365599962671, 44.220061999688326], [-120.23584400018437, 44.21729300008353], [-120.2450699999862, 44.20620300025427], [-120.25601100044642, 44.1989790001746], [-120.25768699984842, 44.19038899989596], [-120.26163299975255, 44.184613999896534], [-120.25938700043817, 44.18259700008569], [-120.25981599988525, 44.17818700030595], [-120.26516899957788, 44.17172499969319], [-120.26610300043666, 44.16071000023023], [-120.26918099960426, 44.15419300008369], [-120.30374599961083, 44.14427399969803], [-120.31317399997735, 44.138922999741226], [-120.32548100021815, 44.13671899968459], [-120.33882299980347, 44.12538000009272], [-120.3581499998164, 44.132963000100276], [-120.37449199964982, 44.131133999851954], [-120.42603700007255, 44.14445700010251], [-120.42601500033125, 44.14712100027241], [-120.41946099981615, 44.146942000081324], [-120.40837700013911, 44.15335899985605], [-120.40681600036484, 44.16092299986238], [-120.40248100029827, 44.16451499977681], [-120.40383399966007, 44.16813400004769], [-120.39626800026504, 44.178672999990766], [-120.38645199956099, 44.183958999922496], [-120.38846400032027, 44.19732300013545], [-120.38565200039314, 44.198351999956174], [-120.39228499965265, 44.20199199980324], [-120.40890600004363, 44.204829999803806], [-120.432052999564, 44.2020390001054], [-120.43264500011601, 44.20617000004938], [-120.43642600016373, 44.208928999835216], [-120.43577900025845, 44.220753999733375], [-120.44922999962367, 44.22469600002033], [-120.45073400039486, 44.21928100025701], [-120.46547699992085, 44.21439100010095], [-120.46693899996093, 44.21944800005985], [-120.47309900029073, 44.22313300003821], [-120.47414100020623, 44.22788600031603], [-120.46774599969979, 44.23437400004467], [-120.4688169999276, 44.237721999704796], [-120.48471900044329, 44.24578499977679], [-120.49266499977995, 44.2404440000552], [-120.501447999891, 44.2425360001443], [-120.4932239998217, 44.25434899995186], [-120.49965299976498, 44.25973999999905], [-120.49809299981563, 44.26404700008603], [-120.50642700038813, 44.267067000091146], [-120.49448800039336, 44.295730999771], [-120.49459899982311, 44.30319300008398], [-120.48609299972149, 44.31656499971598], [-120.48640099969306, 44.321972999852704], [-120.46561300036332, 44.31807399982417], [-120.46239800003005, 44.31440199985568], [-120.43993100002692, 44.303097000252095], [-120.4271600001789, 44.29984799995416], [-120.40215400006014, 44.3009110003159], [-120.39308600044203, 44.30349499991092], [-120.38835700019015, 44.30074599973986], [-120.39325700014625, 44.29858200024158], [-120.39526800018231, 44.29323099976788], [-120.38673199994348, 44.290731000076896], [-120.38723099971075, 44.28861200007353], [-120.37807900042709, 44.29516800002581], [-120.36634999959625, 44.29395900025996], [-120.35912200031, 44.296892000159914], [-120.3483020002236, 44.29744399993561], [-120.3432049997257, 44.286634999792966], [-120.33868600043445, 44.28537899995831], [-120.33365800043183, 44.276414999966896], [-120.3260050000998, 44.27288700014406], [-120.31761399962592, 44.264138000256786], [-120.31425500025091, 44.263915000181775], [-120.32093199989134, 44.27035499974317], [-120.32165599978953, 44.28127799983124], [-120.32627600026147, 44.280626999777695], [-120.31746499966302, 44.28871599987332], [-120.30737900041885, 44.286683999967224], [-120.29999600042358, 44.294318000203376], [-120.28755399956522, 44.29230400012007], [-120.26955300004825, 44.30174900015145], [-120.25327999981181, 44.30332000014941], [-120.25579100033838, 44.311743000271484], [-120.27081000004893, 44.31450600025933], [-120.2554189998944, 44.321499999835844], [-120.26292599973824, 44.32393299977317], [-120.26672199985455, 44.33238999994507], [-120.2377690000067, 44.32347899975488], [-120.23238100015396, 44.328791999744496], [-120.23193699973996, 44.33263399986405], [-120.22336700006426, 44.338818000251074], [-120.19199099955335, 44.3478100001206], [-120.19425600003265, 44.3508180001562], [-120.20064800016601, 44.349913000299054], [-120.21216500038643, 44.35257100024447], [-120.2140640002695, 44.36043199971129], [-120.22059799979479, 44.365552000309656], [-120.24921400025706, 44.359955000297376], [-120.25372400022582, 44.356412999970374], [-120.25652000025943, 44.35002999969509], [-120.27309899991933, 44.349768000300756], [-120.28903499987189, 44.353997000298634], [-120.30818299978465, 44.354963000139115], [-120.31018100030025, 44.35107499987981], [-120.31310299983224, 44.352654999862594], [-120.3282930001453, 44.348552999841665], [-120.34084700025835, 44.352829000110894], [-120.3490190004491, 44.349807000007715], [-120.35072699963817, 44.354274999686346], [-120.34752600044689, 44.35674299977044], [-120.36732700011275, 44.35755600028218], [-120.37875100044671, 44.36621500010724], [-120.37189700035596, 44.367549999786405], [-120.36589000018704, 44.365273999836404], [-120.36333099997988, 44.36504799997641], [-120.36176500018274, 44.365265999918755], [-120.37355400038967, 44.36917700026436], [-120.38205499957014, 44.36924399996405], [-120.40758799994362, 44.38006699980615], [-120.42348200006337, 44.39879099988413], [-120.42292899986941, 44.40244500000373], [-120.40559000032636, 44.40888099976982], [-120.40225299979433, 44.41258999983855], [-120.41124900034072, 44.41026900023017], [-120.41203099996522, 44.41538100024132], [-120.40938300006961, 44.41679799988879], [-120.41435699964555, 44.418832999720046], [-120.41237699957163, 44.42502700023395], [-120.41499900042628, 44.43008700023163], [-120.39964599990661, 44.43391999978703], [-120.38601899991596, 44.443720999874316], [-120.38581700024957, 44.470233000270184], [-120.39648500000001, 44.472514999742984], [-120.40433900017345, 44.48033199986664], [-120.39592900033131, 44.48736800006736], [-120.39232900003357, 44.49392300030499], [-120.40228499958138, 44.50372100018191], [-120.40337000005287, 44.49894099980123], [-120.40958700028409, 44.496603999961984], [-120.41684600043081, 44.496014000176956], [-120.41771699974379, 44.499835999714676], [-120.42298599977082, 44.50199899982097], [-120.43479900026722, 44.5025129999431], [-120.45034000020956, 44.49469799993636], [-120.45568500040459, 44.49956599989211], [-120.46137500038111, 44.49688799996737], [-120.48112499999331, 44.49785399997405], [-120.4950830004201, 44.5086589998202], [-120.50327399997914, 44.51193899971641], [-120.52943300034151, 44.51536500008755], [-120.53058200038713, 44.505657000241605], [-120.51136599980397, 44.492689999865895], [-120.51143399957603, 44.48703799976533], [-120.50635000039523, 44.48184500023137], [-120.50760499984774, 44.47477899978637], [-120.51798200024334, 44.47095799987377], [-120.52840099957345, 44.47146699977788], [-120.55533700043576, 44.446330999936386], [-120.58244199955583, 44.43919299973384], [-120.58536700035918, 44.44625099989773], [-120.59485199972879, 44.452562000247184], [-120.59664299965684, 44.45896000002171], [-120.61615700016584, 44.46654599996247], [-120.61489699979212, 44.46472400029702], [-120.61735800008998, 44.46193600026484], [-120.61705000011844, 44.46449299973981], [-120.6247290003897, 44.464165999985916], [-120.62510699978316, 44.46697500001893], [-120.63158400030537, 44.46713899999647], [-120.63156400021386, 44.470401000214224], [-120.64012899986672, 44.473452000066096], [-120.68130899958943, 44.47515699998465], [-120.71408500021612, 44.46561300014947], [-120.71227400019659, 44.47519500018115], [-120.71811399996093, 44.47551000030071], [-120.72053800044887, 44.47857299974089], [-120.71864799988832, 44.48325500025868], [-120.72155799972474, 44.495240999955506], [-120.73373600009413, 44.50101000027135], [-120.74334199983757, 44.499050999872466], [-120.75799800022324, 44.50312200024912], [-120.7649560000711, 44.50053400006354], [-120.77082299959962, 44.492589000080066], [-120.7689210002418, 44.49018499988504], [-120.776813999875, 44.48692699971022], [-120.77568999994374, 44.47694899996358], [-120.79517099994246, 44.47184899968036], [-120.80180699957499, 44.464543000187675], [-120.80582699999731, 44.46860899981298], [-120.80624899977171, 44.47406000005667], [-120.80345299973808, 44.476871000056306], [-120.80612699957295, 44.47762800029908], [-120.80589499976936, 44.48144000006018], [-120.81171299979239, 44.480161000061145], [-120.82683000031055, 44.485733999980575], [-120.8268989999075, 44.476499000296684], [-120.8857479997845, 44.47654099998511], [-120.88290499989522, 44.48364399985398], [-120.87184200013459, 44.49068199986474], [-120.86203399982648, 44.49411699996452], [-120.8556779996781, 44.493035999734985], [-120.85515999964424, 44.497640000214275], [-120.85163200021483, 44.49965999982033], [-120.85295500033772, 44.50256500010191], [-120.8308540000325, 44.508619000236905], [-120.84498499981332, 44.508670000053144], [-120.84701000009308, 44.513648999968595], [-120.85219799992926, 44.51161199999636], [-120.85501400005437, 44.5124289997216], [-120.85426199966876, 44.5144950002457], [-120.86022399963186, 44.51548000007768], [-120.85902199988278, 44.51916200003077], [-120.85368099988571, 44.520709000059334], [-120.85975199962877, 44.521987999851255], [-120.85906999956337, 44.52604700022577], [-120.85456700016562, 44.52911899980686], [-120.8639920001591, 44.53025999974778], [-120.86728100011221, 44.53779299980773], [-120.86132300034708, 44.54138899989502], [-120.86584099981344, 44.5460639997421], [-120.85182999968323, 44.548169000215296], [-120.85801299957924, 44.54999500008558], [-120.86272500011269, 44.55500399984346], [-120.85133000009104, 44.55938900013469], [-120.83143499981554, 44.56276800023899], [-120.89328800013861, 44.56299400015234], [-120.893237000085, 44.57002000021436], [-120.89833299985966, 44.56981899996695], [-120.90188100027886, 44.56758699971881], [-120.90887699976153, 44.55034400020825], [-120.90803900006053, 44.538057000252124], [-120.93262300040492, 44.53780599998622], [-120.93294300007207, 44.553449999887384], [-120.93790999997533, 44.558494999986024], [-120.93635300039901, 44.56793099979591], [-120.93830800035857, 44.57698100014115], [-120.9365290001261, 44.58153899979168], [-120.9283340003691, 44.593074000205085], [-120.92791000004658, 44.598435000310246], [-120.92415599976304, 44.59803700017751], [-120.91809400024083, 44.60268499969829], [-120.8932580000014, 44.60695000024624], [-120.89337799965197, 44.6298119999824], [-120.91172899987163, 44.629467999754034], [-120.93424600010349, 44.633988000304264], [-120.95522599995218, 44.63210100004944], [-120.96718699968825, 44.63850299993046], [-120.97407299956608, 44.6371869996846], [-120.9746519996993, 44.64132600028635], [-120.97846500043237, 44.642661999746615], [-120.97516899990823, 44.67208999982285], [-120.98957400022375, 44.69734999978377], [-120.99029399992396, 44.714781999866574], [-120.98777900009776, 44.71516499994985], [-120.98877400015759, 44.71768800002877], [-120.98589799975804, 44.72245299991189], [-120.97968600044801, 44.72216900031231], [-120.97584699977568, 44.72600999998117], [-120.9553539999987, 44.72162400003482], [-120.95217100035079, 44.71848399972997], [-120.94240499987545, 44.7178739999001], [-120.9347470004189, 44.713422999966056], [-120.9257299999561, 44.72032900020942], [-120.92689900009321, 44.7102589998803], [-120.92458799958318, 44.70748600000444], [-120.90611400023819, 44.70121200010913], [-120.88815499965568, 44.70237699980474], [-120.88484999980906, 44.69674100003219], [-120.87816999979556, 44.69513399998461], [-120.87623999995036, 44.68944699987864], [-120.86395199997612, 44.68440400021445], [-120.86179100015222, 44.68109300019261], [-120.8623879998288, 44.67461299981846], [-120.85511100013873, 44.66988100006796], [-120.84447400035044, 44.66930000023695], [-120.84270900036168, 44.66112000004757], [-120.83849099957266, 44.65676699996244], [-120.82639400029244, 44.65856299985298], [-120.81670599963492, 44.66678300002093], [-120.81713699963015, 44.66912599992839], [-120.79819600030493, 44.66412299996441], [-120.80058100043479, 44.65252499999975], [-120.79704100041151, 44.64837999973832], [-120.79501600013175, 44.638929000148245], [-120.7891129997199, 44.645110000135915], [-120.78785499989434, 44.6429460001217], [-120.7760459995959, 44.640885000285245], [-120.77082000012489, 44.63304700000141], [-120.76443700021231, 44.628611999688715], [-120.76899499986162, 44.62217699976877], [-120.75809000028475, 44.62242599990099], [-120.74807299973925, 44.618999000078134], [-120.7471399996037, 44.617566999795216], [-120.7506029996341, 44.61693000015391], [-120.7526089996473, 44.61213200026881], [-120.7479559995634, 44.60276300009209], [-120.74929700012795, 44.600677000201834], [-120.72860099996139, 44.609138999798745], [-120.70988099967079, 44.6079899998361], [-120.69260900007487, 44.61642900001081], [-120.67865499984606, 44.61836100010532], [-120.66901899996539, 44.62419599976668], [-120.66673299956972, 44.61611000020977], [-120.65823800023705, 44.61391900030161], [-120.66078499985034, 44.61390900025898], [-120.65787300036406, 44.60734000003615], [-120.66258199962616, 44.60020800020353], [-120.66116399996702, 44.588376999698774], [-120.6476730004188, 44.57996099972485], [-120.6123889996386, 44.574692000309284], [-120.59304499990724, 44.57934300012391], [-120.5831350003902, 44.587020999828425], [-120.57017399967307, 44.58953499973643], [-120.57309699992831, 44.59103000018959], [-120.56755599991469, 44.59638100029114], [-120.55828699955683, 44.59724900020419], [-120.55280499999277, 44.602870999824916], [-120.5422950004261, 44.601999000038795], [-120.53794899959055, 44.59726199989428], [-120.5334119998576, 44.59628599991657], [-120.52329800012608, 44.60108999970038], [-120.52707199960277, 44.60276999980254], [-120.526187999871, 44.607141000113025], [-120.52942800031863, 44.605368999739426], [-120.53280000011242, 44.60728699979862], [-120.53322899955953, 44.61349900022814], [-120.53062800041788, 44.609894000067555], [-120.52476500018899, 44.616282000193905], [-120.52044500019105, 44.616282000193905], [-120.52420500032235, 44.618994999899684], [-120.53045900036349, 44.61821099988963], [-120.54426399973104, 44.62470700012751], [-120.55829900015073, 44.627155999707426], [-120.5649659997454, 44.634778999813875], [-120.56599799961516, 44.64070400009433], [-120.54923200035755, 44.64290400022135], [-120.54111200004529, 44.63979500023403], [-120.5385910003713, 44.636083999889124], [-120.52964300040377, 44.63516199972847], [-120.52009000036381, 44.636312000032426], [-120.51864300039236, 44.639226999842826], [-120.5118040003702, 44.64192100007872], [-120.50809000026965, 44.64003200019472], [-120.50808199987372, 44.63669400031693], [-120.50281700004466, 44.636085000278634], [-120.50284600035698, 44.63331699977018], [-120.49924199986127, 44.63157200011425], [-120.49722099977946, 44.633478000256126], [-120.49108100043946, 44.62984999970044], [-120.47674100042126, 44.62971699993912], [-120.46915599986131, 44.62697299971194], [-120.45633300013479, 44.633671999827456], [-120.45510600027136, 44.64108699989165], [-120.4600449996872, 44.65781500000787], [-120.46694599963365, 44.664949000125574], [-120.47517100042617, 44.666869000065354], [-120.48132199963683, 44.67151300016816], [-120.4817789995713, 44.68034200026692], [-120.49082899964604, 44.69248499971211], [-120.48779599978599, 44.69906900022239], [-120.49065799994185, 44.700610000155415], [-120.48799599980252, 44.703058000113636], [-120.4897890002787, 44.71086799980738], [-120.50517500041036, 44.71585200029299], [-120.50939699960071, 44.714831999951336], [-120.50252499996661, 44.718504999755034], [-120.50530799958142, 44.71996599975098], [-120.5028470001819, 44.72220099970757], [-120.4878819999997, 44.72323299975721], [-120.48929499963596, 44.72145200024468], [-120.48876400008163, 44.72101700008184], [-120.48605400026175, 44.72327199969685], [-120.48243399987251, 44.72240499974484], [-120.45760199983101, 44.72856699992969], [-120.4510959998948, 44.73124000015168], [-120.44292100022929, 44.743172999860846], [-120.43814799959647, 44.743625999706815], [-120.43340599982412, 44.74826700014841], [-120.42698899957637, 44.74800199975382], [-120.4217959997173, 44.75409000004681], [-120.39216300035223, 44.760003999822864], [-120.38570099989862, 44.756041000189754], [-120.38618100029765, 44.57099200005277], [-120.37916700037333, 44.564320999974], [-120.3689790001236, 44.571062000190985], [-120.35642900020856, 44.57245100027507], [-120.35334199992181, 44.57091599971594], [-120.35262100039665, 44.564244999880636], [-120.35013300033462, 44.565777999854596], [-120.34758599982305, 44.55948400000467], [-120.35985000040615, 44.55094499985629], [-120.36422399993248, 44.54499100027566], [-120.35983699998737, 44.5433479998792], [-120.36368800035528, 44.53153000003569], [-120.36204999968976, 44.5285160002453], [-120.37360999956789, 44.5234070001272], [-120.37521499972308, 44.517437000156875], [-120.37405499980682, 44.5158319998957], [-120.36521300014452, 44.51761300018569], [-120.36096299956844, 44.515078000035835], [-120.34495899984381, 44.513781000293434], [-120.3450540002784, 44.51218099971094], [-120.3404310003317, 44.51513699988735], [-120.34019699997998, 44.51115700006423], [-120.3333260001708, 44.50722999995493], [-120.3332779995919, 44.50358900013715], [-120.32959100015384, 44.50274600016982], [-120.32724500038204, 44.50378399977757], [-120.33116699999673, 44.50526499986656], [-120.32806999966424, 44.50695999977991], [-120.32718500010756, 44.51098199973583], [-120.32217100034865, 44.51207899977224], [-120.32367100002354, 44.51045700008209], [-120.3149459996388, 44.50930899977169], [-120.30969099985548, 44.498624000217625], [-120.30771099978156, 44.49588099974302], [-120.30656000008611, 44.495719999891016], [-120.30806200030914, 44.49903500009633], [-120.30416699956031, 44.4986919998753], [-120.30318300026944, 44.50071299971458], [-120.30119700034774, 44.498873999982315], [-120.30184099987997, 44.50320400011469], [-120.29650699955562, 44.5068829996906], [-120.28450099961366, 44.5040240001152], [-120.27935600033352, 44.50838499975435], [-120.27958599958896, 44.506347000244354], [-120.26854700011779, 44.50117599972057], [-120.26089600033391, 44.50977400005949], [-120.25112099963775, 44.50969199982629], [-120.25149899992951, 44.51148499974756], [-120.25374099994426, 44.51077699998231], [-120.25309999988676, 44.512560000293185], [-120.24847699994008, 44.51489400008265], [-120.24646000005623, 44.51167300009313], [-120.24732100022176, 44.50720800022474], [-120.23950399985824, 44.51844100000069], [-120.23722599985848, 44.514624000178806], [-120.24034300028246, 44.509259999895896], [-120.24007499959555, 44.50348599978784], [-120.23369500005603, 44.49217100005819], [-120.2252950002596, 44.48732799997484], [-120.25932899981353, 44.47152800021031], [-120.25990200009898, 44.46720799991189], [-120.2576500000385, 44.46590299979275], [-120.21120899978634, 44.46456899989077], [-120.19624199995435, 44.47549499978415], [-120.18720899959804, 44.48554999968505], [-120.17973899956415, 44.484909000173], [-120.16866099973487, 44.48858700024192], [-120.16808300032488, 44.49439099981112], [-120.16230399976159, 44.495145000086374], [-120.15571599980962, 44.499717000193776], [-120.15094499972494, 44.51365500022278], [-120.14671699978848, 44.51763499983168], [-120.14297500009884, 44.51521100023555], [-120.14177800037265, 44.517467999982195], [-120.14011499959281, 44.51352200031523], [-120.14313499993243, 44.51332999976404], [-120.13846799960483, 44.51129700007676], [-120.14139000003512, 44.51076100022123], [-120.13347999978518, 44.510607999721444], [-120.13445800012659, 44.50696800018268], [-120.12858300020213, 44.50614200020502], [-120.12175199967758, 44.49936899987814], [-120.1111569997221, 44.504865000009154], [-120.09567400040439, 44.50134800021842], [-120.11670100010873, 44.48152700016312], [-120.10809600027292, 44.48596799973395], [-120.10248800031218, 44.493405999860904], [-120.08964700014396, 44.50182000027399], [-120.06671099961248, 44.511586000114264], [-120.05906900004943, 44.521255999787996], [-120.04056100036927, 44.526552000279], [-120.03644999971036, 44.53136599984633], [-120.01294499998967, 44.537626000114024], [-120.0067360001544, 44.53544699987667], [-119.99801900016558, 44.528019999691594], [-119.97653600035164, 44.51928600004558], [-120.00657299994779, 44.504393000260606], [-120.00783300032148, 44.49986199971231], [-120.01550300037194, 44.492693999764995], [-120.01659499961784, 44.48780700017766], [-120.01396400033899, 44.49136299993646], [-119.99288400003284, 44.494994000119334], [-119.99043000030598, 44.4989260001832], [-119.98282700020272, 44.502336999800676], [-119.98587500013139, 44.47715099968259], [-119.97922699990498, 44.48343500020933], [-119.9738099997399, 44.481038999698676], [-119.9617490004447, 44.48081599976282], [-119.96110900021213, 44.47633000002394], [-119.95811300016196, 44.4746549999579], [-119.96042399977368, 44.473442000224196], [-119.95923399972018, 44.46970400017998], [-119.96194199989024, 44.465026000129676], [-119.959571999829, 44.459311999976784], [-119.94305099989539, 44.45114600027097], [-119.93761399963888, 44.4507919997221], [-119.93206299957954, 44.456367999884264], [-119.93490100034424, 44.46183499980649], [-119.93994199986734, 44.464284000096555], [-119.94061100041225, 44.46787599988355], [-119.93061899998112, 44.472318000019385], [-119.93803399976345, 44.47544700028462], [-119.9325739999407, 44.477964999980344], [-119.9385939996301, 44.483763999937146], [-119.93688700026597, 44.48669099980331], [-119.94654300023812, 44.49310999994793], [-119.94615700044872, 44.49666400015958], [-119.93988499996593, 44.496476000102994], [-119.93706200016814, 44.500126999889034], [-119.92160300024159, 44.49336900027437], [-119.91928300040902, 44.482894000150836], [-119.912868999636, 44.486019999907704], [-119.90666300017376, 44.483193999907336], [-119.88510500001675, 44.4874610000483], [-119.88476199988506, 44.477840999871276], [-119.88066700001802, 44.47656199981797], [-119.88152200033578, 44.474567999864036], [-119.85998300044534, 44.48649800019623], [-119.86617399983895, 44.475640999862016], [-119.86524699955119, 44.47117100007406], [-119.86247300015718, 44.473116999941446], [-119.85903900043911, 44.469022999836], [-119.85674999967038, 44.47035000025945], [-119.85367099977955, 44.46287999975697], [-119.8506329998966, 44.46470699994576], [-119.84244700036045, 44.46187299970111], [-119.83788600033806, 44.46507499999343], [-119.82314299991376, 44.461879999695846], [-119.8234929997181, 44.45801900008709], [-119.8203309999866, 44.45465700006906], [-119.82266000003999, 44.45166300008503], [-119.8190070000388, 44.44846099979183], [-119.82403699969122, 44.44606100000809], [-119.81058499960275, 44.44640300013402], [-119.80526899972006, 44.451980000298704], [-119.80386699995442, 44.45708299977545], [-119.80944099957999, 44.47709399968672], [-119.79725700026115, 44.49075300015697], [-119.81169199981561, 44.49028100022919], [-119.81998000035733, 44.49415899978602], [-119.81808300012408, 44.49695200012056], [-119.82447600008238, 44.512980000101074], [-119.82068900018689, 44.51872999983949], [-119.84529100007464, 44.52955800001291], [-119.85021100012223, 44.528893000261874], [-119.85714999970347, 44.5330590002608], [-119.8712100002375, 44.53294699984193], [-119.87619800005714, 44.536606000146094], [-119.8670929997308, 44.54786200003287], [-119.86193599985674, 44.54955399974239], [-119.86483499982253, 44.556893999967635], [-119.85176799969852, 44.55680499999997], [-119.84090599977934, 44.562513999781295], [-119.82916500015128, 44.55625799999969], [-119.786467000312, 44.548668999990774], [-119.78131899976047, 44.541394999853445], [-119.76471900018417, 44.54249299976063], [-119.74250800027409, 44.531765000060446], [-119.7251680000078, 44.52713400012986], [-119.72035300044053, 44.522593999727704], [-119.70796900020683, 44.52111900006519], [-119.7161709996365, 44.52058300023715], [-119.7156209998156, 44.490029999810275], [-119.71768600027833, 44.49123700010774], [-119.71705799974131, 44.49396799980457], [-119.72918800043011, 44.47198299979552], [-119.73066700018862, 44.47322000008692], [-119.73402800011175, 44.46932299975518], [-119.73653500044036, 44.47183900020478], [-119.74220699997522, 44.46922199989685], [-119.7450909998724, 44.47128700008491], [-119.74951899982538, 44.466731000028275], [-119.75295500009159, 44.46883399972988], [-119.76182400041637, 44.464029000079876], [-119.76354800039725, 44.46602500004336], [-119.76385700019375, 44.45215700012657], [-119.77113499970872, 44.44699499974824], [-119.76740399988972, 44.44509700010567], [-119.76852299979811, 44.44045800020985], [-119.7530909996357, 44.43302500022342], [-119.7482240001899, 44.44027300027573], [-119.7288140003363, 44.447198000317734], [-119.72728000032619, 44.435570000193366], [-119.72108900003425, 44.426359999998006], [-119.71751700022395, 44.42611000002249], [-119.71024800003147, 44.439702000151385], [-119.71308099987502, 44.454192000152055], [-119.70285599981538, 44.46412999994815], [-119.69636499994778, 44.46703900029952], [-119.68968900013226, 44.47549699968231], [-119.6760679999894, 44.47596199978487], [-119.67610099960135, 44.46121299990549]]]}}, {"type": "Feature", "properties": {"name": "No ZIP code assigned"}, "geometry": {"type": "Polygon", "coordinates": [[[-121.66559799982821, 44.54315899986923], [-121.67200300038039, 44.54070399983045], [-121.66929199983727, 44.529407999831804], [-121.65660899985282, 44.51057000017146], [-121.66239500008882, 44.50630999989994], [-121.65828799962789, 44.50395400006541], [-121.66422399965168, 44.50561200015272], [-121.66523999962791, 44.503699999874435], [-121.65495299964401, 44.49992999984835], [-121.65449099968666, 44.45066199991293], [-121.66469900002782, 44.45089099994498], [-121.66659899973581, 44.44179600022466], [-121.68807900007504, 44.44021399971943], [-121.71085499987464, 44.433690999934306], [-121.71306900030031, 44.43667700026128], [-121.7223920001865, 44.431893000177794], [-121.72544199976502, 44.43360799983052], [-121.73556800009047, 44.432749000141456], [-121.75748000024983, 44.423495000261795], [-121.76174199962314, 44.426406999933036], [-121.75864099999099, 44.4355329998521], [-121.76184899975325, 44.43734499996623], [-121.76112300020526, 44.441030999797206], [-121.7717700000393, 44.43884699998806], [-121.78187100025038, 44.442214999931295], [-121.77876300004719, 44.44727699990953], [-121.78683599960547, 44.45088699974489], [-121.78015800014012, 44.451708000118984], [-121.77783999995742, 44.455976999992146], [-121.74587900036383, 44.45930700012708], [-121.73672800000676, 44.45775400031172], [-121.73156299973678, 44.453096999932555], [-121.70565100014494, 44.44844999974521], [-121.69418499997816, 44.46839000009515], [-121.69186599997052, 44.482365999934615], [-121.6942929999332, 44.48763399972868], [-121.70756199972358, 44.484742999917984], [-121.71649399979755, 44.488084999765135], [-121.75084299989403, 44.485579000254305], [-121.7592319998198, 44.48795800016871], [-121.7494260000598, 44.48913299991238], [-121.74565000003497, 44.4912470001041], [-121.74557600041514, 44.4946749997012], [-121.72970700040973, 44.49814700019175], [-121.73066399993643, 44.507892000240595], [-121.74132599983905, 44.50219599991849], [-121.73692300000043, 44.50700500010949], [-121.74482099965648, 44.507387999928156], [-121.74798599976106, 44.51103300004686], [-121.7463260002526, 44.51413499997983], [-121.75253199971482, 44.51673199996716], [-121.74632000040481, 44.51439499971877], [-121.7429839996977, 44.508659999841484], [-121.73909800006801, 44.507986000198], [-121.73184899996704, 44.51153500028714], [-121.72938400036955, 44.51777100019548], [-121.72101899983491, 44.517434999775006], [-121.71887800010252, 44.522159999784655], [-121.70995699989918, 44.52673100008648], [-121.70846600044513, 44.544055000119414], [-121.71338999979235, 44.546860000236514], [-121.71799000017279, 44.557303000183545], [-121.72204900005485, 44.55862600002047], [-121.71963100031302, 44.56132800021237], [-121.7073679995548, 44.5669439999723], [-121.6833809997853, 44.56836200018761], [-121.67540000028856, 44.562615000000356], [-121.67109299981105, 44.56230799985563], [-121.66717100019635, 44.557226999883554], [-121.65493599992558, 44.55749499982546], [-121.66780200020813, 44.548268999745765], [-121.67387999962384, 44.54990299994867], [-121.67204600003811, 44.545923000019705], [-121.66559799982821, 44.54315899986923]]]}}, {"type": "Feature", "properties": {"name": "No ZIP code assigned"}, "geometry": {"type": "Polygon", "coordinates": [[[-121.6737070002698, 44.393245999775914], [-121.67646200029553, 44.399789999816264], [-121.66681399982099, 44.42323999985233], [-121.65901599972402, 44.428478999887325], [-121.63313000007145, 44.434846999890546], [-121.63358100015815, 44.43906800006581], [-121.63689299967749, 44.43983700021499], [-121.6355419999655, 44.443385999726374], [-121.64068799996889, 44.450438000233866], [-121.64322700008458, 44.45905099994026], [-121.64089600038136, 44.457860000109726], [-121.6398579997655, 44.46080999991507], [-121.63775999969079, 44.46009999992125], [-121.63430599988125, 44.47648499996648], [-121.63518999961299, 44.49213399968807], [-121.62998199968533, 44.495985000310554], [-121.62787000026522, 44.50165199981257], [-121.62967500043699, 44.5202830000213], [-121.61803400036803, 44.55621699996451], [-121.6178989997505, 44.582366999877], [-121.60955300038076, 44.592300000123885], [-121.61019100006523, 44.59614199968559], [-121.60376799996968, 44.606266000312985], [-121.60474200011312, 44.6116129997667], [-121.5960250001243, 44.61982200023803], [-121.6032139999508, 44.63117199977279], [-121.6022769996173, 44.635087999726665], [-121.60480499986231, 44.639224000115206], [-121.61292799964929, 44.64571299997729], [-121.59728100030004, 44.658682999955055], [-121.59453700014495, 44.658990999719244], [-121.59458800019858, 44.56719899994392], [-121.567047999987, 44.56723099981876], [-121.56569399990198, 44.57048100001131], [-121.56196999975568, 44.56724300016723], [-121.5339800001806, 44.5673040002473], [-121.53399500024922, 44.56117099970723], [-121.50759599968734, 44.56771100030856], [-121.48842400038345, 44.55789100012653], [-121.50158500021878, 44.55585300016554], [-121.4959760004331, 44.54867099994027], [-121.49768100014741, 44.545466999750644], [-121.5011790003379, 44.54482200001805], [-121.48132599989519, 44.540640999808645], [-121.47059399967239, 44.54289899980479], [-121.46606399961213, 44.53974799990249], [-121.46051799957566, 44.541696999736054], [-121.4618669996378, 44.546019000126584], [-121.449390000416, 44.54399700015766], [-121.44073700000129, 44.545888999903866], [-121.43671999995202, 44.55312800028306], [-121.41998800013126, 44.56387599989402], [-121.41937600038607, 44.56003500016004], [-121.43384500027571, 44.544617000244216], [-121.43458000004455, 44.53858000001131], [-121.391267000087, 44.53839700015727], [-121.39222699998675, 44.49463700001719], [-121.35149099977973, 44.49454000017188], [-121.35284499986474, 44.48535299974588], [-121.35084999972223, 44.48502100000867], [-121.35480300019739, 44.47287999994319], [-121.39230900000251, 44.47329099983864], [-121.39341899969007, 44.46927799983352], [-121.40051499963018, 44.46631000031313], [-121.41655000021524, 44.462907999889126], [-121.42656500021259, 44.46440599988413], [-121.42554099984044, 44.46109099985674], [-121.43337599974733, 44.45925699968291], [-121.4332259999595, 44.441407999935024], [-121.43491999980316, 44.439326999763445], [-121.44707600043122, 44.43120499969185], [-121.45606200003357, 44.414646000100035], [-121.45937699992594, 44.41543400011175], [-121.47320899995603, 44.40848800007189], [-121.4732929996216, 44.39346400002594], [-121.5149910002765, 44.39328099977657], [-121.51791600018151, 44.39038000023558], [-121.52288700028275, 44.38986599977012], [-121.52925900032466, 44.378509000115194], [-121.52565900002692, 44.37457500005081], [-121.52849000022063, 44.37005100014033], [-121.5383579999049, 44.362315000002184], [-121.54441600012746, 44.360851000002334], [-121.54660200006569, 44.35744600015467], [-121.5448499995974, 44.36571699975182], [-121.5495799996742, 44.36880700013036], [-121.5536279996856, 44.37590599969076], [-121.560528999632, 44.37839999984948], [-121.56104500001607, 44.381991000039235], [-121.56899200007592, 44.389163000081204], [-121.56947199957665, 44.39289399974268], [-121.59688299991677, 44.392578000024685], [-121.59832099966741, 44.38209800015374], [-121.6033339996014, 44.3810700001304], [-121.60960000023641, 44.375707000214504], [-121.61274299970135, 44.35796200014465], [-121.62552100012037, 44.37170299998788], [-121.65550300036324, 44.380461000023246], [-121.6737070002698, 44.393245999775914]]]}}, {"type": "Feature", "properties": {"name": "No ZIP code assigned"}, "geometry": {"type": "Polygon", "coordinates": [[[-121.53069000040259, 44.18304900007488], [-121.50626800043989, 44.18304800028114], [-121.50654499955101, 44.179719000143244], [-121.49801400023335, 44.173187000095524], [-121.48518399993581, 44.173769000296325], [-121.48661599983866, 44.16714300024112], [-121.48358600035162, 44.15870400024578], [-121.47689499956915, 44.15498900020881], [-121.46688399976978, 44.1536580002891], [-121.46079100028544, 44.15529000000162], [-121.45496499986648, 44.16242300024752], [-121.45498699960777, 44.15953100027589], [-121.44919200004927, 44.1595900000049], [-121.44921899981345, 44.15622300021152], [-121.44408100020598, 44.15637400017583], [-121.44414700032821, 44.152221999739076], [-121.45521000008887, 44.15239799973555], [-121.45518300032465, 44.13779300009866], [-121.44912199972909, 44.13781600010215], [-121.44912199972909, 44.14184999997544], [-121.44375999981561, 44.141930999819934], [-121.44367899962477, 44.13783800018123], [-121.43424600013368, 44.137980000259944], [-121.43408499957691, 44.13069100016589], [-121.40382100020004, 44.130793999968716], [-121.4037140000699, 44.11331399971721], [-121.42055600039384, 44.100017999690145], [-121.41971399959657, 44.09766699984568], [-121.4142040004434, 44.09823799972751], [-121.40392199958406, 44.09432900026627], [-121.39961199963184, 44.088072000053785], [-121.4023690002057, 44.082102000009634], [-121.3962730003483, 44.07690999973472], [-121.39721900000436, 44.07216299996504], [-121.40314900018039, 44.06672000001418], [-121.40276300039099, 44.05140300009609], [-121.4387600003004, 44.05114300019764], [-121.45352200009299, 44.04598700026179], [-121.46953400021351, 44.0442939997025], [-121.4768760002009, 44.0444999999834], [-121.49564300034716, 44.05068000006552], [-121.50917800027634, 44.048556999727296], [-121.51793600027302, 44.051286000153894], [-121.6132049996587, 44.051250000174875], [-121.6045999998229, 44.046891999708414], [-121.59826899978886, 44.04700399977721], [-121.60505900030553, 44.04488100004769], [-121.60904899969229, 44.046118000224176], [-121.61453100015467, 44.04153899987119], [-121.62366700044312, 44.04120000018719], [-121.64333199966653, 44.034862000285564], [-121.6530379998674, 44.04327899995463], [-121.66220500011802, 44.04470099983965], [-121.66689300036201, 44.04247700021385], [-121.6685260001063, 44.03770999991508], [-121.67359099991884, 44.03968900013778], [-121.67658100012122, 44.03646800007265], [-121.67711300039879, 44.033995999837344], [-121.66843999989257, 44.03045799976557], [-121.67622899976872, 44.022907999804985], [-121.68297599972935, 44.02320700024913], [-121.68944599968056, 44.01850499990716], [-121.70175399974627, 44.020852999988804], [-121.71483500011398, 44.01790099978723], [-121.72044200024985, 44.01880699992082], [-121.72601000002761, 44.026244000067386], [-121.742568999596, 44.032773999930285], [-121.7408229998738, 44.03664600008309], [-121.74359600034121, 44.051100000134255], [-121.82005599974784, 44.050904999965475], [-121.81320099983216, 44.0531170001237], [-121.80245100006597, 44.05236799982089], [-121.78933200006344, 44.07489199997501], [-121.77962699968747, 44.08023400003887], [-121.77677899977532, 44.0885370002748], [-121.772481000417, 44.091034000138706], [-121.76801599975576, 44.11462500014716], [-121.77138500007482, 44.12357100030623], [-121.77267399986252, 44.13958099993992], [-121.78425899985497, 44.14808999981361], [-121.78342000032906, 44.15432199971322], [-121.78091600037351, 44.155379000265036], [-121.78201699984022, 44.159764999749925], [-121.77622599958138, 44.16004999995441], [-121.77155300030431, 44.167320000256176], [-121.77971000042648, 44.17536399999874], [-121.7734460003396, 44.185372999989625], [-121.77404700021414, 44.19015599984453], [-121.78151100040027, 44.194809000023895], [-121.78161000013446, 44.2053260000206], [-121.78563100038167, 44.207810999721886], [-121.78344500044344, 44.20943200024016], [-121.78473800042909, 44.21526999971094], [-121.77871000034378, 44.21754400026833], [-121.77806599991322, 44.22095899978987], [-121.7857529996821, 44.22923899996163], [-121.79045699981961, 44.245463000100436], [-121.78964800043094, 44.24932600025859], [-121.79746099969819, 44.254612999953665], [-121.80029699991479, 44.25938200018874], [-121.8191720000161, 44.26195000013111], [-121.8186809997464, 44.26493400000088], [-121.82489399977966, 44.27420500013908], [-121.82537699965341, 44.2832859997277], [-121.83676699965221, 44.28684099985649], [-121.84134600011623, 44.28565199999882], [-121.83719000014983, 44.30301099969346], [-121.84043700027014, 44.308216999982285], [-121.83874500007629, 44.312483000153065], [-121.84079100027246, 44.3206030000798], [-121.83827700027116, 44.32442500005287], [-121.83760699990133, 44.334021999725024], [-121.84392100021692, 44.34619399983641], [-121.83680000016248, 44.35672999969667], [-121.84598900015439, 44.366867000119875], [-121.84185499992927, 44.37272099969637], [-121.84538499990681, 44.3798310000653], [-121.84367799964438, 44.38306700028987], [-121.84647100020324, 44.38560899992127], [-121.84300599962472, 44.38962400020108], [-121.84321800023514, 44.395459000303056], [-121.84567399961182, 44.39794800003296], [-121.83794699965996, 44.40129100030539], [-121.83382800040177, 44.397660999961936], [-121.82566100023385, 44.39879999969366], [-121.81106199974958, 44.4051510001805], [-121.80514300034254, 44.404031999938276], [-121.80319599988056, 44.40639999994525], [-121.7973779998575, 44.40012199968405], [-121.8005300004416, 44.39265799971647], [-121.76885699982982, 44.39342200028238], [-121.77732399957335, 44.397515000038645], [-121.76242000038887, 44.40227599975762], [-121.75480100039208, 44.39658300028724], [-121.74962500025144, 44.397290000085405], [-121.73648500033251, 44.40569799979122], [-121.73276700003397, 44.40541699970791], [-121.74266800022852, 44.40791799982493], [-121.74316299979786, 44.410991999744816], [-121.73713600043574, 44.40868900003663], [-121.71911800030203, 44.41104699992345], [-121.7138080002671, 44.40697900005954], [-121.71217200014976, 44.40253999969225], [-121.69426100014614, 44.3934059997914], [-121.69564700001824, 44.39279199986985], [-121.68527299999568, 44.38448400015675], [-121.69740299978616, 44.375078000214025], [-121.71559400017227, 44.3808870002927], [-121.71815099983128, 44.37934699977545], [-121.7338380002618, 44.36219700012321], [-121.7271919996852, 44.35984000016741], [-121.72366400025578, 44.361770000071864], [-121.71659900027785, 44.35851499972856], [-121.72565400037546, 44.348614000125764], [-121.71759299961442, 44.34774699986762], [-121.70306000015073, 44.351727000091024], [-121.69381699973214, 44.3507059999116], [-121.69690900004176, 44.33851599972342], [-121.68073700008766, 44.33320199983025], [-121.67388600036995, 44.323554000123316], [-121.67590800027668, 44.31898599988764], [-121.66153599957312, 44.31293799993005], [-121.65338699984687, 44.312252000271], [-121.63149099958106, 44.317087000183726], [-121.62442399995328, 44.31522399993335], [-121.6293259995592, 44.30860300005592], [-121.61800000003282, 44.30531100019179], [-121.62931399986364, 44.30115799980901], [-121.63049700024445, 44.29304900000299], [-121.61469799966092, 44.284383999690924], [-121.62458499961174, 44.269590000261914], [-121.61942299971484, 44.26272499982964], [-121.604458000431, 44.26320700002355], [-121.5991009996421, 44.25644900028956], [-121.60055699983437, 44.253839000014], [-121.59457099958185, 44.24936099999669], [-121.59646600016528, 44.24261199973528], [-121.603248000286, 44.241004000052214], [-121.60638400007824, 44.243445000172464], [-121.60746399962858, 44.238646999727884], [-121.60236600020407, 44.237815999881114], [-121.60021500042592, 44.24129199975877], [-121.59085800020452, 44.24253500007281], [-121.5854360000166, 44.252581999945875], [-121.58208799961393, 44.24907199993606], [-121.58481800042364, 44.24452900007354], [-121.58272100017382, 44.23719999974547], [-121.58722199992175, 44.23174000014731], [-121.59705699999405, 44.2297569998672], [-121.59697499997829, 44.22063100000061], [-121.59934400021464, 44.22268099976601], [-121.59835599982752, 44.22473999975289], [-121.60282899998634, 44.225650000190896], [-121.61609600012689, 44.220508999812935], [-121.61892099957451, 44.215833999925025], [-121.63893800004871, 44.21093399975329], [-121.64172999988439, 44.205429999713], [-121.65622899991124, 44.194158999938686], [-121.65565800017393, 44.18870399975392], [-121.6507220002328, 44.19584899980326], [-121.64234599982754, 44.20098799991846], [-121.63240399962513, 44.211960000246215], [-121.62835499978881, 44.21120899968763], [-121.62896200040946, 44.204407000319506], [-121.61770399975683, 44.2089489998053], [-121.60486900033473, 44.20547799990535], [-121.58541799957494, 44.2153379999866], [-121.58521699973348, 44.21069499999436], [-121.58215600028431, 44.21025799982122], [-121.57497699960523, 44.200997999964464], [-121.55950500015818, 44.20255000031251], [-121.54427499966212, 44.19715499986462], [-121.55234700029379, 44.19014500021741], [-121.53454300042031, 44.193820999688846], [-121.53162099999, 44.19089299981394], [-121.53216300031329, 44.188400999702324], [-121.5343230003123, 44.18913299997559], [-121.53069000040259, 44.18304900007488]]]}}, {"type": "Feature", "properties": {"name": "No ZIP code assigned"}, "geometry": {"type": "Polygon", "coordinates": [[[-121.63912100034683, 45.553390999940675], [-121.62938500000875, 45.53783200011344], [-121.62211499999138, 45.53084999985312], [-121.63216400032393, 45.51581700004826], [-121.63050599956696, 45.50601700003086], [-121.62669699993016, 45.50247500023504], [-121.63038599991638, 45.49837800017644], [-121.62702400016832, 45.49677599994501], [-121.62635600034663, 45.49262799981667], [-121.63676600035419, 45.466739000295156], [-121.64003500021582, 45.46378999997512], [-121.65470300029705, 45.46138499970055], [-121.65966799965217, 45.45777499977944], [-121.67606100043756, 45.4598570001091], [-121.71287799960626, 45.444126000125344], [-121.71188300044474, 45.43204800021298], [-121.75732600026403, 45.431963999756675], [-121.75709899958498, 45.401092999729556], [-121.76614399963685, 45.40343300007343], [-121.77630400029747, 45.40278399979581], [-121.7856330000315, 45.41216399975925], [-121.79302000022474, 45.415452000128134], [-121.79488700032074, 45.42519599969238], [-121.79975100029183, 45.427966000193464], [-121.79095300011214, 45.4307689998229], [-121.79344899967182, 45.44111800007176], [-121.78227799995614, 45.457465000163566], [-121.78185500035684, 45.46224200005884], [-121.78797100030572, 45.45961599979109], [-121.81153499957762, 45.469724999820954], [-121.8149569996001, 45.4785929999126], [-121.81112000037422, 45.48166099990841], [-121.81625700015678, 45.50074799995377], [-121.82532800014793, 45.501592999992894], [-121.82568200015025, 45.49939299970261], [-121.83194899971187, 45.4969979997354], [-121.83972099986957, 45.496472000287135], [-121.84573800008424, 45.498620000246916], [-121.85145200035018, 45.50913800029358], [-121.84902000036466, 45.51534800021682], [-121.84198999964849, 45.51882499983032], [-121.83886100042724, 45.523880000232104], [-121.83040700020418, 45.52719699979583], [-121.8083879999147, 45.52866000006704], [-121.79396500005583, 45.53460699997702], [-121.79140300037396, 45.53209400031087], [-121.78491099978312, 45.535256999916605], [-121.78691099994856, 45.53745699972315], [-121.78136999993494, 45.53881900028642], [-121.76303799998186, 45.54138200008191], [-121.7511869998506, 45.539765000055496], [-121.7467220000877, 45.54144799982708], [-121.74588699986143, 45.545659999819314], [-121.73196000029513, 45.54300199997972], [-121.71554399994356, 45.54834899980815], [-121.70120899994822, 45.54846199991428], [-121.69364299965486, 45.55504100030486], [-121.67567999977274, 45.56245700013398], [-121.67294599966338, 45.5572100001529], [-121.68097599956394, 45.55177200019945], [-121.68265299968917, 45.54397399990978], [-121.70218300009167, 45.53734400014711], [-121.71337200024901, 45.52981699992728], [-121.71358599961091, 45.52631899999174], [-121.71084200035416, 45.51947100029552], [-121.70099200021326, 45.52425100027594], [-121.66519600014531, 45.5269240000131], [-121.66156200041071, 45.53030299985481], [-121.66396799955865, 45.53254399997607], [-121.65794899969418, 45.53594900011236], [-121.66058200041948, 45.539926999946864], [-121.65781599962477, 45.54198399990229], [-121.65957300011593, 45.5445769999888], [-121.64066399967945, 45.5518530002034], [-121.64079199972598, 45.54561599993887], [-121.63912100034683, 45.553390999940675]]]}}, {"type": "Feature", "properties": {"name": "No ZIP code assigned"}, "geometry": {"type": "Polygon", "coordinates": [[[-122.1267680001055, 45.47499100016058], [-122.12644099986734, 45.529890999734086], [-122.11122299996518, 45.52867699980269], [-122.10816900018872, 45.52473400030063], [-122.1011789996555, 45.52318000004123], [-122.09810399996265, 45.51879100006419], [-122.09364000002464, 45.519047000167994], [-122.09653399996753, 45.51436500013562], [-122.09431700006715, 45.510951999718074], [-121.99730999955852, 45.5584179999987], [-121.98379700026905, 45.56780400002211], [-121.97455999969822, 45.562836999832115], [-121.96555999985219, 45.553383999981165], [-121.96488500035782, 45.550942000087886], [-121.9689769998518, 45.54535300024994], [-121.96534999978988, 45.540862999757536], [-121.9310579995948, 45.54388399993483], [-121.91838200018138, 45.53824499976362], [-121.91881099962843, 45.54220199984448], [-121.91611900025023, 45.53915500011413], [-121.91765699955998, 45.533946999911855], [-121.90708400024411, 45.52513000030748], [-121.90656700003515, 45.52063799971934], [-121.8941469998164, 45.513494000133385], [-121.88512799970383, 45.5124610000154], [-121.87445499993052, 45.51579899998996], [-121.86961299970075, 45.51432999995321], [-121.86818699964569, 45.50871500008026], [-121.85982799985716, 45.49916800027257], [-121.86349099990409, 45.49253800017112], [-121.85540699957687, 45.48687400016709], [-121.85040299986369, 45.48650199985374], [-121.84476700031382, 45.47641600016612], [-121.83627600028083, 45.474331999699714], [-121.81958700011778, 45.461675000267675], [-121.98693100041143, 45.45867700002101], [-121.9898560003165, 45.46087100014926], [-122.02396199984042, 45.46143400015967], [-122.0011929997135, 45.45613199991295], [-121.99810799997488, 45.45140799985059], [-122.00123700009445, 45.44983400020516], [-122.01357000027453, 45.453096999916035], [-122.03241799971333, 45.4474130000523], [-122.0344920003969, 45.444506999798946], [-122.03244399965259, 45.44303700019025], [-122.04007699989312, 45.44421800002912], [-122.05229200007243, 45.441681000014], [-122.07547799995086, 45.44595700009654], [-122.10156199997016, 45.44245500010485], [-122.11614200018785, 45.44601399974586], [-122.12197899957914, 45.45175899993889], [-122.12095599993023, 45.45790899997203], [-122.11434100021407, 45.46105400007438], [-122.1666740001091, 45.460837000035774], [-122.16396500011413, 45.47024600014337], [-122.16862700041887, 45.47601400020506], [-122.1267680001055, 45.47499100016058]]]}}, {"type": "Feature", "properties": {"name": "No ZIP code assigned"}, "geometry": {"type": "Polygon", "coordinates": [[[-120.92204000014499, 44.7510570000015], [-120.91348499963958, 44.82274200002976], [-120.91011200002089, 44.82008400004693], [-120.90376699974315, 44.82266599998117], [-120.89370700043827, 44.821436999823234], [-120.89772699996227, 44.80981399974475], [-120.89313199960469, 44.81012000005022], [-120.89063000019725, 44.80784400006476], [-120.8327980001214, 44.809021999850565], [-120.83288299961191, 44.794267999977635], [-120.83624699990807, 44.785246000059686], [-120.83396200023564, 44.775494999730945], [-120.83668899977398, 44.7771690000243], [-120.84782900042582, 44.775615999797964], [-120.84809899986423, 44.76942800026634], [-120.84557700036534, 44.76670899985116], [-120.8561940000621, 44.76824099998517], [-120.85885700002633, 44.774800000095716], [-120.86510699986952, 44.77565699990549], [-120.86683500004835, 44.77881500030987], [-120.87048800004958, 44.7778949998084], [-120.85580999992256, 44.75906199994041], [-120.85786699998938, 44.74998000019354], [-120.86263800007406, 44.743126000117265], [-120.88417199994163, 44.744458999902335], [-120.8967019997652, 44.74325200007685], [-120.8996590003556, 44.74004199980453], [-120.90453199964921, 44.739956999791325], [-120.90437400036379, 44.74689800009069], [-120.91039099968015, 44.74706799999871], [-120.91348399981466, 44.75098400025408], [-120.92204000014499, 44.7510570000015]]]}}, {"type": "Feature", "properties": {"name": "No ZIP code assigned"}, "geometry": {"type": "Polygon", "coordinates": [[[-121.15069100024049, 44.42353099968654], [-121.15539200000495, 44.421240000022884], [-121.15424899980711, 44.430406000300934], [-121.14887500019806, 44.43683200030287], [-121.14909799978084, 44.440729000283014], [-121.16060099975752, 44.4373870002456], [-121.16715500027263, 44.4384200003172], [-121.16868599990966, 44.4343659998629], [-121.1715380000198, 44.43388999982659], [-121.18212200010461, 44.43951800031311], [-121.1879519998232, 44.43474800005777], [-121.19641000024426, 44.43352600027688], [-121.19856400039546, 44.435297999928686], [-121.19824800002797, 44.44440499986998], [-121.21001200012057, 44.44950099985562], [-121.23007300007743, 44.45294400010821], [-121.24477499959552, 44.46019800018296], [-121.24710600019704, 44.46523400019704], [-121.23372500025368, 44.46040699970754], [-121.21788899986025, 44.46225699991406], [-121.21790200027904, 44.466561000214895], [-121.20689200022187, 44.46670800030498], [-121.20689300004676, 44.462653999801276], [-121.1991729997676, 44.462625000018825], [-121.19951199970133, 44.45996799988446], [-121.15905400022696, 44.46073899972715], [-121.14885000008371, 44.45319800011665], [-121.14924099989595, 44.4479420002911], [-121.12882299956375, 44.44800400007486], [-121.12777999982333, 44.45143300015362], [-121.12419799996725, 44.452025999798366], [-121.1260240000554, 44.46371099972778], [-121.10485300041098, 44.48769600030419], [-121.10532000039122, 44.498565999862755], [-121.10916599983796, 44.50213400002139], [-121.11477100032397, 44.50321699968436], [-121.11412100004563, 44.50580199972225], [-121.12805199980991, 44.5060540002326], [-121.12741699960017, 44.51313599997257], [-121.10607000022867, 44.51296299971614], [-121.10920099999804, 44.52233799985131], [-121.1150120003484, 44.52758999989168], [-121.08275399975558, 44.52629700022227], [-121.07605399965061, 44.514091999886546], [-121.06079899993853, 44.502030000169896], [-121.04776500032482, 44.48381000003172], [-121.05010100005089, 44.47409699971247], [-121.07393800003257, 44.47317199999818], [-121.07483799965784, 44.46237099998196], [-121.05576199971509, 44.4623160000051], [-121.05813799962412, 44.45303600011769], [-121.05459799960084, 44.447878000238376], [-121.0707510001867, 44.44798999996398], [-121.08000499957764, 44.4398739997551], [-121.0849580001355, 44.43902900015057], [-121.09247500002505, 44.43039800030236], [-121.09858500012615, 44.431576000005265], [-121.11441099957554, 44.428995000059416], [-121.12329800034198, 44.436539000027274], [-121.1305039998869, 44.43189999991736], [-121.14423100033501, 44.43177600009979], [-121.14948299974529, 44.42774500029028], [-121.15069100024049, 44.42353099968654]]]}}, {"type": "Feature", "properties": {"name": "No ZIP code assigned"}, "geometry": {"type": "Polygon", "coordinates": [[[-120.98700900016884, 44.028011999691714], [-120.91606899996108, 44.02788499973773], [-120.90910400044058, 44.031295000161975], [-120.90861300017087, 44.048114999805236], [-120.90503299996462, 44.04598799979438], [-120.88170399997108, 44.046801000303674], [-120.85907899978419, 44.037739000089125], [-120.86827199997407, 44.03766800010545], [-120.86793399986529, 44.02326200017313], [-120.86318000039735, 44.023117999829545], [-120.85962399958223, 44.019833999954734], [-120.8605719997864, 44.01734200005624], [-120.86810999959238, 44.01512100026993], [-120.8679919995916, 44.00507299986143], [-120.85792200024098, 44.00493199995651], [-120.85058600010136, 44.001039000171204], [-120.82476700039595, 43.99506000020425], [-120.81964700033181, 43.98678700019272], [-120.81362099989632, 43.98553899986543], [-120.81053299978466, 43.97966299982755], [-120.79543000040852, 43.97114799971969], [-120.79174499972198, 43.963028999685285], [-120.78539199994663, 43.958118000038944], [-120.74824900036468, 43.95731000030766], [-120.7478850003166, 43.893234999774975], [-120.77839399991586, 43.90999499973455], [-120.77908400037714, 43.92026000025773], [-120.79856500037586, 43.92625300006174], [-120.81188199984683, 43.923145000189834], [-120.81975699993666, 43.92490499972607], [-120.818175000246, 43.923908999724276], [-120.83019000040876, 43.907300999864056], [-120.85645600000295, 43.8933200000964], [-120.90401199996552, 43.95132000017965], [-120.90037999988073, 43.94153800027432], [-120.9109649997905, 43.93763700032156], [-120.91287700009235, 43.937418999918975], [-120.9180549998828, 43.94850200023449], [-120.91778299989623, 43.91112600023413], [-120.92301500011335, 43.91190999968844], [-120.92916899969707, 43.91870499989479], [-120.93802499960304, 43.91100200015377], [-120.93621100010878, 43.91870299977451], [-120.9386690000336, 43.924483000016366], [-120.96432399970749, 43.947352000012636], [-120.96527899958436, 43.95275700005571], [-120.96925700017388, 43.95705000026003], [-120.975659000353, 43.96061899979054], [-120.98658700039444, 43.960852000121555], [-120.98700900016884, 44.028011999691714]]]}}, {"type": "Feature", "properties": {"name": "No ZIP code assigned"}, "geometry": {"type": "Polygon", "coordinates": [[[-120.45892199958085, 44.02643400007181], [-120.456580000007, 44.04020599972082], [-120.44739600003795, 44.04078099992614], [-120.4625289995513, 44.0488659999182], [-120.45521699970114, 44.0537759997278], [-120.45201599961156, 44.053090999904704], [-120.45334600030547, 44.048153000036216], [-120.44890900013162, 44.04557100019059], [-120.44376099958012, 44.04716800014154], [-120.43566299990749, 44.03752500020755], [-120.42454099969731, 44.03672399975952], [-120.42587100039121, 44.04332999973279], [-120.43281099979737, 44.045021999882415], [-120.4272000003619, 44.051261999955095], [-120.42789599977264, 44.056976000203555], [-120.42415699955777, 44.055604000137215], [-120.42548700025165, 44.0578220002486], [-120.41432800023155, 44.06504299984716], [-120.4168940001114, 44.06787800008154], [-120.42621399962457, 44.069791999689045], [-120.4098190000877, 44.07712599989652], [-120.40968799966814, 44.082439000041965], [-120.40446200019711, 44.09261699990874], [-120.39612000012701, 44.096430999861084], [-120.39526300015945, 44.104403999812135], [-120.38715600026599, 44.112822000073415], [-120.38808900040155, 44.130839000226835], [-120.37651399955652, 44.1270349998112], [-120.37580399990205, 44.113323000113034], [-120.37905699987013, 44.104367000046324], [-120.3788429996099, 44.095048000166564], [-120.3699699999855, 44.082809999856735], [-120.36818699955505, 44.06284100000618], [-120.35977800043612, 44.06021299976931], [-120.35918199968613, 44.064054999810764], [-120.3525460000536, 44.06782599968588], [-120.34055500018027, 44.06392099987531], [-120.33882899965126, 44.06602999969116], [-120.34158100020224, 44.07071300007671], [-120.32905399985341, 44.07622499973099], [-120.3290260002643, 44.08165500029277], [-120.29950099995594, 44.072833000131624], [-120.29784599957203, 44.07405600017014], [-120.29899899981561, 44.07750499986437], [-120.28546399988645, 44.07773100008442], [-120.2776940002769, 44.07315600009334], [-120.27468399998305, 44.06525099996193], [-120.27190300001803, 44.06514999988266], [-120.2765329996374, 44.056586999829484], [-120.27513000004687, 44.052639000232794], [-120.26821300020694, 44.05147599993187], [-120.27123299964822, 44.04719300022019], [-120.25930799989713, 44.05703399975166], [-120.25661399997078, 44.06347100001121], [-120.24636799999472, 44.067724000316254], [-120.24156900032098, 44.07551400013427], [-120.24584999996087, 44.08423999984781], [-120.23149200039934, 44.09790100003139], [-120.22735399997626, 44.10511499987933], [-120.22758699960477, 44.110166000281545], [-120.22367099983785, 44.11387199973605], [-120.17298999995366, 44.10971700031444], [-120.1559409999405, 44.11498200021138], [-120.15407100036975, 44.10667800022679], [-120.13957499981764, 44.09482300029051], [-120.13546900007992, 44.08317600023975], [-120.12595100020005, 44.071169000203156], [-120.12770799979289, 44.0683799999631], [-120.12532400038624, 44.06532400015479], [-120.1293709996744, 44.059301000200655], [-120.13485200031185, 44.05672000022831], [-120.13585599969421, 44.04102600005327], [-120.14296099985513, 44.03739999997351], [-120.1411549998585, 44.028068999994524], [-120.14729900029477, 44.00910500017367], [-120.14668099980348, 43.99737999973901], [-120.14013999970716, 43.99747399983146], [-120.12154099979038, 44.00696099997134], [-120.11656800003936, 44.00703600002287], [-120.11143499955644, 44.01153000010202], [-120.10507099991044, 44.01224199997353], [-120.08874199959752, 44.02180899985963], [-120.08015900040131, 44.02055299998414], [-120.07578699962649, 44.013242000305894], [-120.07021200017601, 44.01157399992448], [-120.08095000024666, 44.00501199981539], [-120.07799199983131, 43.99734500031962], [-120.09087800020535, 43.99880500011065], [-120.08588199998978, 43.99046399978792], [-120.08589700005841, 43.97288399985011], [-120.08178299992477, 43.969254000152226], [-120.07545299971565, 43.954997000015595], [-120.08324800033787, 43.93871900031933], [-120.08545099999456, 43.92851500014507], [-120.08994099987187, 43.925670999835766], [-120.11072200042723, 43.93831600002655], [-120.1224220000474, 43.939991000045374], [-120.14995399986309, 43.952059999682405], [-120.16539699989613, 43.96694599976461], [-120.18006199960433, 43.961052000045996], [-120.18023800022972, 43.96488100025366], [-120.18645100026298, 43.96401100024785], [-120.19175700009995, 43.97063000030993], [-120.2019689997408, 43.97167300011174], [-120.21420400001159, 43.968060999825546], [-120.21977199978936, 43.96757599976747], [-120.19607700009792, 43.97479600029069], [-120.19552599955378, 43.9766860000304], [-120.20593599956132, 43.98298900021598], [-120.20938900044432, 43.99473799993299], [-120.2152119995919, 43.995098999949896], [-120.21910300014277, 43.99831700006127], [-120.21594200023615, 44.00024600020528], [-120.2382540004286, 44.004537000202696], [-120.23549799967964, 44.007026000064535], [-120.24154400020663, 44.007694000294684], [-120.25019699972303, 44.015276999972606], [-120.24767199985105, 44.022935000274295], [-120.25670400038244, 44.0345439999104], [-120.26563499973321, 44.037884999769986], [-120.2661700003838, 44.04211299981064], [-120.2639500001104, 44.04435200004837], [-120.27041599986363, 44.041612000240754], [-120.27474400025747, 44.04614899986236], [-120.27895799995025, 44.04578699978506], [-120.28255499987493, 44.043882999788345], [-120.28370800011852, 44.03998000022828], [-120.29149199997177, 44.036939999967025], [-120.29586899987115, 44.02765499974379], [-120.29557199977023, 44.021954000090965], [-120.29079900003572, 44.02020799994321], [-120.29268000037547, 44.01626299968913], [-120.28990400043334, 44.01182899977977], [-120.29029199987252, 44.00671899981313], [-120.31528100027288, 44.00823799991909], [-120.31884999971017, 44.00959999973513], [-120.31832900020157, 44.01228399971167], [-120.32512499966771, 44.014668000260826], [-120.3436680004063, 44.01700200017331], [-120.34408799963254, 44.024475000133805], [-120.3409440003427, 44.02536200026454], [-120.33982999955887, 44.02891100029204], [-120.34745000027891, 44.032765999948325], [-120.35809299991497, 44.03204899967896], [-120.36319500043577, 44.0269570001001], [-120.37667400028843, 44.027623000274865], [-120.38641300010123, 44.021617000001015], [-120.39390800024951, 44.02585099989337], [-120.39629400020428, 44.02326599983675], [-120.39511699967127, 44.02124399980711], [-120.40414800037776, 44.01715500003888], [-120.40288899982895, 43.99380900003546], [-120.40548800021908, 43.98945800031962], [-120.41903499984382, 43.99435199991825], [-120.4207439997561, 43.999175000256336], [-120.42774699980976, 44.00371900015224], [-120.42730199957083, 44.009524999695124], [-120.42999499967227, 44.01286199976264], [-120.43300400014122, 44.009411000202135], [-120.4410159996001, 44.006691000163634], [-120.44782500038333, 44.00918199975939], [-120.45199800006822, 44.01862799995507], [-120.44450999959264, 44.02277100000935], [-120.4410850000954, 44.028224999863134], [-120.45408199989922, 44.024320999881105], [-120.45892199958085, 44.02643400007181]]]}}, {"type": "Feature", "properties": {"name": "No ZIP code assigned"}, "geometry": {"type": "Polygon", "coordinates": [[[-117.62413900020454, 45.999337000136215], [-117.62286799996018, 45.86114399983097], [-117.61822800029508, 45.86110199981794], [-117.62159900026396, 45.85966799973324], [-117.63002199962659, 45.864087000247075], [-117.63492599978063, 45.86241699987181], [-117.63896700011935, 45.851314999846245], [-117.63976499963739, 45.83568499980154], [-117.65050699990596, 45.83023799973062], [-117.65209899964239, 45.82661900026035], [-117.6502690002546, 45.816720000157986], [-117.64231600034691, 45.805374000227616], [-117.64120499993612, 45.79419699991476], [-117.6435599999288, 45.784337999771516], [-117.63907699972421, 45.7853509998246], [-117.63950699989452, 45.78912099970923], [-117.63658700001237, 45.79057900017324], [-117.63574500011339, 45.79727199985107], [-117.63941599965794, 45.80017500009573], [-117.63711799956667, 45.805296999690306], [-117.63438900037855, 45.80611999980873], [-117.62004299961424, 45.800812999872335], [-117.62113200028374, 45.798325999991356], [-117.6176530003598, 45.79859599983577], [-117.61243899968605, 45.78985899995483], [-117.60566099976327, 45.78832599999609], [-117.60672899961803, 45.796372000202], [-117.60955700033702, 45.7978650001767], [-117.604761000138, 45.80044199991937], [-117.60582700034294, 45.80432900013808], [-117.61636299984889, 45.80449499972169], [-117.60951600032915, 45.81341799989725], [-117.61181600007019, 45.81407399974286], [-117.61102900042282, 45.81719299994124], [-117.61421000042091, 45.82079000024553], [-117.61154800028159, 45.82939299980574], [-117.6086419997448, 45.83170400008632], [-117.61492300044844, 45.83176300030121], [-117.61228999972312, 45.83548499989781], [-117.60362299996301, 45.83508199997065], [-117.60070800010372, 45.83617099983277], [-117.60050300006431, 45.83904199972715], [-117.58795899999703, 45.84346599975419], [-117.58589100005956, 45.840750000122625], [-117.58762300043638, 45.83275899988911], [-117.57718499994141, 45.827232000234275], [-117.57854499987421, 45.81945100029259], [-117.57474100026027, 45.80455299988966], [-117.56640099984001, 45.79456699985372], [-117.56368400034745, 45.77903800016992], [-117.55863399970521, 45.773102999715405], [-117.56040500044007, 45.76873699976894], [-117.55878900041422, 45.75857699971931], [-117.55014900041827, 45.75187000014415], [-117.55196700011048, 45.748131000269936], [-117.55739099994825, 45.74603099980826], [-117.54858699992079, 45.72511100020971], [-117.56158999957238, 45.71436699999413], [-117.56392700002168, 45.710601000239265], [-117.5628089999382, 45.70711199969958], [-117.57485099986515, 45.70676300003066], [-117.5738189999954, 45.70435300009271], [-117.57608100010164, 45.70139699989225], [-117.5646180003079, 45.69797800022586], [-117.56273399959514, 45.69216600007072], [-117.57490000026897, 45.6849209997665], [-117.5738120003227, 45.6819179999623], [-117.58460300009676, 45.67832200003697], [-117.58777200039928, 45.67332700029832], [-117.5858090000438, 45.6695520000021], [-117.5895209995962, 45.66893599976986], [-117.59378899971564, 45.67512599998286], [-117.59783300042739, 45.67311599977044], [-117.59729699995187, 45.66870900022185], [-117.60775100034037, 45.665105000283006], [-117.60812999955874, 45.654098000072146], [-117.61844599985497, 45.65374699993615], [-117.62001599985008, 45.64886399979912], [-117.62332599971958, 45.64696700014387], [-117.62678000042746, 45.67177500016624], [-117.6329230001405, 45.6752730002954], [-117.63762999975276, 45.66207999970381], [-117.64743600041105, 45.656441000259946], [-117.64548200027639, 45.64819100021243], [-117.65119399999422, 45.64244300027933], [-117.64244199984532, 45.63779800019065], [-117.64326200000296, 45.633615000133105], [-117.67291600018275, 45.643188000251975], [-117.68100299998474, 45.64308899997665], [-117.70065499968767, 45.63002800013184], [-117.72895899998039, 45.63078199980878], [-117.74607199956766, 45.622890000028306], [-117.74613699986502, 45.66073600020187], [-117.76706300018533, 45.66022699993231], [-117.76690900019955, 45.68544100004579], [-117.77187399955467, 45.68959499992131], [-117.78762299990946, 45.68956700024545], [-117.78865399995432, 45.75337299976414], [-117.8012120002653, 45.75703200027324], [-117.8092530000365, 45.76328499984883], [-117.81019200001984, 45.768107000219025], [-117.82565299959623, 45.77527299995695], [-117.82950999981193, 45.78498599973399], [-117.82718599978142, 45.77466300005899], [-117.82164200029307, 45.76696300013787], [-117.81898099997866, 45.767656999854346], [-117.81926499966082, 45.76202500020995], [-117.81715700043867, 45.762175000211776], [-117.81278899986182, 45.755982999996995], [-117.82203700030328, 45.7506579997607], [-117.81653800012249, 45.74835699987662], [-117.81078399967355, 45.74931799997109], [-117.80685700003596, 45.74598300018165], [-117.79995400043973, 45.74662899976708], [-117.79670200029653, 45.73584699997151], [-117.80050500008555, 45.73337400012469], [-117.8264669999061, 45.73449800005741], [-117.82908800003753, 45.73706299981096], [-117.82539300020355, 45.74034500024144], [-117.8418980002436, 45.734449999920216], [-117.8443770000848, 45.73014000018136], [-117.8455799996588, 45.7340550001246], [-117.8488250001293, 45.73354600029067], [-117.84872300002205, 45.736173999981546], [-117.8436089998057, 45.74112200008133], [-117.84846100008122, 45.74241999984325], [-117.85535299980681, 45.753308000151726], [-117.85291599979838, 45.7653489997984], [-117.85626099982801, 45.77339099976652], [-117.85396699993471, 45.77751800002684], [-117.85831100022212, 45.78749099989966], [-117.85449599983923, 45.793407000084166], [-117.85854999969843, 45.80126199995666], [-117.86860499987873, 45.79903400018267], [-117.86648500006274, 45.79553600014921], [-117.87346800002493, 45.79166599994669], [-117.87136099972938, 45.79025099973077], [-117.87671900034319, 45.785526000213274], [-117.87228899984206, 45.780253000259705], [-117.87138199964578, 45.769144000237354], [-117.88127500034271, 45.77006700002868], [-117.88000800029633, 45.772929999844294], [-117.88278000004047, 45.77311199985703], [-117.8852599997066, 45.777300000255096], [-117.8845059996712, 45.7747920002209], [-117.88934799990098, 45.769014000081036], [-117.87908299965837, 45.762594000248626], [-117.8771860003234, 45.75106900025664], [-117.91355200030377, 45.74733899991823], [-117.91194999962332, 45.74313900020192], [-117.90655000007503, 45.74116399973078], [-117.91516999997947, 45.73965899989006], [-117.91960700015326, 45.73426400009624], [-117.9171020003728, 45.7256619998031], [-117.91915400041675, 45.725419999755275], [-117.91925300015095, 45.72208000016166], [-117.9161039999399, 45.71729899998282], [-117.9188639999885, 45.708500999736316], [-117.91678400035548, 45.70725700014537], [-117.92411899977186, 45.70306699974904], [-117.92209600004021, 45.700338000090476], [-117.9248040002103, 45.69938900001859], [-117.9235570002554, 45.69701400027202], [-117.92796299956875, 45.69079399978442], [-117.93497700039138, 45.68824299992842], [-117.92040100037167, 45.683160000286456], [-117.94141200018248, 45.67633599969682], [-117.94354200004425, 45.67017100029027], [-117.9503109997462, 45.66573099991924], [-117.95132199969956, 45.66024999971005], [-117.95779099982585, 45.66023200007591], [-117.96009899996282, 45.65703500023337], [-117.96614600031471, 45.65636299984613], [-117.98912799997865, 45.657421000113104], [-117.99507599969803, 45.66850799992557], [-117.99441100024939, 45.675808999765295], [-117.99754600021672, 45.6829239998161], [-117.99551900028715, 45.69217699988212], [-117.99837600042011, 45.69700700002804], [-117.99632100000309, 45.69955899988819], [-117.99258199978821, 45.696486999979044], [-117.99197300041607, 45.70276100024049], [-117.98752299982345, 45.70604899977188], [-117.98683599973519, 45.70948399987535], [-117.98293800040993, 45.71059799996775], [-117.97779499988127, 45.720850000055606], [-117.9836129999043, 45.72009300025466], [-117.99036999991068, 45.72470600015941], [-118.001451000113, 45.72564800021761], [-118.00099300035359, 45.71659800028879], [-118.00250899992203, 45.71702500004249], [-118.01673500013737, 45.724114000283144], [-118.02075100036173, 45.73009899992428], [-118.03435200041311, 45.736014999830445], [-118.04157399985158, 45.74472699998474], [-118.03432899994858, 45.74450800003792], [-118.03449299998012, 45.764463999876426], [-117.9827519997388, 45.766303000240406], [-117.98277000018045, 45.77046200006131], [-117.99275199966749, 45.7751309999233], [-117.99230300012896, 45.77988700010166], [-117.99504899993384, 45.78377299969575], [-117.99457699993073, 45.78753100021954], [-117.99134300022924, 45.787865000141316], [-118.00260299963334, 45.79534999970251], [-118.00910199989687, 45.79322699985655], [-118.01193599956531, 45.79682000015742], [-118.01140800038401, 45.79333300013053], [-118.01337900023712, 45.79232500005117], [-118.00986900035106, 45.79142900005614], [-118.00852399958856, 45.78690399992233], [-118.01212100041154, 45.78304700024322], [-118.01988099997537, 45.78352900001812], [-118.02271399981889, 45.78030799968895], [-118.02441400040867, 45.783250999920924], [-118.02284900043642, 45.77521100010143], [-118.02786499984516, 45.77467099996118], [-118.03489200018828, 45.782289999720746], [-118.04098300002278, 45.78295400024375], [-118.04144499998016, 45.78745100017751], [-118.0449330001249, 45.78715500008859], [-118.04500300044509, 45.81707300015952], [-118.04344199977251, 45.8224710002451], [-118.03467999957786, 45.823695999924965], [-118.02712800042653, 45.82861200011016], [-118.02433400004271, 45.83387300020353], [-118.01452999993256, 45.83524799989812], [-118.00583700023319, 45.82886599974212], [-118.00035200029608, 45.829182999712046], [-118.00341299974525, 45.83277399971838], [-118.0027540001444, 45.837643999887945], [-117.99131800011486, 45.836514999888216], [-117.97524999991782, 45.84833000015955], [-117.97338799984466, 45.85221699987211], [-117.972980000314, 45.86059499997301], [-117.97763900024566, 45.86060199972842], [-117.97766400036002, 46.000521999894836], [-117.62413900020454, 45.999337000136215]]]}}, {"type": "Feature", "properties": {"name": "No ZIP code assigned"}, "geometry": {"type": "Polygon", "coordinates": [[[-117.86865299955932, 45.05780899986995], [-117.8621380003006, 45.05604299983729], [-117.85887100008875, 45.05981000028657], [-117.85477600022172, 45.06159700022518], [-117.86016400007446, 45.0709579999267], [-117.86002500015726, 45.07435700025239], [-117.85221700001456, 45.06028300008748], [-117.84295699987754, 45.05829599998513], [-117.8445600003829, 45.054638000122004], [-117.83757400004768, 45.05500000015074], [-117.8406949997713, 45.050237999998615], [-117.82782799966384, 45.03637499996486], [-117.82778400018123, 45.03331400017613], [-117.82025999972063, 45.02746299976086], [-117.8120199997578, 45.02451099982543], [-117.8100270001634, 45.02625900028308], [-117.81239300002669, 45.02741899988404], [-117.81083300007734, 45.028504000110665], [-117.81295600026641, 45.03205499982978], [-117.80512200018441, 45.03288200004672], [-117.80616699957466, 45.02966599978684], [-117.80244199960346, 45.03012900017721], [-117.80398400000946, 45.027518999843714], [-117.79947400004069, 45.02935000025095], [-117.79885899992246, 45.02625900028308], [-117.79374200023138, 45.02611899974859], [-117.7971790003225, 45.02392499998796], [-117.7934419997574, 45.02260800024817], [-117.7959759998502, 45.01848899983468], [-117.79323400024326, 45.018696999997715], [-117.79418200044744, 45.016681999961904], [-117.79038299995808, 45.01465899988056], [-117.7818249999779, 45.01358300014841], [-117.77870900027715, 45.01006700024171], [-117.77882599955471, 45.00667699972107], [-117.78428700010069, 45.003713999799416], [-117.78491700028752, 44.99832199998227], [-117.78437999998711, 44.995675000282446], [-117.77954899962798, 44.99524399998123], [-117.77750400015503, 44.99216100007494], [-117.65969199969994, 44.99269800012872], [-117.66039399985681, 44.9866680001223], [-117.66319099971531, 44.984243999858954], [-117.66249500030457, 44.9776860002343], [-117.66864899988826, 44.969201999887986], [-117.68062499969295, 44.96143900005229], [-117.68115899962032, 44.95433300006738], [-117.69855699961299, 44.94917100003139], [-117.70131199963869, 44.94558199984756], [-117.69848299999312, 44.94300699980855], [-117.70845899963243, 44.94126199987121], [-117.70725799970826, 44.94547800002865], [-117.7096460002112, 44.945346000207266], [-117.71115299955878, 44.95019300021753], [-117.72524599970475, 44.95101799995479], [-117.72689299969274, 44.946655000116756], [-117.72811200005857, 44.95014900011036], [-117.73572299965946, 44.95359699976963], [-117.74979400006414, 44.95256899977932], [-117.7498400000949, 44.955949000219626], [-117.75990299977283, 44.960729000225356], [-117.76111899976559, 44.967864000058285], [-117.75932700001266, 44.97092799975767], [-117.76323399955874, 44.974191000241795], [-117.81111799958438, 44.97430500020442], [-117.81343300029239, 44.97854099982893], [-117.82373899964456, 44.977857000156455], [-117.82557399995352, 44.978943999977986], [-117.82486699977377, 44.98850199997491], [-117.82953400010136, 44.988629000217244], [-117.8300000002567, 44.990842999804066], [-117.82098600016694, 44.99218999986448], [-117.82524599989047, 44.99986199972946], [-117.85863500008722, 45.05908799992348], [-117.86258699983917, 45.05439500030215], [-117.86865299955932, 45.05780899986995]]]}}, {"type": "Feature", "properties": {"name": "No ZIP code assigned"}, "geometry": {"type": "Polygon", "coordinates": [[[-119.49120900042556, 44.99572899991924], [-119.5938740002253, 44.9952720002216], [-119.59909200019871, 45.00086600000935], [-119.60200100021024, 45.01653800013765], [-119.59909700022158, 45.02181100026675], [-119.591901999649, 45.02479700025067], [-119.5955920003584, 45.02940599975746], [-119.59435700009907, 45.031020999918255], [-119.59179500041718, 45.02867700004801], [-119.58314100017756, 45.02949500016419], [-119.58457200025549, 45.04099900003902], [-119.581398999755, 45.05198299985497], [-119.56952400023263, 45.067789000244495], [-119.56960299987534, 45.07558899976315], [-119.57634099961516, 45.08639899989164], [-119.56590999969119, 45.098660999723386], [-119.5568279998294, 45.10308300001699], [-119.55218099959329, 45.10859299983266], [-119.54075600033272, 45.11174200002395], [-119.52966699973452, 45.11878399968323], [-119.5287029996368, 45.11507200016491], [-119.53280300042506, 45.113062000280244], [-119.53377300037052, 45.10943000020755], [-119.54323000015106, 45.103740999982286], [-119.54035799994945, 45.10152400031688], [-119.53515900024263, 45.103349000025815], [-119.53664899987179, 45.096290000185725], [-119.53064900027387, 45.09386699975763], [-119.53058499980145, 45.091215999806046], [-119.52342199991419, 45.09162500003762], [-119.52868400026854, 45.085065000177885], [-119.5247600001057, 45.08286699975307], [-119.5239089999859, 45.076794999775224], [-119.51858100040765, 45.071583000057785], [-119.52074399988133, 45.06855800014129], [-119.52450999986046, 45.06833500014394], [-119.51292400004309, 45.06033699972332], [-119.5134880001077, 45.05799400024589], [-119.50856600041028, 45.05315299997526], [-119.50090300003252, 45.03646200006988], [-119.4855729999774, 45.02688700008225], [-119.4811450000244, 45.01876899978036], [-119.48130800023101, 45.01125200015161], [-119.48817700039038, 45.00643299973138], [-119.49120900042556, 44.99572899991924]]]}}, {"type": "Feature", "properties": {"name": "No ZIP code assigned"}, "geometry": {"type": "Polygon", "coordinates": [[[-119.35541300017188, 44.99569200027947], [-119.40878399978449, 44.99560700024398], [-119.42181400009856, 45.01033100026053], [-119.45517800018095, 45.025172000026274], [-119.46300100039228, 45.031290999876205], [-119.46343599968715, 45.03567900007622], [-119.45389400041611, 45.04710000027975], [-119.4537100002931, 45.051339000218874], [-119.45635800018871, 45.05371300015998], [-119.45656300022813, 45.06405200030963], [-119.46247900016046, 45.06945299991849], [-119.46481499988654, 45.075010999726615], [-119.4619400002102, 45.070145999807885], [-119.4543639998711, 45.06672999980865], [-119.44796099986705, 45.07086599977394], [-119.44391500040379, 45.066319999699], [-119.44078000043645, 45.07074599998654], [-119.42671400005463, 45.07058399996898], [-119.41190399968319, 45.07584199969456], [-119.4102640002662, 45.074191999694484], [-119.39567400000277, 45.089864999761495], [-119.3904099999986, 45.089772000092964], [-119.39004199975257, 45.09301700022466], [-119.38631900032948, 45.09537099975216], [-119.37884900029557, 45.09390600015484], [-119.37377000023933, 45.10148200022329], [-119.3602570000515, 45.104130999991725], [-119.34956599983654, 45.102845000293385], [-119.34630899967046, 45.10620499984772], [-119.34311199977886, 45.104102999731936], [-119.34350299959112, 45.109062999687794], [-119.34140399969152, 45.11144700022328], [-119.3432619995667, 45.11310999979499], [-119.33785600017063, 45.110732000203924], [-119.33772399992613, 45.10581900015761], [-119.32829999975756, 45.10584399997845], [-119.32733099963703, 45.10205000007989], [-119.32184300022517, 45.098875000064076], [-119.32435800005139, 45.092613000302634], [-119.31935500016313, 45.08260400029026], [-119.316579000221, 45.08168999990503], [-119.31522599996087, 45.085780000102815], [-119.31174000036428, 45.08255900004864], [-119.30941899980849, 45.088157000067454], [-119.3014490001824, 45.09181299975384], [-119.28631499994582, 45.0922909996995], [-119.28591699956256, 45.095053999753944], [-119.29615500004098, 45.10787800019861], [-119.29421199977698, 45.11227800016719], [-119.28330300000212, 45.112813999714206], [-119.2838629998688, 45.116441999981824], [-119.2880959998281, 45.11820299974337], [-119.2823630001939, 45.12360100025634], [-119.28794100001741, 45.1267550001114], [-119.28933600011032, 45.13018200022282], [-119.28773799962785, 45.132323000111455], [-119.29094600028841, 45.13348299987391], [-119.28499099999802, 45.14119599993347], [-119.28881300005361, 45.14777099985678], [-119.29639500024051, 45.15075300019325], [-119.29508299998828, 45.1542729999453], [-119.2791660003023, 45.164062999932575], [-119.26904699964953, 45.165943000192414], [-119.25678999963743, 45.16470299981726], [-119.25639600035045, 45.16972699982618], [-119.25184200000078, 45.166960000207844], [-119.25365100037047, 45.169840999913944], [-119.24716600035065, 45.17313000026142], [-119.24183299985121, 45.17210499981366], [-119.23717399991952, 45.16577600000259], [-119.22514799988609, 45.176169000290685], [-119.22626500014468, 45.18132899970297], [-119.23293900031038, 45.187225999917516], [-119.23319299985529, 45.191267999798875], [-119.24164700007836, 45.19826799968871], [-119.24960199963586, 45.19968199993122], [-119.25650099993244, 45.19763800001628], [-119.26819899990281, 45.20141700030464], [-119.25622800012097, 45.214737999798764], [-119.26238400025281, 45.2203110001591], [-119.26194599968657, 45.22258800014619], [-119.2493229999766, 45.221454000244655], [-119.23031900000385, 45.22560800010402], [-119.21065800008009, 45.23844799981399], [-119.2097440002111, 45.24699300011508], [-119.22373600007475, 45.25492599982893], [-119.23534700000647, 45.27518200010327], [-119.23703099980439, 45.28360199968911], [-119.23705099989586, 45.29245500009155], [-119.23168300013462, 45.30970399972697], [-119.21685199984678, 45.3242930000075], [-119.21421099962384, 45.33808999976888], [-119.2111519998245, 45.331226999813616], [-119.19625399958949, 45.32335100015834], [-119.19243699955676, 45.31635400008564], [-119.17576699966028, 45.30090700024629], [-119.17913000013155, 45.28340200009175], [-119.17561500022265, 45.27954900006266], [-119.1618209998274, 45.27387500018993], [-119.16280300036676, 45.26524600007958], [-119.15694299961262, 45.26329099996456], [-119.15158800027015, 45.25482699995641], [-119.15101400015982, 45.249851000264954], [-119.15433200042524, 45.24381300006181], [-119.14445799999487, 45.24070700017862], [-119.13657100020946, 45.23509500027389], [-119.1394810000459, 45.22663399977604], [-119.13192499979824, 45.22501999976637], [-119.12798200026714, 45.22779199998872], [-119.10789199999799, 45.22785299989273], [-119.10345099962622, 45.22339900030234], [-119.09582999997956, 45.2236079998174], [-119.07762000022521, 45.23408699973094], [-119.06442699970454, 45.236086000008356], [-119.05814199970123, 45.24132200007921], [-119.050942999829, 45.2415189999098], [-119.04578299958192, 45.24477999989913], [-119.04482600005518, 45.25537399971333], [-119.04146099993412, 45.25840899983429], [-119.03561299977386, 45.25675299972194], [-119.03519299964927, 45.25432999968745], [-119.02891699986684, 45.25105999972552], [-119.02321799966948, 45.25107099995765], [-119.02311999976018, 45.21176999986296], [-119.0168409996047, 45.208994000213615], [-118.99952999965072, 45.210773999928485], [-118.99872100026204, 45.20431299977066], [-119.00660200019969, 45.203016999801314], [-119.01003599991775, 45.19520299978893], [-119.00297500013777, 45.19130300029416], [-119.0073779999764, 45.188791000109916], [-119.00542399984174, 45.18330299970722], [-119.01370099961451, 45.18000500016498], [-119.0132210001138, 45.17369699999577], [-119.0220429996846, 45.17552800013778], [-119.02304000029257, 45.170985000237835], [-119.03098200032957, 45.17099600013552], [-119.02873600011688, 45.16956500004236], [-119.03022200044639, 45.16775900001009], [-119.0260780001755, 45.1661339998208], [-119.02920100044729, 45.16146999993759], [-119.02453199957155, 45.15882099973046], [-119.02632000002484, 45.15596599978927], [-119.02386499957476, 45.153793999914114], [-119.02501299979548, 45.151727999725516], [-119.03636500015944, 45.15778299987331], [-119.04447000040308, 45.15568299992457], [-119.04757900043113, 45.14762499980681], [-119.04654599983813, 45.141264999852105], [-119.05038999963502, 45.138326000142094], [-119.06020799998889, 45.13658900020576], [-119.06572999973595, 45.131514999810484], [-119.07367400032108, 45.13345700010389], [-119.07612800004792, 45.131240000025755], [-119.06657099980998, 45.12099899979819], [-119.04934400041988, 45.11506300029106], [-119.04580100002354, 45.11641800004598], [-119.04544199999836, 45.11280599986206], [-119.04042900006434, 45.11076799988705], [-119.0360749997312, 45.11511700014689], [-119.0253459998814, 45.117637000188054], [-119.02620100019917, 45.11932900008082], [-119.01925900024484, 45.11802299982834], [-119.01718799993432, 45.12143999995197], [-119.00409099967311, 45.12540600022155], [-118.99765800043014, 45.130022999772635], [-118.99890500038505, 45.12015000002876], [-118.99725500002401, 45.116928000314346], [-119.00154999990761, 45.114049999852654], [-118.99911899974698, 45.10842499978724], [-118.9914460002218, 45.11197700014935], [-118.98780099971822, 45.10933000016682], [-118.9891940001613, 45.11168599998348], [-118.98676300000069, 45.11592799978284], [-118.98310099977866, 45.11680399969151], [-118.98447199958213, 45.1215060002811], [-118.98231900015415, 45.125447999824885], [-118.9728590000006, 45.12767200023272], [-118.97804699983676, 45.122370000140805], [-118.97338000040747, 45.11179700024795], [-118.9829970000216, 45.11064200026279], [-118.9812730000407, 45.10742099989604], [-118.98712600022384, 45.103372999751116], [-118.98548099988567, 45.09103599976059], [-118.98033400005735, 45.08722200014469], [-118.98778399999979, 45.07932800030873], [-118.98581700034464, 45.07275600014592], [-118.98244600037577, 45.06840399999711], [-118.97518200020619, 45.06553300001357], [-118.96911599958771, 45.055564999940835], [-118.97319299991143, 45.051156999821444], [-118.98103399966611, 45.04803299998171], [-118.98428699963422, 45.04126899989289], [-118.98202799990102, 45.03719400031188], [-118.98478399975167, 45.03843299999248], [-118.98650000023493, 45.04355200015611], [-118.98812100028366, 45.03653699979157], [-118.99757700023926, 45.03465999979385], [-118.99997900008759, 45.03601499976601], [-118.99945600003088, 45.03914899974974], [-119.00123699991316, 45.03933700010165], [-119.00044299969477, 45.037819999899895], [-119.00788799961434, 45.03268599978849], [-119.01852100010298, 45.04025599987022], [-119.0120660002204, 45.04834399988547], [-119.01405899981478, 45.05604700024967], [-119.02308999962297, 45.05435899998248], [-119.03198999990988, 45.05781300015882], [-119.03715000015697, 45.0566020001849], [-119.0644660000626, 45.06567800023374], [-119.05723299985515, 45.054638000122004], [-119.06463500011697, 45.05796199993214], [-119.06191100005337, 45.054744000234415], [-119.06353999959971, 45.05199500003955], [-119.06117700010948, 45.05341999976929], [-119.05875799964441, 45.05040700006516], [-119.05915699985258, 45.047269000097934], [-119.06295200014395, 45.047587999817395], [-119.06591399985896, 45.043393999907224], [-119.07358899993226, 45.04547299979531], [-119.07810099955084, 45.039004000173996], [-119.0923540004287, 45.04571999994198], [-119.09693100034461, 45.04288399979003], [-119.09951099956986, 45.04500900011556], [-119.1014439997881, 45.04279200015853], [-119.11202200002516, 45.04518600020486], [-119.1136210003326, 45.042230000259835], [-119.12053099960153, 45.03987899975874], [-119.11613199996083, 45.02827299981952], [-119.12560100033524, 45.027946999982774], [-119.12609599990458, 45.02228099983813], [-119.13947799967285, 45.0250079997528], [-119.13341600015065, 45.02795299973947], [-119.13102299962483, 45.036384999990965], [-119.12382100027787, 45.04310099996992], [-119.13497899957473, 45.04849999995545], [-119.15229399972668, 45.04907800024896], [-119.1517520003017, 45.05140199980655], [-119.15628700038481, 45.049168999702644], [-119.15705200029088, 45.04581599980109], [-119.15421299970124, 45.04513499983725], [-119.15912100005326, 45.040292999924056], [-119.15363799976596, 45.03392900000292], [-119.16207799974534, 45.019502999842416], [-119.16296599967507, 44.9962410000876], [-119.28985099977116, 44.99574400012693], [-119.2905310001867, 44.991694000304264], [-119.29365399956015, 44.99015800015671], [-119.29190000034036, 44.987798999852046], [-119.29330700012883, 44.98679600002348], [-119.2864549996879, 44.97422700015413], [-119.3008449999348, 44.970735000035816], [-119.30657400026938, 44.9735460000479], [-119.30656900024651, 44.97043500023914], [-119.3111240004211, 44.971123999778605], [-119.3172410001949, 44.96799199999464], [-119.33611499957298, 44.9800799997596], [-119.3502949997576, 44.98472000004674], [-119.35541300017188, 44.99569200027947]]]}}, {"type": "Feature", "properties": {"name": "No ZIP code assigned"}, "geometry": {"type": "Polygon", "coordinates": [[[-118.94168400022949, 45.28620000009176], [-118.92497800034799, 45.30232400022283], [-118.92256100043106, 45.31051500014675], [-118.92451100036776, 45.31449699980233], [-118.92211000034435, 45.3187550001024], [-118.91991699983508, 45.31837600023973], [-118.92095899975057, 45.322136000164114], [-118.91752800040555, 45.320051999766505], [-118.91840000044175, 45.322475000311485], [-118.91521699989552, 45.321942999703225], [-118.91711999997658, 45.3244230000736], [-118.91508100035144, 45.32592300014685], [-118.92019399984454, 45.32753100024828], [-118.91761299989606, 45.32952200021741], [-118.92206900033646, 45.33156799988895], [-118.92342599989625, 45.33512599996733], [-118.90547999973252, 45.36025600006886], [-118.88906599992906, 45.34196699975866], [-118.88679499960203, 45.33037099985179], [-118.87673799977188, 45.317001000230064], [-118.87846299957766, 45.32165800002941], [-118.86722099971692, 45.325545000031696], [-118.86212699959202, 45.318734999811355], [-118.86591299966261, 45.31299599978334], [-118.86480799999792, 45.30970499980633], [-118.86254199969373, 45.31228899993172], [-118.85661099969278, 45.30895599988543], [-118.85741800032997, 45.30598400011262], [-118.8549210000471, 45.302258999833775], [-118.84740599980734, 45.30230699981721], [-118.847676999969, 45.31253099999628], [-118.84708899961495, 45.312569999868195], [-118.84681300032875, 45.30985400005766], [-118.84542800028154, 45.3082620002791], [-118.84609100008035, 45.31394199998952], [-118.84268099975344, 45.315003999934426], [-118.84228200044357, 45.3109030000435], [-118.84067999976311, 45.31388199968421], [-118.83372299974019, 45.314320999818506], [-118.8329849995983, 45.31815299980929], [-118.82839699981174, 45.31666600000357], [-118.82496100044386, 45.3097410001234], [-118.82334299986985, 45.31426699990773], [-118.8158910002776, 45.314450000028835], [-118.81258600043098, 45.31367300001979], [-118.81534700030448, 45.30812099986034], [-118.80507200001615, 45.30771599982554], [-118.80523100002479, 45.31657600005778], [-118.78964400005171, 45.32311199972029], [-118.7880880003003, 45.319367000036955], [-118.79001399994755, 45.31755299995046], [-118.78339599985836, 45.312047000097294], [-118.78092399968983, 45.298982999710255], [-118.78453800023125, 45.293302999943336], [-118.80110299964747, 45.29099800001627], [-118.76513699970019, 45.28621199969786], [-118.74909699999057, 45.29077899968739], [-118.74139599997798, 45.29880299975172], [-118.74361200005346, 45.30508599991447], [-118.74151800017673, 45.316506999749826], [-118.7295559997174, 45.32464599982731], [-118.72750000037381, 45.32865599977499], [-118.71940199980287, 45.32700500029062], [-118.71766500030151, 45.33000599990075], [-118.72480200024948, 45.34626700026013], [-118.72618899994647, 45.362695999956124], [-118.73140299972194, 45.3718439999308], [-118.72511100004596, 45.38493699989973], [-118.72371000010527, 45.39570899987592], [-118.69641699976589, 45.39605399996977], [-118.67436700041259, 45.385311999701145], [-118.67544899961275, 45.37900599978777], [-118.68430799989179, 45.37190799976367], [-118.69436999974481, 45.358959999934505], [-118.69601799955772, 45.34560800007377], [-118.6562510003696, 45.34514599986487], [-118.6562660004382, 45.34033699976456], [-118.61324300001061, 45.33988399981748], [-118.61314900029926, 45.358759999802466], [-118.60817700037316, 45.35870299979315], [-118.60814200021305, 45.36228299982472], [-118.59790100025988, 45.36217300030372], [-118.5978540004042, 45.36574900026382], [-118.59463099967502, 45.36678200001174], [-118.59536399979405, 45.37242899982067], [-118.60310400016469, 45.37982999998324], [-118.60026799994812, 45.37893599970173], [-118.58553700011767, 45.384333000248944], [-118.57220200020507, 45.38111999979526], [-118.5710370002659, 45.387855000030726], [-118.55520500007043, 45.39064399983172], [-118.55165199962835, 45.39406000010315], [-118.5516630003973, 45.420149999715306], [-118.54135200012396, 45.420307000164826], [-118.54139399995677, 45.42730300022401], [-118.53025199965508, 45.44480699981058], [-118.53164500009817, 45.45194000027442], [-118.5399339995665, 45.45782500020829], [-118.53156700028039, 45.4605280001771], [-118.5251130002227, 45.45972300013528], [-118.51513199966222, 45.451809000030494], [-118.48913600040477, 45.44845200009045], [-118.48912100033617, 45.450263999852005], [-118.48174699966341, 45.4501600001911], [-118.48175300040953, 45.446596999851245], [-118.47665000006383, 45.44650099994128], [-118.47662099975152, 45.44290499982012], [-118.45874300025818, 45.44342899975539], [-118.45371600008048, 45.440087999992556], [-118.4533949996901, 45.42903699969716], [-118.40480600003286, 45.429012999830256], [-118.40484899969057, 45.44254999971335], [-118.38422000036944, 45.44257999975553], [-118.38411700043727, 45.43524599970144], [-118.36652199990286, 45.43531000024084], [-118.36639600040448, 45.4312620000609], [-118.36031999974027, 45.431067000101756], [-118.37601899986636, 45.44546799984261], [-118.37995600044799, 45.456406000275905], [-118.41034000037376, 45.48995099988544], [-118.4090189999007, 45.49354999986655], [-118.41102999993676, 45.50188099989513], [-118.39662299997141, 45.50031200023421], [-118.39516099993136, 45.502573999997196], [-118.394221999948, 45.50971899983842], [-118.397367999786, 45.51752000008409], [-118.3860539999552, 45.51858500007908], [-118.37305100030359, 45.52944300017974], [-118.35370000000124, 45.53252700015065], [-118.349790999907, 45.530634999796945], [-118.34269499996694, 45.52581999980017], [-118.34159299977698, 45.520376999901146], [-118.3418410003724, 45.51684099975892], [-118.34297699999922, 45.5257210000154], [-118.34502900004318, 45.526658999696764], [-118.34227200036761, 45.516069999838805], [-118.34264300008837, 45.50541299971777], [-118.3381039998073, 45.494758999781496], [-118.31251299970752, 45.48211600011038], [-118.29877299973894, 45.47796900013787], [-118.28690300023948, 45.476883999685754], [-118.27480400041111, 45.48331799997066], [-118.28074799993252, 45.503135999786885], [-118.28173200012169, 45.52057700010903], [-118.2919050003028, 45.52595299990428], [-118.29662799980858, 45.53674800002912], [-118.30972199969676, 45.544507999775355], [-118.31417099956614, 45.55840299998858], [-118.31877199977153, 45.56443700009119], [-118.31915799956087, 45.568756000046875], [-118.32393500039167, 45.57385699985399], [-118.31593599955492, 45.56767100016756], [-118.31760400035766, 45.56396300005866], [-118.3119000001374, 45.55982699999702], [-118.30800399956367, 45.54485799973713], [-118.29655400018875, 45.539245999905475], [-118.29149900042194, 45.532943000103444], [-118.29038600036132, 45.526597000299894], [-118.28124000002714, 45.526042000228934], [-118.26202799964192, 45.53454800017111], [-118.26734699989768, 45.52759000007496], [-118.26907000005365, 45.52804799986938], [-118.26559199995465, 45.52596599969885], [-118.26536199980087, 45.5285270000701], [-118.26478000019291, 45.52498300007722], [-118.26851900040782, 45.5259679997638], [-118.26647400003658, 45.52073200026887], [-118.26962900009539, 45.520481999799955], [-118.26445899980257, 45.519908000310714], [-118.26468499975837, 45.52221700029836], [-118.25661700022297, 45.525071000000025], [-118.26065600001353, 45.51864899981913], [-118.2574719996424, 45.515309999980126], [-118.25347100038498, 45.51629100014072], [-118.24931700006839, 45.51372999982562], [-118.24917099958019, 45.517202999835796], [-118.24579100028882, 45.51828099984778], [-118.24120400032714, 45.51611100018541], [-118.24081000014188, 45.51270499989075], [-118.24548900016501, 45.50913600025988], [-118.24444600042462, 45.506416000072754], [-118.23563099962816, 45.50283199983765], [-118.21355199996258, 45.48576300000064], [-118.19814200043979, 45.465922999981636], [-118.19795499994372, 45.47039999991624], [-118.1928979996288, 45.470412000183586], [-118.17957899960972, 45.47889600009679], [-118.17672599967467, 45.484190999850576], [-118.16103099974656, 45.48667899972512], [-118.15940300002515, 45.4931939999588], [-118.1513749997744, 45.490860999989586], [-118.14529499981055, 45.49433399990037], [-118.14071600024481, 45.489577000271645], [-118.1163550003815, 45.498841999693504], [-118.11646099978839, 45.47073199986064], [-118.11984199980303, 45.46520899994057], [-118.10965199990346, 45.45747200008832], [-118.09794399988735, 45.44023699999173], [-118.10131400003135, 45.43826400031262], [-118.10014700044238, 45.42449400030369], [-118.10717999973494, 45.4263430002487], [-118.10508699968314, 45.42042000014193], [-118.10675600031072, 45.41591899987955], [-118.10555899968622, 45.41204600009836], [-118.10474100007671, 45.41389900024052], [-118.10267499978906, 45.414522000239536], [-118.10418899970767, 45.41216499992096], [-118.10142299981129, 45.40635199979749], [-118.10500100036771, 45.40109699989908], [-118.10130099961256, 45.401412000061455], [-118.10386800021563, 45.395739000214505], [-118.10745699974441, 45.3947029999901], [-118.10433600002077, 45.393209000224566], [-118.11010399981511, 45.38506100009923], [-118.11089600038363, 45.379858999814246], [-118.11389200043381, 45.377588999998686], [-118.11340100016413, 45.383182999937574], [-118.11691400042324, 45.37798199987841], [-118.1230589997861, 45.376129999909615], [-118.12202799974126, 45.362549999786545], [-118.14016200022596, 45.380632000097265], [-118.14321199980446, 45.387515000192074], [-118.147038000058, 45.38905200029116], [-118.14893299974312, 45.384066000266436], [-118.15312999971742, 45.381419999773954], [-118.16579000013566, 45.384019000179165], [-118.16267299971167, 45.38402399969358], [-118.16305100000346, 45.3949930001891], [-118.17229900044492, 45.4029090002725], [-118.18100300001495, 45.40119000029191], [-118.18621900033855, 45.404350000171355], [-118.18722299972089, 45.410163000098436], [-118.1980880000131, 45.427201000265], [-118.26761399986138, 45.42910300006668], [-118.26061099980771, 45.41397600018752], [-118.25149299996089, 45.41197000020761], [-118.24883500001954, 45.40560799980036], [-118.24387499978897, 45.40204299987363], [-118.24338699989235, 45.39201200031293], [-118.2465160000119, 45.38151800010772], [-118.25830500021885, 45.38896800021444], [-118.26613400027796, 45.38887200006405], [-118.27505200010822, 45.39688299985549], [-118.2731349997835, 45.397409000251564], [-118.27727599968132, 45.40484300028723], [-118.28472800017187, 45.40041199985148], [-118.27229999955722, 45.38356400024051], [-118.27011799981693, 45.37261500014885], [-118.26260099992736, 45.366227000001714], [-118.30288600004769, 45.37618100028518], [-118.29469799996338, 45.37036000010195], [-118.30319700039229, 45.375718999770044], [-118.29839299979736, 45.37194699977424], [-118.29737900036926, 45.367556999830086], [-118.31131799963114, 45.35843299979955], [-118.30847899993981, 45.35213699997792], [-118.3199390002588, 45.331112999852756], [-118.32633700023997, 45.3263759999897], [-118.33667299972939, 45.32524700017124], [-118.34227300019253, 45.32055800021005], [-118.350452000056, 45.32190800005322], [-118.3570629995742, 45.31824700012325], [-118.35697800008371, 45.31252299976005], [-118.36534400044324, 45.31029900021914], [-118.36507499993141, 45.303875000096255], [-118.3701649998583, 45.295955999685276], [-118.37305700015139, 45.28154499985953], [-118.36628900027436, 45.27846700027495], [-118.36166499960447, 45.27310599984781], [-118.36780700039093, 45.27333499975593], [-118.36510500006862, 45.27282799994332], [-118.37141600001118, 45.26949599981064], [-118.37474900034522, 45.264614000278414], [-118.38134099959686, 45.2656779996887], [-118.37999200043299, 45.27043400024232], [-118.382288999801, 45.274231000072625], [-118.38280400036015, 45.28820000031131], [-118.390375999603, 45.29832300001751], [-118.39470499982178, 45.29886399986137], [-118.40343400040447, 45.315018999719726], [-118.40507600036959, 45.327496000261114], [-118.40052600021787, 45.32538699986431], [-118.40309499957245, 45.32775899983395], [-118.40272300002675, 45.33118899985216], [-118.40005300038985, 45.33015499982401], [-118.40207199992352, 45.334909999761194], [-118.39978999972581, 45.33663100005717], [-118.40248799985014, 45.34322700026959], [-118.39980800016747, 45.34407000028643], [-118.40000300016113, 45.34891000017834], [-118.39453699959226, 45.35407200000799], [-118.39537099999365, 45.35779299976485], [-118.40481799972841, 45.353143999746244], [-118.40705399989538, 45.347577000008705], [-118.41441299960121, 45.34785999988373], [-118.41284400032932, 45.34696499990696], [-118.41687800009703, 45.346406999766735], [-118.41624100023745, 45.34301200014973], [-118.42153399965565, 45.34126300007265], [-118.4274239996487, 45.344962000311604], [-118.43037700004116, 45.35266699989662], [-118.43319700036422, 45.352056999833025], [-118.43289000021757, 45.344988000078885], [-118.44135299976315, 45.34950399994047], [-118.4498460003443, 45.3444760000842], [-118.45610500040831, 45.34325700004521], [-118.45939199981329, 45.34535699976253], [-118.45975500003644, 45.34526800002129], [-118.4523519999497, 45.33534700000964], [-118.44706299983118, 45.33234900014814], [-118.4520990002297, 45.31959299982576], [-118.45749899977798, 45.320422000145385], [-118.45752399989236, 45.316047000182195], [-118.45317200010736, 45.31549499968855], [-118.45227900015476, 45.3126339997781], [-118.45897699971157, 45.306581000120445], [-118.46181600030123, 45.29993500025235], [-118.45992699956557, 45.29738100002231], [-118.4609269996483, 45.29352900003083], [-118.44753400000937, 45.279218000303196], [-118.46655800007358, 45.27830999970215], [-118.4652430003466, 45.27464500029189], [-118.47922299961637, 45.26280599992888], [-118.47612500035727, 45.25641600000812], [-118.46999400033977, 45.252659000305776], [-118.48644499995312, 45.25244499972368], [-118.49089800002051, 45.25489600007743], [-118.51184600008216, 45.248261000031725], [-118.52021699956624, 45.242410000186744], [-118.52493900014541, 45.236574000208385], [-118.51238800040547, 45.22357199988002], [-118.51024699977474, 45.214356000068776], [-118.50058499995478, 45.20956700002539], [-118.48770100012891, 45.21049300010921], [-118.45347400023111, 45.238481000240604], [-118.44954599987032, 45.23282100009357], [-118.44259200022046, 45.23363699990645], [-118.43338399996196, 45.224923000271154], [-118.41428000043013, 45.22558399993816], [-118.40700899968954, 45.21641099986112], [-118.39699200004236, 45.21718200010462], [-118.39412499986364, 45.21296800023705], [-118.3956649997215, 45.21030299984782], [-118.39341799968386, 45.21042599971309], [-118.39066299965816, 45.22116399983529], [-118.39540199995578, 45.22939199968644], [-118.39546999972784, 45.23263000024538], [-118.3930310000696, 45.2338929998893], [-118.3740510003863, 45.218161999937905], [-118.37450599977265, 45.20572099970353], [-118.35918300028852, 45.19718899985103], [-118.36531099993294, 45.20437700029346], [-118.36780700039093, 45.2160969999336], [-118.37153300018706, 45.21987599973664], [-118.3639180003882, 45.216212999854854], [-118.36128200018813, 45.21835100009632], [-118.35863400029251, 45.217356999867235], [-118.35885000020261, 45.213564000193266], [-118.35504400004055, 45.20991900019313], [-118.3460369996235, 45.20754299982292], [-118.35493400043566, 45.21583000007214], [-118.35494399958309, 45.22896700026471], [-118.3478049999853, 45.244242000289034], [-118.355280999867, 45.254792999755985], [-118.35551699986856, 45.25766599989158], [-118.34772600034259, 45.251052000302764], [-118.34193500008375, 45.253496999965606], [-118.31509899967884, 45.239334999957336], [-118.30538499998038, 45.243585999929884], [-118.28406600019797, 45.23505199973973], [-118.27056600042891, 45.23869500029936], [-118.25571199967649, 45.23763499975535], [-118.25262699993789, 45.23410399970505], [-118.25658299988778, 45.228623999986105], [-118.25467999980675, 45.22493599985436], [-118.25619399972537, 45.21790699977313], [-118.24556699998283, 45.20137099997567], [-118.24611099995592, 45.193578000246085], [-118.23190599965696, 45.190167999853955], [-118.21188300023329, 45.174045000056054], [-118.21480800013832, 45.18225000011689], [-118.24078400020255, 45.21381799971199], [-118.2400739996498, 45.218966000221236], [-118.23445200034362, 45.22081300004485], [-118.22978300036623, 45.229159000004], [-118.23192400009862, 45.23486499970108], [-118.2312959995616, 45.24975599988636], [-118.23835600041501, 45.26537399981473], [-118.24201400043904, 45.269315000308154], [-118.23760099965638, 45.2631719998401], [-118.25243500031728, 45.259005000163434], [-118.25746499996971, 45.26223400016921], [-118.26048100011134, 45.26086000013158], [-118.27111000040203, 45.27180400011455], [-118.27092899975375, 45.28271300016364], [-118.27522899966024, 45.28420500026255], [-118.28296700038105, 45.301632999698626], [-118.27740100025309, 45.30678299975038], [-118.26271700027831, 45.295815999946385], [-118.25974299996946, 45.296640999924584], [-118.26165699992116, 45.3001490000017], [-118.25732900042557, 45.299952999725], [-118.24685900014357, 45.289543999839296], [-118.231985000198, 45.29112899977129], [-118.2195800000479, 45.288903999702136], [-118.21755899996607, 45.286607999812254], [-118.21896599975457, 45.28273999998537], [-118.22178100005475, 45.280589999801045], [-118.2220150004065, 45.280312999863625], [-118.2221710000421, 45.279816000193634], [-118.22206499973687, 45.279741000163], [-118.21319299993736, 45.2877659999224], [-118.21063100025549, 45.29321199981312], [-118.20693800007132, 45.289476999726915], [-118.19078700003362, 45.288353000132965], [-118.18828100042823, 45.29108899990711], [-118.18040600033837, 45.289549999920965], [-118.17821600020216, 45.29420400015064], [-118.17246199975322, 45.29203600021003], [-118.1628350000934, 45.29467799982564], [-118.15175700026414, 45.28983400011122], [-118.14098700040647, 45.29073400003447], [-118.1383910003894, 45.28209200008586], [-118.13958200026781, 45.27916299983716], [-118.13461299981641, 45.26652900024336], [-118.13709800040372, 45.26013100008765], [-118.1309000004391, 45.23938099994369], [-118.14503600024275, 45.23623399998806], [-118.14774600006267, 45.23015300014628], [-118.14599299976946, 45.226777000214135], [-118.14686999982852, 45.21687100009068], [-118.14041999996878, 45.2045999999406], [-118.14396300036513, 45.2017920002777], [-118.13881800018665, 45.20136199979691], [-118.13377599994033, 45.1885939998696], [-118.13049600020804, 45.188148999911924], [-118.13094899994458, 45.18536799995875], [-118.11953399983142, 45.189985000214364], [-118.11057699964309, 45.19017300002268], [-118.10744599987375, 45.18373099972395], [-118.09690399962169, 45.17761200012174], [-118.09855900000561, 45.17264100018216], [-118.09652100020537, 45.16949200011427], [-118.09023899967681, 45.168910999936415], [-118.09520800012822, 45.1673099997433], [-118.07223800015984, 45.16733399979912], [-118.07407099992069, 45.17215900012893], [-118.07312000024177, 45.17981000021727], [-118.07060600024046, 45.18083299975232], [-118.0728750000194, 45.18506900019853], [-118.0664550002969, 45.18410299983493], [-118.06849599957188, 45.18505599973288], [-118.06587299979061, 45.188401999904805], [-118.06946200021773, 45.191123000050005], [-118.060884999971, 45.20291399973578], [-118.05998500034572, 45.221007000240135], [-118.06422800035078, 45.21763599970198], [-118.06920000027691, 45.21858899998811], [-118.07178899972297, 45.20383799980141], [-118.08122299993727, 45.1950449998535], [-118.08992800023053, 45.2088869997461], [-118.10031899997149, 45.2346400001515], [-118.09617700024877, 45.23588599997041], [-118.0961720002259, 45.24000900021258], [-118.10036199962921, 45.25056100029312], [-118.09047499967838, 45.25430600026802], [-118.0938980004241, 45.264718999705316], [-118.0812249995871, 45.263344999742166], [-118.06706100019431, 45.25504500016268], [-118.05700099999113, 45.25256000027564], [-118.047304999836, 45.24147599980921], [-118.04692900009236, 45.23695200019741], [-118.04477099974318, 45.23739499971537], [-118.04031600002604, 45.23198099995613], [-118.0318380004118, 45.22983300012272], [-118.01825599972867, 45.217800000254265], [-118.02674699976168, 45.214501000101095], [-118.05030599990901, 45.19300700002046], [-118.04544299976284, 45.18678300008814], [-118.03730499990725, 45.1840479996874], [-118.03389600030353, 45.17880800012366], [-118.03520799965746, 45.1647209997338], [-118.03337700044477, 45.1617209997312], [-118.03721899969352, 45.156221999741], [-118.0325559995639, 45.157405000006904], [-118.0288020001787, 45.15292599971045], [-118.02981300013204, 45.150587000173985], [-118.027437000223, 45.14985900002833], [-118.01648999991501, 45.15034999999169], [-118.01420600006747, 45.14822699972266], [-118.01385899973782, 45.14160099997056], [-118.02101099975442, 45.13790799983133], [-118.02121199959586, 45.13515199972264], [-118.01663800005299, 45.13470299978916], [-118.01834699996529, 45.13331200016952], [-118.02737199992568, 45.132310000280334], [-118.040432000377, 45.13522199996957], [-118.04163099975301, 45.13087800001369], [-118.04208500021275, 45.13308800006637], [-118.04680900044175, 45.13188499992903], [-118.05254999957359, 45.13525600007661], [-118.05617800035876, 45.14281299973928], [-118.05851599973464, 45.138426999991], [-118.06584900039951, 45.140757000212695], [-118.06776699965083, 45.13738600017663], [-118.07597200035188, 45.14478999982483], [-118.0815209998631, 45.144462999798975], [-118.0850900001987, 45.15161200010627], [-118.08855900007687, 45.14936400005592], [-118.09000400039851, 45.152105000183504], [-118.0906599996263, 45.14858800009154], [-118.0879049996006, 45.1461350001502], [-118.09264100042346, 45.14436100004656], [-118.09742500002861, 45.14730400010901], [-118.1005030000945, 45.144608999710975], [-118.1109990003158, 45.146326000289875], [-118.11394000011438, 45.15112199995066], [-118.12888400038015, 45.14912600011563], [-118.13499000028327, 45.15154300004057], [-118.13896600032466, 45.14803700001071], [-118.13613400030603, 45.14590500031362], [-118.13843499987199, 45.14295500004498], [-118.14363299975395, 45.1424700001567], [-118.14602700010464, 45.14467099993367], [-118.14480899956372, 45.138983999959095], [-118.13182600000364, 45.13689899989619], [-118.1245789995525, 45.13216399992625], [-118.1119209996824, 45.109157999889796], [-118.10507699963739, 45.10233399979135], [-118.10467999997734, 45.09872399979437], [-118.11264100028095, 45.094775999701575], [-118.11741700038849, 45.08434500024076], [-118.1314710001764, 45.08116600031129], [-118.12709400027703, 45.07947000007245], [-118.12233599971283, 45.06168200003725], [-118.11388099966486, 45.0529550002999], [-118.11495699991553, 45.045382999828824], [-118.13137099971894, 45.044689999977415], [-118.13772900041549, 45.04001799989531], [-118.1418970000775, 45.02805799982405], [-118.1494249998377, 45.02616799994283], [-118.15491599962259, 45.02227800029761], [-118.15507600035448, 45.01877499986404], [-118.16103599976942, 45.01571100000929], [-118.17522299962673, 45.01938800012125], [-118.1864340004237, 45.019164000028866], [-118.1945870003479, 45.01755299991096], [-118.21449799961862, 45.00708899996828], [-118.21245999981836, 45.005643999699764], [-118.21386900015499, 44.98917399970315], [-118.21982299972213, 44.98683799989899], [-118.23180600009785, 44.96992100021093], [-118.23274400025629, 44.96663500004015], [-118.22994700039776, 44.962303999951395], [-118.24170200026951, 44.95355700031224], [-118.24181500024744, 44.95779999970397], [-118.24459600021244, 44.95168100016521], [-118.24438199995218, 44.94431000002888], [-118.23386300016467, 44.94006100025266], [-118.2296629998173, 44.94169500006626], [-118.22344899995916, 44.93690999981756], [-118.2276829997434, 44.92667400031018], [-118.23212800031314, 44.92348200000362], [-118.22779099969843, 44.918361000293814], [-118.22942099996796, 44.91385400019874], [-118.23739899998999, 44.90838500031008], [-118.23480100032312, 44.904460000267456], [-118.23627699970856, 44.898299000118215], [-118.23146200014126, 44.894063000257546], [-118.23021600001128, 44.88277499971639], [-118.22494799980913, 44.875268999831334], [-118.22797900001939, 44.87259800000035], [-118.2281759996629, 44.86525100005365], [-118.23686099986463, 44.86166000000382], [-118.2538019999228, 44.86485100016929], [-118.25823700044677, 44.86335100004422], [-118.26586899996407, 44.86788299988551], [-118.26460899959037, 44.86967400015705], [-118.26285199999754, 44.86785600006928], [-118.25962999999156, 44.876278999814666], [-118.2557100000267, 44.87189699973406], [-118.25019199957931, 44.87602999979376], [-118.25026600009748, 44.88015599971143], [-118.26271899992815, 44.896509999939475], [-118.26596400039865, 44.91027300024622], [-118.26991299977752, 44.91484299970906], [-118.2787410000944, 44.918039000244114], [-118.32071699968533, 44.91127099982089], [-118.33587000018849, 44.91742199992567], [-118.36193599976613, 44.91185800026541], [-118.40412099959441, 44.913777000078454], [-118.40598400039082, 44.91546899985686], [-118.40501400044529, 44.920602999999396], [-118.39565800004883, 44.934241000219195], [-118.40003400012327, 44.93656300000853], [-118.40430999974029, 44.93539400020413], [-118.40149100014045, 44.94053400026229], [-118.39526999971129, 44.941762999828065], [-118.38891399956293, 44.95103699990537], [-118.38871400044468, 44.96006700017261], [-118.385554000363, 44.96390499972024], [-118.38722700029025, 44.967060999973945], [-118.37843300030856, 44.96829199985823], [-118.37601600039163, 44.97215199972285], [-118.37636399964786, 44.9815249998031], [-118.3800850003194, 44.97948799987159], [-118.38750099992664, 44.98378599997854], [-118.38724099963565, 44.97978399994421], [-118.39061900017553, 44.977560000099146], [-118.38986400031521, 44.97240200001611], [-118.4045349998712, 44.97647600012773], [-118.42442799959855, 44.96408200014821], [-118.43609999962963, 44.96241999968833], [-118.43958799977439, 44.96665999972677], [-118.43704600018397, 44.97137800008037], [-118.43735099978252, 44.98478099975038], [-118.44588700002136, 44.98676700004608], [-118.44833700044859, 44.99080900010462], [-118.46428300044685, 44.98982200005721], [-118.46966799992656, 44.99301800030456], [-118.46984200000381, 44.98704700004721], [-118.46481599965102, 44.98547800027639], [-118.45895300032046, 44.98749500025376], [-118.45160600031022, 44.98250900003609], [-118.45366599985176, 44.97418699982647], [-118.45186099968, 44.96919700004597], [-118.45277799992203, 44.958691000313756], [-118.44193100007149, 44.94753000000603], [-118.45231699978959, 44.94322599987345], [-118.45571500042097, 44.93934400007658], [-118.44886700017801, 44.93333199993793], [-118.44870700034443, 44.93075499982046], [-118.44419499982752, 44.92912500005805], [-118.44649000044403, 44.921457999904796], [-118.46347699963458, 44.915156999700706], [-118.4753389996365, 44.90716800030227], [-118.47604300034152, 44.9020200002296], [-118.48130599962246, 44.89866999981142], [-118.47628400036591, 44.89345500003446], [-118.47627900034307, 44.8841700002905], [-118.47312299956103, 44.87706599970658], [-118.47717300012056, 44.87160900011703], [-118.47601300020429, 44.867768999938654], [-118.46835900004736, 44.86409099973557], [-118.46250099984135, 44.86577300005198], [-118.45885600023608, 44.86008900020728], [-118.45368299957019, 44.8638690002539], [-118.45477800008744, 44.849213999734445], [-118.45772200025908, 44.85047399972865], [-118.46561700044042, 44.84591700008003], [-118.47336199993562, 44.852517000101464], [-118.46770600029429, 44.85676800031117], [-118.4688119997839, 44.8569250002252], [-118.47588900035572, 44.85324199968847], [-118.47496000041814, 44.850189000186106], [-118.48126700016272, 44.84723100013682], [-118.48149200029361, 44.83954299999355], [-118.47739800025144, 44.83826600027198], [-118.49744499996459, 44.842262999784445], [-118.51083099993083, 44.83812700007582], [-118.52372300015266, 44.84701199976743], [-118.53462500025479, 44.85035399982501], [-118.54683299986311, 44.85071199968946], [-118.55392499960523, 44.85794799972865], [-118.55938000030342, 44.85816600016935], [-118.56597999995098, 44.8537510001853], [-118.5693249999806, 44.85475899990872], [-118.57726600019267, 44.84721400010013], [-118.59646599998399, 44.842667999932765], [-118.58777300028464, 44.82922799970519], [-118.59257699998126, 44.82038900026685], [-118.58260600036482, 44.81710799979644], [-118.58633299998586, 44.81300300029317], [-118.56982200009804, 44.794670000186365], [-118.57032000004043, 44.78677899973909], [-118.58573799995911, 44.78949200024809], [-118.59652200006049, 44.78861799975004], [-118.5972540003546, 44.79278900022033], [-118.61036599978614, 44.800572000181724], [-118.61636999958199, 44.806374000276925], [-118.61580499969249, 44.808952999878294], [-118.61965799971021, 44.80725300010586], [-118.61742900011426, 44.80294600031539], [-118.61842900019695, 44.79219299972111], [-118.6242749998091, 44.78978800029655], [-118.6365250001485, 44.78981600001579], [-118.64130700010381, 44.79308699975558], [-118.6288450000523, 44.796807000024614], [-118.6312169997634, 44.802341000206454], [-118.64017300012681, 44.80577399983449], [-118.64863400002258, 44.803596000031355], [-118.67509899980841, 44.807271999788945], [-118.66984200037524, 44.816480999807965], [-118.67693599976718, 44.81886200003612], [-118.67815699978281, 44.77999500006596], [-118.71040799980464, 44.78010000001873], [-118.70997599998451, 44.77676300021978], [-118.71311900034776, 44.777414000130435], [-118.72149200037998, 44.77169699997488], [-118.72091300024675, 44.76861099984893], [-118.71638700038444, 44.7664400002584], [-118.71378399979636, 44.75839399975682], [-118.72306999987266, 44.75178500008481], [-118.72365599967861, 44.73846100028988], [-118.73282600030225, 44.73322199973595], [-118.731217999774, 44.728308000307415], [-118.73407400008207, 44.72958700002248], [-118.73718399993504, 44.72880899982481], [-118.7339410000127, 44.72538200001847], [-118.73563400003142, 44.71804199974358], [-118.73181699999873, 44.715391000076494], [-118.73203899975655, 44.71212299994969], [-118.71946299990225, 44.70869300001085], [-118.72045899978698, 44.714974000058525], [-118.71050400006408, 44.70152199970561], [-118.71242499968847, 44.686577999720434], [-118.71029800019977, 44.68574099998774], [-118.71839500004747, 44.67622699988033], [-118.71890999970829, 44.669737000257975], [-118.73492100000391, 44.67752899982248], [-118.74845699975799, 44.676819999974924], [-118.74458000034913, 44.684141000116696], [-118.74880800028558, 44.688528000230896], [-118.74795700016577, 44.6964269997925], [-118.74308399997383, 44.706143000188106], [-118.7462959999341, 44.703885999874544], [-118.75438100008621, 44.70504700003978], [-118.76016800014713, 44.70066699975003], [-118.76212999977939, 44.69232400016767], [-118.77488499973384, 44.69253399984558], [-118.77076200027773, 44.70379099984177], [-118.77609700042699, 44.70286799972866], [-118.782132000185, 44.711975000280574], [-118.77821200022011, 44.712001999700625], [-118.77346700007472, 44.716567999901336], [-118.77323799974586, 44.72119599999606], [-118.77672300041587, 44.71759399992817], [-118.78451099956878, 44.715757000109846], [-118.79069600001294, 44.71674799981082], [-118.7887150001141, 44.719091999682405], [-118.79347699997794, 44.72310099986476], [-118.80221999990601, 44.71948400009415], [-118.79703700009271, 44.72920799990944], [-118.7870339997909, 44.73457300008526], [-118.78852699979312, 44.736086000255064], [-118.77963599972703, 44.741594999997076], [-118.77296400010947, 44.742804000249016], [-118.7777750003771, 44.74406299980714], [-118.78717400043132, 44.74022500030222], [-118.7975350000351, 44.74269399972052], [-118.80414200025363, 44.7408659999637], [-118.80500900026694, 44.738167999745556], [-118.81629799998339, 44.738464999886325], [-118.81652399993919, 44.743658999801966], [-118.80863700015378, 44.749106000022664], [-118.80714400015157, 44.75304799975353], [-118.80734499999302, 44.75778200004816], [-118.811772999946, 44.76162300026605], [-118.8178689998034, 44.76265099990932], [-118.81697099982794, 44.76530300026769], [-118.8080189996625, 44.76182799979242], [-118.80052400041255, 44.76403799973999], [-118.79901700016663, 44.76661200018508], [-118.79330999957334, 44.76726000024867], [-118.78899100029864, 44.764893000274526], [-118.7871300000504, 44.765898000254495], [-118.79321800041015, 44.768158000029814], [-118.80527600023063, 44.76825100020223], [-118.82057899962328, 44.77436099981348], [-118.81245800038445, 44.77889500010435], [-118.82307000005838, 44.78025199997643], [-118.8258319997568, 44.785716000064184], [-118.83861299965054, 44.79481199995237], [-118.84095500012273, 44.79186200007043], [-118.84670200000066, 44.79341499999796], [-118.8546609997561, 44.78785699993737], [-118.85498499962118, 44.77777400005315], [-118.86419100022988, 44.77648699983479], [-118.87250900001051, 44.76721399972207], [-118.87665699958103, 44.76586700022643], [-118.87906000015258, 44.77192199990578], [-118.88656399962335, 44.77448099979211], [-118.89407100036549, 44.77268699974636], [-118.89615600002139, 44.77607800004063], [-118.89483999957119, 44.78006999977841], [-118.90070100015025, 44.78233499990437], [-118.90874600011942, 44.791945999993956], [-118.91154299997797, 44.79755700000431], [-118.9061540003003, 44.80523800010164], [-118.9048710003604, 44.822384000300204], [-118.9089760002732, 44.837385000308196], [-118.90410599955601, 44.845437999799124], [-118.91348700006687, 44.85571000029461], [-118.90884700040176, 44.859460000300885], [-118.90467200016876, 44.871785999873275], [-118.89304799981822, 44.873250000270545], [-118.8989799996441, 44.88208600007591], [-118.89832100004324, 44.886182000011566], [-118.90713199974341, 44.88371600011863], [-118.91331499963941, 44.884812000179984], [-118.91310100027748, 44.88877299997263], [-118.92282699967153, 44.89261699970472], [-118.92526500040316, 44.892337999990005], [-118.92410799996162, 44.89080600011149], [-118.92761399964972, 44.8863030002325], [-118.93324199970196, 44.887012000288756], [-118.93609600036021, 44.88392399982615], [-118.93662299971659, 44.89896400005331], [-118.94675300023998, 44.91931100000404], [-118.94746299989446, 44.92580299990961], [-118.94329699988228, 44.93403099998619], [-118.94566199992066, 44.9360440002987], [-118.9379480003876, 44.93656400029139], [-118.93056100019437, 44.93297699991186], [-118.93336800009867, 44.9362050000109], [-118.93034299973618, 44.938925000161895], [-118.92297300015971, 44.936797000221766], [-118.91402600001712, 44.9386469996967], [-118.9102290000759, 44.935217999985], [-118.90976299992057, 44.925076000054474], [-118.90439400033442, 44.93214100021784], [-118.90341099997013, 44.926667000304086], [-118.89858399980896, 44.92645900000694], [-118.89578799977537, 44.92133799978175], [-118.89144500021118, 44.92094799971813], [-118.88839999975723, 44.906797000092006], [-118.89422100015331, 44.9078049997838], [-118.89573500007192, 44.904559000182005], [-118.90335999991653, 44.90261900001698], [-118.90467999966636, 44.90015000024908], [-118.8944589998047, 44.8909119998976], [-118.8868359996099, 44.887802999830924], [-118.89288799998468, 44.88446500011224], [-118.89047699991553, 44.88334400012515], [-118.87838800013292, 44.883064000042246], [-118.87248499972107, 44.88779399982651], [-118.87296299957197, 44.89599600029318], [-118.85849600023046, 44.8968710001634], [-118.8615330002885, 44.90223700021174], [-118.8645589995776, 44.903205000151644], [-118.86413799962811, 44.90758200018811], [-118.87037099975284, 44.91865600029834], [-118.87057099976937, 44.921142000165496], [-118.86628699975643, 44.92435399983696], [-118.86774399977361, 44.93162100023943], [-118.87031499967635, 44.93333899976768], [-118.86917300020171, 44.937544000122486], [-118.871098999849, 44.94069200010574], [-118.87518299984539, 44.94078399972578], [-118.87979699957123, 44.94480899981338], [-118.87680600044224, 44.94841299988471], [-118.87915300003897, 44.95123699997389], [-118.87839300015578, 44.96661600016928], [-118.88824599977146, 44.97422099985255], [-118.91155200019878, 44.978483999956055], [-118.91644700013201, 44.98326799974141], [-118.92608300001268, 44.98590800026279], [-118.92963999975439, 44.9917260002005], [-118.92384900039386, 44.989744000149486], [-118.92302099984028, 44.9918769998271], [-118.93528200005035, 44.99760499975218], [-118.74773600023283, 44.99789300023168], [-118.74534299970703, 44.99943399989746], [-118.7324549996832, 44.99788000028536], [-118.73669699986333, 45.00846799993105], [-118.74035999991027, 45.0104149997804], [-118.74046500039057, 45.01671299971796], [-118.72966100019771, 45.018853999742454], [-118.725407000322, 45.013333999926175], [-118.72026899981617, 45.013601000122506], [-118.71548000018817, 45.008635999866264], [-118.71609100010845, 45.00566399969068], [-118.70513299992979, 45.00267199990477], [-118.70829399983641, 44.99986600025897], [-118.70765199995397, 44.99777299978431], [-118.70422499990859, 44.99775700025623], [-118.70590899970652, 44.998783999933025], [-118.7045990000024, 45.00020599978213], [-118.69453200012651, 45.001139999708556], [-118.69498400003815, 45.00621499990273], [-118.68595700042793, 45.01256600004216], [-118.6848209999028, 45.022430000103206], [-118.696960999739, 45.02563999994231], [-118.71021100016112, 45.02388199996195], [-118.71661599981499, 45.0252850001814], [-118.71739400013986, 45.03514800006946], [-118.71045399983538, 45.03999499995995], [-118.71062399971468, 45.0426979997061], [-118.7184529997738, 45.04910199993065], [-118.72676899990462, 45.05013799975411], [-118.7358919997743, 45.056764999940604], [-118.74670000016513, 45.05987300006068], [-118.75853399967963, 45.073229999851314], [-118.75902599977418, 45.083591999933006], [-118.76898100039541, 45.08659800001479], [-118.77088799977608, 45.1023210001011], [-118.76145899958465, 45.098646999839076], [-118.75568400011763, 45.10281799995571], [-118.74942300040381, 45.10350999981282], [-118.75318600000983, 45.1086090000829], [-118.75623999978633, 45.124440000176044], [-118.74264700013083, 45.12569300016953], [-118.74445399995241, 45.13148799972667], [-118.73709299969846, 45.126192999767994], [-118.73783900023625, 45.12840500030074], [-118.73599899990442, 45.128992000220805], [-118.72637499971931, 45.125183000285396], [-118.72191900017724, 45.13096700030146], [-118.70227099977394, 45.13957600016392], [-118.69374299993103, 45.13283300016535], [-118.69328299962348, 45.12893599999675], [-118.69712899996851, 45.12722499996792], [-118.69653399994176, 45.1242700001564], [-118.69377800009111, 45.12350300007363], [-118.69041600034305, 45.12650099992014], [-118.68796599991587, 45.124097999904315], [-118.68935599998589, 45.11669199998114], [-118.67572800017035, 45.11801700001159], [-118.6676000003605, 45.12422499978678], [-118.6677149999882, 45.126818000233314], [-118.66287600013146, 45.12078100030582], [-118.64904699957614, 45.112834000290654], [-118.64449300012475, 45.114463000215615], [-118.63243899960395, 45.11005100001902], [-118.62917399994026, 45.1125619997121], [-118.6226499995624, 45.10936000000724], [-118.62335500009232, 45.10551900018592], [-118.59388000001267, 45.100455000247635], [-118.58593700015072, 45.095427999993284], [-118.58667799976736, 45.09318700012866], [-118.5774150001556, 45.091931000109696], [-118.57802900044891, 45.093782000246776], [-118.57134900043542, 45.099909999684], [-118.58171699971189, 45.107728000114264], [-118.5820690000644, 45.11040099972875], [-118.57884200003555, 45.11351100004073], [-118.58281499970388, 45.11540700023608], [-118.57697099974159, 45.11879199996511], [-118.57690700016748, 45.12132799983337], [-118.57187099976893, 45.12254099969096], [-118.5714530001925, 45.13115100016404], [-118.56569500044394, 45.1220889999781], [-118.56026099966213, 45.13170500008554], [-118.56486100004258, 45.13349500005628], [-118.5729379997988, 45.1315500002756], [-118.58206999988931, 45.13683700009295], [-118.57864500039206, 45.14194799981349], [-118.56914199968247, 45.14286900027691], [-118.55313799995785, 45.15094400006378], [-118.57503800042164, 45.160673999852115], [-118.5848220004403, 45.16242600029485], [-118.60240399965764, 45.16104999987152], [-118.60770899966968, 45.16932200013597], [-118.60772100026358, 45.17739200009248], [-118.62741300014946, 45.17591100023531], [-118.64251100040103, 45.163846999963845], [-118.65895199996865, 45.16376899972112], [-118.6674539998723, 45.167708000101534], [-118.66531200031498, 45.157717999939045], [-118.67935500023225, 45.162652000055694], [-118.69558800028572, 45.1618410002815], [-118.69723799974847, 45.1649950000837], [-118.70282800016588, 45.16478900021172], [-118.71391400039103, 45.169312999955345], [-118.71825799978014, 45.16743899976618], [-118.7168900003497, 45.16405699989176], [-118.72169099967329, 45.156679000017604], [-118.72604099980846, 45.155905000071556], [-118.72905600012521, 45.151593999849304], [-118.73231999996395, 45.15241499976879], [-118.73449000000869, 45.15783199998912], [-118.73695499960621, 45.15433299985986], [-118.73981799958698, 45.1550640000491], [-118.74085000035502, 45.15055400005527], [-118.74369099969617, 45.14923399991356], [-118.74791299978483, 45.154788000165226], [-118.75161699983964, 45.1548329998588], [-118.75243100014953, 45.14859300011044], [-118.76992799987634, 45.166750000214385], [-118.76866199965487, 45.173881000008734], [-118.7787329997287, 45.17798500018919], [-118.77641000042142, 45.184312999794315], [-118.76873500034813, 45.1877599997511], [-118.77826900012154, 45.19208900030336], [-118.78251499960132, 45.19918900013135], [-118.78119099965353, 45.19582800016179], [-118.79082599970927, 45.19717900011294], [-118.79350999958992, 45.19427600001039], [-118.79932900033616, 45.193727999927255], [-118.79823200016907, 45.187602999743746], [-118.78291200015967, 45.17850199982606], [-118.78752900025856, 45.17629400028981], [-118.78748200040289, 45.17344100003514], [-118.80009000004429, 45.159962999940134], [-118.81737599988391, 45.157607999930164], [-118.84484300030054, 45.15860599973217], [-118.84302899990797, 45.163077999857784], [-118.8598849995773, 45.16305799979559], [-118.85995900009547, 45.17742300011066], [-118.87534799970183, 45.177624999754364], [-118.8754160003722, 45.19196799991748], [-118.88004599999157, 45.19194900012648], [-118.87953999965326, 45.19569199981421], [-118.86516799984803, 45.20440199995398], [-118.85865000021627, 45.20578599992066], [-118.83127599968603, 45.20214100022468], [-118.83270699976396, 45.20583699990267], [-118.81844100026395, 45.21592299992442], [-118.81614499982251, 45.22159199985462], [-118.80915799966238, 45.226095000147566], [-118.81084099963536, 45.22870099971235], [-118.80644100016977, 45.23519200012362], [-118.81032299960151, 45.23912299989655], [-118.81062999974819, 45.24742300027397], [-118.80747600041259, 45.24582099982623], [-118.81074100007628, 45.25122499982174], [-118.80896000019396, 45.255202999736944], [-118.81258499970775, 45.257670999818124], [-118.85578300003753, 45.257634999957574], [-118.85719599967379, 45.25277600006144], [-118.86102000027752, 45.24978999994024], [-118.87325100035036, 45.25147599977701], [-118.89718500041641, 45.247874000242206], [-118.89169200008338, 45.257625999830786], [-118.91129699993066, 45.257660000232015], [-118.91120900006713, 45.25973699984158], [-118.92834000009603, 45.27003600010436], [-118.92955799973862, 45.27394999975602], [-118.93860500033865, 45.27997499970321], [-118.94168400022949, 45.28620000009176]]]}}, {"type": "Feature", "properties": {"name": "No ZIP code assigned"}, "geometry": {"type": "Polygon", "coordinates": [[[-119.44716300034902, 44.59004099979552], [-119.47025700016594, 44.59207000010326], [-119.47880400027543, 44.59913000011878], [-119.47656399991054, 44.59935899995861], [-119.4750330002735, 44.60489099985426], [-119.47779199959886, 44.61535799985786], [-119.49184100026223, 44.61569399976284], [-119.50230700034628, 44.62552199983657], [-119.5202180003499, 44.62860300013783], [-119.52656000025458, 44.633360999812304], [-119.5278859998522, 44.63943399984951], [-119.53210999959069, 44.64303899970158], [-119.53107799972094, 44.64564300026959], [-119.52078499988923, 44.64201900018108], [-119.50571400030016, 44.643488999748044], [-119.49252699962724, 44.63569499984753], [-119.49307599962324, 44.640951000037816], [-119.49689100000614, 44.644947999730356], [-119.49382100033614, 44.64849299987292], [-119.48738599964675, 44.64943300004987], [-119.48047999967746, 44.66164099999274], [-119.4829900003791, 44.67592499983316], [-119.48969200013389, 44.68430999970952], [-119.49154499998623, 44.678777999773864], [-119.49732299982628, 44.69168599984472], [-119.49725599987914, 44.70104399993501], [-119.49077500005728, 44.71081100004201], [-119.4817020004163, 44.698544999729684], [-119.47611399964872, 44.68110399976966], [-119.46959000016918, 44.67546700017636], [-119.47339999963089, 44.66991400006721], [-119.47306099969715, 44.665032000025526], [-119.47120899966976, 44.66665599975918], [-119.47014400018804, 44.6648770002085], [-119.4677890001954, 44.64589800012209], [-119.46071300034677, 44.64546500026717], [-119.46189099980641, 44.648311999771835], [-119.46007800013707, 44.6495079998089], [-119.45683799968944, 44.647078000082416], [-119.45772399996932, 44.65419099995791], [-119.45316899979473, 44.6530399999088], [-119.45188000000702, 44.65584099984171], [-119.45086800022874, 44.65028999989512], [-119.4476830000327, 44.650300000061684], [-119.44845999963432, 44.64806799976204], [-119.44477099964814, 44.653900999825304], [-119.44087999999556, 44.653974000034935], [-119.43681899956538, 44.644498999741266], [-119.43405699986694, 44.64304199987109], [-119.42936899962297, 44.652268999774016], [-119.41581399960232, 44.64950300029662], [-119.41187899956881, 44.65076900005691], [-119.41093200008788, 44.655946999808634], [-119.40537799965547, 44.651385000221524], [-119.40733400033828, 44.648071999854295], [-119.40191700017326, 44.638427000295096], [-119.39734799975494, 44.637419000156115], [-119.39252200031702, 44.62921600017368], [-119.3832570001571, 44.62596099974856], [-119.3786049998981, 44.631396999904545], [-119.37608900024699, 44.63082300009004], [-119.36813399979118, 44.636243000235005], [-119.36117199974538, 44.62524799986029], [-119.36291499999282, 44.623446999824054], [-119.36022799973918, 44.61792100020685], [-119.35399899981242, 44.61445299994608], [-119.3526820004356, 44.61710000011241], [-119.3465980002738, 44.61581900016577], [-119.3365320002228, 44.621555000201], [-119.32414299996624, 44.620636000094784], [-119.31418800024332, 44.622622999916544], [-119.30742899968884, 44.618492000202636], [-119.29926400006906, 44.61765800026969], [-119.28630999992295, 44.6096800000647], [-119.27593300042567, 44.612436999893546], [-119.26094599960389, 44.611834000218515], [-119.25892399969716, 44.59698500025853], [-119.26307700018886, 44.58500199974504], [-119.26926400028285, 44.57804700025411], [-119.28220599983504, 44.574472999690364], [-119.25128299995903, 44.56892199993806], [-119.24563300016548, 44.57068199989079], [-119.239129999704, 44.56626299981698], [-119.23062500032563, 44.566655999684116], [-119.22777800023837, 44.56521700022496], [-119.22924500030129, 44.560895999782744], [-119.22187900002446, 44.560835999789404], [-119.22189999994086, 44.549789999964226], [-119.22373799972458, 44.549103000226644], [-119.22105200019413, 44.54844100017519], [-119.22111499994332, 44.545675999837165], [-119.22916999995823, 44.5434980000093], [-119.23799800027514, 44.547637000234744], [-119.26512500003486, 44.544618999692695], [-119.27729900020627, 44.55086399988958], [-119.30085800035359, 44.550113000062254], [-119.32949400000905, 44.56119800026045], [-119.36016300034015, 44.561394000155566], [-119.36852799997648, 44.54961900027878], [-119.39767300034326, 44.54731699983468], [-119.40969400035381, 44.54295500007435], [-119.41381599998503, 44.54434999994664], [-119.41940700022737, 44.55091100011318], [-119.42874099998423, 44.55491199994303], [-119.42784499965862, 44.557358000212396], [-119.43513499976746, 44.5588209998186], [-119.44949400005221, 44.57897800031394], [-119.44453800001962, 44.58176799985057], [-119.44348299968533, 44.585699000221126], [-119.44716300034902, 44.59004099979552]]]}}, {"type": "Feature", "properties": {"name": "No ZIP code assigned"}, "geometry": {"type": "Polygon", "coordinates": [[[-119.03126199981375, 44.58933999990192], [-119.03990099998475, 44.59658900001009], [-119.02612300038135, 44.59442399998522], [-119.02161099986446, 44.59593100023957], [-119.020452999598, 44.601003000266886], [-119.00863999999991, 44.60359999996526], [-119.00062099997001, 44.610154000044055], [-118.99443700024909, 44.61110000018714], [-118.98735499965439, 44.60784099992828], [-118.97833800008992, 44.610565000217875], [-118.98480300001823, 44.62110700014425], [-118.98086600033494, 44.632104000145254], [-118.97660300023837, 44.63430299991872], [-118.97598100044745, 44.64468000023608], [-118.98893999971808, 44.649410999735785], [-119.00966400037207, 44.66237599987134], [-119.01326799996946, 44.672070999745195], [-119.01741399989015, 44.67650799970786], [-119.01664800015918, 44.689661000186504], [-119.01381500031563, 44.68950900013872], [-119.00107600025468, 44.67615099984742], [-118.99672100009663, 44.67558199996465], [-118.9958530002584, 44.67277099983744], [-118.97844799969477, 44.66082400028657], [-118.97575399976841, 44.65467500019724], [-118.96214100002148, 44.65280500025081], [-118.95422800029677, 44.64267899996347], [-118.95246800033087, 44.64446299987918], [-118.95547899955133, 44.64987999988985], [-118.95189300039559, 44.65166299998328], [-118.95355999957674, 44.657354999688664], [-118.9461630002361, 44.66432800013634], [-118.94843799986279, 44.667276999726155], [-118.95359399991196, 44.665538999697795], [-118.95561400016886, 44.66835099968504], [-118.95596800017118, 44.67324200028818], [-118.9516559996708, 44.67454099976805], [-118.95391799977703, 44.67235100015789], [-118.93857199982838, 44.66506000014201], [-118.9483819997863, 44.655780000026056], [-118.94437300013297, 44.64851600007133], [-118.94465299961715, 44.63543400004709], [-118.93866600043802, 44.638268000180844], [-118.93441199966398, 44.63518099975689], [-118.93505799974436, 44.63291600014399], [-118.93126900019904, 44.63357500012285], [-118.9413760002579, 44.625062999723596], [-118.94093100001898, 44.62113399972178], [-118.93411899976103, 44.62825600012113], [-118.9279840004439, 44.630628000100764], [-118.92986800025832, 44.63619800007275], [-118.92507200005932, 44.64044400012797], [-118.92857600009758, 44.650037999985734], [-118.93318200032583, 44.65379900028893], [-118.93103900004529, 44.66198300000269], [-118.93820100010763, 44.67152299986895], [-118.95566400039755, 44.678330000113924], [-118.95636099963323, 44.68614900027631], [-118.95565900037468, 44.69166500030619], [-118.9494370001206, 44.69296499998934], [-118.94795900018701, 44.699140999802516], [-118.93862000040725, 44.697068000176024], [-118.9397359999426, 44.700474999984294], [-118.93012299962817, 44.69974899992351], [-118.93623399955416, 44.704264999871725], [-118.92268000025675, 44.70661499985251], [-118.92546899971936, 44.711393000214834], [-118.92168000017405, 44.713910999707245], [-118.92350600026218, 44.71798000003289], [-118.91940200017427, 44.72021999990661], [-118.91959600034302, 44.71580800028129], [-118.91539699982059, 44.71240100015975], [-118.90350200020674, 44.71363299972856], [-118.89815399963868, 44.70434999998531], [-118.89039900009772, 44.70133100012373], [-118.88726099975736, 44.69710000004207], [-118.87388300018704, 44.69236199980695], [-118.86971399980182, 44.68948400002124], [-118.86881099980349, 44.683906000056226], [-118.86028399978547, 44.680412000246974], [-118.85717300010758, 44.67670999981045], [-118.85281999959935, 44.67947799997306], [-118.85091300021865, 44.67579299999932], [-118.85313400031703, 44.673733000023425], [-118.85770000036227, 44.672744000008926], [-118.86188599956763, 44.67554999970765], [-118.85995700044563, 44.668064000248265], [-118.85554700003597, 44.66525099986847], [-118.84182600033401, 44.66544499989307], [-118.8284920002463, 44.65897799978922], [-118.82065800016431, 44.659257000203], [-118.82578400007621, 44.65663800005306], [-118.8275979995705, 44.6517340002145], [-118.83584199973129, 44.64961299969203], [-118.69012699973975, 44.64980300030601], [-118.68246000006233, 44.656808000017186], [-118.68083800018873, 44.65134400016692], [-118.66794299959383, 44.6458099998435], [-118.67686899982004, 44.63451399998065], [-118.67644100019787, 44.60498100007967], [-118.69032699975631, 44.60486399975942], [-118.69612300003801, 44.598678999853625], [-118.7035420000183, 44.596770000245286], [-118.70587100007168, 44.59103999969303], [-118.70334200000175, 44.58857200020509], [-118.70743799969374, 44.589416999744124], [-118.71575299999964, 44.584270999786106], [-118.71399100038393, 44.579722000057615], [-118.71730100025343, 44.57996600010895], [-118.71722199971241, 44.57376400000649], [-118.71273900040613, 44.57185799985874], [-118.71340899987764, 44.568816999995555], [-118.70726799981442, 44.56673799973357], [-118.71212799958754, 44.56454199982448], [-118.7091530003521, 44.562028000179076], [-118.70358999969888, 44.562692000036904], [-118.70668899968119, 44.55649600024202], [-118.70988800012094, 44.56065600007817], [-118.7143970002648, 44.56120400009726], [-118.71106800012872, 44.552540000221455], [-118.71495499958331, 44.552841999899975], [-118.71445900018907, 44.54959799986721], [-118.71693499965725, 44.54919199981025], [-118.73389800035498, 44.55497899998927], [-118.7348430001861, 44.56128499975332], [-118.74555399959424, 44.561241000143795], [-118.74682099964063, 44.560506000000096], [-118.74183299982099, 44.560736999857134], [-118.73450000005442, 44.54944700012946], [-118.74908000027214, 44.549987999781095], [-118.7426920003367, 44.543987000246744], [-118.74644900009496, 44.54093600028844], [-118.74538600026305, 44.53318699983532], [-118.7492200000142, 44.53265899969697], [-118.7505420003122, 44.52013100000556], [-118.76797799993966, 44.51085500003599], [-118.77881999976734, 44.48607899969132], [-118.77842999978, 44.46924299979929], [-118.85447400015836, 44.45039400024176], [-118.88105100009713, 44.446116999715755], [-118.88284700004806, 44.44997800007736], [-118.90230999960511, 44.45601200028596], [-118.9009439998245, 44.45806900030909], [-118.89559699997965, 44.457924000124464], [-118.88533799958482, 44.47659500008949], [-118.89472400011856, 44.48762899974144], [-118.90330499966494, 44.49124300010577], [-118.89993500041928, 44.49334899972603], [-118.90031500036088, 44.49730699971484], [-118.90458199975708, 44.49337599969569], [-118.91275899997072, 44.492060000159114], [-118.91274599955192, 44.4904139999776], [-118.90862100044596, 44.492648999923176], [-118.9063300000274, 44.491161999760024], [-118.9090189999309, 44.48632999980919], [-118.9079760001905, 44.483090000243344], [-118.91100499985261, 44.48162200017159], [-118.94367900037201, 44.49187099968896], [-118.93681299968739, 44.49459199975227], [-118.93537599976167, 44.49925500031729], [-118.93109099992381, 44.50199700019058], [-118.93884399981494, 44.50888799975693], [-118.93743399965341, 44.51160600017242], [-118.92703200004175, 44.51518799976518], [-118.92637400026581, 44.52115399972115], [-118.92126800044541, 44.52881899999923], [-118.92520799960343, 44.53413800006621], [-118.92964999980015, 44.535121999947734], [-118.92798799974354, 44.53809300013266], [-118.91894100004184, 44.54120100003101], [-118.91929199967112, 44.54392199982345], [-118.91523199996415, 44.546252999923965], [-118.9144620000352, 44.55441399978074], [-118.91832900029665, 44.556380999931804], [-118.91936199999132, 44.560886000214836], [-118.99091499976915, 44.56082900014885], [-118.99102600009724, 44.532349000204], [-119.04126699976534, 44.532239000214524], [-119.05321800035401, 44.54202200010278], [-119.08456899985221, 44.55810800018938], [-119.06283800034116, 44.568906999775066], [-119.06127099982078, 44.57073599983553], [-119.06331799984187, 44.5738679997953], [-119.0592249996246, 44.57274799991605], [-119.04380900025406, 44.57551200005228], [-119.03843499974671, 44.57887299997056], [-119.03143099986815, 44.578779999965064], [-119.03824099957797, 44.58291900020728], [-119.03126199981375, 44.58933999990192]]]}}, {"type": "Feature", "properties": {"name": "No ZIP code assigned"}, "geometry": {"type": "Polygon", "coordinates": [[[-119.66584200010483, 44.22611599995735], [-119.65501000032289, 44.223138999870336], [-119.65499299970612, 44.22027599976526], [-119.53461400044458, 44.21871199977417], [-119.53224100001027, 44.226863999931076], [-119.53553699963607, 44.23150200012951], [-119.52992000035279, 44.23558800006659], [-119.52906400021013, 44.240530000187405], [-119.53111600025409, 44.24222899992487], [-119.52888799958473, 44.24613399990557], [-119.55104599979136, 44.26891800021167], [-119.54134399978847, 44.277659000309235], [-119.54382199980475, 44.28843299994362], [-119.54041900004883, 44.29342499973002], [-119.5435370002977, 44.29893100008794], [-119.53924499988884, 44.302944999822195], [-119.53990400038802, 44.31005100000514], [-119.53745099958773, 44.31199399988722], [-119.539247000437, 44.31465200018129], [-119.53311200022152, 44.319109999683896], [-119.5232389996161, 44.315807999937476], [-119.51749000008836, 44.317124000243815], [-119.51606300020836, 44.31191600028034], [-119.5073920002503, 44.31322299970284], [-119.49749500025375, 44.306625000073595], [-119.49017699965748, 44.306135999856735], [-119.46779900024113, 44.29099799969351], [-119.45817199968299, 44.28844199999196], [-119.43970500001069, 44.28738000020701], [-119.4344059998464, 44.294330000136725], [-119.41326500033921, 44.29084600009186], [-119.41278099974225, 44.23734799974808], [-119.40468499971945, 44.24210399985871], [-119.39807199965313, 44.24118799968772], [-119.39813500030063, 44.238355000019354], [-119.39615199985364, 44.24358899969739], [-119.38264399968868, 44.2493659997737], [-119.38533599996522, 44.252598000284976], [-119.38430800029344, 44.25849699974402], [-119.36985600012223, 44.262099000010586], [-119.37547300030384, 44.2648250001669], [-119.37131200031452, 44.27067799973643], [-119.3505419996298, 44.27583000025037], [-119.34742299955599, 44.273660000003886], [-119.34519700033309, 44.275969000148685], [-119.31959100016466, 44.27965600013719], [-119.32393000042921, 44.28030900016105], [-119.32479599971931, 44.28510599993521], [-119.34797099972708, 44.28664300015228], [-119.34838599982876, 44.28892899983445], [-119.34332799968895, 44.29219899973057], [-119.34517999971635, 44.29604300002102], [-119.3353970004209, 44.29922200015526], [-119.34215500025218, 44.299902000014384], [-119.3367780002701, 44.30331000012891], [-119.33454299992808, 44.308024000279254], [-119.33981799980288, 44.30846700029959], [-119.33978600001582, 44.31016300013229], [-119.33047700037334, 44.31018500017806], [-119.328175999909, 44.31487499988923], [-119.33137100015081, 44.31611099988491], [-119.33003499960911, 44.319335999954994], [-119.33449400042257, 44.320065000078046], [-119.33643699978826, 44.322784999997424], [-119.33534499964402, 44.32469200004088], [-119.33473399972375, 44.32120200017425], [-119.3271390000164, 44.320010999927256], [-119.3213460001077, 44.314564000219], [-119.3127210001804, 44.31534099978011], [-119.31237499967567, 44.310204000240155], [-119.30630200028283, 44.313037000210976], [-119.29356099967374, 44.31003799986177], [-119.29375300019268, 44.33887100007685], [-119.29612099970582, 44.34420600005164], [-119.28882800012224, 44.339038999911146], [-119.28541899962018, 44.33334400024734], [-119.27796500037813, 44.33002000000628], [-119.26944300038298, 44.319169000287964], [-119.26457400038902, 44.31873499996965], [-119.25474599998941, 44.30638600003745], [-119.25398600010622, 44.30256899997784], [-119.25723499987636, 44.30039899985581], [-119.25466899999654, 44.28771100007914], [-119.26030399972144, 44.284867999753835], [-119.26146500036099, 44.280311000305566], [-119.25647400016828, 44.277197000213164], [-119.25414099991693, 44.279754999949645], [-119.2501899999899, 44.27901399968281], [-119.25687900022423, 44.27269299988624], [-119.25481799995944, 44.26393700018639], [-119.24143500036625, 44.26245200005293], [-119.2298439996277, 44.267436000054516], [-119.21912999984653, 44.26737799985109], [-119.20212299966616, 44.25827700020146], [-119.18998600020298, 44.261887000305954], [-119.18675400015127, 44.26584800028153], [-119.17247100003449, 44.263743999689744], [-119.1614819998937, 44.26733799972183], [-119.16703100030323, 44.26335500021635], [-119.16785999978339, 44.25766299969142], [-119.15316800031101, 44.25388799987078], [-119.1352999999651, 44.233638999928445], [-119.13118800037961, 44.22518899985463], [-119.13649699969129, 44.219804999765266], [-119.14172700025861, 44.22554499979365], [-119.14541000039702, 44.22634900006653], [-119.1742040002362, 44.22678599991989], [-119.18891199960208, 44.2311909998538], [-119.20163700031767, 44.22894800021676], [-119.20139299992017, 44.22445599972976], [-119.19500699963456, 44.21650899972384], [-119.17792099981149, 44.21788499981066], [-119.17870900018211, 44.201342999868345], [-119.18761299976865, 44.19178999976489], [-119.19480900016617, 44.19094599984374], [-119.1959029999602, 44.18711900000906], [-119.19386299961181, 44.18428899992902], [-119.19918699989047, 44.17661099974043], [-119.21485000003153, 44.175933999715376], [-119.22951800011279, 44.16870199998138], [-119.236685000198, 44.15760899979774], [-119.2324840000257, 44.14283399970497], [-119.23433299968005, 44.13578500001641], [-119.23244700021579, 44.128314000290295], [-119.23604099976741, 44.12599900031582], [-119.24265700020682, 44.133569000320506], [-119.24554899960158, 44.131377999980224], [-119.2474940004137, 44.13345800028253], [-119.25475500021025, 44.1334720001362], [-119.25302899968123, 44.1450149999262], [-119.25775600028327, 44.14778300026761], [-119.2564830003891, 44.151874999783175], [-119.25874700014512, 44.15400100021787], [-119.25187899981067, 44.161527000201225], [-119.28759899971065, 44.1462959999043], [-119.29223699972593, 44.13690899981746], [-119.28888400019872, 44.13176099988734], [-119.28845700040145, 44.12316900028236], [-119.29197599961002, 44.120987999847124], [-119.29658699986112, 44.12454100025159], [-119.29742700011026, 44.12866200018726], [-119.30271799987862, 44.12934799968635], [-119.30273899979501, 44.12692499984438], [-119.3100189998581, 44.12390100027362], [-119.31547200000816, 44.12719999969966], [-119.30890199959954, 44.133485999986505], [-119.3170589997217, 44.13266299992432], [-119.32058200002656, 44.134971000079254], [-119.32454899984711, 44.13314200012406], [-119.32905799999097, 44.13529099995628], [-119.33308699973578, 44.13218100031894], [-119.33880100000172, 44.13346000026182], [-119.34095699980276, 44.12968800015637], [-119.34467000007842, 44.1289779998146], [-119.34851800007326, 44.13479299976378], [-119.35735700026082, 44.13626699986347], [-119.35672700007396, 44.13909399995239], [-119.36089800010899, 44.14227699973469], [-119.36682999993485, 44.1380680002826], [-119.36832499958687, 44.141632999780846], [-119.38000699966373, 44.14120000008065], [-119.37485700036069, 44.15276999978813], [-119.37005199994083, 44.156761000027515], [-119.36387200041784, 44.157008000013114], [-119.35923100002951, 44.163872000271624], [-119.35757800019375, 44.17324800026204], [-119.36430800043595, 44.180537999999075], [-119.35688899955736, 44.18915700027415], [-119.35557200018056, 44.201546000277006], [-119.38044000020707, 44.206401999848914], [-119.40438699979362, 44.20091400029808], [-119.42090899955208, 44.2054429998226], [-119.43421699970052, 44.19931299981661], [-119.43301900014941, 44.19153399978373], [-119.42392300004391, 44.18304399981749], [-119.41794299963915, 44.181426999844575], [-119.42101700040543, 44.174007999729206], [-119.41782399981346, 44.16732100031667], [-119.40811799961263, 44.16216399989041], [-119.40744399994315, 44.15922000016096], [-119.41329999960102, 44.155276000165195], [-119.41234200024942, 44.1519620000436], [-119.44083200031501, 44.14396500002051], [-119.45834099973739, 44.13404499968002], [-119.46668600018053, 44.1349379999671], [-119.47682300037663, 44.142916999792234], [-119.48786000019798, 44.14298399993293], [-119.49759399998794, 44.139397999892815], [-119.49853899981906, 44.14278299992738], [-119.50362999957088, 44.14538900032127], [-119.50453699976715, 44.15172900024325], [-119.5107499998004, 44.15525600002487], [-119.51232700036651, 44.158585000037114], [-119.5106080004085, 44.16079200014336], [-119.51683499978714, 44.16330099983973], [-119.51629900020993, 44.16599299980404], [-119.52324399963896, 44.17566600013699], [-119.53438599994064, 44.17328799993562], [-119.53383100009684, 44.169384000037574], [-119.53847199958686, 44.1661919998701], [-119.54379800041362, 44.15178600003595], [-119.54135600038234, 44.14505299981937], [-119.54907499993827, 44.1533069998503], [-119.56089799958211, 44.15377599983187], [-119.57364300038914, 44.16338400014537], [-119.57589499955131, 44.152755999998405], [-119.57946499971183, 44.151295000140486], [-119.58316100026904, 44.15244100030675], [-119.60208599970073, 44.14899499969428], [-119.60522999988892, 44.153822000266985], [-119.60310699969985, 44.15974199991984], [-119.6068209998004, 44.15903200005498], [-119.61132099972342, 44.14949900023454], [-119.60636700023895, 44.14847300026084], [-119.60478800002302, 44.14518299987971], [-119.60502900004742, 44.13165299973569], [-119.60803500014333, 44.128884000028684], [-119.60654100031623, 44.12530799997277], [-119.60070700039967, 44.12328899983477], [-119.60155799962115, 44.11682000000017], [-119.596669000434, 44.1119310002192], [-119.59460200032143, 44.10431999994428], [-119.60147899997841, 44.09476399970536], [-119.59925399968209, 44.087679000292766], [-119.60847600018431, 44.081160999982934], [-119.61255400033292, 44.08216900008474], [-119.60940699977172, 44.08471299993078], [-119.6106229997645, 44.08691699998559], [-119.6217809999597, 44.08591800017796], [-119.62842800036118, 44.08820600015524], [-119.62717700020833, 44.079987999878966], [-119.63103500024893, 44.0783749997234], [-119.63300799975187, 44.07123599975021], [-119.63827299958096, 44.066077999726986], [-119.64417400034297, 44.06472299973315], [-119.65393999991997, 44.05412800028445], [-119.65725499981237, 44.05432200013343], [-119.65725300016253, 44.05980299987227], [-119.66621799984847, 44.05796800014444], [-119.66734099995485, 44.06750700023095], [-119.671246999676, 44.070115000111905], [-119.65724200029189, 44.07129999996914], [-119.65710500002452, 44.174775999827915], [-119.6624119996864, 44.1766879999476], [-119.6775619998165, 44.19721699990531], [-119.69286500010746, 44.18853899977868], [-119.7006320002423, 44.187168000027974], [-119.69881200000195, 44.191175000080726], [-119.70261300014113, 44.20685400016472], [-119.70585900043655, 44.2097989999834], [-119.71645500021695, 44.20971699995845], [-119.73030399996546, 44.21566100022364], [-119.72909299999556, 44.22130600017455], [-119.73272799955505, 44.22952199978906], [-119.71051400017028, 44.22845599999017], [-119.694127000131, 44.231572999810965], [-119.68514999985116, 44.225391000116815], [-119.68083499987608, 44.22520400019749], [-119.67676799959813, 44.220869999994356], [-119.66584200010483, 44.22611599995735]]]}}, {"type": "Feature", "properties": {"name": "No ZIP code assigned"}, "geometry": {"type": "Polygon", "coordinates": [[[-119.47458800003457, 45.8809859999776], [-119.43210500028043, 45.88892200002774], [-119.43204800037903, 45.864889999741706], [-119.4346650003125, 45.864892999852096], [-119.43470399977224, 45.805794000146264], [-119.5080619997218, 45.816583999689726], [-119.50814899976046, 45.864747999754485], [-119.49993200026216, 45.865391999898954], [-119.47458800003457, 45.8809859999776]]]}}, {"type": "Feature", "properties": {"name": "No ZIP code assigned"}, "geometry": {"type": "Polygon", "coordinates": [[[-118.11687699971499, 45.599975999856014], [-118.11807500016442, 45.526497999994504], [-118.1229819997932, 45.53478699990896], [-118.13465600037244, 45.536322000165676], [-118.1417079999316, 45.54421200014184], [-118.14150999956487, 45.54777799988941], [-118.13548999987549, 45.54923800001827], [-118.12645499986935, 45.542124000268174], [-118.12257300043761, 45.54790899974114], [-118.12564399993252, 45.55124400015549], [-118.12274900016472, 45.5600480000949], [-118.12558799985602, 45.56669899999718], [-118.12350999987282, 45.57056400027016], [-118.12555900044202, 45.57278000030367], [-118.12605599966116, 45.581798999727454], [-118.13926300042557, 45.59018299997583], [-118.13613500013095, 45.59191999988613], [-118.13278199970541, 45.5912089998813], [-118.13190200017162, 45.592099999835135], [-118.13645999982094, 45.59260500011992], [-118.14007600001224, 45.59107500000511], [-118.14723700024966, 45.59389000007536], [-118.15716600003327, 45.601436999838256], [-118.15950699978221, 45.6082730000978], [-118.16019300004557, 45.60354100026029], [-118.1696359995824, 45.60864000007171], [-118.17605399965504, 45.60480100024127], [-118.18204599975535, 45.604663999842884], [-118.18308900039409, 45.59837600013208], [-118.17671499980402, 45.589101999829154], [-118.17892400020683, 45.59091299982147], [-118.18097299987772, 45.588911999879976], [-118.19396399983374, 45.58989500012719], [-118.19445199973036, 45.586991999908335], [-118.20382900004326, 45.58566500031424], [-118.21467400024402, 45.5933889997717], [-118.22881199969753, 45.59226100025376], [-118.22909600027796, 45.58792000021562], [-118.23820699955377, 45.58172099977754], [-118.2440959997219, 45.581746000313316], [-118.24258000015348, 45.580634999808666], [-118.24542300004276, 45.57703500024863], [-118.24790199988396, 45.58247999974109], [-118.25583999972302, 45.5886120002059], [-118.25270800012876, 45.59516300007587], [-118.24847500016944, 45.59553800012036], [-118.2432699997165, 45.60181599982538], [-118.25416000012305, 45.60636100024221], [-118.2632660002743, 45.60587499995121], [-118.27195399995082, 45.61107799997061], [-118.27548399992835, 45.621640000164255], [-118.2716069996212, 45.62200500021086], [-118.27498900035903, 45.6258939998834], [-118.2732910003174, 45.632134999806546], [-118.2790549999138, 45.627149999832355], [-118.290906000045, 45.63005099974791], [-118.28893799966664, 45.62712799977126], [-118.29357800023006, 45.624321000078446], [-118.29845300007182, 45.63015099988091], [-118.3019920002702, 45.62922300008451], [-118.30102599962434, 45.62381499985272], [-118.30315999968407, 45.62252200011924], [-118.30861299983411, 45.628163999786764], [-118.30453800005854, 45.63984500014006], [-118.30788899993594, 45.645898000081], [-118.24191499980653, 45.64561800006277], [-118.24124600015993, 45.67346200004622], [-118.2165870003708, 45.67351899973038], [-118.21862599999594, 45.67548099994979], [-118.21506099985831, 45.68066800011349], [-118.20536300005334, 45.68774700003277], [-118.20488199982941, 45.70314100026851], [-118.20225400002529, 45.71002700013816], [-118.18981700008815, 45.716646000087486], [-118.18575400000815, 45.72241600004312], [-118.18724100016257, 45.72604599996641], [-118.17685200007139, 45.72635199993122], [-118.14732900031116, 45.73338000010295], [-118.11552699982792, 45.728430000234034], [-118.06654900000824, 45.73758399987281], [-118.06175500035737, 45.73570199972051], [-118.06066999988585, 45.732741999850504], [-118.0517410001849, 45.73421099995546], [-118.0407029996403, 45.72799800011605], [-118.02995600024715, 45.72730700004313], [-118.02529399994245, 45.71928899996145], [-118.02604100030516, 45.71561499982462], [-118.03228299975243, 45.7102559999498], [-118.02991000021645, 45.69587200023773], [-118.02655599996598, 45.696204000284226], [-118.02557699979965, 45.692872999922045], [-118.02793799964009, 45.692253999756396], [-118.02480799969565, 45.69000900003739], [-118.02045500008572, 45.692852000142196], [-118.01818499958355, 45.68914999982776], [-118.01611300034646, 45.69054599977431], [-118.01816200001734, 45.68738600017476], [-118.02271399981889, 45.68690899973588], [-118.0183849996001, 45.68511100016347], [-118.02061400009437, 45.67977700015536], [-118.00988199987154, 45.675196000269466], [-118.00444399979008, 45.66672899983142], [-118.00644599960533, 45.666032000272715], [-118.00316599987305, 45.66565600006316], [-117.99879599964636, 45.65702800000929], [-118.00726400011315, 45.64087600000177], [-118.00325000043695, 45.63892200023125], [-118.00594099999024, 45.63512700013991], [-118.00453800039975, 45.63198000029991], [-117.99250499979532, 45.625532999981324], [-117.99165299985063, 45.62374900011487], [-117.99455699983926, 45.621938000017174], [-117.98829399957728, 45.62172599974892], [-117.98184100024284, 45.617255000032586], [-117.97696100037824, 45.61689100015143], [-117.97310300033764, 45.60816599985538], [-117.96813100041152, 45.604689000215785], [-117.9821469996663, 45.59718900023589], [-117.9765649996448, 45.58844200028654], [-117.97781300032293, 45.58325399979752], [-117.97565499997377, 45.5718609998687], [-118.00335500001893, 45.57132300012822], [-118.00559299983573, 45.57336800029024], [-118.01270700021747, 45.57268500014208], [-118.02309100028579, 45.57761999984165], [-118.02820999962665, 45.57297499990033], [-118.03605999960216, 45.571201999972274], [-118.03928900017912, 45.56703299997655], [-118.04623000030853, 45.56673500023355], [-118.0657780002544, 45.577876999748085], [-118.07175699993591, 45.57949599993039], [-118.07586100002382, 45.57692800016676], [-118.08119799982292, 45.581197999772456], [-118.07264700041377, 45.56568000022874], [-118.06792800020763, 45.56890099988058], [-118.06857000009005, 45.56626699976342], [-118.07106900002273, 45.56152700029212], [-118.08117799973142, 45.56816399992566], [-118.08658499985073, 45.56476499985549], [-118.08668699995798, 45.560100999861085], [-118.09123100026194, 45.56046300016694], [-118.1079499996639, 45.570792999807345], [-118.10675899978547, 45.578189000138195], [-118.11492500012848, 45.58797099971395], [-118.11687699971499, 45.599975999856014]]]}}, {"type": "Feature", "properties": {"name": "No ZIP code assigned"}, "geometry": {"type": "Polygon", "coordinates": [[[-117.83876699957592, 44.572582999805014], [-117.84079799970344, 44.56688900004518], [-117.84908000039741, 44.566186000026995], [-117.84719700040786, 44.56005000005067], [-117.85226600041835, 44.55276500027067], [-117.85170999985137, 44.5501319997486], [-117.84779099971139, 44.54971799992204], [-117.8456359997353, 44.547974999919205], [-117.84596899982121, 44.54492599969293], [-117.84791399973504, 44.54493299996597], [-117.85467800031243, 44.547520999708794], [-117.84649199987794, 44.5454709998696], [-117.8464040000144, 44.548209000176115], [-117.85210200038685, 44.54982299976712], [-117.85224399977875, 44.55135600013158], [-117.8639490003201, 44.54531800024469], [-117.86180600003958, 44.54957900000655], [-117.87143500024754, 44.54536899995092], [-117.87011799997242, 44.54203899969179], [-117.87679600033609, 44.54021900002911], [-117.8761279996161, 44.54296999988593], [-117.87872000033352, 44.54287399987282], [-117.8809930003104, 44.54637599987532], [-117.88213499978501, 44.54201000031456], [-117.88836399971177, 44.53751199982177], [-117.88717600020642, 44.53583699983031], [-117.90276499982936, 44.52769000018798], [-117.91082200039239, 44.51356700006267], [-117.90606499965313, 44.497649999753484], [-117.91224599989931, 44.49219099972889], [-117.91680000024901, 44.495057000174334], [-117.94056799973539, 44.50017500022741], [-117.94685199991375, 44.50463899991415], [-117.9606239996694, 44.50526100018907], [-117.97050099957445, 44.50213100026234], [-117.9695659997891, 44.5108790002779], [-117.97529799959841, 44.51362099984181], [-117.97303399984234, 44.515143999898335], [-117.97215400030855, 44.52276700021308], [-117.97547000002587, 44.52463899998987], [-117.9712989999908, 44.52804900027274], [-117.97795700026298, 44.52541399991235], [-117.98354199975921, 44.519730999687354], [-117.98897999984064, 44.528412000076344], [-117.98983099996045, 44.53647899994637], [-117.99924000006038, 44.53664500018713], [-118.0012610001422, 44.540318999770925], [-118.00592699974656, 44.541038000291095], [-118.00802599964616, 44.54715899993672], [-118.00763599965885, 44.55211000031095], [-118.00288999968849, 44.55639600012427], [-117.98688699978881, 44.56208100009323], [-117.97757700032139, 44.55804700006764], [-117.97337299977607, 44.5634119997855], [-117.95638300021245, 44.56401399987163], [-117.94168699964379, 44.560859000156825], [-117.94000799986875, 44.5629350001322], [-117.93586899962074, 44.561167999787216], [-117.93025200033749, 44.563198999843976], [-117.92975500022003, 44.560727000261885], [-117.92462400028523, 44.5590140000093], [-117.92637599985521, 44.56190700015785], [-117.92005200039219, 44.558442999812414], [-117.91720500030496, 44.56062200024799], [-117.92174500041095, 44.56234100024079], [-117.91158399992541, 44.567017999780504], [-117.91343900032587, 44.575410999829636], [-117.90408600030243, 44.57161499992075], [-117.89743600042618, 44.57602400018656], [-117.89269200010567, 44.57608399987218], [-117.88640100025464, 44.5667299998587], [-117.86145899970992, 44.56347199968235], [-117.85792799990747, 44.559658999931806], [-117.85306499976132, 44.56060499968541], [-117.8538399997131, 44.56640099989206], [-117.84262700016465, 44.568954999771165], [-117.83876699957592, 44.572582999805014]]]}}, {"type": "Feature", "properties": {"name": "No ZIP code assigned"}, "geometry": {"type": "Polygon", "coordinates": [[[-117.83827500037965, 44.56922100020482], [-117.8407719997642, 44.577058999844475], [-117.83834800017458, 44.57877400002155], [-117.83909399981405, 44.5815769997493], [-117.84400999966367, 44.58078300015308], [-117.84330000000921, 44.58536100022069], [-117.85163299985847, 44.58648200024369], [-117.8451460001888, 44.58937300030373], [-117.8577389997616, 44.59017799984385], [-117.858829000256, 44.59513400023087], [-117.85657100034773, 44.5964609997791], [-117.85898099969363, 44.5974009997451], [-117.85893399983797, 44.604697999682436], [-117.86459500040047, 44.61872600005584], [-117.62864800034839, 44.61740599993446], [-117.62892000033494, 44.569956000316004], [-117.66243800040314, 44.57838600001195], [-117.668326999673, 44.58821199979286], [-117.68919299971886, 44.59454599999052], [-117.6914909998101, 44.59170100009331], [-117.69032300039623, 44.59113200003356], [-117.68894800039479, 44.59098299974969], [-117.6884649996227, 44.590720000016574], [-117.69423099976723, 44.59119800006302], [-117.69793999984489, 44.59297599998289], [-117.7054280003205, 44.59194499976591], [-117.70409799962658, 44.59442399998522], [-117.70649500035033, 44.595618999727535], [-117.70901900039739, 44.591787000147235], [-117.7064369997257, 44.58883699991015], [-117.7088660002365, 44.586935999716644], [-117.71751600027817, 44.589145000052895], [-117.71863699983638, 44.593797999976914], [-117.73081500020577, 44.59298199974014], [-117.73533000019741, 44.583051000288634], [-117.73977300021902, 44.57987099977542], [-117.74469699956624, 44.582589000292195], [-117.74111100041051, 44.575531999917175], [-117.73368599968413, 44.571596999790174], [-117.73233900017011, 44.573757000001756], [-117.72834300003724, 44.56399199982294], [-117.73094900010007, 44.55508999977184], [-117.7472080000928, 44.557491999715914], [-117.76414400012806, 44.56394400021145], [-117.75861399998513, 44.55922200030399], [-117.76619500034711, 44.551110999823116], [-117.76957800001156, 44.551524000057945], [-117.761399999973, 44.52925199997651], [-117.76320500014475, 44.520444999753266], [-117.76143699978292, 44.51411400022127], [-117.75836100026514, 44.51191100004927], [-117.75851500025091, 44.50764800029795], [-117.76912600009993, 44.50976200003257], [-117.78265299963317, 44.51833299971734], [-117.78867999989359, 44.53505399988682], [-117.79248699988055, 44.53547799972386], [-117.79599799959152, 44.53163699992205], [-117.80450200004331, 44.53397100013569], [-117.80630600039014, 44.53106999991309], [-117.80928399999864, 44.533446999725946], [-117.81128199961591, 44.53664100010202], [-117.80935000012086, 44.53917999996999], [-117.81474200017156, 44.54796700002511], [-117.81158499956463, 44.55275900020384], [-117.81485599997438, 44.55741700012735], [-117.81776599981082, 44.55752299998699], [-117.82129900016142, 44.55850100010153], [-117.82248599984187, 44.559272999988835], [-117.81492700011948, 44.558494999986024], [-117.81371100012673, 44.559000000288975], [-117.82811999974189, 44.561700000252145], [-117.83215299968465, 44.56611100012526], [-117.82866299989008, 44.56853499974208], [-117.83180999955297, 44.5687420002863], [-117.83261499964203, 44.57124799978316], [-117.83827500037965, 44.56922100020482]]]}}, {"type": "Feature", "properties": {"name": "No ZIP code assigned"}, "geometry": {"type": "Polygon", "coordinates": [[[-118.2320279998557, 43.58439299972014], [-118.23203100022876, 43.35899499981453], [-118.22099699988213, 43.356314000324396], [-118.20623300043972, 43.35966599990922], [-118.2028320003336, 43.362456000301194], [-118.17778400038203, 43.359925000320274], [-118.17551300005498, 43.36679300003344], [-118.1636870000381, 43.370898000154135], [-118.16303099991197, 43.377291000214285], [-118.16586999960327, 43.38349600032606], [-118.15706599957582, 43.38614500005375], [-118.14745900000749, 43.38219900031383], [-118.12549300031978, 43.38678100032064], [-118.11933600036303, 43.38434399991321], [-118.11355900034788, 43.3778510001061], [-118.10810700002273, 43.37695399984116], [-118.10300100020233, 43.37731700018851], [-118.09502200035537, 43.38283399998733], [-118.08897199963043, 43.383177999789424], [-118.08266099968789, 43.3786300000593], [-118.07993599979937, 43.381075999875634], [-118.07139399971275, 43.38072099982734], [-118.06524599997684, 43.375627000223695], [-118.06183200035024, 43.36455699992436], [-118.06896199972721, 43.36233000004129], [-118.07877500005819, 43.36347199980074], [-118.08098699993572, 43.361288000052824], [-118.07756400008829, 43.355989000293626], [-118.08172000005474, 43.35259399969831], [-118.08281899987162, 43.34637299968812], [-118.08619200038865, 43.34625600012727], [-118.08710000040985, 43.34026799967921], [-118.08056199978829, 43.33054100007824], [-118.05716500002264, 43.3281580000781], [-118.04516999995137, 43.32454399977431], [-118.04023099963722, 43.31838199969835], [-118.02501199991013, 43.31257100015346], [-118.02256700040414, 43.308796000281525], [-118.00632699977965, 43.300634000164756], [-117.99525800017123, 43.292017999992375], [-118.01494699968408, 43.29211799987255], [-118.02379900029041, 43.295448999936944], [-118.029733999591, 43.29260599998881], [-118.0343239999257, 43.28287199972835], [-118.04448399968803, 43.27524399982321], [-118.05911900015731, 43.275459999903596], [-118.06401599974035, 43.271629000185705], [-118.08466500005125, 43.265405000121625], [-118.09514000035614, 43.26819800017208], [-118.09796499980378, 43.27479900027474], [-118.10051399996517, 43.27166399969545], [-118.1116739998102, 43.27415199988968], [-118.13125699991615, 43.271328999731395], [-118.14017100044677, 43.273160999688955], [-118.15303699983103, 43.28456399987683], [-118.16055299989567, 43.28685500025484], [-118.17392200014346, 43.281264000254396], [-118.17431399978062, 43.275814000230525], [-118.17697900029299, 43.27371599995998], [-118.17460500003375, 43.27099199970535], [-118.1768460002236, 43.26909399974144], [-118.17498900017331, 43.26778600026811], [-118.17470499959286, 43.25815100028289], [-118.17177399984007, 43.25508599972589], [-118.18076500036358, 43.25005599973121], [-118.19079200005649, 43.25161300016873], [-118.19504699975711, 43.2555129998102], [-118.19491500041094, 43.260562999835614], [-118.20040100017297, 43.26011599969608], [-118.21211199966383, 43.26764800001968], [-118.21936400013783, 43.269099999815296], [-118.22024899969448, 43.26678900011296], [-118.22786000019371, 43.265024999773786], [-118.22790299985141, 43.288802000026955], [-118.23589699976696, 43.28908399980619], [-118.24551099990632, 43.285912999914665], [-118.25376900031081, 43.28719100023274], [-118.27031000033587, 43.28020599968169], [-118.30113699995243, 43.29488400020686], [-118.31001799997279, 43.31260699970021], [-118.30734900016078, 43.32016500014616], [-118.3117090003417, 43.33505000030773], [-118.29709700033695, 43.34871000002463], [-118.28723700015028, 43.3502670002496], [-118.28364699989831, 43.354613000125305], [-118.28487600030988, 43.36670999983901], [-118.27751000003302, 43.37714699985389], [-118.28818399963122, 43.38335700003594], [-118.2839070001893, 43.38732399970518], [-118.286546999689, 43.390662000192535], [-118.28343799966093, 43.393279000231125], [-118.28350100030843, 43.403230000287195], [-118.27925400010541, 43.40624199975572], [-118.28346399960019, 43.40802600009054], [-118.29045099976034, 43.416881000029974], [-118.28755799964236, 43.42242399969745], [-118.27930400033412, 43.42395299987025], [-118.2680380001839, 43.4305779996763], [-118.2701710004187, 43.43441100001712], [-118.26460199991769, 43.438843999905075], [-118.26274200039268, 43.44714100029343], [-118.25911199995771, 43.44654199989495], [-118.25833199998301, 43.442868999984015], [-118.25475699979965, 43.44140699969365], [-118.2519800000326, 43.44513900026903], [-118.2714109998026, 43.46124400022399], [-118.28754000009899, 43.467324000060174], [-118.29496800030012, 43.47279799996798], [-118.2972279998582, 43.47757299982152], [-118.30332500043883, 43.48006499987524], [-118.30263099977954, 43.4927429999551], [-118.30722199993916, 43.49491599990062], [-118.31228799957661, 43.501671000114], [-118.32578800024399, 43.50543500008774], [-118.33483400012075, 43.50163099987331], [-118.34519499972454, 43.52193600005168], [-118.36462899986756, 43.53481300032099], [-118.3705449997999, 43.54354800026356], [-118.3706789996942, 43.548544999954814], [-118.39665999978135, 43.56143399989594], [-118.41386299978028, 43.55781699980607], [-118.4127160002828, 43.55268399983872], [-118.40287199998969, 43.54946900000559], [-118.40112299989443, 43.54531399995778], [-118.4093429997658, 43.53613600007581], [-118.4095839997902, 43.52102999992571], [-118.38876299995019, 43.51059499992997], [-118.38871699991942, 43.50635799995849], [-118.39268200009013, 43.502168999848855], [-118.39434300032183, 43.4957900000114], [-118.3922569999427, 43.49189800016923], [-118.38513900026129, 43.49439799973124], [-118.38102900032563, 43.489116000075974], [-118.37415199977033, 43.48682299990965], [-118.36756100034361, 43.49142600031436], [-118.36975099958151, 43.494472999696214], [-118.35981000010234, 43.49421400022201], [-118.35247700033578, 43.486335999843355], [-118.35092700043216, 43.47883900016756], [-118.35535000036228, 43.476669999863226], [-118.35034400010096, 43.47374600031482], [-118.35131300022154, 43.469520000321175], [-118.36626099978695, 43.46709299973441], [-118.37135699956163, 43.46133900005419], [-118.37664300020543, 43.46284899989306], [-118.3792330003747, 43.45685000009345], [-118.38499299977312, 43.45249500002385], [-118.3950379999077, 43.447878000165005], [-118.39832900040896, 43.44946500023265], [-118.3991910003994, 43.43178199981298], [-118.39669499994143, 43.425881000180844], [-118.4009370001216, 43.421201000248296], [-118.39822499975358, 43.41140900029179], [-118.40092200005297, 43.40799700020122], [-118.39499500025, 43.39590200015009], [-118.42056700008321, 43.391964000249104], [-118.42560099993364, 43.394824000171944], [-118.4235210003006, 43.40362699995676], [-118.42537900017578, 43.41160200023569], [-118.4199799995541, 43.41807200014066], [-118.42079899988681, 43.42179799989421], [-118.43171000020979, 43.42122900011189], [-118.43652800015012, 43.41779900005954], [-118.44027800023571, 43.41978000027958], [-118.44299100042865, 43.4413210002261], [-118.45111099984256, 43.44618299999588], [-118.45435399976492, 43.45888699971781], [-118.4577449998253, 43.4606980003164], [-118.45967300002067, 43.45844700017686], [-118.46100299981627, 43.459909000068784], [-118.46246499985632, 43.45199799998735], [-118.46049300017833, 43.435803000047095], [-118.46476600032062, 43.426099000099185], [-118.46448099991527, 43.41154899993368], [-118.47470500015001, 43.413779999888824], [-118.47905100008722, 43.42743900018927], [-118.47321799999558, 43.43170500020639], [-118.47469599992917, 43.43618299982815], [-118.47895300017795, 43.438618000054944], [-118.48382200017191, 43.43375899969333], [-118.48605999998868, 43.43518500028865], [-118.48759800019674, 43.44541399997656], [-118.49906000016554, 43.46527600005705], [-118.49784800037072, 43.48084599992371], [-118.49339600012829, 43.48352100011245], [-118.49392000000994, 43.48783500006649], [-118.48315400035023, 43.490273000287864], [-118.4822089996208, 43.507234000157595], [-118.49138000006936, 43.514893999765185], [-118.49478700002324, 43.51525200010329], [-118.49979999995726, 43.530168000250924], [-118.50412300032826, 43.53610499981562], [-118.50625499983984, 43.53548299979748], [-118.50303899968165, 43.54179800001969], [-118.50915600035376, 43.56413899997747], [-118.49843300035174, 43.56247399983959], [-118.49873299992738, 43.556302000068136], [-118.49151200031382, 43.547065999910814], [-118.48983400036371, 43.540336000175486], [-118.47426300028413, 43.543581000268325], [-118.46419800005806, 43.52236199982125], [-118.46119199996215, 43.522602999716476], [-118.45981799978563, 43.52610999981923], [-118.4541129997405, 43.52575999979121], [-118.45273000024146, 43.52928299983772], [-118.43791800022017, 43.53568600013381], [-118.44292100010843, 43.555350999679455], [-118.44193799974417, 43.56567800008483], [-118.44766799990367, 43.58514100007456], [-118.44267900025909, 43.58871299974965], [-118.43596599973534, 43.57720399982512], [-118.43174399964668, 43.58103500011001], [-118.43296899986028, 43.59102900016352], [-118.44093600001162, 43.597539000313354], [-118.43977799974517, 43.60124500031089], [-118.44379300014462, 43.603952000074706], [-118.44485099995364, 43.611534000145056], [-118.4671720003669, 43.61144400025405], [-118.46734200024623, 43.62549800018186], [-118.46311299958653, 43.622290000175994], [-118.46208099971678, 43.62536399988115], [-118.4594570001106, 43.62515499999026], [-118.46037299962941, 43.62677099984477], [-118.45327000001663, 43.62493899992131], [-118.4498949998498, 43.627429000094104], [-118.44933699963295, 43.63178599993282], [-118.45189900021316, 43.63486500006841], [-118.44576599964753, 43.645839999907615], [-118.44521500000172, 43.65422600003243], [-118.44059600025302, 43.656083000304314], [-118.43076200000561, 43.6552259998348], [-118.42461099989664, 43.662439000249286], [-118.41045300035167, 43.66853500000461], [-118.40722999962249, 43.6776550001984], [-118.4104919998114, 43.686427999958056], [-118.39301799965081, 43.68790900017051], [-118.37240100002528, 43.69968500004817], [-118.36784599985066, 43.7169309999553], [-118.36058300040429, 43.724635000178424], [-118.36338299973757, 43.729967999777095], [-118.35873200020181, 43.72889399987396], [-118.35504900006339, 43.7323979997481], [-118.35054800031546, 43.73238000016365], [-118.35058199975235, 43.73629400029268], [-118.33998000012419, 43.742290000092495], [-118.34118600007119, 43.747306000250035], [-118.33409299960583, 43.75668200003016], [-118.33413600016186, 43.76742799990185], [-118.32984700012602, 43.77450700003978], [-118.33697599967807, 43.77923799969885], [-118.33794300014883, 43.783846999911766], [-118.31001799997279, 43.790121000276955], [-118.2880670003537, 43.785961999718914], [-118.28170299980938, 43.782639000192546], [-118.27279699967468, 43.786413999980574], [-118.26186500033361, 43.783522000257115], [-118.24602599956712, 43.78601099996696], [-118.23029100035434, 43.77920700016415], [-118.2320999998257, 43.77082900007875], [-118.23232599978154, 43.63191600025584], [-118.22919500001215, 43.62880899998249], [-118.22636999966622, 43.62928200029955], [-118.22771399970553, 43.62787599999894], [-118.22159799975665, 43.61740299995122], [-118.22446900013334, 43.61684200002673], [-118.2171299996207, 43.61059299985977], [-118.21585699972653, 43.60261400007434], [-118.21955800030659, 43.60200299974007], [-118.2058169996148, 43.594740000136206], [-118.20867100027303, 43.59230300020511], [-118.20577700033013, 43.58744599975587], [-118.20804199991109, 43.585108000053935], [-118.21105399985478, 43.58800499978948], [-118.21833399991789, 43.5887279999868], [-118.2320279998557, 43.58439299972014]]]}}, {"type": "Feature", "properties": {"name": "No ZIP code assigned"}, "geometry": {"type": "Polygon", "coordinates": [[[-117.50204899958426, 44.62837600027679], [-117.51607099958512, 44.62886399997353], [-117.52388600029886, 44.633562000248965], [-117.52723399980319, 44.63882600014671], [-117.54630100042344, 44.649954000198676], [-117.54964399990492, 44.65895999988132], [-117.54722799981288, 44.66485400010965], [-117.55274700008518, 44.671354999811086], [-117.55324599985248, 44.68224499988824], [-117.54598800042898, 44.69393699982849], [-117.56762600005362, 44.70203800031278], [-117.57385599980532, 44.707678000141165], [-117.58818599977776, 44.705003000113166], [-117.59334400037503, 44.70960499991146], [-117.6046769995741, 44.71292899981213], [-117.61438399959988, 44.71097199989547], [-117.62663999978703, 44.714396000133085], [-117.6271770000875, 44.70722699985509], [-117.64193800005518, 44.70001800021872], [-117.64421299968187, 44.696804000127344], [-117.64150299986196, 44.68910900015719], [-117.64949299957956, 44.68457799999927], [-117.6583939996914, 44.69029799973291], [-117.67841700001341, 44.68945199977845], [-117.69523400022298, 44.697392999809374], [-117.77463100012851, 44.72332499994901], [-117.76989400037904, 44.728804000132584], [-117.76950699986645, 44.745116000210345], [-117.76680399971926, 44.75233700021854], [-117.77468100035725, 44.78512800023355], [-117.75480899964796, 44.80455400002089], [-117.75342699997385, 44.816088000287834], [-117.74614500026094, 44.820406999690405], [-117.74752600011014, 44.85591799998399], [-117.72251800034152, 44.85581700020416], [-117.72311800039115, 44.86194399977692], [-117.71859400017868, 44.8624339998], [-117.70969300006684, 44.86928700025298], [-117.6995109996649, 44.86952699984852], [-117.68915599990893, 44.873403000002064], [-117.68803899965036, 44.86980200001162], [-117.68385500009484, 44.87115699980179], [-117.6742629996968, 44.864625000024574], [-117.66962200020677, 44.86554999980729], [-117.66108299959488, 44.8564820003086], [-117.66408399966792, 44.852377000060955], [-117.63326600027217, 44.850571999719214], [-117.64228000036194, 44.841681999945585], [-117.64546399983475, 44.832198000095666], [-117.66908900010431, 44.81028399979149], [-117.71604400019234, 44.80810900001253], [-117.71913399995385, 44.80324100014293], [-117.69980399956788, 44.79529899989404], [-117.67546500034418, 44.77390300019643], [-117.66612099964323, 44.77395599995786], [-117.66615599980334, 44.76509299993467], [-117.6618659999426, 44.76048400019426], [-117.65627899989825, 44.77413499989946], [-117.62936200020081, 44.773461000315955], [-117.61193800026894, 44.776342999858805], [-117.60840300026852, 44.78951299998708], [-117.5996290003783, 44.79408499976859], [-117.6037119996515, 44.79821000029908], [-117.59708600006466, 44.79823899989676], [-117.5989320002443, 44.80191399991359], [-117.59530000015951, 44.80671700009401], [-117.59434899958228, 44.815233999960874], [-117.5888140003148, 44.82069400014764], [-117.58993900007097, 44.836448000251124], [-117.58008399990716, 44.83395499976245], [-117.56490199999003, 44.83552199976972], [-117.54075899968662, 44.832202000210515], [-117.54507700003475, 44.83122300029728], [-117.54368899961452, 44.826636000296084], [-117.55677900020305, 44.80133099980536], [-117.55615499986398, 44.79237699979613], [-117.55841100012245, 44.79244200014665], [-117.55903999958605, 44.78690599985408], [-117.56504799957992, 44.781842000247174], [-117.56516599958066, 44.77617999981138], [-117.56039600021923, 44.77380799970824], [-117.55689999967858, 44.76670100010185], [-117.54932300041284, 44.76470300011545], [-117.54600500014742, 44.760326000193345], [-117.52595000003835, 44.75694200023765], [-117.52552099969296, 44.738603999728944], [-117.49076300024086, 44.72875600012952], [-117.48534699990073, 44.7245879997584], [-117.48563399995588, 44.71809299981611], [-117.48247200022439, 44.71342900004278], [-117.47564800027087, 44.70853200020215], [-117.465645999794, 44.70788000008964], [-117.45568000020046, 44.70272000001835], [-117.45210599984196, 44.70531599998092], [-117.45590399960811, 44.69251099986629], [-117.47153199958909, 44.68418300017116], [-117.48459299986531, 44.6543350000446], [-117.48956700033956, 44.653746000283604], [-117.49498299978141, 44.6491089999254], [-117.49477600009219, 44.636050999811026], [-117.49819100044196, 44.63069499985621], [-117.50204899958426, 44.62837600027679]]]}}, {"type": "Feature", "properties": {"name": "No ZIP code assigned"}, "geometry": {"type": "Polygon", "coordinates": [[[-117.38338900028072, 44.68762700000559], [-117.38221699977058, 44.817306999761826], [-117.3787980001211, 44.818535000232636], [-117.381219000236, 44.82651599979531], [-117.37708699966068, 44.83393000027846], [-117.37191700026617, 44.833313000174144], [-117.3493969996613, 44.8208169999063], [-117.32876400014223, 44.81984200002399], [-117.3323829998082, 44.812119999910976], [-117.32372699991879, 44.80652299989429], [-117.3185549999761, 44.80854699991222], [-117.31331199988834, 44.80672600002832], [-117.29962600034645, 44.78669499994629], [-117.30535999980557, 44.78405000007819], [-117.32776099968645, 44.78469100015998], [-117.33360399982388, 44.78033799984237], [-117.3236519995757, 44.7741429998946], [-117.32472000032878, 44.77135799975876], [-117.3222919996429, 44.76864399970958], [-117.31003800000384, 44.773392999837874], [-117.30556900004296, 44.77831499972102], [-117.2875919999171, 44.778614999701205], [-117.28542799972018, 44.776222000039745], [-117.2699620001209, 44.778954999877456], [-117.263838999601, 44.775051000111375], [-117.25841499976326, 44.78136800013018], [-117.25421699996406, 44.782018999769114], [-117.25141400025772, 44.780512000083895], [-117.25399699985604, 44.77094200016443], [-117.2464819996163, 44.76807199988108], [-117.254734000173, 44.765596999834116], [-117.24202500024928, 44.763030999706075], [-117.24967100001028, 44.76025599987722], [-117.25059900012296, 44.756666000177155], [-117.254882000311, 44.75676199973753], [-117.25303799978118, 44.75238699974142], [-117.23303600027391, 44.75321200029615], [-117.21987100024062, 44.74682500019441], [-117.21661400007453, 44.750143999872705], [-117.22343999967786, 44.754932999969945], [-117.21905799975566, 44.75575700030208], [-117.21271900022401, 44.753014999914846], [-117.20787500034442, 44.75553399976467], [-117.20011800025536, 44.750750000057614], [-117.18882799981566, 44.749407999942456], [-117.18377700024682, 44.74593500002353], [-117.17269000019675, 44.74608799970491], [-117.16850699956781, 44.74251400014444], [-117.17508299982424, 44.733953999716775], [-117.17848999977812, 44.7172029997452], [-117.19345900015824, 44.698305000226235], [-117.19502900015335, 44.70158200001251], [-117.20029800018037, 44.69959299980403], [-117.19748899972798, 44.68183599996811], [-117.20637200029647, 44.67897599975171], [-117.20999099996247, 44.66772000000812], [-117.2210470000504, 44.66225100005409], [-117.18389100004964, 44.6640880000496], [-117.1962529996437, 44.6418070002731], [-117.19436899982928, 44.63363600027895], [-117.20874499983249, 44.619051999858726], [-117.21919400019812, 44.61756300015756], [-117.22428999997277, 44.620047000247865], [-117.23684900010863, 44.614342000269765], [-117.23402100028801, 44.616777999912486], [-117.24183799975322, 44.621174000020076], [-117.24924800041099, 44.62009300017095], [-117.24887900034004, 44.62231000018282], [-117.25909400035394, 44.61892599997536], [-117.26075200021259, 44.6269229998539], [-117.27091899964759, 44.63142799977191], [-117.27850400020755, 44.629333999890136], [-117.28446500034569, 44.617344999985775], [-117.30075199992754, 44.62074999993185], [-117.31857599989252, 44.61487499974578], [-117.3275509996242, 44.61735299993026], [-117.33508699978033, 44.61278399982309], [-117.34425300020602, 44.612460000316126], [-117.35274500006393, 44.61517499975988], [-117.35715100027565, 44.618848000184634], [-117.35743699960759, 44.62181399976577], [-117.34774800002349, 44.62329799993103], [-117.33923799972389, 44.63669500005669], [-117.34570500020037, 44.64297299976769], [-117.34931600036876, 44.65190899980129], [-117.35035400008631, 44.65782900021318], [-117.34613299982253, 44.66405599983518], [-117.34797399997929, 44.66986899983128], [-117.35075499994429, 44.670940000311106], [-117.35088700018875, 44.677362999922394], [-117.35608400024579, 44.681665999942034], [-117.36072399991089, 44.67616999986498], [-117.36165700004642, 44.66962199973127], [-117.37354300033776, 44.66575800018096], [-117.37500899967748, 44.663055999727696], [-117.3822750003952, 44.65794599987985], [-117.3827609997437, 44.65647199974244], [-117.38600200001622, 44.651869999712716], [-117.39231100030895, 44.64666299998394], [-117.39360299957139, 44.645979000013554], [-117.40242099984255, 44.64516099989772], [-117.40399800040866, 44.64344900012667], [-117.41660299967698, 44.636379000257485], [-117.40263099990483, 44.64550400018876], [-117.39263799964876, 44.646717999844256], [-117.38269299997164, 44.65787100016981], [-117.37495500014913, 44.66356100023843], [-117.37737100024115, 44.66624300021387], [-117.37473199966803, 44.67001999986025], [-117.37678100023726, 44.674276999882586], [-117.37554799962773, 44.67652799993915], [-117.37838999969209, 44.67842699971818], [-117.37793000028287, 44.68063999988765], [-117.37953200006504, 44.68002499972741], [-117.38031200003974, 44.68439499973786], [-117.37877899985455, 44.687514000136545], [-117.38338900028072, 44.68762700000559]]]}}, {"type": "Feature", "properties": {"name": "No ZIP code assigned"}, "geometry": {"type": "Polygon", "coordinates": [[[-117.64993699999357, 44.51126500019505], [-117.66095299989857, 44.51238499969342], [-117.65980499967782, 44.51795800025745], [-117.65223000006195, 44.52359499979869], [-117.64778000036763, 44.53281500003236], [-117.64482399960215, 44.53180600003031], [-117.64572599977556, 44.53944399988829], [-117.65056299998247, 44.544215000222074], [-117.64969299959611, 44.549737999693725], [-117.63150299993323, 44.546526999897445], [-117.62678000042746, 44.551698000316364], [-117.61671100000342, 44.55373800025859], [-117.61703200039378, 44.55708499984878], [-117.61663999985834, 44.55729600011797], [-117.61219400036198, 44.551031000021624], [-117.60477500038171, 44.54899799972287], [-117.59824099995807, 44.54279400027455], [-117.58629399956736, 44.54105500016741], [-117.58021199995368, 44.54495100002414], [-117.58278899970418, 44.54492100013756], [-117.58356299983107, 44.55006899968662], [-117.56850200028776, 44.55163200025749], [-117.56736900013568, 44.545438000160274], [-117.56186300028217, 44.543801999983984], [-117.56237600029317, 44.54093099975019], [-117.54765899980812, 44.53882799971083], [-117.54874799957928, 44.53565600007647], [-117.54470600031398, 44.53229699972258], [-117.50994600031373, 44.530839000129475], [-117.50957499969466, 44.51502600014974], [-117.506129000281, 44.52022900001055], [-117.4903590000098, 44.51972999985607], [-117.47631100006969, 44.52658499980542], [-117.45853399996038, 44.524514999839624], [-117.45121100023958, 44.520984000280315], [-117.45201200013064, 44.51880899998476], [-117.4373149997371, 44.51594499981229], [-117.42840199992969, 44.51016800021176], [-117.43555899996913, 44.507476999850155], [-117.44674700030156, 44.49169500010413], [-117.45883199988621, 44.49139499984965], [-117.45807600020098, 44.48706700023568], [-117.46109900001534, 44.48276599968269], [-117.47097300044565, 44.47551599999344], [-117.47243700013556, 44.476716999785246], [-117.4744249997071, 44.467517999761064], [-117.4801559996915, 44.46540600027235], [-117.49261899956792, 44.46986099986365], [-117.49499299982715, 44.47307499971168], [-117.49340799976342, 44.47707699973342], [-117.50825999996766, 44.48585100029504], [-117.52122800035751, 44.491199000105965], [-117.52982300014759, 44.490480000212386], [-117.54855599995865, 44.480082999960906], [-117.5598790000103, 44.4711760001898], [-117.56350299969914, 44.46538500027168], [-117.56954900022613, 44.46712899971393], [-117.59002799975941, 44.46107900006939], [-117.58905899963885, 44.45927600015167], [-117.59405900005237, 44.45571500014927], [-117.59386999990649, 44.449798000173054], [-117.60157400029213, 44.44697299974209], [-117.59953399994374, 44.44460399983122], [-117.63025900035137, 44.44444099988421], [-117.63938100039614, 44.45274400000578], [-117.64079099965936, 44.45876799996781], [-117.65012500031453, 44.469319000176654], [-117.65188899958008, 44.477071000201185], [-117.66383299959774, 44.48464000024426], [-117.66323300044644, 44.4893070001137], [-117.66565200001317, 44.48981600017527], [-117.66001599956502, 44.490511000277436], [-117.65845399996583, 44.495721999736695], [-117.65027099990442, 44.499463000123974], [-117.64737000028883, 44.504311000145385], [-117.64048500023591, 44.50663200025757], [-117.64993699999357, 44.51126500019505]]]}}, {"type": "Feature", "properties": {"name": "No ZIP code assigned"}, "geometry": {"type": "Polygon", "coordinates": [[[-117.28044300027358, 44.95179499972888], [-117.28656000004734, 44.95285100021435], [-117.28952400031045, 44.941825000270114], [-117.29312899973277, 44.943459000111105], [-117.29811999992545, 44.941533000290455], [-117.30840000023667, 44.942319999941574], [-117.31010400012606, 44.93813900001296], [-117.31751200023571, 44.94167799995424], [-117.32322899997641, 44.93624100023239], [-117.3297759999205, 44.93593700012571], [-117.32562599980184, 44.92961600011863], [-117.32486000007087, 44.9232950002429], [-117.31994599987107, 44.92127600011825], [-117.32041000037657, 44.91959099981424], [-117.33752200013893, 44.92585500017129], [-117.34173900020474, 44.92541499994458], [-117.34239699998068, 44.93295999976243], [-117.34639899996131, 44.93862899970708], [-117.3577119999672, 44.939781999973896], [-117.35708699980322, 44.93782599997672], [-117.36135400009772, 44.93665600016668], [-117.36718200016651, 44.93834500011349], [-117.36705800031795, 44.94092300004007], [-117.37109200008564, 44.94284399974638], [-117.37628999996757, 44.94302100028774], [-117.35627300039167, 44.944103000196066], [-117.35471799956689, 44.947906000229615], [-117.35809000025898, 44.95521900005238], [-117.36367599958012, 44.955305000174945], [-117.36814799991403, 44.95256299975499], [-117.36925000010397, 44.95627299995346], [-117.37646599969466, 44.959578000273616], [-117.371221999782, 44.9527480002161], [-117.3715470003703, 44.94919100002051], [-117.37606400001177, 44.94522900015516], [-117.38271600043618, 44.94543000024431], [-117.38219199965621, 44.989946999940464], [-117.37201500017547, 44.985866999764866], [-117.36897899994233, 44.98038100009139], [-117.35579499964247, 44.96957399974751], [-117.34178699988531, 44.975060000128856], [-117.34510400032582, 44.979614000218085], [-117.33675200021, 44.97778000005394], [-117.33451000019524, 44.98009999977789], [-117.3279730002969, 44.97933999989763], [-117.32713800007065, 44.98257899996325], [-117.31572499960731, 44.975923000069045], [-117.3107460000085, 44.97685000026428], [-117.30860000025321, 44.97985800004132], [-117.30267799957478, 44.97463899987186], [-117.3008980004157, 44.97637700022526], [-117.30049400018467, 44.973470000151266], [-117.29635300028687, 44.975714000036014], [-117.29866499972348, 44.97156199994662], [-117.293603000284, 44.970027000259925], [-117.29331700005373, 44.96712499992043], [-117.28447799986618, 44.96663400028124], [-117.28122300024825, 44.972160000201605], [-117.28044300027358, 44.95179499972888]]]}}, {"type": "Feature", "properties": {"name": "No ZIP code assigned"}, "geometry": {"type": "Polygon", "coordinates": [[[-117.56403300032689, 44.99286599993559], [-117.56348599998071, 45.07944599981556], [-117.50894700005595, 45.07904399972257], [-117.50940700036348, 45.075340000311634], [-117.51293899999085, 45.07501299990362], [-117.51628099964744, 45.069532000267], [-117.52642899971416, 45.06408099986542], [-117.5343940002157, 45.067786999814615], [-117.54126800039793, 45.06516299986362], [-117.54008800039017, 45.038177000192185], [-117.5452710002035, 45.02691600007239], [-117.52700899967229, 45.03292299991545], [-117.50357099989877, 45.029420000101695], [-117.49987900043784, 45.03403600025778], [-117.50030399968698, 45.03003300002558], [-117.49086100015016, 45.02631600026197], [-117.49401399966084, 45.02467800030281], [-117.49365800000868, 45.021079000107726], [-117.4913490000468, 45.01734399989264], [-117.48506900006639, 45.014480999789505], [-117.48237400031512, 45.00945199998219], [-117.47853600036598, 45.00805499976875], [-117.47399100023713, 45.01165200012791], [-117.46817499986393, 45.00967799988256], [-117.46722199963689, 45.00488399995058], [-117.46350300041178, 45.00410200027091], [-117.46431699982332, 44.99916599989468], [-117.45416600028183, 44.99743299979883], [-117.45328199965176, 44.99348999971657], [-117.44859299958287, 44.99242300013826], [-117.4488269999346, 44.989298999729], [-117.44472100019688, 44.98721299982865], [-117.45063999960394, 44.98716299993742], [-117.4543610002755, 44.981994000077584], [-117.45481700038509, 44.98441399983512], [-117.45948100033964, 44.982598999745214], [-117.45969600042478, 44.97710299977711], [-117.46248099968943, 44.97682600015206], [-117.46680200041062, 44.979379000271344], [-117.4698350002707, 44.97947400002777], [-117.45475000043795, 44.97350000013924], [-117.44875599978948, 44.967414999875395], [-117.43268199974469, 44.968739000087375], [-117.41991099989667, 44.95153300027116], [-117.4132390002791, 44.949235000226324], [-117.41192799985177, 44.944265999862736], [-117.40283099992138, 44.94841700019025], [-117.39981200030499, 44.94834699988973], [-117.40367600019339, 44.94452999971799], [-117.39723600037941, 44.941507999829035], [-117.40439400024377, 44.941979999810485], [-117.41190000026269, 44.936148000038045], [-117.41024099968081, 44.9312690003018], [-117.41324099992895, 44.92571700010732], [-117.4118149998739, 44.91769900010976], [-117.39358099983006, 44.91461499992034], [-117.37467899996462, 44.90726499969316], [-117.37940900004138, 44.90127700006051], [-117.38025099994036, 44.88938299971453], [-117.38617699991842, 44.88618600019652], [-117.38921700034952, 44.89019600018716], [-117.42308000019919, 44.890431999881905], [-117.42284500002255, 44.88499099987717], [-117.42839500025697, 44.8873550001643], [-117.4380190004421, 44.88294100012286], [-117.46356100013809, 44.8818570002465], [-117.47642700042063, 44.88726300025554], [-117.48347499978183, 44.883880999792204], [-117.47629299962801, 44.89321499968417], [-117.47905699987459, 44.90365899983684], [-117.47551199982844, 44.90614200026504], [-117.4748549998774, 44.91183000001294], [-117.46732000044447, 44.91289999973243], [-117.46221600027388, 44.92087100019832], [-117.459647000021, 44.93097299981179], [-117.45175100001472, 44.93421799977384], [-117.45286099970228, 44.9396869999707], [-117.45043700011269, 44.94146100010208], [-117.45022500040056, 44.94705600031348], [-117.45172199970241, 44.950344999923594], [-117.4555780000932, 44.951360000010006], [-117.4608599996407, 44.94759899994076], [-117.45552700003958, 44.94857499995529], [-117.45257500037035, 44.94527800023862], [-117.45598999982185, 44.944594000001], [-117.45686000020821, 44.94037700020043], [-117.4695809998275, 44.93920100007909], [-117.47479299995312, 44.936311999684506], [-117.47387200041145, 44.94627600025893], [-117.47769299974381, 44.96420100014324], [-117.49167899975967, 44.97086200023536], [-117.48677100030596, 44.976788000165634], [-117.49518500034608, 44.978701000261836], [-117.4964399997986, 44.97637299996247], [-117.50094100044484, 44.977342999923415], [-117.50257099981607, 44.97624700011951], [-117.49853899969823, 44.97087699996014], [-117.50497699986235, 44.969470999896366], [-117.5069169997533, 44.974796000268725], [-117.51324199993955, 44.9757269999265], [-117.50939099957165, 44.97921899982405], [-117.51541399963408, 44.98190500018222], [-117.51108299976548, 44.986366999759554], [-117.5168220001458, 44.986318999867954], [-117.51763399990753, 44.988669000000186], [-117.53302699971186, 44.988413000017594], [-117.53114299989741, 44.98013999979353], [-117.53780399964432, 44.975202000147966], [-117.5494399996904, 44.97880699996915], [-117.55359200035718, 44.97579600027357], [-117.56293000031205, 44.977976999730416], [-117.55707499958075, 44.96928599996465], [-117.55910999990627, 44.96757899981453], [-117.55740400036704, 44.9648020002459], [-117.5507979999734, 44.96296600025326], [-117.54991699971639, 44.965662000136625], [-117.54215399977953, 44.9661309998642], [-117.55470799989253, 44.95530900000009], [-117.56180800003057, 44.959059000123254], [-117.56340399996495, 44.96757599995164], [-117.56709299995114, 44.96675699972976], [-117.56874499996202, 44.969413000195004], [-117.57202200021958, 44.96708600011049], [-117.57625199980586, 44.9576869999058], [-117.59067600038794, 44.974459000106286], [-117.59408599981656, 44.98628199987116], [-117.59198699991695, 44.9881479999903], [-117.60351199963495, 44.98789400026949], [-117.60847600006345, 44.992846999861115], [-117.56403300032689, 44.99286599993559]]]}}, {"type": "Feature", "properties": {"name": "No ZIP code assigned"}, "geometry": {"type": "Polygon", "coordinates": [[[-117.28075700009295, 45.61854799997034], [-117.2920259997179, 45.62595199976054], [-117.29213500039614, 45.61400000008288], [-117.30015900044894, 45.62464300024292], [-117.29914799959724, 45.63112000003207], [-117.313138999636, 45.63495499987079], [-117.32823299968959, 45.63246499986118], [-117.34903699981119, 45.64353699971299], [-117.36133400000624, 45.644681999837495], [-117.36499500040335, 45.64273200027141], [-117.36964000009132, 45.65260399981668], [-117.39190799990281, 45.65741500014184], [-117.3917599997648, 45.663375999924334], [-117.40022999988142, 45.669313999902776], [-117.40551599962689, 45.67814299986669], [-117.41056899974389, 45.679556000125096], [-117.41344599996836, 45.6840280003022], [-117.42456599963037, 45.69121399992495], [-117.42447000026924, 45.69996799992213], [-117.44485300044136, 45.71408399985104], [-117.4378570000604, 45.73515499974742], [-117.42985499974893, 45.7428050000796], [-117.43031699970628, 45.75148399996663], [-117.41350000039502, 45.78291299993198], [-117.41321099979172, 45.78719599978622], [-117.40677000015282, 45.78519400028278], [-117.4002499999729, 45.77668400026541], [-117.38784800019586, 45.77318100026774], [-117.37926799957607, 45.75871399979267], [-117.37092499968108, 45.75570800019159], [-117.36195400014736, 45.74157799977894], [-117.3560790002229, 45.73662399970624], [-117.34067600037281, 45.730550999994435], [-117.33436999955485, 45.73176600027459], [-117.32286099973035, 45.742146000231806], [-117.31450899961453, 45.73740700008773], [-117.24904099982345, 45.73685000012834], [-117.26041999995157, 45.701595999914865], [-117.26330100037399, 45.678898000177185], [-117.25749000002364, 45.656056999733444], [-117.26335900010031, 45.64814300004872], [-117.26526300000626, 45.63464900025614], [-117.26861499970856, 45.63549900008505], [-117.27643700009497, 45.64427399983698], [-117.27375800023722, 45.65981900014838], [-117.27939200013724, 45.67308600015736], [-117.27583200002248, 45.69063499973741], [-117.27796299970913, 45.694356999951275], [-117.28296399994758, 45.69395599983893], [-117.28531899994023, 45.69825499974094], [-117.28821299988311, 45.69610999969624], [-117.2946159998872, 45.69992999969836], [-117.3027989999486, 45.685027000008105], [-117.29514999981457, 45.66121899983241], [-117.29153199997347, 45.65608400025388], [-117.29201300019743, 45.64161899974066], [-117.2899689996511, 45.63808800019678], [-117.27818000034242, 45.638124999797206], [-117.28699000021766, 45.627837999954615], [-117.28075700009295, 45.61854799997034]]]}}, {"type": "Feature", "properties": {"name": "No ZIP code assigned"}, "geometry": {"type": "Polygon", "coordinates": [[[-120.11544599975791, 43.25990500016579], [-120.11564800032261, 43.231029000202135], [-120.10901900036276, 43.23404799993099], [-120.10343300014327, 43.232644999985965], [-120.07435399989876, 43.21461100020973], [-120.0151080003617, 43.190409999725276], [-120.020295000373, 43.19041400013882], [-120.02087799980586, 43.179110000221236], [-119.99678700027928, 43.18005599991765], [-119.99503999983386, 43.17440200022788], [-120.00342200008693, 43.13881299974701], [-120.0101780002684, 43.12539300014525], [-120.01300000024128, 43.12528200019813], [-120.01151999975954, 43.122740999704874], [-120.01800899997733, 43.10755399998741], [-120.03289799999149, 43.10285000009465], [-120.0489760002343, 43.10139199999095], [-120.04367200004715, 43.095549000169484], [-120.04008799964292, 43.07818999977673], [-120.05421799959885, 43.03896300000302], [-120.06550300001564, 43.02331899975994], [-120.05766999975857, 43.005793000087486], [-120.05897899963777, 43.00242399973316], [-120.05421699977391, 42.98858899970795], [-120.05516099978014, 42.983836000241126], [-120.04910199973266, 42.97110099988626], [-120.04633400018645, 42.9695080001786], [-120.04564100025043, 42.964345000088954], [-120.03758100021263, 42.95909800031015], [-120.04584000044204, 42.95359099999807], [-120.04582299982528, 42.95138200020307], [-120.05086199969857, 42.95029499999054], [-120.0541380001312, 42.93435599999756], [-120.05330100025512, 42.919540000248915], [-120.06144199958543, 42.90002299970888], [-120.07216299993762, 42.90848499972975], [-120.08640500004653, 42.90331000026357], [-120.09962899963105, 42.88151699972692], [-120.10170400013953, 42.87260899990216], [-120.11132900014954, 42.8571399996831], [-120.11230699959263, 42.85042900013572], [-120.09459499978065, 42.85387200001698], [-120.08942299983799, 42.85838900008019], [-120.06957500031649, 42.86506700008911], [-120.03116599961469, 42.86476700017952], [-120.02755100014666, 42.860821000171086], [-120.02404100026061, 42.864700000241974], [-120.01456500021351, 42.852233999752144], [-120.04777899960976, 42.811639000030674], [-120.06291100019651, 42.80759899987541], [-120.09593899981994, 42.78502199986491], [-120.10135900035804, 42.777148000203965], [-120.11051900003763, 42.749678999999695], [-120.11142299986088, 42.75345199990672], [-120.1494269996084, 42.749990000236885], [-120.15809900028965, 42.755184999680424], [-120.16504700009176, 42.753476000044564], [-120.19008300034777, 42.76175100016992], [-120.22614999967907, 42.78048500029978], [-120.2401549999615, 42.77885999968625], [-120.25289800022038, 42.77110100025663], [-120.24786199982185, 42.74656200023435], [-120.2576440001907, 42.73463199990659], [-120.2556299997816, 42.73375400006755], [-120.2562709998391, 42.724280000160554], [-120.27955700017496, 42.697406999998], [-120.28475500005689, 42.68022900023665], [-120.28081199962747, 42.669679000166035], [-120.28357500004914, 42.65485599994192], [-120.27714699993072, 42.612213000074256], [-120.27846300038092, 42.608332999953255], [-120.27639500044346, 42.59993500017084], [-120.26800700034262, 42.58869299978019], [-120.2566099997728, 42.56485799983183], [-120.25307099957442, 42.54541200030277], [-120.25652100008436, 42.538726999808965], [-120.25317100003187, 42.51667099990313], [-120.28979300010525, 42.542458999943904], [-120.29834799971235, 42.542322999976385], [-120.32382500000934, 42.56444900017375], [-120.40181699977622, 42.59781400001969], [-120.40388800008677, 42.61044700024425], [-120.40786300030324, 42.618045999886434], [-120.40704499979542, 42.63224099997994], [-120.41542299985049, 42.64817000013713], [-120.42749699956448, 42.657051999748674], [-120.42618100001259, 42.68053500019859], [-120.42163800043187, 42.68364100009698], [-120.42237700039868, 42.69043300011932], [-120.42045400022617, 42.69405099990107], [-120.42245100001854, 42.70513100016979], [-120.444246000002, 42.71936400014341], [-120.47766100013803, 42.72542299999861], [-120.44580699977627, 42.73851299992562], [-120.440070999769, 42.74686099992153], [-120.4351149997364, 42.74844199969401], [-120.42964400004298, 42.75503399971682], [-120.42983300018886, 42.76494399989965], [-120.43371600034385, 42.7683479997571], [-120.43478500002354, 42.77526299979064], [-120.42889300038064, 42.789535999909674], [-120.42603299987458, 42.79255000013403], [-120.4155719998134, 42.788105999954226], [-120.4154439997669, 42.82873800010172], [-120.42169799980803, 42.917831000132054], [-120.3805020001918, 42.917461999738926], [-120.38142000025873, 42.921284000039236], [-120.39300000022831, 42.93264600009672], [-120.4046589998406, 42.93744100020172], [-120.42032299980659, 42.95619499993685], [-120.42320000003106, 42.962041000147245], [-120.4191400003241, 42.977491000314004], [-120.41643700017691, 42.976359000129214], [-120.42043699960941, 42.9823790003136], [-120.42558400033603, 42.985322000200675], [-120.43132899966581, 43.00193200020314], [-120.43680199990737, 43.00425399974312], [-120.44323599987358, 42.99320699980524], [-120.4528199998757, 42.98315800028454], [-120.4586449995714, 42.98080299986241], [-120.4743079997125, 42.98203300020205], [-120.47949800009683, 42.9731729998176], [-120.48486199966011, 42.97519600022727], [-120.49128300010581, 42.97399399994561], [-120.50078400026727, 42.98757499977975], [-120.50257199982227, 42.99389899976606], [-120.51024500024575, 42.99640500002908], [-120.54937200009964, 43.02104400028542], [-120.54757600014871, 43.023968000063114], [-120.54883999982206, 43.03310000001916], [-120.55503600013687, 43.04463599991571], [-120.5647549998582, 43.05388100028231], [-120.56343099991042, 43.07513300028637], [-120.57274200010107, 43.0725230000901], [-120.57662000023318, 43.08368999984097], [-120.5874999996957, 43.08400200032185], [-120.59287500002792, 43.08662699984607], [-120.59529500031793, 43.09278100009641], [-120.49523800023078, 43.09272400015928], [-120.49064799989608, 43.121207999733976], [-120.48136199981978, 43.14108999977794], [-120.46573100036409, 43.15968200016453], [-120.46324499995188, 43.17115200011863], [-120.46086599966976, 43.17172999973741], [-120.463135000347, 43.173667999929364], [-120.46310199983671, 43.17914800003871], [-120.46832900003099, 43.183919999970115], [-120.46283700042116, 43.1860329998625], [-120.46268199971215, 43.208348999946736], [-120.44296700026003, 43.208259000008304], [-120.44288900044224, 43.23724699976189], [-120.3679999999573, 43.23746799978334], [-120.31534900004493, 43.195802000228234], [-120.29262799959862, 43.18070800023072], [-120.28161500006668, 43.17681600001446], [-120.27853700000078, 43.17838200001321], [-120.26654500030253, 43.176545999795735], [-120.25827500020249, 43.17210200023953], [-120.25272199959497, 43.1657900001999], [-120.25153800028757, 43.15952499971242], [-120.24222299989897, 43.15086000018232], [-120.23782099988523, 43.13828399979083], [-120.22997199973463, 43.13188099993415], [-120.22648699996296, 43.123768000054994], [-120.21773599963895, 43.122972999715714], [-120.21503199966683, 43.129584999941834], [-120.1947799999143, 43.141120999832054], [-120.17330200012321, 43.14829600007715], [-120.1549760000179, 43.15111599994216], [-120.14457600005609, 43.14802399999482], [-120.14738200013542, 43.16444399977113], [-120.15576000019054, 43.17934800030877], [-120.15547800015825, 43.20144599973879], [-120.17596799956216, 43.201557000210634], [-120.16352099957926, 43.23674400006528], [-120.17898299987888, 43.23575400023106], [-120.18571300012108, 43.23209399997283], [-120.2134109996181, 43.23674200006859], [-120.21264700043528, 43.23953500017273], [-120.19631499974928, 43.23796700013506], [-120.18489799998632, 43.24166399996508], [-120.1772859996622, 43.23833200026494], [-120.17118399995702, 43.23904100003127], [-120.1596070003605, 43.252590999972185], [-120.1545540002435, 43.25296499971419], [-120.15540000034044, 43.23870000007035], [-120.14865500002962, 43.239827999952674], [-120.14229999970615, 43.24140900016346], [-120.12564099968034, 43.25685400016779], [-120.11544599975791, 43.25990500016579]]]}}, {"type": "Feature", "properties": {"name": "No ZIP code assigned"}, "geometry": {"type": "Polygon", "coordinates": [[[-121.52921800031676, 42.45756999994882], [-121.52865599990199, 42.4448460001575], [-121.53522499958738, 42.44299699972075], [-121.54120900019011, 42.44313000006921], [-121.53858899988359, 42.4499410003169], [-121.54055999973667, 42.45332600000469], [-121.542632999697, 42.44919999996525], [-121.54790900029505, 42.44885499995329], [-121.5474969996681, 42.444916000124444], [-121.5542550003977, 42.444739000113664], [-121.56007800044362, 42.45074300003907], [-121.558452000372, 42.460215999701646], [-121.56514499990597, 42.457930999858476], [-121.5727060001765, 42.45862699989607], [-121.57322300038543, 42.45603799976362], [-121.57719699987865, 42.45929400004588], [-121.58334399978969, 42.45961599999775], [-121.58845700018111, 42.45718700026809], [-121.5925110000403, 42.4584169999969], [-121.59955299955368, 42.448735999888804], [-121.60583699973206, 42.4443479996881], [-121.62355500029014, 42.452717000292765], [-121.63351400021101, 42.447047999849545], [-121.63288700039719, 42.45871800009755], [-121.63113300027906, 42.45993999974337], [-121.63833399980115, 42.45776200028469], [-121.63791600022472, 42.460759000167094], [-121.62925299976428, 42.47163200027734], [-121.62905299974773, 42.4789139998895], [-121.62196600002848, 42.48390699984985], [-121.62265499976655, 42.487213000021505], [-121.63394299965809, 42.48326299974656], [-121.64151499979924, 42.483974000182485], [-121.64641899995328, 42.48744599997594], [-121.65852399962944, 42.486669000186716], [-121.66902599969852, 42.49249599973049], [-121.67775899958083, 42.50237199990809], [-121.69516999999226, 42.5031700000419], [-121.69539599994806, 42.507791999813676], [-121.69269000032614, 42.507839999846965], [-121.69050000018991, 42.51150400021052], [-121.6814309998486, 42.512367000260696], [-121.67829199968332, 42.52938999974123], [-121.66659399971297, 42.53570500020445], [-121.6597120000331, 42.543385000003674], [-121.6456440000015, 42.53637499999665], [-121.63229300019536, 42.535343000018756], [-121.63632100011526, 42.532240000075035], [-121.63477100021164, 42.5275090001783], [-121.62936200044254, 42.52000899991998], [-121.61818599980568, 42.51481900031166], [-121.61826100014876, 42.50650400005708], [-121.60841299965765, 42.50210400014792], [-121.60117600015056, 42.495000999747354], [-121.59659500003667, 42.473242999999506], [-121.59151299960742, 42.46886000024358], [-121.58792300025372, 42.468578999674364], [-121.58457900004903, 42.472143000079335], [-121.55118599965431, 42.47153499970638], [-121.5456160002267, 42.464661000194354], [-121.54536699980636, 42.460632999830565], [-121.52921800031676, 42.45756999994882]]]}}, {"type": "Feature", "properties": {"name": "No ZIP code assigned"}, "geometry": {"type": "Polygon", "coordinates": [[[-121.68951600000074, 42.40568599976536], [-121.6818400001025, 42.41056899989442], [-121.6806910000569, 42.40610199978123], [-121.68259999998571, 42.399056000171505], [-121.67468600043611, 42.38779799971177], [-121.67322900041893, 42.38200800029246], [-121.66953799988458, 42.38031600019469], [-121.66968199982462, 42.37710900025901], [-121.67352099959864, 42.368068000323724], [-121.67766900006745, 42.36702200001148], [-121.67665499974107, 42.364922000219664], [-121.68264000016869, 42.369966000205416], [-121.68272100035954, 42.3726450003242], [-121.68931500015931, 42.375337000099215], [-121.69485100015002, 42.37428700030888], [-121.69675300040613, 42.3711930003194], [-121.69434200033699, 42.365060000166814], [-121.69770900010792, 42.36005399975973], [-121.70260999988894, 42.35923800003204], [-121.70450999959692, 42.35617800027595], [-121.7027489998061, 42.35313000017122], [-121.69584299983681, 42.35261100012016], [-121.69637099991643, 42.34733399994304], [-121.70256200020835, 42.34101099988831], [-121.71305199968354, 42.342716000271906], [-121.71347400035626, 42.339834999957226], [-121.7075149998679, 42.33717699986859], [-121.71561599991357, 42.3358069998064], [-121.70833000000269, 42.33690900031525], [-121.69755099992418, 42.334701000301415], [-121.69721500036351, 42.31805699984688], [-121.70158600041509, 42.31647799982831], [-121.70933099991029, 42.30198000005083], [-121.70911800037328, 42.29378699981606], [-121.71167900023025, 42.288138999776386], [-121.70949199956878, 42.28316800029489], [-121.70249100006325, 42.28211699986491], [-121.69817500026325, 42.28610199985647], [-121.67195999982438, 42.25886700029144], [-121.66997399990267, 42.26089000030274], [-121.65856700018546, 42.25212100015235], [-121.65647400013363, 42.24046399999273], [-121.65885699971538, 42.23390300009549], [-121.65581600035767, 42.23059300020369], [-121.6587680000269, 42.21070500005887], [-121.66548099965236, 42.2149450000608], [-121.68085300043862, 42.237429000292884], [-121.68826200037316, 42.23904699977104], [-121.71090500010338, 42.256861000110604], [-121.71877099997238, 42.25862099985022], [-121.71875199970582, 42.27334800020375], [-121.72124700033885, 42.27355699978584], [-121.72549399964358, 42.26420100032416], [-121.73058299974558, 42.267057000188856], [-121.73288900023272, 42.2765449999828], [-121.72923500040662, 42.27962999991081], [-121.72952400011164, 42.283590999840094], [-121.72607600014983, 42.28279600026149], [-121.7298539998245, 42.29538700020488], [-121.72783799976557, 42.30135899995436], [-121.73822199983385, 42.301255000150455], [-121.7378779998773, 42.315283000323376], [-121.75739200038625, 42.31528499974784], [-121.75683199962131, 42.34418199993957], [-121.77643999984161, 42.344297000249746], [-121.77659999967517, 42.36238000017118], [-121.78111399984189, 42.362725000154605], [-121.78494500011833, 42.37000699988229], [-121.78723399998874, 42.385360000128905], [-121.81100800022124, 42.38528000007802], [-121.81214899987093, 42.393858999920376], [-121.81501100002679, 42.393213000250995], [-121.81381500012549, 42.3960929998078], [-121.81715699978206, 42.39953000021949], [-121.81900399978657, 42.4071509998756], [-121.83463599996554, 42.42253500007886], [-121.83744700006777, 42.4470009998322], [-121.83474599957039, 42.45694000009671], [-121.82810400009006, 42.462767000091446], [-121.82882700016333, 42.466778999766454], [-121.8261490001305, 42.46871000019569], [-121.8325279998451, 42.471332999735715], [-121.82854900032899, 42.47330000001365], [-121.8318800001149, 42.481164000175895], [-121.83802100017813, 42.481890000263604], [-121.84702000019922, 42.47056999976749], [-121.85146300022085, 42.47925800017573], [-121.86117699991931, 42.485349999935], [-121.86194199982538, 42.49299100022349], [-121.84503099990448, 42.490645000153734], [-121.84305699967835, 42.50991799980595], [-121.85003700016578, 42.51374299977905], [-121.85494799999255, 42.51208599973801], [-121.85365199963384, 42.51897200009867], [-121.86364800026291, 42.52084199991309], [-121.86186200035776, 42.52515300020713], [-121.8643229997573, 42.527461000024836], [-121.86043200010474, 42.53059799987823], [-121.86141200009597, 42.535012999725325], [-121.85360200030343, 42.534035000071476], [-121.85171500011595, 42.53574899994501], [-121.85315299986657, 42.5387159997394], [-121.84667500041773, 42.54174800002236], [-121.84273500036139, 42.539705000114324], [-121.84138100027634, 42.53466699991998], [-121.83126400017176, 42.534342999883265], [-121.83405400035757, 42.536725000240565], [-121.83052400038002, 42.53872299996441], [-121.83231799978282, 42.54669700022528], [-121.82806300008217, 42.546202000121916], [-121.83996799974177, 42.584169000328096], [-121.80236099965428, 42.58355099996311], [-121.8036140003553, 42.58976500006956], [-121.79920499977058, 42.5879230001924], [-121.79644700027009, 42.58965599992899], [-121.79875299985895, 42.601231000280606], [-121.79276499995659, 42.59938200002064], [-121.79009299977153, 42.60157199980802], [-121.78863099973147, 42.589257999950945], [-121.78122299962185, 42.594203000266724], [-121.77837999973256, 42.58371000026988], [-121.76544700040118, 42.583818000159596], [-121.7669420000532, 42.58189299982635], [-121.76533699989798, 42.568886999726935], [-121.76862199965316, 42.56451299973267], [-121.76504499981996, 42.5616039999247], [-121.76655100024097, 42.55734699999011], [-121.76500600036022, 42.54958299987815], [-121.76144000039767, 42.5468169999801], [-121.77231999986017, 42.53237099967953], [-121.77336000012588, 42.53467900023228], [-121.77635500035113, 42.53358400013616], [-121.76811500038826, 42.51553800025388], [-121.75935499984344, 42.51451899972166], [-121.74766799974373, 42.521533999822445], [-121.74554600027791, 42.525385999809366], [-121.7488779998887, 42.52824100026617], [-121.74730299987074, 42.53200599998668], [-121.74958900026644, 42.53593000011634], [-121.74789100022481, 42.536181999770086], [-121.74004600027219, 42.534035000071476], [-121.73271699980526, 42.535131999909815], [-121.73178700004274, 42.53032199989384], [-121.73479700033663, 42.528158999894316], [-121.72677499993367, 42.52748799970191], [-121.72670499961347, 42.52423399975852], [-121.71887200025472, 42.51779299975446], [-121.72129400019453, 42.5128269999942], [-121.72062100034996, 42.50781099970707], [-121.72661000007724, 42.50242799983151], [-121.72257600030952, 42.49783400024616], [-121.72452100022338, 42.491779000134294], [-121.72838500011174, 42.490591000083406], [-121.72444900025334, 42.48735900028498], [-121.72548500032104, 42.47967900031946], [-121.7294379998979, 42.48463400023743], [-121.73549299974741, 42.48170699980367], [-121.73120700008462, 42.47879299978412], [-121.73401800018685, 42.471102999723264], [-121.73874599971549, 42.47015599992088], [-121.73827899973527, 42.46607499984723], [-121.74224800010396, 42.465614000124965], [-121.7394770001847, 42.459533999730795], [-121.73216299978641, 42.46134500029382], [-121.72561199964434, 42.45867900021675], [-121.72655499982565, 42.45250299973561], [-121.72134900044611, 42.445204000264084], [-121.72340700033784, 42.44135000031037], [-121.72026099960154, 42.43621499983413], [-121.73066899995929, 42.43543600024307], [-121.73389500016322, 42.43170899978002], [-121.70524199989102, 42.42439499982495], [-121.70130699985752, 42.41175500019885], [-121.68975799985007, 42.39909900016959], [-121.68951600000074, 42.40568599976536]]]}}, {"type": "Feature", "properties": {"name": "No ZIP code assigned"}, "geometry": {"type": "Polygon", "coordinates": [[[-121.93424899963864, 42.074945000012086], [-121.9340000001166, 42.08768299978082], [-121.92682700018361, 42.082359000071605], [-121.92481199994958, 42.07185500014791], [-121.91924599982163, 42.065764000199344], [-121.92075600044058, 42.061594999815576], [-121.91443399972907, 42.05326800006755], [-121.89938599970625, 42.04276400002828], [-121.89863400021896, 42.03972099993166], [-121.91206500039105, 42.0417639996816], [-121.9141180002599, 42.046314999936364], [-121.9207990000983, 42.05031400002305], [-121.91900899999516, 42.045103999830054], [-121.9251850002185, 42.043748999807086], [-121.91927299958581, 42.03824700029194], [-121.9203270000952, 42.03583099985821], [-121.9339709998043, 42.03400300000473], [-121.93381900036664, 42.03212399972246], [-121.95007599981125, 42.02340900026066], [-121.97368299963915, 42.02499300016761], [-121.9791480003831, 42.02986400013078], [-121.99404300024506, 42.03463499975406], [-121.99785000023205, 42.04295100016367], [-122.00539100041104, 42.041001999777166], [-122.01745799955403, 42.04431799989397], [-122.01895700030235, 42.03820400005533], [-122.02483999972438, 42.03372800006036], [-122.02126100024135, 42.0279759999351], [-122.02267999972541, 42.02124699969978], [-122.01752299985137, 42.01448099999476], [-122.00393199984572, 42.016513999748675], [-121.98242899994028, 42.004655000126654], [-121.97514800005226, 42.00373900018386], [-122.06554699961909, 42.00568499984713], [-122.06869699965505, 42.01392800010091], [-122.08549899979602, 42.033549000182695], [-122.0803300002264, 42.03367400023233], [-122.08034500029498, 42.049961000050395], [-122.07612599968107, 42.0607560001008], [-122.06143800040665, 42.07114000008916], [-122.05365100018032, 42.073111000068266], [-122.04850500017695, 42.08149299981867], [-122.0468060003104, 42.092178999912306], [-122.0487920002321, 42.09801199966821], [-122.04517100001797, 42.105614000087094], [-122.04651500005725, 42.111005999985814], [-122.04204799974622, 42.1161830002879], [-122.04168799989611, 42.12514599973317], [-122.0388569997024, 42.12657599970094], [-121.99428699974423, 42.13529899991746], [-121.98626900043755, 42.12842099969494], [-121.95792400013693, 42.12650800031137], [-121.95493399993454, 42.123863999827016], [-121.95479500001737, 42.11974600021671], [-121.96041800004673, 42.117523999805115], [-121.95588799998649, 42.108817999909554], [-121.97095600010084, 42.1064559997176], [-121.97342499989628, 42.101689999776745], [-121.95811499993262, 42.09003799969249], [-121.94649800015314, 42.08768899969974], [-121.93424899963864, 42.074945000012086]]]}}, {"type": "Feature", "properties": {"name": "No ZIP code assigned"}, "geometry": {"type": "Polygon", "coordinates": [[[-122.05142599988403, 42.55008799975098], [-122.0510860001254, 42.59070599986173], [-122.01495399959848, 42.59015800029842], [-121.99717700038747, 42.60245699974043], [-121.97170000009051, 42.581234000310424], [-121.95970300036939, 42.58585200028995], [-121.941013000216, 42.580352999760294], [-121.93021400004604, 42.58001000028783], [-121.92936499957605, 42.55870800025879], [-121.93277499990299, 42.54524900022022], [-121.92902399999252, 42.53552500022082], [-121.92949900036866, 42.5299059997427], [-121.93383500026016, 42.529999000090164], [-121.9383589995743, 42.524246000089185], [-121.94485799983784, 42.523235000226364], [-121.96111199980768, 42.512874000255714], [-121.9845360002358, 42.506327999966786], [-121.99527500013136, 42.51337899970817], [-122.0023049999492, 42.51300599995577], [-122.00313799962733, 42.4998580003097], [-122.00816099960709, 42.49095199967972], [-122.03279900037815, 42.49597300019064], [-122.03465999972806, 42.49760900022901], [-122.03188499961087, 42.499858999733966], [-122.03627699957885, 42.49842799987215], [-122.03808900032158, 42.49452499988547], [-122.05019599964754, 42.491244000296916], [-122.05578199986698, 42.48651800012559], [-122.05899399982721, 42.47721400026972], [-122.0576969996436, 42.47366199984487], [-122.06042599973006, 42.47288800004492], [-122.05817899969244, 42.46962199994503], [-122.06067799962513, 42.468243999689044], [-122.06084900022766, 42.4624580000619], [-122.06337699957437, 42.46312799986078], [-122.06405199996705, 42.46240900029674], [-122.06121999994842, 42.46139799972156], [-122.06531999983838, 42.45904400000344], [-122.06301500007443, 42.45629299981646], [-122.0663500000583, 42.44911100032271], [-122.0793329996184, 42.45903299982489], [-122.07937199997646, 42.46429200004676], [-122.08420699963526, 42.46608800004175], [-122.08558199963667, 42.46812100029483], [-122.0839799998545, 42.46847500019322], [-122.08827499973813, 42.47090599978103], [-122.09217799998459, 42.46992199994874], [-122.08555800024551, 42.47876499984687], [-122.07895600004986, 42.49505200015637], [-122.07908699957112, 42.502494000149895], [-122.07499400025218, 42.50623500014415], [-122.07970800043546, 42.51620600020349], [-122.07766800008707, 42.5190659999509], [-122.08400900016684, 42.52569799991896], [-122.08469500043019, 42.53029199999472], [-122.07249000029661, 42.53754700013494], [-122.06955699999567, 42.53495800005851], [-122.06594900020032, 42.535529999786085], [-122.06456900017601, 42.53936800021545], [-122.05684999972176, 42.54246200014425], [-122.05715600004352, 42.54499800012158], [-122.05321400033732, 42.54666100025385], [-122.05142599988403, 42.55008799975098]]]}}, {"type": "Feature", "properties": {"name": "No ZIP code assigned"}, "geometry": {"type": "Polygon", "coordinates": [[[-121.63490599993087, 42.41973299995895], [-121.62693999960442, 42.41970500013529], [-121.62545699964794, 42.423579999954576], [-121.62173800042282, 42.41879599977859], [-121.6135079996074, 42.41938800017006], [-121.60845799986349, 42.422044000042675], [-121.61188499990887, 42.42536800011996], [-121.60026999977921, 42.43418899996426], [-121.60124100044789, 42.427935000079984], [-121.59237899979581, 42.426378000154756], [-121.58849499981594, 42.42852100031399], [-121.57656500004198, 42.42846200017865], [-121.58024800018038, 42.41954199982404], [-121.57944599956612, 42.41456699990882], [-121.57055600022322, 42.41320800009209], [-121.55586200020271, 42.41772299970349], [-121.54739899975883, 42.41511000014297], [-121.54766900009555, 42.41271699997591], [-121.53919300013118, 42.40738099994366], [-121.5360770004304, 42.40151500012902], [-121.54608400003184, 42.39074900019724], [-121.5420209999518, 42.378078000004926], [-121.54341500021982, 42.37099899993323], [-121.54851900039041, 42.37113900010792], [-121.55364100010436, 42.3637129999578], [-121.55140999996028, 42.36080900015976], [-121.55364000027944, 42.36016300027144], [-121.56622700000446, 42.362196999699606], [-121.56599400037595, 42.370572999890506], [-121.57529700017068, 42.36870999980715], [-121.5852050000379, 42.36985899978942], [-121.5890630000785, 42.365207000036804], [-121.59411000034771, 42.36539500025882], [-121.59360700038246, 42.36886799984207], [-121.5965540000288, 42.367407000223665], [-121.6016079999707, 42.372651999891396], [-121.61319700016112, 42.371742999976796], [-121.61403800023515, 42.37675300027828], [-121.61991099961148, 42.38136000010788], [-121.6364650000553, 42.38326800001216], [-121.63075800036036, 42.39528400024583], [-121.62193599989124, 42.39815399976039], [-121.62908999955765, 42.41137900020941], [-121.62913899996144, 42.41428900018368], [-121.62578499971099, 42.416481999742835], [-121.63490599993087, 42.41973299995895]]]}}, {"type": "Feature", "properties": {"name": "No ZIP code assigned"}, "geometry": {"type": "Polygon", "coordinates": [[[-121.35054699977353, 42.36447100030794], [-121.33573399992731, 42.36268399970743], [-121.32227000014328, 42.36795600030819], [-121.31898000036524, 42.365422000184445], [-121.31725499966113, 42.367696999756326], [-121.30861700021333, 42.36904700005261], [-121.2908300000583, 42.358935000100175], [-121.2673649996223, 42.36137100016979], [-121.26464800012971, 42.359108999681034], [-121.25837099962405, 42.368563999698786], [-121.25660300016054, 42.364445000231996], [-121.25047200014308, 42.3607309999997], [-121.2460390001672, 42.36124000026009], [-121.24079000023166, 42.35746699989198], [-121.23678999990081, 42.357545000120936], [-121.23489500021573, 42.364134000072134], [-121.24389400023682, 42.36832299988678], [-121.24232800043968, 42.37777700011518], [-121.2480030003476, 42.38309600024941], [-121.24991700029929, 42.38751300022236], [-121.24757099962915, 42.390738999810885], [-121.25180699996152, 42.394136000176736], [-121.24501300014522, 42.39390299995178], [-121.227784000207, 42.38008699980171], [-121.22436600038243, 42.383254999884514], [-121.225179999794, 42.38696999996775], [-121.22005800008006, 42.38947199974352], [-121.23058199989043, 42.393343999822804], [-121.22314299981868, 42.39950299969992], [-121.20751300018789, 42.40463799999791], [-121.19811900015654, 42.416062999958434], [-121.19753900019839, 42.41812900013468], [-121.20146099981311, 42.41966499979707], [-121.19928999994345, 42.42462600027925], [-121.18616099989516, 42.42565000024787], [-121.18252499961243, 42.423860000217864], [-121.18182800037673, 42.42598100022346], [-121.17349499962917, 42.4271400002612], [-121.17569599963603, 42.431081999969244], [-121.17422400044852, 42.436240000244446], [-121.15860999981292, 42.435902000270254], [-121.121054999604, 42.425804999716775], [-121.12231300032788, 42.41825399969245], [-121.12051300017902, 42.41435999992289], [-121.12235400033576, 42.41097699991124], [-121.12721900013177, 42.41067999999108], [-121.12856599964579, 42.40417899975672], [-121.1309940003317, 42.404043000121284], [-121.12880699967023, 42.397348999833014], [-121.12344599958165, 42.401952000123984], [-121.12093599977831, 42.39845399975787], [-121.11715200025587, 42.39919899992777], [-121.11651399967312, 42.40251699976359], [-121.12320100025761, 42.40631999997634], [-121.10678599973093, 42.408208000145045], [-121.10519099962147, 42.406384999918295], [-121.10731800000848, 42.405042999958134], [-121.10480999985498, 42.40336199987349], [-121.10245099966436, 42.40370900019482], [-121.101623999834, 42.403414999932025], [-121.10064100036807, 42.40280999994375], [-121.10035099993983, 42.4024859999294], [-121.10754499978923, 42.395290000176], [-121.10718300028928, 42.38929999972759], [-121.11511199990748, 42.3888760001595], [-121.11637999977881, 42.38431000005834], [-121.11229800033053, 42.38004600006917], [-121.11523999995403, 42.375362000227874], [-121.10655800012532, 42.37379899988288], [-121.09862500030913, 42.379064999860816], [-121.09601699969818, 42.37847099975506], [-121.09476899991834, 42.37311099977118], [-121.08844499955701, 42.36708499973702], [-121.08983499962704, 42.363677999788145], [-121.078939000271, 42.36802700004489], [-121.07586500040306, 42.36505200016856], [-121.0792920004484, 42.35859800004146], [-121.07872300036094, 42.356369000131544], [-121.07378200039695, 42.35616100028151], [-121.07401500002547, 42.346756999748216], [-121.07441300040871, 42.34635800013376], [-121.07577499999135, 42.346060999835004], [-121.07590899988566, 42.345916999989775], [-121.06148600002679, 42.34383800032526], [-121.06459900025281, 42.338573000132534], [-121.06973600003536, 42.33681799993214], [-121.06501199980636, 42.333444000148496], [-121.0729680000871, 42.33317800014442], [-121.07407699994974, 42.329427000069856], [-121.08193500032115, 42.32684199990163], [-121.08291899961203, 42.32283699970888], [-121.08602599999027, 42.32360600024999], [-121.08118100028575, 42.31524700004404], [-121.08599400020321, 42.3100450002805], [-121.09394700011087, 42.30758899968702], [-121.09275000038467, 42.30356700022735], [-121.09798900027448, 42.29703699993419], [-121.10766299978998, 42.29279399985095], [-121.11081000035121, 42.29365099968281], [-121.11274000019642, 42.298838999751005], [-121.12092800028073, 42.30276600015951], [-121.1244049996565, 42.30080399992022], [-121.12357100015345, 42.31413900026985], [-121.13685800038547, 42.31901100020439], [-121.14118099985818, 42.32643099970026], [-121.15142299963624, 42.3317139998199], [-121.15440199996796, 42.33104899999558], [-121.15672699982339, 42.323875000274924], [-121.15293999992791, 42.321270999753494], [-121.14669199973456, 42.30884700009217], [-121.14256300043063, 42.30913300019383], [-121.1449359999666, 42.3035420001064], [-121.14248800008757, 42.299171000018596], [-121.13874399984977, 42.295150999742916], [-121.13105399970783, 42.29421600010527], [-121.11806500029994, 42.28657699976419], [-121.11602599977648, 42.28376199991071], [-121.11737099964068, 42.279218999791034], [-121.13470900025716, 42.281843000263684], [-121.14628199965574, 42.28905400000148], [-121.15265899972051, 42.28260400002809], [-121.15508900005625, 42.26492999998779], [-121.16446299999609, 42.25998699973639], [-121.1745590001843, 42.27437600032312], [-121.18305400041525, 42.281682000102364], [-121.19149500021956, 42.28088299999309], [-121.20417700037909, 42.27543800006515], [-121.2112189998925, 42.27790299989184], [-121.21648600026973, 42.2747550000472], [-121.2045509995746, 42.26625999977229], [-121.21595900001503, 42.26445399991587], [-121.20670600044902, 42.25688000029563], [-121.20228799964345, 42.24756200017277], [-121.21349600006735, 42.245482000022285], [-121.2106969996607, 42.24231799984539], [-121.21015000021283, 42.233788999939556], [-121.20660400034174, 42.226981999751445], [-121.20713099969812, 42.21585499975375], [-121.20425400037196, 42.21244399968361], [-121.20379300023953, 42.20646799987702], [-121.20803000039682, 42.20494499975297], [-121.21398399996399, 42.19732399992262], [-121.21754699955349, 42.197123000009356], [-121.22577700036891, 42.20204799992605], [-121.22831499976132, 42.20962599972707], [-121.22602099986806, 42.21206600007818], [-121.23083499961042, 42.22108000007373], [-121.22718800035534, 42.22434300012862], [-121.22826999955551, 42.232621999978164], [-121.23366699962904, 42.23286100022836], [-121.23270300042967, 42.239129000201196], [-121.23886899970894, 42.24798299973345], [-121.24628500021447, 42.2471669998214], [-121.25959300036293, 42.24114999976126], [-121.26309599967796, 42.24276299993149], [-121.26472400029769, 42.24755000003354], [-121.28189999963415, 42.265842000052366], [-121.2911100004408, 42.2640249997203], [-121.29548399996712, 42.267887999693585], [-121.30057700026707, 42.26817599994161], [-121.3222299999603, 42.262819999787105], [-121.32540599993554, 42.273025000211476], [-121.32897100007317, 42.27590200022054], [-121.33294999958927, 42.26825499968732], [-121.33461199964589, 42.27024200018626], [-121.33267000010511, 42.27572500004003], [-121.33494300008199, 42.27738999976866], [-121.3327060000901, 42.27947499976811], [-121.34467600004702, 42.28567300012587], [-121.34696099971947, 42.28986000030272], [-121.344455999939, 42.29496300009356], [-121.34788399980931, 42.29823099968621], [-121.344892999782, 42.30106400030584], [-121.35197100017876, 42.31130099988212], [-121.351917999577, 42.314962000205405], [-121.34757699966262, 42.31474799988141], [-121.34558700044127, 42.322246999743236], [-121.34140100033763, 42.32642899996579], [-121.35323900005007, 42.3294720002368], [-121.36084299997827, 42.33582900024291], [-121.3691030000326, 42.33647199979076], [-121.36113500005632, 42.338422999685704], [-121.3581990002806, 42.343611000249574], [-121.36022399966207, 42.34925899969126], [-121.35893999989722, 42.35227000018779], [-121.36638599964168, 42.349341000152826], [-121.36347400015545, 42.35741799969015], [-121.3591419995636, 42.361711999839706], [-121.35466000008225, 42.36423199991939], [-121.35373699999245, 42.36206600018451], [-121.35054699977353, 42.36447100030794]]]}}]}